symbol,concept,decision_session,candidate_count,eligible_count,economic_period_group_count,same_day_rejected_count,duration_candidates_at_latest_end,selection_status,selection_reason,selected_fact
AAPL,Assets,2024-01-05,5628,5208,59,0,"[{""accession_number"": ""0000320193-23-000106"", ""filed_date"": ""2023-11-03"", ""filing_period_match_score"": 0, ""form"": ""10-K"", ""fp"": ""FY"", ""period_duration_days"": null, ""period_end"": ""2023-09-30"", ""period_start"": """"}]",AVAILABLE,latest PIT-safe economic period; filing-period duration preference applied,"{""accession_number"": ""0000320193-23-000106"", ""concept"": ""Assets"", ""filed_date"": ""2023-11-03"", ""form"": ""10-K"", ""fp"": ""FY"", ""fy"": 2023, ""period_duration_class"": ""point_in_time"", ""period_duration_days"": null, ""period_end"": ""2023-09-30"", ""period_start"": """", ""source_member"": ""financial_reports/aapl/condensed_consolidated_balance_sheets.json"", ""source_provenance_hash"": ""703fb92c5726d6d5d83c0f1702b721fd31175346fcdcb5883f38dc4f20350cf2"", ""taxonomy"": ""us-gaap"", ""unit"": ""USD"", ""value"": 352583000000}"
AAPL,Liabilities,2024-01-05,5544,5124,59,0,"[{""accession_number"": ""0000320193-23-000106"", ""filed_date"": ""2023-11-03"", ""filing_period_match_score"": 0, ""form"": ""10-K"", ""fp"": ""FY"", ""period_duration_days"": null, ""period_end"": ""2023-09-30"", ""period_start"": """"}]",AVAILABLE,latest PIT-safe economic period; filing-period duration preference applied,"{""accession_number"": ""0000320193-23-000106"", ""concept"": ""Liabilities"", ""filed_date"": ""2023-11-03"", ""form"": ""10-K"", ""fp"": ""FY"", ""fy"": 2023, ""period_duration_class"": ""point_in_time"", ""period_duration_days"": null, ""period_end"": ""2023-09-30"", ""period_start"": """", ""source_member"": ""financial_reports/aapl/condensed_consolidated_balance_sheets.json"", ""source_provenance_hash"": ""11c3925b16479d166cfbeed425adeb93a99381bc4204461a1ee88553c1cd04fb"", ""taxonomy"": ""us-gaap"", ""unit"": ""USD"", ""value"": 290437000000}"
AAPL,StockholdersEquity,2024-01-05,9744,8736,61,0,"[{""accession_number"": ""0000320193-23-000106"", ""filed_date"": ""2023-11-03"", ""filing_period_match_score"": 0, ""form"": ""10-K"", ""fp"": ""FY"", ""period_duration_days"": null, ""period_end"": ""2023-09-30"", ""period_start"": """"}]",AVAILABLE,latest PIT-safe economic period; filing-period duration preference applied,"{""accession_number"": ""0000320193-23-000106"", ""concept"": ""StockholdersEquity"", ""filed_date"": ""2023-11-03"", ""form"": ""10-K"", ""fp"": ""FY"", ""fy"": 2023, ""period_duration_class"": ""point_in_time"", ""period_duration_days"": null, ""period_end"": ""2023-09-30"", ""period_start"": """", ""source_member"": ""financial_reports/aapl/condensed_consolidated_balance_sheets.json"", ""source_provenance_hash"": ""36aa0dd70cff59ad31b079a9af735c922856d339169c43e2a8fd90224a79edaa"", ""taxonomy"": ""us-gaap"", ""unit"": ""USD"", ""value"": 62146000000}"
AAPL,NetCashProvidedByUsedInOperatingActivities,2024-01-05,5082,4620,56,0,"[{""accession_number"": ""0000320193-23-000106"", ""filed_date"": ""2023-11-03"", ""filing_period_match_score"": 1, ""form"": ""10-K"", ""fp"": ""FY"", ""period_duration_days"": 371, ""period_end"": ""2023-09-30"", ""period_start"": ""2022-09-25""}]",AVAILABLE,latest PIT-safe economic period; filing-period duration preference applied,"{""accession_number"": ""0000320193-23-000106"", ""concept"": ""NetCashProvidedByUsedInOperatingActivities"", ""filed_date"": ""2023-11-03"", ""form"": ""10-K"", ""fp"": ""FY"", ""fy"": 2023, ""period_duration_class"": ""annual"", ""period_duration_days"": 371, ""period_end"": ""2023-09-30"", ""period_start"": ""2022-09-25"", ""source_member"": ""financial_reports/aapl/condensed_consolidated_statement_of_cash_flows.json"", ""source_provenance_hash"": ""0606ff8c17f3a219496eee917fc96ec9bdb42bb1f445a5688099b5dd77217c9a"", ""taxonomy"": ""us-gaap"", ""unit"": ""USD"", ""value"": 110543000000}"
AAPL,NetCashProvidedByUsedInInvestingActivities,2024-01-05,5082,4620,56,0,"[{""accession_number"": ""0000320193-23-000106"", ""filed_date"": ""2023-11-03"", ""filing_period_match_score"": 1, ""form"": ""10-K"", ""fp"": ""FY"", ""period_duration_days"": 371, ""period_end"": ""2023-09-30"", ""period_start"": ""2022-09-25""}]",AVAILABLE,latest PIT-safe economic period; filing-period duration preference applied,"{""accession_number"": ""0000320193-23-000106"", ""concept"": ""NetCashProvidedByUsedInInvestingActivities"", ""filed_date"": ""2023-11-03"", ""form"": ""10-K"", ""fp"": ""FY"", ""fy"": 2023, ""period_duration_class"": ""annual"", ""period_duration_days"": 371, ""period_end"": ""2023-09-30"", ""period_start"": ""2022-09-25"", ""source_member"": ""financial_reports/aapl/condensed_consolidated_statement_of_cash_flows.json"", ""source_provenance_hash"": ""c2fef5adef053426776e0d3f8ef3ce70c662b2fcef27aca18af4dd9b591e209b"", ""taxonomy"": ""us-gaap"", ""unit"": ""USD"", ""value"": 3705000000}"
AAPL,NetCashProvidedByUsedInFinancingActivities,2024-01-05,5082,4620,56,0,"[{""accession_number"": ""0000320193-23-000106"", ""filed_date"": ""2023-11-03"", ""filing_period_match_score"": 1, ""form"": ""10-K"", ""fp"": ""FY"", ""period_duration_days"": 371, ""period_end"": ""2023-09-30"", ""period_start"": ""2022-09-25""}]",AVAILABLE,latest PIT-safe economic period; filing-period duration preference applied,"{""accession_number"": ""0000320193-23-000106"", ""concept"": ""NetCashProvidedByUsedInFinancingActivities"", ""filed_date"": ""2023-11-03"", ""form"": ""10-K"", ""fp"": ""FY"", ""fy"": 2023, ""period_duration_class"": ""annual"", ""period_duration_days"": 371, ""period_end"": ""2023-09-30"", ""period_start"": ""2022-09-25"", ""source_member"": ""financial_reports/aapl/condensed_consolidated_statement_of_cash_flows.json"", ""source_provenance_hash"": ""bcc21cfc9440de6339623ee347518628d1be3a29583d6837f82ae8287080f8f8"", ""taxonomy"": ""us-gaap"", ""unit"": ""USD"", ""value"": -108488000000}"
AMZN,Assets,2024-01-05,3536,3224,59,0,"[{""accession_number"": ""0001018724-23-000018"", ""filed_date"": ""2023-10-27"", ""filing_period_match_score"": 0, ""form"": ""10-Q"", ""fp"": ""Q3"", ""period_duration_days"": null, ""period_end"": ""2023-09-30"", ""period_start"": """"}]",AVAILABLE,latest PIT-safe economic period; filing-period duration preference applied,"{""accession_number"": ""0001018724-23-000018"", ""concept"": ""Assets"", ""filed_date"": ""2023-10-27"", ""form"": ""10-Q"", ""fp"": ""Q3"", ""fy"": 2023, ""period_duration_class"": ""point_in_time"", ""period_duration_days"": null, ""period_end"": ""2023-09-30"", ""period_start"": """", ""source_member"": ""financial_reports/amzn/condensed_consolidated_balance_sheets.json"", ""source_provenance_hash"": ""a0deb876c8e8bba35883431aada419192e68d13fc92b6abf8dbd8ecbb3e75adb"", ""taxonomy"": ""us-gaap"", ""unit"": ""USD"", ""value"": 486883000000}"
AMZN,Liabilities,2024-01-05,0,0,0,0,[],UNAVAILABLE,no PIT-safe fact with period end,
AMZN,StockholdersEquity,2024-01-05,5668,5044,61,0,"[{""accession_number"": ""0001018724-23-000018"", ""filed_date"": ""2023-10-27"", ""filing_period_match_score"": 0, ""form"": ""10-Q"", ""fp"": ""Q3"", ""period_duration_days"": null, ""period_end"": ""2023-09-30"", ""period_start"": """"}]",AVAILABLE,latest PIT-safe economic period; filing-period duration preference applied,"{""accession_number"": ""0001018724-23-000018"", ""concept"": ""StockholdersEquity"", ""filed_date"": ""2023-10-27"", ""form"": ""10-Q"", ""fp"": ""Q3"", ""fy"": 2023, ""period_duration_class"": ""point_in_time"", ""period_duration_days"": null, ""period_end"": ""2023-09-30"", ""period_start"": """", ""source_member"": ""financial_reports/amzn/condensed_consolidated_balance_sheets.json"", ""source_provenance_hash"": ""3635fb5dfd67d3abb8fc317fd19904d26fefa67285fce1bcdae95a689d9abdef"", ""taxonomy"": ""us-gaap"", ""unit"": ""USD"", ""value"": 182973000000}"
AMZN,NetCashProvidedByUsedInOperatingActivities,2024-01-05,7800,7228,142,0,"[{""accession_number"": ""0001018724-23-000018"", ""filed_date"": ""2023-10-27"", ""filing_period_match_score"": 0, ""form"": ""10-Q"", ""fp"": ""Q3"", ""period_duration_days"": 365, ""period_end"": ""2023-09-30"", ""period_start"": ""2022-10-01""}, {""accession_number"": ""0001018724-23-000018"", ""filed_date"": ""2023-10-27"", ""filing_period_match_score"": 1, ""form"": ""10-Q"", ""fp"": ""Q3"", ""period_duration_days"": 273, ""period_end"": ""2023-09-30"", ""period_start"": ""2023-01-01""}, {""accession_number"": ""0001018724-23-000018"", ""filed_date"": ""2023-10-27"", ""filing_period_match_score"": 0, ""form"": ""10-Q"", ""fp"": ""Q3"", ""period_duration_days"": 92, ""period_end"": ""2023-09-30"", ""period_start"": ""2023-07-01""}]",AVAILABLE,latest PIT-safe economic period; filing-period duration preference applied,"{""accession_number"": ""0001018724-23-000018"", ""concept"": ""NetCashProvidedByUsedInOperatingActivities"", ""filed_date"": ""2023-10-27"", ""form"": ""10-Q"", ""fp"": ""Q3"", ""fy"": 2023, ""period_duration_class"": ""year_to_date_h2"", ""period_duration_days"": 273, ""period_end"": ""2023-09-30"", ""period_start"": ""2023-01-01"", ""source_member"": ""financial_reports/amzn/condensed_consolidated_statement_of_cash_flows.json"", ""source_provenance_hash"": ""dd23db98ce723c665793b5ad78765fda07b02f6e1241e9c3b6f1a54e9c5f0985"", ""taxonomy"": ""us-gaap"", ""unit"": ""USD"", ""value"": 42481000000}"
AMZN,NetCashProvidedByUsedInInvestingActivities,2024-01-05,7800,7228,142,0,"[{""accession_number"": ""0001018724-23-000018"", ""filed_date"": ""2023-10-27"", ""filing_period_match_score"": 0, ""form"": ""10-Q"", ""fp"": ""Q3"", ""period_duration_days"": 365, ""period_end"": ""2023-09-30"", ""period_start"": ""2022-10-01""}, {""accession_number"": ""0001018724-23-000018"", ""filed_date"": ""2023-10-27"", ""filing_period_match_score"": 1, ""form"": ""10-Q"", ""fp"": ""Q3"", ""period_duration_days"": 273, ""period_end"": ""2023-09-30"", ""period_start"": ""2023-01-01""}, {""accession_number"": ""0001018724-23-000018"", ""filed_date"": ""2023-10-27"", ""filing_period_match_score"": 0, ""form"": ""10-Q"", ""fp"": ""Q3"", ""period_duration_days"": 92, ""period_end"": ""2023-09-30"", ""period_start"": ""2023-07-01""}]",AVAILABLE,latest PIT-safe economic period; filing-period duration preference applied,"{""accession_number"": ""0001018724-23-000018"", ""concept"": ""NetCashProvidedByUsedInInvestingActivities"", ""filed_date"": ""2023-10-27"", ""form"": ""10-Q"", ""fp"": ""Q3"", ""fy"": 2023, ""period_duration_class"": ""year_to_date_h2"", ""period_duration_days"": 273, ""period_end"": ""2023-09-30"", ""period_start"": ""2023-01-01"", ""source_member"": ""financial_reports/amzn/condensed_consolidated_statement_of_cash_flows.json"", ""source_provenance_hash"": ""53f70f26333f7e5805a8cacecf4982a012eabc2ab9574c695b0998ec47031e3e"", ""taxonomy"": ""us-gaap"", ""unit"": ""USD"", ""value"": -37232000000}"
AMZN,NetCashProvidedByUsedInFinancingActivities,2024-01-05,7800,7228,142,0,"[{""accession_number"": ""0001018724-23-000018"", ""filed_date"": ""2023-10-27"", ""filing_period_match_score"": 0, ""form"": ""10-Q"", ""fp"": ""Q3"", ""period_duration_days"": 365, ""period_end"": ""2023-09-30"", ""period_start"": ""2022-10-01""}, {""accession_number"": ""0001018724-23-000018"", ""filed_date"": ""2023-10-27"", ""filing_period_match_score"": 1, ""form"": ""10-Q"", ""fp"": ""Q3"", ""period_duration_days"": 273, ""period_end"": ""2023-09-30"", ""period_start"": ""2023-01-01""}, {""accession_number"": ""0001018724-23-000018"", ""filed_date"": ""2023-10-27"", ""filing_period_match_score"": 0, ""form"": ""10-Q"", ""fp"": ""Q3"", ""period_duration_days"": 92, ""period_end"": ""2023-09-30"", ""period_start"": ""2023-07-01""}]",AVAILABLE,latest PIT-safe economic period; filing-period duration preference applied,"{""accession_number"": ""0001018724-23-000018"", ""concept"": ""NetCashProvidedByUsedInFinancingActivities"", ""filed_date"": ""2023-10-27"", ""form"": ""10-Q"", ""fp"": ""Q3"", ""fy"": 2023, ""period_duration_class"": ""year_to_date_h2"", ""period_duration_days"": 273, ""period_end"": ""2023-09-30"", ""period_start"": ""2023-01-01"", ""source_member"": ""financial_reports/amzn/condensed_consolidated_statement_of_cash_flows.json"", ""source_provenance_hash"": ""5e067aef7dbf80864039a6992a6b757b685d4571f3170fb2a75047bf9144f921"", ""taxonomy"": ""us-gaap"", ""unit"": ""USD"", ""value"": -9133000000}"
JPM,Assets,2024-01-05,752,692,59,0,"[{""accession_number"": ""0000019617-23-000524"", ""filed_date"": ""2023-11-01"", ""filing_period_match_score"": 0, ""form"": ""10-Q"", ""fp"": ""Q3"", ""period_duration_days"": null, ""period_end"": ""2023-09-30"", ""period_start"": """"}]",AVAILABLE,latest PIT-safe economic period; filing-period duration preference applied,"{""accession_number"": ""0000019617-23-000524"", ""concept"": ""Assets"", ""filed_date"": ""2023-11-01"", ""form"": ""10-Q"", ""fp"": ""Q3"", ""fy"": 2023, ""period_duration_class"": ""point_in_time"", ""period_duration_days"": null, ""period_end"": ""2023-09-30"", ""period_start"": """", ""source_member"": ""financial_reports/jpm/condensed_consolidated_balance_sheets.json"", ""source_provenance_hash"": ""4e96ceea5af62046492fd2a503075c807f74794c2fbacce9b87a1e424837c4a5"", ""taxonomy"": ""us-gaap"", ""unit"": ""USD"", ""value"": 3898333000000}"
JPM,Liabilities,2024-01-05,540,500,59,0,"[{""accession_number"": ""0000019617-23-000524"", ""filed_date"": ""2023-11-01"", ""filing_period_match_score"": 0, ""form"": ""10-Q"", ""fp"": ""Q3"", ""period_duration_days"": null, ""period_end"": ""2023-09-30"", ""period_start"": """"}]",AVAILABLE,latest PIT-safe economic period; filing-period duration preference applied,"{""accession_number"": ""0000019617-23-000524"", ""concept"": ""Liabilities"", ""filed_date"": ""2023-11-01"", ""form"": ""10-Q"", ""fp"": ""Q3"", ""fy"": 2023, ""period_duration_class"": ""point_in_time"", ""period_duration_days"": null, ""period_end"": ""2023-09-30"", ""period_start"": """", ""source_member"": ""financial_reports/jpm/condensed_consolidated_balance_sheets.json"", ""source_provenance_hash"": ""4599ef560fef4095eceed7a79f7b01d750b8108c97e5b6337dd1ad1d85aabea0"", ""taxonomy"": ""us-gaap"", ""unit"": ""USD"", ""value"": 3580962000000}"
JPM,StockholdersEquity,2024-01-05,688,628,60,0,"[{""accession_number"": ""0000019617-23-000524"", ""filed_date"": ""2023-11-01"", ""filing_period_match_score"": 0, ""form"": ""10-Q"", ""fp"": ""Q3"", ""period_duration_days"": null, ""period_end"": ""2023-09-30"", ""period_start"": """"}]",AVAILABLE,latest PIT-safe economic period; filing-period duration preference applied,"{""accession_number"": ""0000019617-23-000524"", ""concept"": ""StockholdersEquity"", ""filed_date"": ""2023-11-01"", ""form"": ""10-Q"", ""fp"": ""Q3"", ""fy"": 2023, ""period_duration_class"": ""point_in_time"", ""period_duration_days"": null, ""period_end"": ""2023-09-30"", ""period_start"": """", ""source_member"": ""financial_reports/jpm/condensed_consolidated_balance_sheets.json"", ""source_provenance_hash"": ""45433a7c9ae8df6214b0408ef40c6ead0517d9e99658335d041c640c239a3aed"", ""taxonomy"": ""us-gaap"", ""unit"": ""USD"", ""value"": 317371000000}"
JPM,NetCashProvidedByUsedInOperatingActivities,2024-01-05,604,556,63,0,"[{""accession_number"": ""0000019617-23-000524"", ""filed_date"": ""2023-11-01"", ""filing_period_match_score"": 1, ""form"": ""10-Q"", ""fp"": ""Q3"", ""period_duration_days"": 273, ""period_end"": ""2023-09-30"", ""period_start"": ""2023-01-01""}]",AVAILABLE,latest PIT-safe economic period; filing-period duration preference applied,"{""accession_number"": ""0000019617-23-000524"", ""concept"": ""NetCashProvidedByUsedInOperatingActivities"", ""filed_date"": ""2023-11-01"", ""form"": ""10-Q"", ""fp"": ""Q3"", ""fy"": 2023, ""period_duration_class"": ""year_to_date_h2"", ""period_duration_days"": 273, ""period_end"": ""2023-09-30"", ""period_start"": ""2023-01-01"", ""source_member"": ""financial_reports/jpm/condensed_consolidated_statement_of_cash_flows.json"", ""source_provenance_hash"": ""9470e25b2392acf86d6cd5ca87110dc3f5e37f870008ed8fdb273ed14af8c5d9"", ""taxonomy"": ""us-gaap"", ""unit"": ""USD"", ""value"": -47257000000}"
JPM,NetCashProvidedByUsedInInvestingActivities,2024-01-05,604,556,63,0,"[{""accession_number"": ""0000019617-23-000524"", ""filed_date"": ""2023-11-01"", ""filing_period_match_score"": 1, ""form"": ""10-Q"", ""fp"": ""Q3"", ""period_duration_days"": 273, ""period_end"": ""2023-09-30"", ""period_start"": ""2023-01-01""}]",AVAILABLE,latest PIT-safe economic period; filing-period duration preference applied,"{""accession_number"": ""0000019617-23-000524"", ""concept"": ""NetCashProvidedByUsedInInvestingActivities"", ""filed_date"": ""2023-11-01"", ""form"": ""10-Q"", ""fp"": ""Q3"", ""fy"": 2023, ""period_duration_class"": ""year_to_date_h2"", ""period_duration_days"": 273, ""period_end"": ""2023-09-30"", ""period_start"": ""2023-01-01"", ""source_member"": ""financial_reports/jpm/condensed_consolidated_statement_of_cash_flows.json"", ""source_provenance_hash"": ""4442cafef1c457008dc733e70fccb0ee78e3f08af7cfbedbc4ff98c3b5346f0d"", ""taxonomy"": ""us-gaap"", ""unit"": ""USD"", ""value"": -12239000000}"
JPM,NetCashProvidedByUsedInFinancingActivities,2024-01-05,604,556,63,0,"[{""accession_number"": ""0000019617-23-000524"", ""filed_date"": ""2023-11-01"", ""filing_period_match_score"": 1, ""form"": ""10-Q"", ""fp"": ""Q3"", ""period_duration_days"": 273, ""period_end"": ""2023-09-30"", ""period_start"": ""2023-01-01""}]",AVAILABLE,latest PIT-safe economic period; filing-period duration preference applied,"{""accession_number"": ""0000019617-23-000524"", ""concept"": ""NetCashProvidedByUsedInFinancingActivities"", ""filed_date"": ""2023-11-01"", ""form"": ""10-Q"", ""fp"": ""Q3"", ""fy"": 2023, ""period_duration_class"": ""year_to_date_h2"", ""period_duration_days"": 273, ""period_end"": ""2023-09-30"", ""period_start"": ""2023-01-01"", ""source_member"": ""financial_reports/jpm/condensed_consolidated_statement_of_cash_flows.json"", ""source_provenance_hash"": ""964f1af55f9aacef7e89c24824bd7b7616273f24c0ea119aa96803fa98da3648"", ""taxonomy"": ""us-gaap"", ""unit"": ""USD"", ""value"": 10326000000}"
AAPL,Assets,2024-01-12,5628,5208,59,0,"[{""accession_number"": ""0000320193-23-000106"", ""filed_date"": ""2023-11-03"", ""filing_period_match_score"": 0, ""form"": ""10-K"", ""fp"": ""FY"", ""period_duration_days"": null, ""period_end"": ""2023-09-30"", ""period_start"": """"}]",AVAILABLE,latest PIT-safe economic period; filing-period duration preference applied,"{""accession_number"": ""0000320193-23-000106"", ""concept"": ""Assets"", ""filed_date"": ""2023-11-03"", ""form"": ""10-K"", ""fp"": ""FY"", ""fy"": 2023, ""period_duration_class"": ""point_in_time"", ""period_duration_days"": null, ""period_end"": ""2023-09-30"", ""period_start"": """", ""source_member"": ""financial_reports/aapl/condensed_consolidated_balance_sheets.json"", ""source_provenance_hash"": ""703fb92c5726d6d5d83c0f1702b721fd31175346fcdcb5883f38dc4f20350cf2"", ""taxonomy"": ""us-gaap"", ""unit"": ""USD"", ""value"": 352583000000}"
AAPL,Liabilities,2024-01-12,5544,5124,59,0,"[{""accession_number"": ""0000320193-23-000106"", ""filed_date"": ""2023-11-03"", ""filing_period_match_score"": 0, ""form"": ""10-K"", ""fp"": ""FY"", ""period_duration_days"": null, ""period_end"": ""2023-09-30"", ""period_start"": """"}]",AVAILABLE,latest PIT-safe economic period; filing-period duration preference applied,"{""accession_number"": ""0000320193-23-000106"", ""concept"": ""Liabilities"", ""filed_date"": ""2023-11-03"", ""form"": ""10-K"", ""fp"": ""FY"", ""fy"": 2023, ""period_duration_class"": ""point_in_time"", ""period_duration_days"": null, ""period_end"": ""2023-09-30"", ""period_start"": """", ""source_member"": ""financial_reports/aapl/condensed_consolidated_balance_sheets.json"", ""source_provenance_hash"": ""11c3925b16479d166cfbeed425adeb93a99381bc4204461a1ee88553c1cd04fb"", ""taxonomy"": ""us-gaap"", ""unit"": ""USD"", ""value"": 290437000000}"
AAPL,StockholdersEquity,2024-01-12,9744,8736,61,0,"[{""accession_number"": ""0000320193-23-000106"", ""filed_date"": ""2023-11-03"", ""filing_period_match_score"": 0, ""form"": ""10-K"", ""fp"": ""FY"", ""period_duration_days"": null, ""period_end"": ""2023-09-30"", ""period_start"": """"}]",AVAILABLE,latest PIT-safe economic period; filing-period duration preference applied,"{""accession_number"": ""0000320193-23-000106"", ""concept"": ""StockholdersEquity"", ""filed_date"": ""2023-11-03"", ""form"": ""10-K"", ""fp"": ""FY"", ""fy"": 2023, ""period_duration_class"": ""point_in_time"", ""period_duration_days"": null, ""period_end"": ""2023-09-30"", ""period_start"": """", ""source_member"": ""financial_reports/aapl/condensed_consolidated_balance_sheets.json"", ""source_provenance_hash"": ""36aa0dd70cff59ad31b079a9af735c922856d339169c43e2a8fd90224a79edaa"", ""taxonomy"": ""us-gaap"", ""unit"": ""USD"", ""value"": 62146000000}"
AAPL,NetCashProvidedByUsedInOperatingActivities,2024-01-12,5082,4620,56,0,"[{""accession_number"": ""0000320193-23-000106"", ""filed_date"": ""2023-11-03"", ""filing_period_match_score"": 1, ""form"": ""10-K"", ""fp"": ""FY"", ""period_duration_days"": 371, ""period_end"": ""2023-09-30"", ""period_start"": ""2022-09-25""}]",AVAILABLE,latest PIT-safe economic period; filing-period duration preference applied,"{""accession_number"": ""0000320193-23-000106"", ""concept"": ""NetCashProvidedByUsedInOperatingActivities"", ""filed_date"": ""2023-11-03"", ""form"": ""10-K"", ""fp"": ""FY"", ""fy"": 2023, ""period_duration_class"": ""annual"", ""period_duration_days"": 371, ""period_end"": ""2023-09-30"", ""period_start"": ""2022-09-25"", ""source_member"": ""financial_reports/aapl/condensed_consolidated_statement_of_cash_flows.json"", ""source_provenance_hash"": ""0606ff8c17f3a219496eee917fc96ec9bdb42bb1f445a5688099b5dd77217c9a"", ""taxonomy"": ""us-gaap"", ""unit"": ""USD"", ""value"": 110543000000}"
AAPL,NetCashProvidedByUsedInInvestingActivities,2024-01-12,5082,4620,56,0,"[{""accession_number"": ""0000320193-23-000106"", ""filed_date"": ""2023-11-03"", ""filing_period_match_score"": 1, ""form"": ""10-K"", ""fp"": ""FY"", ""period_duration_days"": 371, ""period_end"": ""2023-09-30"", ""period_start"": ""2022-09-25""}]",AVAILABLE,latest PIT-safe economic period; filing-period duration preference applied,"{""accession_number"": ""0000320193-23-000106"", ""concept"": ""NetCashProvidedByUsedInInvestingActivities"", ""filed_date"": ""2023-11-03"", ""form"": ""10-K"", ""fp"": ""FY"", ""fy"": 2023, ""period_duration_class"": ""annual"", ""period_duration_days"": 371, ""period_end"": ""2023-09-30"", ""period_start"": ""2022-09-25"", ""source_member"": ""financial_reports/aapl/condensed_consolidated_statement_of_cash_flows.json"", ""source_provenance_hash"": ""c2fef5adef053426776e0d3f8ef3ce70c662b2fcef27aca18af4dd9b591e209b"", ""taxonomy"": ""us-gaap"", ""unit"": ""USD"", ""value"": 3705000000}"
AAPL,NetCashProvidedByUsedInFinancingActivities,2024-01-12,5082,4620,56,0,"[{""accession_number"": ""0000320193-23-000106"", ""filed_date"": ""2023-11-03"", ""filing_period_match_score"": 1, ""form"": ""10-K"", ""fp"": ""FY"", ""period_duration_days"": 371, ""period_end"": ""2023-09-30"", ""period_start"": ""2022-09-25""}]",AVAILABLE,latest PIT-safe economic period; filing-period duration preference applied,"{""accession_number"": ""0000320193-23-000106"", ""concept"": ""NetCashProvidedByUsedInFinancingActivities"", ""filed_date"": ""2023-11-03"", ""form"": ""10-K"", ""fp"": ""FY"", ""fy"": 2023, ""period_duration_class"": ""annual"", ""period_duration_days"": 371, ""period_end"": ""2023-09-30"", ""period_start"": ""2022-09-25"", ""source_member"": ""financial_reports/aapl/condensed_consolidated_statement_of_cash_flows.json"", ""source_provenance_hash"": ""bcc21cfc9440de6339623ee347518628d1be3a29583d6837f82ae8287080f8f8"", ""taxonomy"": ""us-gaap"", ""unit"": ""USD"", ""value"": -108488000000}"
AMZN,Assets,2024-01-12,3536,3224,59,0,"[{""accession_number"": ""0001018724-23-000018"", ""filed_date"": ""2023-10-27"", ""filing_period_match_score"": 0, ""form"": ""10-Q"", ""fp"": ""Q3"", ""period_duration_days"": null, ""period_end"": ""2023-09-30"", ""period_start"": """"}]",AVAILABLE,latest PIT-safe economic period; filing-period duration preference applied,"{""accession_number"": ""0001018724-23-000018"", ""concept"": ""Assets"", ""filed_date"": ""2023-10-27"", ""form"": ""10-Q"", ""fp"": ""Q3"", ""fy"": 2023, ""period_duration_class"": ""point_in_time"", ""period_duration_days"": null, ""period_end"": ""2023-09-30"", ""period_start"": """", ""source_member"": ""financial_reports/amzn/condensed_consolidated_balance_sheets.json"", ""source_provenance_hash"": ""a0deb876c8e8bba35883431aada419192e68d13fc92b6abf8dbd8ecbb3e75adb"", ""taxonomy"": ""us-gaap"", ""unit"": ""USD"", ""value"": 486883000000}"
AMZN,Liabilities,2024-01-12,0,0,0,0,[],UNAVAILABLE,no PIT-safe fact with period end,
AMZN,StockholdersEquity,2024-01-12,5668,5044,61,0,"[{""accession_number"": ""0001018724-23-000018"", ""filed_date"": ""2023-10-27"", ""filing_period_match_score"": 0, ""form"": ""10-Q"", ""fp"": ""Q3"", ""period_duration_days"": null, ""period_end"": ""2023-09-30"", ""period_start"": """"}]",AVAILABLE,latest PIT-safe economic period; filing-period duration preference applied,"{""accession_number"": ""0001018724-23-000018"", ""concept"": ""StockholdersEquity"", ""filed_date"": ""2023-10-27"", ""form"": ""10-Q"", ""fp"": ""Q3"", ""fy"": 2023, ""period_duration_class"": ""point_in_time"", ""period_duration_days"": null, ""period_end"": ""2023-09-30"", ""period_start"": """", ""source_member"": ""financial_reports/amzn/condensed_consolidated_balance_sheets.json"", ""source_provenance_hash"": ""3635fb5dfd67d3abb8fc317fd19904d26fefa67285fce1bcdae95a689d9abdef"", ""taxonomy"": ""us-gaap"", ""unit"": ""USD"", ""value"": 182973000000}"
AMZN,NetCashProvidedByUsedInOperatingActivities,2024-01-12,7800,7228,142,0,"[{""accession_number"": ""0001018724-23-000018"", ""filed_date"": ""2023-10-27"", ""filing_period_match_score"": 0, ""form"": ""10-Q"", ""fp"": ""Q3"", ""period_duration_days"": 365, ""period_end"": ""2023-09-30"", ""period_start"": ""2022-10-01""}, {""accession_number"": ""0001018724-23-000018"", ""filed_date"": ""2023-10-27"", ""filing_period_match_score"": 1, ""form"": ""10-Q"", ""fp"": ""Q3"", ""period_duration_days"": 273, ""period_end"": ""2023-09-30"", ""period_start"": ""2023-01-01""}, {""accession_number"": ""0001018724-23-000018"", ""filed_date"": ""2023-10-27"", ""filing_period_match_score"": 0, ""form"": ""10-Q"", ""fp"": ""Q3"", ""period_duration_days"": 92, ""period_end"": ""2023-09-30"", ""period_start"": ""2023-07-01""}]",AVAILABLE,latest PIT-safe economic period; filing-period duration preference applied,"{""accession_number"": ""0001018724-23-000018"", ""concept"": ""NetCashProvidedByUsedInOperatingActivities"", ""filed_date"": ""2023-10-27"", ""form"": ""10-Q"", ""fp"": ""Q3"", ""fy"": 2023, ""period_duration_class"": ""year_to_date_h2"", ""period_duration_days"": 273, ""period_end"": ""2023-09-30"", ""period_start"": ""2023-01-01"", ""source_member"": ""financial_reports/amzn/condensed_consolidated_statement_of_cash_flows.json"", ""source_provenance_hash"": ""dd23db98ce723c665793b5ad78765fda07b02f6e1241e9c3b6f1a54e9c5f0985"", ""taxonomy"": ""us-gaap"", ""unit"": ""USD"", ""value"": 42481000000}"
AMZN,NetCashProvidedByUsedInInvestingActivities,2024-01-12,7800,7228,142,0,"[{""accession_number"": ""0001018724-23-000018"", ""filed_date"": ""2023-10-27"", ""filing_period_match_score"": 0, ""form"": ""10-Q"", ""fp"": ""Q3"", ""period_duration_days"": 365, ""period_end"": ""2023-09-30"", ""period_start"": ""2022-10-01""}, {""accession_number"": ""0001018724-23-000018"", ""filed_date"": ""2023-10-27"", ""filing_period_match_score"": 1, ""form"": ""10-Q"", ""fp"": ""Q3"", ""period_duration_days"": 273, ""period_end"": ""2023-09-30"", ""period_start"": ""2023-01-01""}, {""accession_number"": ""0001018724-23-000018"", ""filed_date"": ""2023-10-27"", ""filing_period_match_score"": 0, ""form"": ""10-Q"", ""fp"": ""Q3"", ""period_duration_days"": 92, ""period_end"": ""2023-09-30"", ""period_start"": ""2023-07-01""}]",AVAILABLE,latest PIT-safe economic period; filing-period duration preference applied,"{""accession_number"": ""0001018724-23-000018"", ""concept"": ""NetCashProvidedByUsedInInvestingActivities"", ""filed_date"": ""2023-10-27"", ""form"": ""10-Q"", ""fp"": ""Q3"", ""fy"": 2023, ""period_duration_class"": ""year_to_date_h2"", ""period_duration_days"": 273, ""period_end"": ""2023-09-30"", ""period_start"": ""2023-01-01"", ""source_member"": ""financial_reports/amzn/condensed_consolidated_statement_of_cash_flows.json"", ""source_provenance_hash"": ""53f70f26333f7e5805a8cacecf4982a012eabc2ab9574c695b0998ec47031e3e"", ""taxonomy"": ""us-gaap"", ""unit"": ""USD"", ""value"": -37232000000}"
AMZN,NetCashProvidedByUsedInFinancingActivities,2024-01-12,7800,7228,142,0,"[{""accession_number"": ""0001018724-23-000018"", ""filed_date"": ""2023-10-27"", ""filing_period_match_score"": 0, ""form"": ""10-Q"", ""fp"": ""Q3"", ""period_duration_days"": 365, ""period_end"": ""2023-09-30"", ""period_start"": ""2022-10-01""}, {""accession_number"": ""0001018724-23-000018"", ""filed_date"": ""2023-10-27"", ""filing_period_match_score"": 1, ""form"": ""10-Q"", ""fp"": ""Q3"", ""period_duration_days"": 273, ""period_end"": ""2023-09-30"", ""period_start"": ""2023-01-01""}, {""accession_number"": ""0001018724-23-000018"", ""filed_date"": ""2023-10-27"", ""filing_period_match_score"": 0, ""form"": ""10-Q"", ""fp"": ""Q3"", ""period_duration_days"": 92, ""period_end"": ""2023-09-30"", ""period_start"": ""2023-07-01""}]",AVAILABLE,latest PIT-safe economic period; filing-period duration preference applied,"{""accession_number"": ""0001018724-23-000018"", ""concept"": ""NetCashProvidedByUsedInFinancingActivities"", ""filed_date"": ""2023-10-27"", ""form"": ""10-Q"", ""fp"": ""Q3"", ""fy"": 2023, ""period_duration_class"": ""year_to_date_h2"", ""period_duration_days"": 273, ""period_end"": ""2023-09-30"", ""period_start"": ""2023-01-01"", ""source_member"": ""financial_reports/amzn/condensed_consolidated_statement_of_cash_flows.json"", ""source_provenance_hash"": ""5e067aef7dbf80864039a6992a6b757b685d4571f3170fb2a75047bf9144f921"", ""taxonomy"": ""us-gaap"", ""unit"": ""USD"", ""value"": -9133000000}"
JPM,Assets,2024-01-12,752,692,59,0,"[{""accession_number"": ""0000019617-23-000524"", ""filed_date"": ""2023-11-01"", ""filing_period_match_score"": 0, ""form"": ""10-Q"", ""fp"": ""Q3"", ""period_duration_days"": null, ""period_end"": ""2023-09-30"", ""period_start"": """"}]",AVAILABLE,latest PIT-safe economic period; filing-period duration preference applied,"{""accession_number"": ""0000019617-23-000524"", ""concept"": ""Assets"", ""filed_date"": ""2023-11-01"", ""form"": ""10-Q"", ""fp"": ""Q3"", ""fy"": 2023, ""period_duration_class"": ""point_in_time"", ""period_duration_days"": null, ""period_end"": ""2023-09-30"", ""period_start"": """", ""source_member"": ""financial_reports/jpm/condensed_consolidated_balance_sheets.json"", ""source_provenance_hash"": ""4e96ceea5af62046492fd2a503075c807f74794c2fbacce9b87a1e424837c4a5"", ""taxonomy"": ""us-gaap"", ""unit"": ""USD"", ""value"": 3898333000000}"
JPM,Liabilities,2024-01-12,540,500,59,0,"[{""accession_number"": ""0000019617-23-000524"", ""filed_date"": ""2023-11-01"", ""filing_period_match_score"": 0, ""form"": ""10-Q"", ""fp"": ""Q3"", ""period_duration_days"": null, ""period_end"": ""2023-09-30"", ""period_start"": """"}]",AVAILABLE,latest PIT-safe economic period; filing-period duration preference applied,"{""accession_number"": ""0000019617-23-000524"", ""concept"": ""Liabilities"", ""filed_date"": ""2023-11-01"", ""form"": ""10-Q"", ""fp"": ""Q3"", ""fy"": 2023, ""period_duration_class"": ""point_in_time"", ""period_duration_days"": null, ""period_end"": ""2023-09-30"", ""period_start"": """", ""source_member"": ""financial_reports/jpm/condensed_consolidated_balance_sheets.json"", ""source_provenance_hash"": ""4599ef560fef4095eceed7a79f7b01d750b8108c97e5b6337dd1ad1d85aabea0"", ""taxonomy"": ""us-gaap"", ""unit"": ""USD"", ""value"": 3580962000000}"
JPM,StockholdersEquity,2024-01-12,688,628,60,0,"[{""accession_number"": ""0000019617-23-000524"", ""filed_date"": ""2023-11-01"", ""filing_period_match_score"": 0, ""form"": ""10-Q"", ""fp"": ""Q3"", ""period_duration_days"": null, ""period_end"": ""2023-09-30"", ""period_start"": """"}]",AVAILABLE,latest PIT-safe economic period; filing-period duration preference applied,"{""accession_number"": ""0000019617-23-000524"", ""concept"": ""StockholdersEquity"", ""filed_date"": ""2023-11-01"", ""form"": ""10-Q"", ""fp"": ""Q3"", ""fy"": 2023, ""period_duration_class"": ""point_in_time"", ""period_duration_days"": null, ""period_end"": ""2023-09-30"", ""period_start"": """", ""source_member"": ""financial_reports/jpm/condensed_consolidated_balance_sheets.json"", ""source_provenance_hash"": ""45433a7c9ae8df6214b0408ef40c6ead0517d9e99658335d041c640c239a3aed"", ""taxonomy"": ""us-gaap"", ""unit"": ""USD"", ""value"": 317371000000}"
JPM,NetCashProvidedByUsedInOperatingActivities,2024-01-12,604,556,63,0,"[{""accession_number"": ""0000019617-23-000524"", ""filed_date"": ""2023-11-01"", ""filing_period_match_score"": 1, ""form"": ""10-Q"", ""fp"": ""Q3"", ""period_duration_days"": 273, ""period_end"": ""2023-09-30"", ""period_start"": ""2023-01-01""}]",AVAILABLE,latest PIT-safe economic period; filing-period duration preference applied,"{""accession_number"": ""0000019617-23-000524"", ""concept"": ""NetCashProvidedByUsedInOperatingActivities"", ""filed_date"": ""2023-11-01"", ""form"": ""10-Q"", ""fp"": ""Q3"", ""fy"": 2023, ""period_duration_class"": ""year_to_date_h2"", ""period_duration_days"": 273, ""period_end"": ""2023-09-30"", ""period_start"": ""2023-01-01"", ""source_member"": ""financial_reports/jpm/condensed_consolidated_statement_of_cash_flows.json"", ""source_provenance_hash"": ""9470e25b2392acf86d6cd5ca87110dc3f5e37f870008ed8fdb273ed14af8c5d9"", ""taxonomy"": ""us-gaap"", ""unit"": ""USD"", ""value"": -47257000000}"
JPM,NetCashProvidedByUsedInInvestingActivities,2024-01-12,604,556,63,0,"[{""accession_number"": ""0000019617-23-000524"", ""filed_date"": ""2023-11-01"", ""filing_period_match_score"": 1, ""form"": ""10-Q"", ""fp"": ""Q3"", ""period_duration_days"": 273, ""period_end"": ""2023-09-30"", ""period_start"": ""2023-01-01""}]",AVAILABLE,latest PIT-safe economic period; filing-period duration preference applied,"{""accession_number"": ""0000019617-23-000524"", ""concept"": ""NetCashProvidedByUsedInInvestingActivities"", ""filed_date"": ""2023-11-01"", ""form"": ""10-Q"", ""fp"": ""Q3"", ""fy"": 2023, ""period_duration_class"": ""year_to_date_h2"", ""period_duration_days"": 273, ""period_end"": ""2023-09-30"", ""period_start"": ""2023-01-01"", ""source_member"": ""financial_reports/jpm/condensed_consolidated_statement_of_cash_flows.json"", ""source_provenance_hash"": ""4442cafef1c457008dc733e70fccb0ee78e3f08af7cfbedbc4ff98c3b5346f0d"", ""taxonomy"": ""us-gaap"", ""unit"": ""USD"", ""value"": -12239000000}"
JPM,NetCashProvidedByUsedInFinancingActivities,2024-01-12,604,556,63,0,"[{""accession_number"": ""0000019617-23-000524"", ""filed_date"": ""2023-11-01"", ""filing_period_match_score"": 1, ""form"": ""10-Q"", ""fp"": ""Q3"", ""period_duration_days"": 273, ""period_end"": ""2023-09-30"", ""period_start"": ""2023-01-01""}]",AVAILABLE,latest PIT-safe economic period; filing-period duration preference applied,"{""accession_number"": ""0000019617-23-000524"", ""concept"": ""NetCashProvidedByUsedInFinancingActivities"", ""filed_date"": ""2023-11-01"", ""form"": ""10-Q"", ""fp"": ""Q3"", ""fy"": 2023, ""period_duration_class"": ""year_to_date_h2"", ""period_duration_days"": 273, ""period_end"": ""2023-09-30"", ""period_start"": ""2023-01-01"", ""source_member"": ""financial_reports/jpm/condensed_consolidated_statement_of_cash_flows.json"", ""source_provenance_hash"": ""964f1af55f9aacef7e89c24824bd7b7616273f24c0ea119aa96803fa98da3648"", ""taxonomy"": ""us-gaap"", ""unit"": ""USD"", ""value"": 10326000000}"
AAPL,Assets,2024-01-19,5628,5208,59,0,"[{""accession_number"": ""0000320193-23-000106"", ""filed_date"": ""2023-11-03"", ""filing_period_match_score"": 0, ""form"": ""10-K"", ""fp"": ""FY"", ""period_duration_days"": null, ""period_end"": ""2023-09-30"", ""period_start"": """"}]",AVAILABLE,latest PIT-safe economic period; filing-period duration preference applied,"{""accession_number"": ""0000320193-23-000106"", ""concept"": ""Assets"", ""filed_date"": ""2023-11-03"", ""form"": ""10-K"", ""fp"": ""FY"", ""fy"": 2023, ""period_duration_class"": ""point_in_time"", ""period_duration_days"": null, ""period_end"": ""2023-09-30"", ""period_start"": """", ""source_member"": ""financial_reports/aapl/condensed_consolidated_balance_sheets.json"", ""source_provenance_hash"": ""703fb92c5726d6d5d83c0f1702b721fd31175346fcdcb5883f38dc4f20350cf2"", ""taxonomy"": ""us-gaap"", ""unit"": ""USD"", ""value"": 352583000000}"
AAPL,Liabilities,2024-01-19,5544,5124,59,0,"[{""accession_number"": ""0000320193-23-000106"", ""filed_date"": ""2023-11-03"", ""filing_period_match_score"": 0, ""form"": ""10-K"", ""fp"": ""FY"", ""period_duration_days"": null, ""period_end"": ""2023-09-30"", ""period_start"": """"}]",AVAILABLE,latest PIT-safe economic period; filing-period duration preference applied,"{""accession_number"": ""0000320193-23-000106"", ""concept"": ""Liabilities"", ""filed_date"": ""2023-11-03"", ""form"": ""10-K"", ""fp"": ""FY"", ""fy"": 2023, ""period_duration_class"": ""point_in_time"", ""period_duration_days"": null, ""period_end"": ""2023-09-30"", ""period_start"": """", ""source_member"": ""financial_reports/aapl/condensed_consolidated_balance_sheets.json"", ""source_provenance_hash"": ""11c3925b16479d166cfbeed425adeb93a99381bc4204461a1ee88553c1cd04fb"", ""taxonomy"": ""us-gaap"", ""unit"": ""USD"", ""value"": 290437000000}"
AAPL,StockholdersEquity,2024-01-19,9744,8736,61,0,"[{""accession_number"": ""0000320193-23-000106"", ""filed_date"": ""2023-11-03"", ""filing_period_match_score"": 0, ""form"": ""10-K"", ""fp"": ""FY"", ""period_duration_days"": null, ""period_end"": ""2023-09-30"", ""period_start"": """"}]",AVAILABLE,latest PIT-safe economic period; filing-period duration preference applied,"{""accession_number"": ""0000320193-23-000106"", ""concept"": ""StockholdersEquity"", ""filed_date"": ""2023-11-03"", ""form"": ""10-K"", ""fp"": ""FY"", ""fy"": 2023, ""period_duration_class"": ""point_in_time"", ""period_duration_days"": null, ""period_end"": ""2023-09-30"", ""period_start"": """", ""source_member"": ""financial_reports/aapl/condensed_consolidated_balance_sheets.json"", ""source_provenance_hash"": ""36aa0dd70cff59ad31b079a9af735c922856d339169c43e2a8fd90224a79edaa"", ""taxonomy"": ""us-gaap"", ""unit"": ""USD"", ""value"": 62146000000}"
AAPL,NetCashProvidedByUsedInOperatingActivities,2024-01-19,5082,4620,56,0,"[{""accession_number"": ""0000320193-23-000106"", ""filed_date"": ""2023-11-03"", ""filing_period_match_score"": 1, ""form"": ""10-K"", ""fp"": ""FY"", ""period_duration_days"": 371, ""period_end"": ""2023-09-30"", ""period_start"": ""2022-09-25""}]",AVAILABLE,latest PIT-safe economic period; filing-period duration preference applied,"{""accession_number"": ""0000320193-23-000106"", ""concept"": ""NetCashProvidedByUsedInOperatingActivities"", ""filed_date"": ""2023-11-03"", ""form"": ""10-K"", ""fp"": ""FY"", ""fy"": 2023, ""period_duration_class"": ""annual"", ""period_duration_days"": 371, ""period_end"": ""2023-09-30"", ""period_start"": ""2022-09-25"", ""source_member"": ""financial_reports/aapl/condensed_consolidated_statement_of_cash_flows.json"", ""source_provenance_hash"": ""0606ff8c17f3a219496eee917fc96ec9bdb42bb1f445a5688099b5dd77217c9a"", ""taxonomy"": ""us-gaap"", ""unit"": ""USD"", ""value"": 110543000000}"
AAPL,NetCashProvidedByUsedInInvestingActivities,2024-01-19,5082,4620,56,0,"[{""accession_number"": ""0000320193-23-000106"", ""filed_date"": ""2023-11-03"", ""filing_period_match_score"": 1, ""form"": ""10-K"", ""fp"": ""FY"", ""period_duration_days"": 371, ""period_end"": ""2023-09-30"", ""period_start"": ""2022-09-25""}]",AVAILABLE,latest PIT-safe economic period; filing-period duration preference applied,"{""accession_number"": ""0000320193-23-000106"", ""concept"": ""NetCashProvidedByUsedInInvestingActivities"", ""filed_date"": ""2023-11-03"", ""form"": ""10-K"", ""fp"": ""FY"", ""fy"": 2023, ""period_duration_class"": ""annual"", ""period_duration_days"": 371, ""period_end"": ""2023-09-30"", ""period_start"": ""2022-09-25"", ""source_member"": ""financial_reports/aapl/condensed_consolidated_statement_of_cash_flows.json"", ""source_provenance_hash"": ""c2fef5adef053426776e0d3f8ef3ce70c662b2fcef27aca18af4dd9b591e209b"", ""taxonomy"": ""us-gaap"", ""unit"": ""USD"", ""value"": 3705000000}"
AAPL,NetCashProvidedByUsedInFinancingActivities,2024-01-19,5082,4620,56,0,"[{""accession_number"": ""0000320193-23-000106"", ""filed_date"": ""2023-11-03"", ""filing_period_match_score"": 1, ""form"": ""10-K"", ""fp"": ""FY"", ""period_duration_days"": 371, ""period_end"": ""2023-09-30"", ""period_start"": ""2022-09-25""}]",AVAILABLE,latest PIT-safe economic period; filing-period duration preference applied,"{""accession_number"": ""0000320193-23-000106"", ""concept"": ""NetCashProvidedByUsedInFinancingActivities"", ""filed_date"": ""2023-11-03"", ""form"": ""10-K"", ""fp"": ""FY"", ""fy"": 2023, ""period_duration_class"": ""annual"", ""period_duration_days"": 371, ""period_end"": ""2023-09-30"", ""period_start"": ""2022-09-25"", ""source_member"": ""financial_reports/aapl/condensed_consolidated_statement_of_cash_flows.json"", ""source_provenance_hash"": ""bcc21cfc9440de6339623ee347518628d1be3a29583d6837f82ae8287080f8f8"", ""taxonomy"": ""us-gaap"", ""unit"": ""USD"", ""value"": -108488000000}"
AMZN,Assets,2024-01-19,3536,3224,59,0,"[{""accession_number"": ""0001018724-23-000018"", ""filed_date"": ""2023-10-27"", ""filing_period_match_score"": 0, ""form"": ""10-Q"", ""fp"": ""Q3"", ""period_duration_days"": null, ""period_end"": ""2023-09-30"", ""period_start"": """"}]",AVAILABLE,latest PIT-safe economic period; filing-period duration preference applied,"{""accession_number"": ""0001018724-23-000018"", ""concept"": ""Assets"", ""filed_date"": ""2023-10-27"", ""form"": ""10-Q"", ""fp"": ""Q3"", ""fy"": 2023, ""period_duration_class"": ""point_in_time"", ""period_duration_days"": null, ""period_end"": ""2023-09-30"", ""period_start"": """", ""source_member"": ""financial_reports/amzn/condensed_consolidated_balance_sheets.json"", ""source_provenance_hash"": ""a0deb876c8e8bba35883431aada419192e68d13fc92b6abf8dbd8ecbb3e75adb"", ""taxonomy"": ""us-gaap"", ""unit"": ""USD"", ""value"": 486883000000}"
AMZN,Liabilities,2024-01-19,0,0,0,0,[],UNAVAILABLE,no PIT-safe fact with period end,
AMZN,StockholdersEquity,2024-01-19,5668,5044,61,0,"[{""accession_number"": ""0001018724-23-000018"", ""filed_date"": ""2023-10-27"", ""filing_period_match_score"": 0, ""form"": ""10-Q"", ""fp"": ""Q3"", ""period_duration_days"": null, ""period_end"": ""2023-09-30"", ""period_start"": """"}]",AVAILABLE,latest PIT-safe economic period; filing-period duration preference applied,"{""accession_number"": ""0001018724-23-000018"", ""concept"": ""StockholdersEquity"", ""filed_date"": ""2023-10-27"", ""form"": ""10-Q"", ""fp"": ""Q3"", ""fy"": 2023, ""period_duration_class"": ""point_in_time"", ""period_duration_days"": null, ""period_end"": ""2023-09-30"", ""period_start"": """", ""source_member"": ""financial_reports/amzn/condensed_consolidated_balance_sheets.json"", ""source_provenance_hash"": ""3635fb5dfd67d3abb8fc317fd19904d26fefa67285fce1bcdae95a689d9abdef"", ""taxonomy"": ""us-gaap"", ""unit"": ""USD"", ""value"": 182973000000}"
AMZN,NetCashProvidedByUsedInOperatingActivities,2024-01-19,7800,7228,142,0,"[{""accession_number"": ""0001018724-23-000018"", ""filed_date"": ""2023-10-27"", ""filing_period_match_score"": 0, ""form"": ""10-Q"", ""fp"": ""Q3"", ""period_duration_days"": 365, ""period_end"": ""2023-09-30"", ""period_start"": ""2022-10-01""}, {""accession_number"": ""0001018724-23-000018"", ""filed_date"": ""2023-10-27"", ""filing_period_match_score"": 1, ""form"": ""10-Q"", ""fp"": ""Q3"", ""period_duration_days"": 273, ""period_end"": ""2023-09-30"", ""period_start"": ""2023-01-01""}, {""accession_number"": ""0001018724-23-000018"", ""filed_date"": ""2023-10-27"", ""filing_period_match_score"": 0, ""form"": ""10-Q"", ""fp"": ""Q3"", ""period_duration_days"": 92, ""period_end"": ""2023-09-30"", ""period_start"": ""2023-07-01""}]",AVAILABLE,latest PIT-safe economic period; filing-period duration preference applied,"{""accession_number"": ""0001018724-23-000018"", ""concept"": ""NetCashProvidedByUsedInOperatingActivities"", ""filed_date"": ""2023-10-27"", ""form"": ""10-Q"", ""fp"": ""Q3"", ""fy"": 2023, ""period_duration_class"": ""year_to_date_h2"", ""period_duration_days"": 273, ""period_end"": ""2023-09-30"", ""period_start"": ""2023-01-01"", ""source_member"": ""financial_reports/amzn/condensed_consolidated_statement_of_cash_flows.json"", ""source_provenance_hash"": ""dd23db98ce723c665793b5ad78765fda07b02f6e1241e9c3b6f1a54e9c5f0985"", ""taxonomy"": ""us-gaap"", ""unit"": ""USD"", ""value"": 42481000000}"
AMZN,NetCashProvidedByUsedInInvestingActivities,2024-01-19,7800,7228,142,0,"[{""accession_number"": ""0001018724-23-000018"", ""filed_date"": ""2023-10-27"", ""filing_period_match_score"": 0, ""form"": ""10-Q"", ""fp"": ""Q3"", ""period_duration_days"": 365, ""period_end"": ""2023-09-30"", ""period_start"": ""2022-10-01""}, {""accession_number"": ""0001018724-23-000018"", ""filed_date"": ""2023-10-27"", ""filing_period_match_score"": 1, ""form"": ""10-Q"", ""fp"": ""Q3"", ""period_duration_days"": 273, ""period_end"": ""2023-09-30"", ""period_start"": ""2023-01-01""}, {""accession_number"": ""0001018724-23-000018"", ""filed_date"": ""2023-10-27"", ""filing_period_match_score"": 0, ""form"": ""10-Q"", ""fp"": ""Q3"", ""period_duration_days"": 92, ""period_end"": ""2023-09-30"", ""period_start"": ""2023-07-01""}]",AVAILABLE,latest PIT-safe economic period; filing-period duration preference applied,"{""accession_number"": ""0001018724-23-000018"", ""concept"": ""NetCashProvidedByUsedInInvestingActivities"", ""filed_date"": ""2023-10-27"", ""form"": ""10-Q"", ""fp"": ""Q3"", ""fy"": 2023, ""period_duration_class"": ""year_to_date_h2"", ""period_duration_days"": 273, ""period_end"": ""2023-09-30"", ""period_start"": ""2023-01-01"", ""source_member"": ""financial_reports/amzn/condensed_consolidated_statement_of_cash_flows.json"", ""source_provenance_hash"": ""53f70f26333f7e5805a8cacecf4982a012eabc2ab9574c695b0998ec47031e3e"", ""taxonomy"": ""us-gaap"", ""unit"": ""USD"", ""value"": -37232000000}"
AMZN,NetCashProvidedByUsedInFinancingActivities,2024-01-19,7800,7228,142,0,"[{""accession_number"": ""0001018724-23-000018"", ""filed_date"": ""2023-10-27"", ""filing_period_match_score"": 0, ""form"": ""10-Q"", ""fp"": ""Q3"", ""period_duration_days"": 365, ""period_end"": ""2023-09-30"", ""period_start"": ""2022-10-01""}, {""accession_number"": ""0001018724-23-000018"", ""filed_date"": ""2023-10-27"", ""filing_period_match_score"": 1, ""form"": ""10-Q"", ""fp"": ""Q3"", ""period_duration_days"": 273, ""period_end"": ""2023-09-30"", ""period_start"": ""2023-01-01""}, {""accession_number"": ""0001018724-23-000018"", ""filed_date"": ""2023-10-27"", ""filing_period_match_score"": 0, ""form"": ""10-Q"", ""fp"": ""Q3"", ""period_duration_days"": 92, ""period_end"": ""2023-09-30"", ""period_start"": ""2023-07-01""}]",AVAILABLE,latest PIT-safe economic period; filing-period duration preference applied,"{""accession_number"": ""0001018724-23-000018"", ""concept"": ""NetCashProvidedByUsedInFinancingActivities"", ""filed_date"": ""2023-10-27"", ""form"": ""10-Q"", ""fp"": ""Q3"", ""fy"": 2023, ""period_duration_class"": ""year_to_date_h2"", ""period_duration_days"": 273, ""period_end"": ""2023-09-30"", ""period_start"": ""2023-01-01"", ""source_member"": ""financial_reports/amzn/condensed_consolidated_statement_of_cash_flows.json"", ""source_provenance_hash"": ""5e067aef7dbf80864039a6992a6b757b685d4571f3170fb2a75047bf9144f921"", ""taxonomy"": ""us-gaap"", ""unit"": ""USD"", ""value"": -9133000000}"
JPM,Assets,2024-01-19,752,692,59,0,"[{""accession_number"": ""0000019617-23-000524"", ""filed_date"": ""2023-11-01"", ""filing_period_match_score"": 0, ""form"": ""10-Q"", ""fp"": ""Q3"", ""period_duration_days"": null, ""period_end"": ""2023-09-30"", ""period_start"": """"}]",AVAILABLE,latest PIT-safe economic period; filing-period duration preference applied,"{""accession_number"": ""0000019617-23-000524"", ""concept"": ""Assets"", ""filed_date"": ""2023-11-01"", ""form"": ""10-Q"", ""fp"": ""Q3"", ""fy"": 2023, ""period_duration_class"": ""point_in_time"", ""period_duration_days"": null, ""period_end"": ""2023-09-30"", ""period_start"": """", ""source_member"": ""financial_reports/jpm/condensed_consolidated_balance_sheets.json"", ""source_provenance_hash"": ""4e96ceea5af62046492fd2a503075c807f74794c2fbacce9b87a1e424837c4a5"", ""taxonomy"": ""us-gaap"", ""unit"": ""USD"", ""value"": 3898333000000}"
JPM,Liabilities,2024-01-19,540,500,59,0,"[{""accession_number"": ""0000019617-23-000524"", ""filed_date"": ""2023-11-01"", ""filing_period_match_score"": 0, ""form"": ""10-Q"", ""fp"": ""Q3"", ""period_duration_days"": null, ""period_end"": ""2023-09-30"", ""period_start"": """"}]",AVAILABLE,latest PIT-safe economic period; filing-period duration preference applied,"{""accession_number"": ""0000019617-23-000524"", ""concept"": ""Liabilities"", ""filed_date"": ""2023-11-01"", ""form"": ""10-Q"", ""fp"": ""Q3"", ""fy"": 2023, ""period_duration_class"": ""point_in_time"", ""period_duration_days"": null, ""period_end"": ""2023-09-30"", ""period_start"": """", ""source_member"": ""financial_reports/jpm/condensed_consolidated_balance_sheets.json"", ""source_provenance_hash"": ""4599ef560fef4095eceed7a79f7b01d750b8108c97e5b6337dd1ad1d85aabea0"", ""taxonomy"": ""us-gaap"", ""unit"": ""USD"", ""value"": 3580962000000}"
JPM,StockholdersEquity,2024-01-19,688,628,60,0,"[{""accession_number"": ""0000019617-23-000524"", ""filed_date"": ""2023-11-01"", ""filing_period_match_score"": 0, ""form"": ""10-Q"", ""fp"": ""Q3"", ""period_duration_days"": null, ""period_end"": ""2023-09-30"", ""period_start"": """"}]",AVAILABLE,latest PIT-safe economic period; filing-period duration preference applied,"{""accession_number"": ""0000019617-23-000524"", ""concept"": ""StockholdersEquity"", ""filed_date"": ""2023-11-01"", ""form"": ""10-Q"", ""fp"": ""Q3"", ""fy"": 2023, ""period_duration_class"": ""point_in_time"", ""period_duration_days"": null, ""period_end"": ""2023-09-30"", ""period_start"": """", ""source_member"": ""financial_reports/jpm/condensed_consolidated_balance_sheets.json"", ""source_provenance_hash"": ""45433a7c9ae8df6214b0408ef40c6ead0517d9e99658335d041c640c239a3aed"", ""taxonomy"": ""us-gaap"", ""unit"": ""USD"", ""value"": 317371000000}"
JPM,NetCashProvidedByUsedInOperatingActivities,2024-01-19,604,556,63,0,"[{""accession_number"": ""0000019617-23-000524"", ""filed_date"": ""2023-11-01"", ""filing_period_match_score"": 1, ""form"": ""10-Q"", ""fp"": ""Q3"", ""period_duration_days"": 273, ""period_end"": ""2023-09-30"", ""period_start"": ""2023-01-01""}]",AVAILABLE,latest PIT-safe economic period; filing-period duration preference applied,"{""accession_number"": ""0000019617-23-000524"", ""concept"": ""NetCashProvidedByUsedInOperatingActivities"", ""filed_date"": ""2023-11-01"", ""form"": ""10-Q"", ""fp"": ""Q3"", ""fy"": 2023, ""period_duration_class"": ""year_to_date_h2"", ""period_duration_days"": 273, ""period_end"": ""2023-09-30"", ""period_start"": ""2023-01-01"", ""source_member"": ""financial_reports/jpm/condensed_consolidated_statement_of_cash_flows.json"", ""source_provenance_hash"": ""9470e25b2392acf86d6cd5ca87110dc3f5e37f870008ed8fdb273ed14af8c5d9"", ""taxonomy"": ""us-gaap"", ""unit"": ""USD"", ""value"": -47257000000}"
JPM,NetCashProvidedByUsedInInvestingActivities,2024-01-19,604,556,63,0,"[{""accession_number"": ""0000019617-23-000524"", ""filed_date"": ""2023-11-01"", ""filing_period_match_score"": 1, ""form"": ""10-Q"", ""fp"": ""Q3"", ""period_duration_days"": 273, ""period_end"": ""2023-09-30"", ""period_start"": ""2023-01-01""}]",AVAILABLE,latest PIT-safe economic period; filing-period duration preference applied,"{""accession_number"": ""0000019617-23-000524"", ""concept"": ""NetCashProvidedByUsedInInvestingActivities"", ""filed_date"": ""2023-11-01"", ""form"": ""10-Q"", ""fp"": ""Q3"", ""fy"": 2023, ""period_duration_class"": ""year_to_date_h2"", ""period_duration_days"": 273, ""period_end"": ""2023-09-30"", ""period_start"": ""2023-01-01"", ""source_member"": ""financial_reports/jpm/condensed_consolidated_statement_of_cash_flows.json"", ""source_provenance_hash"": ""4442cafef1c457008dc733e70fccb0ee78e3f08af7cfbedbc4ff98c3b5346f0d"", ""taxonomy"": ""us-gaap"", ""unit"": ""USD"", ""value"": -12239000000}"
JPM,NetCashProvidedByUsedInFinancingActivities,2024-01-19,604,556,63,0,"[{""accession_number"": ""0000019617-23-000524"", ""filed_date"": ""2023-11-01"", ""filing_period_match_score"": 1, ""form"": ""10-Q"", ""fp"": ""Q3"", ""period_duration_days"": 273, ""period_end"": ""2023-09-30"", ""period_start"": ""2023-01-01""}]",AVAILABLE,latest PIT-safe economic period; filing-period duration preference applied,"{""accession_number"": ""0000019617-23-000524"", ""concept"": ""NetCashProvidedByUsedInFinancingActivities"", ""filed_date"": ""2023-11-01"", ""form"": ""10-Q"", ""fp"": ""Q3"", ""fy"": 2023, ""period_duration_class"": ""year_to_date_h2"", ""period_duration_days"": 273, ""period_end"": ""2023-09-30"", ""period_start"": ""2023-01-01"", ""source_member"": ""financial_reports/jpm/condensed_consolidated_statement_of_cash_flows.json"", ""source_provenance_hash"": ""964f1af55f9aacef7e89c24824bd7b7616273f24c0ea119aa96803fa98da3648"", ""taxonomy"": ""us-gaap"", ""unit"": ""USD"", ""value"": 10326000000}"
AAPL,Assets,2024-01-26,5628,5208,59,0,"[{""accession_number"": ""0000320193-23-000106"", ""filed_date"": ""2023-11-03"", ""filing_period_match_score"": 0, ""form"": ""10-K"", ""fp"": ""FY"", ""period_duration_days"": null, ""period_end"": ""2023-09-30"", ""period_start"": """"}]",AVAILABLE,latest PIT-safe economic period; filing-period duration preference applied,"{""accession_number"": ""0000320193-23-000106"", ""concept"": ""Assets"", ""filed_date"": ""2023-11-03"", ""form"": ""10-K"", ""fp"": ""FY"", ""fy"": 2023, ""period_duration_class"": ""point_in_time"", ""period_duration_days"": null, ""period_end"": ""2023-09-30"", ""period_start"": """", ""source_member"": ""financial_reports/aapl/condensed_consolidated_balance_sheets.json"", ""source_provenance_hash"": ""703fb92c5726d6d5d83c0f1702b721fd31175346fcdcb5883f38dc4f20350cf2"", ""taxonomy"": ""us-gaap"", ""unit"": ""USD"", ""value"": 352583000000}"
AAPL,Liabilities,2024-01-26,5544,5124,59,0,"[{""accession_number"": ""0000320193-23-000106"", ""filed_date"": ""2023-11-03"", ""filing_period_match_score"": 0, ""form"": ""10-K"", ""fp"": ""FY"", ""period_duration_days"": null, ""period_end"": ""2023-09-30"", ""period_start"": """"}]",AVAILABLE,latest PIT-safe economic period; filing-period duration preference applied,"{""accession_number"": ""0000320193-23-000106"", ""concept"": ""Liabilities"", ""filed_date"": ""2023-11-03"", ""form"": ""10-K"", ""fp"": ""FY"", ""fy"": 2023, ""period_duration_class"": ""point_in_time"", ""period_duration_days"": null, ""period_end"": ""2023-09-30"", ""period_start"": """", ""source_member"": ""financial_reports/aapl/condensed_consolidated_balance_sheets.json"", ""source_provenance_hash"": ""11c3925b16479d166cfbeed425adeb93a99381bc4204461a1ee88553c1cd04fb"", ""taxonomy"": ""us-gaap"", ""unit"": ""USD"", ""value"": 290437000000}"
AAPL,StockholdersEquity,2024-01-26,9744,8736,61,0,"[{""accession_number"": ""0000320193-23-000106"", ""filed_date"": ""2023-11-03"", ""filing_period_match_score"": 0, ""form"": ""10-K"", ""fp"": ""FY"", ""period_duration_days"": null, ""period_end"": ""2023-09-30"", ""period_start"": """"}]",AVAILABLE,latest PIT-safe economic period; filing-period duration preference applied,"{""accession_number"": ""0000320193-23-000106"", ""concept"": ""StockholdersEquity"", ""filed_date"": ""2023-11-03"", ""form"": ""10-K"", ""fp"": ""FY"", ""fy"": 2023, ""period_duration_class"": ""point_in_time"", ""period_duration_days"": null, ""period_end"": ""2023-09-30"", ""period_start"": """", ""source_member"": ""financial_reports/aapl/condensed_consolidated_balance_sheets.json"", ""source_provenance_hash"": ""36aa0dd70cff59ad31b079a9af735c922856d339169c43e2a8fd90224a79edaa"", ""taxonomy"": ""us-gaap"", ""unit"": ""USD"", ""value"": 62146000000}"
AAPL,NetCashProvidedByUsedInOperatingActivities,2024-01-26,5082,4620,56,0,"[{""accession_number"": ""0000320193-23-000106"", ""filed_date"": ""2023-11-03"", ""filing_period_match_score"": 1, ""form"": ""10-K"", ""fp"": ""FY"", ""period_duration_days"": 371, ""period_end"": ""2023-09-30"", ""period_start"": ""2022-09-25""}]",AVAILABLE,latest PIT-safe economic period; filing-period duration preference applied,"{""accession_number"": ""0000320193-23-000106"", ""concept"": ""NetCashProvidedByUsedInOperatingActivities"", ""filed_date"": ""2023-11-03"", ""form"": ""10-K"", ""fp"": ""FY"", ""fy"": 2023, ""period_duration_class"": ""annual"", ""period_duration_days"": 371, ""period_end"": ""2023-09-30"", ""period_start"": ""2022-09-25"", ""source_member"": ""financial_reports/aapl/condensed_consolidated_statement_of_cash_flows.json"", ""source_provenance_hash"": ""0606ff8c17f3a219496eee917fc96ec9bdb42bb1f445a5688099b5dd77217c9a"", ""taxonomy"": ""us-gaap"", ""unit"": ""USD"", ""value"": 110543000000}"
AAPL,NetCashProvidedByUsedInInvestingActivities,2024-01-26,5082,4620,56,0,"[{""accession_number"": ""0000320193-23-000106"", ""filed_date"": ""2023-11-03"", ""filing_period_match_score"": 1, ""form"": ""10-K"", ""fp"": ""FY"", ""period_duration_days"": 371, ""period_end"": ""2023-09-30"", ""period_start"": ""2022-09-25""}]",AVAILABLE,latest PIT-safe economic period; filing-period duration preference applied,"{""accession_number"": ""0000320193-23-000106"", ""concept"": ""NetCashProvidedByUsedInInvestingActivities"", ""filed_date"": ""2023-11-03"", ""form"": ""10-K"", ""fp"": ""FY"", ""fy"": 2023, ""period_duration_class"": ""annual"", ""period_duration_days"": 371, ""period_end"": ""2023-09-30"", ""period_start"": ""2022-09-25"", ""source_member"": ""financial_reports/aapl/condensed_consolidated_statement_of_cash_flows.json"", ""source_provenance_hash"": ""c2fef5adef053426776e0d3f8ef3ce70c662b2fcef27aca18af4dd9b591e209b"", ""taxonomy"": ""us-gaap"", ""unit"": ""USD"", ""value"": 3705000000}"
AAPL,NetCashProvidedByUsedInFinancingActivities,2024-01-26,5082,4620,56,0,"[{""accession_number"": ""0000320193-23-000106"", ""filed_date"": ""2023-11-03"", ""filing_period_match_score"": 1, ""form"": ""10-K"", ""fp"": ""FY"", ""period_duration_days"": 371, ""period_end"": ""2023-09-30"", ""period_start"": ""2022-09-25""}]",AVAILABLE,latest PIT-safe economic period; filing-period duration preference applied,"{""accession_number"": ""0000320193-23-000106"", ""concept"": ""NetCashProvidedByUsedInFinancingActivities"", ""filed_date"": ""2023-11-03"", ""form"": ""10-K"", ""fp"": ""FY"", ""fy"": 2023, ""period_duration_class"": ""annual"", ""period_duration_days"": 371, ""period_end"": ""2023-09-30"", ""period_start"": ""2022-09-25"", ""source_member"": ""financial_reports/aapl/condensed_consolidated_statement_of_cash_flows.json"", ""source_provenance_hash"": ""bcc21cfc9440de6339623ee347518628d1be3a29583d6837f82ae8287080f8f8"", ""taxonomy"": ""us-gaap"", ""unit"": ""USD"", ""value"": -108488000000}"
AMZN,Assets,2024-01-26,3536,3224,59,0,"[{""accession_number"": ""0001018724-23-000018"", ""filed_date"": ""2023-10-27"", ""filing_period_match_score"": 0, ""form"": ""10-Q"", ""fp"": ""Q3"", ""period_duration_days"": null, ""period_end"": ""2023-09-30"", ""period_start"": """"}]",AVAILABLE,latest PIT-safe economic period; filing-period duration preference applied,"{""accession_number"": ""0001018724-23-000018"", ""concept"": ""Assets"", ""filed_date"": ""2023-10-27"", ""form"": ""10-Q"", ""fp"": ""Q3"", ""fy"": 2023, ""period_duration_class"": ""point_in_time"", ""period_duration_days"": null, ""period_end"": ""2023-09-30"", ""period_start"": """", ""source_member"": ""financial_reports/amzn/condensed_consolidated_balance_sheets.json"", ""source_provenance_hash"": ""a0deb876c8e8bba35883431aada419192e68d13fc92b6abf8dbd8ecbb3e75adb"", ""taxonomy"": ""us-gaap"", ""unit"": ""USD"", ""value"": 486883000000}"
AMZN,Liabilities,2024-01-26,0,0,0,0,[],UNAVAILABLE,no PIT-safe fact with period end,
AMZN,StockholdersEquity,2024-01-26,5668,5044,61,0,"[{""accession_number"": ""0001018724-23-000018"", ""filed_date"": ""2023-10-27"", ""filing_period_match_score"": 0, ""form"": ""10-Q"", ""fp"": ""Q3"", ""period_duration_days"": null, ""period_end"": ""2023-09-30"", ""period_start"": """"}]",AVAILABLE,latest PIT-safe economic period; filing-period duration preference applied,"{""accession_number"": ""0001018724-23-000018"", ""concept"": ""StockholdersEquity"", ""filed_date"": ""2023-10-27"", ""form"": ""10-Q"", ""fp"": ""Q3"", ""fy"": 2023, ""period_duration_class"": ""point_in_time"", ""period_duration_days"": null, ""period_end"": ""2023-09-30"", ""period_start"": """", ""source_member"": ""financial_reports/amzn/condensed_consolidated_balance_sheets.json"", ""source_provenance_hash"": ""3635fb5dfd67d3abb8fc317fd19904d26fefa67285fce1bcdae95a689d9abdef"", ""taxonomy"": ""us-gaap"", ""unit"": ""USD"", ""value"": 182973000000}"
AMZN,NetCashProvidedByUsedInOperatingActivities,2024-01-26,7800,7228,142,0,"[{""accession_number"": ""0001018724-23-000018"", ""filed_date"": ""2023-10-27"", ""filing_period_match_score"": 0, ""form"": ""10-Q"", ""fp"": ""Q3"", ""period_duration_days"": 365, ""period_end"": ""2023-09-30"", ""period_start"": ""2022-10-01""}, {""accession_number"": ""0001018724-23-000018"", ""filed_date"": ""2023-10-27"", ""filing_period_match_score"": 1, ""form"": ""10-Q"", ""fp"": ""Q3"", ""period_duration_days"": 273, ""period_end"": ""2023-09-30"", ""period_start"": ""2023-01-01""}, {""accession_number"": ""0001018724-23-000018"", ""filed_date"": ""2023-10-27"", ""filing_period_match_score"": 0, ""form"": ""10-Q"", ""fp"": ""Q3"", ""period_duration_days"": 92, ""period_end"": ""2023-09-30"", ""period_start"": ""2023-07-01""}]",AVAILABLE,latest PIT-safe economic period; filing-period duration preference applied,"{""accession_number"": ""0001018724-23-000018"", ""concept"": ""NetCashProvidedByUsedInOperatingActivities"", ""filed_date"": ""2023-10-27"", ""form"": ""10-Q"", ""fp"": ""Q3"", ""fy"": 2023, ""period_duration_class"": ""year_to_date_h2"", ""period_duration_days"": 273, ""period_end"": ""2023-09-30"", ""period_start"": ""2023-01-01"", ""source_member"": ""financial_reports/amzn/condensed_consolidated_statement_of_cash_flows.json"", ""source_provenance_hash"": ""dd23db98ce723c665793b5ad78765fda07b02f6e1241e9c3b6f1a54e9c5f0985"", ""taxonomy"": ""us-gaap"", ""unit"": ""USD"", ""value"": 42481000000}"
AMZN,NetCashProvidedByUsedInInvestingActivities,2024-01-26,7800,7228,142,0,"[{""accession_number"": ""0001018724-23-000018"", ""filed_date"": ""2023-10-27"", ""filing_period_match_score"": 0, ""form"": ""10-Q"", ""fp"": ""Q3"", ""period_duration_days"": 365, ""period_end"": ""2023-09-30"", ""period_start"": ""2022-10-01""}, {""accession_number"": ""0001018724-23-000018"", ""filed_date"": ""2023-10-27"", ""filing_period_match_score"": 1, ""form"": ""10-Q"", ""fp"": ""Q3"", ""period_duration_days"": 273, ""period_end"": ""2023-09-30"", ""period_start"": ""2023-01-01""}, {""accession_number"": ""0001018724-23-000018"", ""filed_date"": ""2023-10-27"", ""filing_period_match_score"": 0, ""form"": ""10-Q"", ""fp"": ""Q3"", ""period_duration_days"": 92, ""period_end"": ""2023-09-30"", ""period_start"": ""2023-07-01""}]",AVAILABLE,latest PIT-safe economic period; filing-period duration preference applied,"{""accession_number"": ""0001018724-23-000018"", ""concept"": ""NetCashProvidedByUsedInInvestingActivities"", ""filed_date"": ""2023-10-27"", ""form"": ""10-Q"", ""fp"": ""Q3"", ""fy"": 2023, ""period_duration_class"": ""year_to_date_h2"", ""period_duration_days"": 273, ""period_end"": ""2023-09-30"", ""period_start"": ""2023-01-01"", ""source_member"": ""financial_reports/amzn/condensed_consolidated_statement_of_cash_flows.json"", ""source_provenance_hash"": ""53f70f26333f7e5805a8cacecf4982a012eabc2ab9574c695b0998ec47031e3e"", ""taxonomy"": ""us-gaap"", ""unit"": ""USD"", ""value"": -37232000000}"
AMZN,NetCashProvidedByUsedInFinancingActivities,2024-01-26,7800,7228,142,0,"[{""accession_number"": ""0001018724-23-000018"", ""filed_date"": ""2023-10-27"", ""filing_period_match_score"": 0, ""form"": ""10-Q"", ""fp"": ""Q3"", ""period_duration_days"": 365, ""period_end"": ""2023-09-30"", ""period_start"": ""2022-10-01""}, {""accession_number"": ""0001018724-23-000018"", ""filed_date"": ""2023-10-27"", ""filing_period_match_score"": 1, ""form"": ""10-Q"", ""fp"": ""Q3"", ""period_duration_days"": 273, ""period_end"": ""2023-09-30"", ""period_start"": ""2023-01-01""}, {""accession_number"": ""0001018724-23-000018"", ""filed_date"": ""2023-10-27"", ""filing_period_match_score"": 0, ""form"": ""10-Q"", ""fp"": ""Q3"", ""period_duration_days"": 92, ""period_end"": ""2023-09-30"", ""period_start"": ""2023-07-01""}]",AVAILABLE,latest PIT-safe economic period; filing-period duration preference applied,"{""accession_number"": ""0001018724-23-000018"", ""concept"": ""NetCashProvidedByUsedInFinancingActivities"", ""filed_date"": ""2023-10-27"", ""form"": ""10-Q"", ""fp"": ""Q3"", ""fy"": 2023, ""period_duration_class"": ""year_to_date_h2"", ""period_duration_days"": 273, ""period_end"": ""2023-09-30"", ""period_start"": ""2023-01-01"", ""source_member"": ""financial_reports/amzn/condensed_consolidated_statement_of_cash_flows.json"", ""source_provenance_hash"": ""5e067aef7dbf80864039a6992a6b757b685d4571f3170fb2a75047bf9144f921"", ""taxonomy"": ""us-gaap"", ""unit"": ""USD"", ""value"": -9133000000}"
JPM,Assets,2024-01-26,752,692,59,0,"[{""accession_number"": ""0000019617-23-000524"", ""filed_date"": ""2023-11-01"", ""filing_period_match_score"": 0, ""form"": ""10-Q"", ""fp"": ""Q3"", ""period_duration_days"": null, ""period_end"": ""2023-09-30"", ""period_start"": """"}]",AVAILABLE,latest PIT-safe economic period; filing-period duration preference applied,"{""accession_number"": ""0000019617-23-000524"", ""concept"": ""Assets"", ""filed_date"": ""2023-11-01"", ""form"": ""10-Q"", ""fp"": ""Q3"", ""fy"": 2023, ""period_duration_class"": ""point_in_time"", ""period_duration_days"": null, ""period_end"": ""2023-09-30"", ""period_start"": """", ""source_member"": ""financial_reports/jpm/condensed_consolidated_balance_sheets.json"", ""source_provenance_hash"": ""4e96ceea5af62046492fd2a503075c807f74794c2fbacce9b87a1e424837c4a5"", ""taxonomy"": ""us-gaap"", ""unit"": ""USD"", ""value"": 3898333000000}"
JPM,Liabilities,2024-01-26,540,500,59,0,"[{""accession_number"": ""0000019617-23-000524"", ""filed_date"": ""2023-11-01"", ""filing_period_match_score"": 0, ""form"": ""10-Q"", ""fp"": ""Q3"", ""period_duration_days"": null, ""period_end"": ""2023-09-30"", ""period_start"": """"}]",AVAILABLE,latest PIT-safe economic period; filing-period duration preference applied,"{""accession_number"": ""0000019617-23-000524"", ""concept"": ""Liabilities"", ""filed_date"": ""2023-11-01"", ""form"": ""10-Q"", ""fp"": ""Q3"", ""fy"": 2023, ""period_duration_class"": ""point_in_time"", ""period_duration_days"": null, ""period_end"": ""2023-09-30"", ""period_start"": """", ""source_member"": ""financial_reports/jpm/condensed_consolidated_balance_sheets.json"", ""source_provenance_hash"": ""4599ef560fef4095eceed7a79f7b01d750b8108c97e5b6337dd1ad1d85aabea0"", ""taxonomy"": ""us-gaap"", ""unit"": ""USD"", ""value"": 3580962000000}"
JPM,StockholdersEquity,2024-01-26,688,628,60,0,"[{""accession_number"": ""0000019617-23-000524"", ""filed_date"": ""2023-11-01"", ""filing_period_match_score"": 0, ""form"": ""10-Q"", ""fp"": ""Q3"", ""period_duration_days"": null, ""period_end"": ""2023-09-30"", ""period_start"": """"}]",AVAILABLE,latest PIT-safe economic period; filing-period duration preference applied,"{""accession_number"": ""0000019617-23-000524"", ""concept"": ""StockholdersEquity"", ""filed_date"": ""2023-11-01"", ""form"": ""10-Q"", ""fp"": ""Q3"", ""fy"": 2023, ""period_duration_class"": ""point_in_time"", ""period_duration_days"": null, ""period_end"": ""2023-09-30"", ""period_start"": """", ""source_member"": ""financial_reports/jpm/condensed_consolidated_balance_sheets.json"", ""source_provenance_hash"": ""45433a7c9ae8df6214b0408ef40c6ead0517d9e99658335d041c640c239a3aed"", ""taxonomy"": ""us-gaap"", ""unit"": ""USD"", ""value"": 317371000000}"
JPM,NetCashProvidedByUsedInOperatingActivities,2024-01-26,604,556,63,0,"[{""accession_number"": ""0000019617-23-000524"", ""filed_date"": ""2023-11-01"", ""filing_period_match_score"": 1, ""form"": ""10-Q"", ""fp"": ""Q3"", ""period_duration_days"": 273, ""period_end"": ""2023-09-30"", ""period_start"": ""2023-01-01""}]",AVAILABLE,latest PIT-safe economic period; filing-period duration preference applied,"{""accession_number"": ""0000019617-23-000524"", ""concept"": ""NetCashProvidedByUsedInOperatingActivities"", ""filed_date"": ""2023-11-01"", ""form"": ""10-Q"", ""fp"": ""Q3"", ""fy"": 2023, ""period_duration_class"": ""year_to_date_h2"", ""period_duration_days"": 273, ""period_end"": ""2023-09-30"", ""period_start"": ""2023-01-01"", ""source_member"": ""financial_reports/jpm/condensed_consolidated_statement_of_cash_flows.json"", ""source_provenance_hash"": ""9470e25b2392acf86d6cd5ca87110dc3f5e37f870008ed8fdb273ed14af8c5d9"", ""taxonomy"": ""us-gaap"", ""unit"": ""USD"", ""value"": -47257000000}"
JPM,NetCashProvidedByUsedInInvestingActivities,2024-01-26,604,556,63,0,"[{""accession_number"": ""0000019617-23-000524"", ""filed_date"": ""2023-11-01"", ""filing_period_match_score"": 1, ""form"": ""10-Q"", ""fp"": ""Q3"", ""period_duration_days"": 273, ""period_end"": ""2023-09-30"", ""period_start"": ""2023-01-01""}]",AVAILABLE,latest PIT-safe economic period; filing-period duration preference applied,"{""accession_number"": ""0000019617-23-000524"", ""concept"": ""NetCashProvidedByUsedInInvestingActivities"", ""filed_date"": ""2023-11-01"", ""form"": ""10-Q"", ""fp"": ""Q3"", ""fy"": 2023, ""period_duration_class"": ""year_to_date_h2"", ""period_duration_days"": 273, ""period_end"": ""2023-09-30"", ""period_start"": ""2023-01-01"", ""source_member"": ""financial_reports/jpm/condensed_consolidated_statement_of_cash_flows.json"", ""source_provenance_hash"": ""4442cafef1c457008dc733e70fccb0ee78e3f08af7cfbedbc4ff98c3b5346f0d"", ""taxonomy"": ""us-gaap"", ""unit"": ""USD"", ""value"": -12239000000}"
JPM,NetCashProvidedByUsedInFinancingActivities,2024-01-26,604,556,63,0,"[{""accession_number"": ""0000019617-23-000524"", ""filed_date"": ""2023-11-01"", ""filing_period_match_score"": 1, ""form"": ""10-Q"", ""fp"": ""Q3"", ""period_duration_days"": 273, ""period_end"": ""2023-09-30"", ""period_start"": ""2023-01-01""}]",AVAILABLE,latest PIT-safe economic period; filing-period duration preference applied,"{""accession_number"": ""0000019617-23-000524"", ""concept"": ""NetCashProvidedByUsedInFinancingActivities"", ""filed_date"": ""2023-11-01"", ""form"": ""10-Q"", ""fp"": ""Q3"", ""fy"": 2023, ""period_duration_class"": ""year_to_date_h2"", ""period_duration_days"": 273, ""period_end"": ""2023-09-30"", ""period_start"": ""2023-01-01"", ""source_member"": ""financial_reports/jpm/condensed_consolidated_statement_of_cash_flows.json"", ""source_provenance_hash"": ""964f1af55f9aacef7e89c24824bd7b7616273f24c0ea119aa96803fa98da3648"", ""taxonomy"": ""us-gaap"", ""unit"": ""USD"", ""value"": 10326000000}"
AAPL,Assets,2024-02-02,5628,5208,59,84,"[{""accession_number"": ""0000320193-23-000106"", ""filed_date"": ""2023-11-03"", ""filing_period_match_score"": 0, ""form"": ""10-K"", ""fp"": ""FY"", ""period_duration_days"": null, ""period_end"": ""2023-09-30"", ""period_start"": """"}]",AVAILABLE,latest PIT-safe economic period; filing-period duration preference applied,"{""accession_number"": ""0000320193-23-000106"", ""concept"": ""Assets"", ""filed_date"": ""2023-11-03"", ""form"": ""10-K"", ""fp"": ""FY"", ""fy"": 2023, ""period_duration_class"": ""point_in_time"", ""period_duration_days"": null, ""period_end"": ""2023-09-30"", ""period_start"": """", ""source_member"": ""financial_reports/aapl/condensed_consolidated_balance_sheets.json"", ""source_provenance_hash"": ""703fb92c5726d6d5d83c0f1702b721fd31175346fcdcb5883f38dc4f20350cf2"", ""taxonomy"": ""us-gaap"", ""unit"": ""USD"", ""value"": 352583000000}"
AAPL,Liabilities,2024-02-02,5544,5124,59,84,"[{""accession_number"": ""0000320193-23-000106"", ""filed_date"": ""2023-11-03"", ""filing_period_match_score"": 0, ""form"": ""10-K"", ""fp"": ""FY"", ""period_duration_days"": null, ""period_end"": ""2023-09-30"", ""period_start"": """"}]",AVAILABLE,latest PIT-safe economic period; filing-period duration preference applied,"{""accession_number"": ""0000320193-23-000106"", ""concept"": ""Liabilities"", ""filed_date"": ""2023-11-03"", ""form"": ""10-K"", ""fp"": ""FY"", ""fy"": 2023, ""period_duration_class"": ""point_in_time"", ""period_duration_days"": null, ""period_end"": ""2023-09-30"", ""period_start"": """", ""source_member"": ""financial_reports/aapl/condensed_consolidated_balance_sheets.json"", ""source_provenance_hash"": ""11c3925b16479d166cfbeed425adeb93a99381bc4204461a1ee88553c1cd04fb"", ""taxonomy"": ""us-gaap"", ""unit"": ""USD"", ""value"": 290437000000}"
AAPL,StockholdersEquity,2024-02-02,9744,8736,61,168,"[{""accession_number"": ""0000320193-23-000106"", ""filed_date"": ""2023-11-03"", ""filing_period_match_score"": 0, ""form"": ""10-K"", ""fp"": ""FY"", ""period_duration_days"": null, ""period_end"": ""2023-09-30"", ""period_start"": """"}]",AVAILABLE,latest PIT-safe economic period; filing-period duration preference applied,"{""accession_number"": ""0000320193-23-000106"", ""concept"": ""StockholdersEquity"", ""filed_date"": ""2023-11-03"", ""form"": ""10-K"", ""fp"": ""FY"", ""fy"": 2023, ""period_duration_class"": ""point_in_time"", ""period_duration_days"": null, ""period_end"": ""2023-09-30"", ""period_start"": """", ""source_member"": ""financial_reports/aapl/condensed_consolidated_balance_sheets.json"", ""source_provenance_hash"": ""36aa0dd70cff59ad31b079a9af735c922856d339169c43e2a8fd90224a79edaa"", ""taxonomy"": ""us-gaap"", ""unit"": ""USD"", ""value"": 62146000000}"
AAPL,NetCashProvidedByUsedInOperatingActivities,2024-02-02,5082,4620,56,84,"[{""accession_number"": ""0000320193-23-000106"", ""filed_date"": ""2023-11-03"", ""filing_period_match_score"": 1, ""form"": ""10-K"", ""fp"": ""FY"", ""period_duration_days"": 371, ""period_end"": ""2023-09-30"", ""period_start"": ""2022-09-25""}]",AVAILABLE,latest PIT-safe economic period; filing-period duration preference applied,"{""accession_number"": ""0000320193-23-000106"", ""concept"": ""NetCashProvidedByUsedInOperatingActivities"", ""filed_date"": ""2023-11-03"", ""form"": ""10-K"", ""fp"": ""FY"", ""fy"": 2023, ""period_duration_class"": ""annual"", ""period_duration_days"": 371, ""period_end"": ""2023-09-30"", ""period_start"": ""2022-09-25"", ""source_member"": ""financial_reports/aapl/condensed_consolidated_statement_of_cash_flows.json"", ""source_provenance_hash"": ""0606ff8c17f3a219496eee917fc96ec9bdb42bb1f445a5688099b5dd77217c9a"", ""taxonomy"": ""us-gaap"", ""unit"": ""USD"", ""value"": 110543000000}"
AAPL,NetCashProvidedByUsedInInvestingActivities,2024-02-02,5082,4620,56,84,"[{""accession_number"": ""0000320193-23-000106"", ""filed_date"": ""2023-11-03"", ""filing_period_match_score"": 1, ""form"": ""10-K"", ""fp"": ""FY"", ""period_duration_days"": 371, ""period_end"": ""2023-09-30"", ""period_start"": ""2022-09-25""}]",AVAILABLE,latest PIT-safe economic period; filing-period duration preference applied,"{""accession_number"": ""0000320193-23-000106"", ""concept"": ""NetCashProvidedByUsedInInvestingActivities"", ""filed_date"": ""2023-11-03"", ""form"": ""10-K"", ""fp"": ""FY"", ""fy"": 2023, ""period_duration_class"": ""annual"", ""period_duration_days"": 371, ""period_end"": ""2023-09-30"", ""period_start"": ""2022-09-25"", ""source_member"": ""financial_reports/aapl/condensed_consolidated_statement_of_cash_flows.json"", ""source_provenance_hash"": ""c2fef5adef053426776e0d3f8ef3ce70c662b2fcef27aca18af4dd9b591e209b"", ""taxonomy"": ""us-gaap"", ""unit"": ""USD"", ""value"": 3705000000}"
AAPL,NetCashProvidedByUsedInFinancingActivities,2024-02-02,5082,4620,56,84,"[{""accession_number"": ""0000320193-23-000106"", ""filed_date"": ""2023-11-03"", ""filing_period_match_score"": 1, ""form"": ""10-K"", ""fp"": ""FY"", ""period_duration_days"": 371, ""period_end"": ""2023-09-30"", ""period_start"": ""2022-09-25""}]",AVAILABLE,latest PIT-safe economic period; filing-period duration preference applied,"{""accession_number"": ""0000320193-23-000106"", ""concept"": ""NetCashProvidedByUsedInFinancingActivities"", ""filed_date"": ""2023-11-03"", ""form"": ""10-K"", ""fp"": ""FY"", ""fy"": 2023, ""period_duration_class"": ""annual"", ""period_duration_days"": 371, ""period_end"": ""2023-09-30"", ""period_start"": ""2022-09-25"", ""source_member"": ""financial_reports/aapl/condensed_consolidated_statement_of_cash_flows.json"", ""source_provenance_hash"": ""bcc21cfc9440de6339623ee347518628d1be3a29583d6837f82ae8287080f8f8"", ""taxonomy"": ""us-gaap"", ""unit"": ""USD"", ""value"": -108488000000}"
AMZN,Assets,2024-02-02,3536,3224,59,78,"[{""accession_number"": ""0001018724-23-000018"", ""filed_date"": ""2023-10-27"", ""filing_period_match_score"": 0, ""form"": ""10-Q"", ""fp"": ""Q3"", ""period_duration_days"": null, ""period_end"": ""2023-09-30"", ""period_start"": """"}]",AVAILABLE,latest PIT-safe economic period; filing-period duration preference applied,"{""accession_number"": ""0001018724-23-000018"", ""concept"": ""Assets"", ""filed_date"": ""2023-10-27"", ""form"": ""10-Q"", ""fp"": ""Q3"", ""fy"": 2023, ""period_duration_class"": ""point_in_time"", ""period_duration_days"": null, ""period_end"": ""2023-09-30"", ""period_start"": """", ""source_member"": ""financial_reports/amzn/condensed_consolidated_balance_sheets.json"", ""source_provenance_hash"": ""a0deb876c8e8bba35883431aada419192e68d13fc92b6abf8dbd8ecbb3e75adb"", ""taxonomy"": ""us-gaap"", ""unit"": ""USD"", ""value"": 486883000000}"
AMZN,Liabilities,2024-02-02,0,0,0,0,[],UNAVAILABLE,no PIT-safe fact with period end,
AMZN,StockholdersEquity,2024-02-02,5668,5044,61,104,"[{""accession_number"": ""0001018724-23-000018"", ""filed_date"": ""2023-10-27"", ""filing_period_match_score"": 0, ""form"": ""10-Q"", ""fp"": ""Q3"", ""period_duration_days"": null, ""period_end"": ""2023-09-30"", ""period_start"": """"}]",AVAILABLE,latest PIT-safe economic period; filing-period duration preference applied,"{""accession_number"": ""0001018724-23-000018"", ""concept"": ""StockholdersEquity"", ""filed_date"": ""2023-10-27"", ""form"": ""10-Q"", ""fp"": ""Q3"", ""fy"": 2023, ""period_duration_class"": ""point_in_time"", ""period_duration_days"": null, ""period_end"": ""2023-09-30"", ""period_start"": """", ""source_member"": ""financial_reports/amzn/condensed_consolidated_balance_sheets.json"", ""source_provenance_hash"": ""3635fb5dfd67d3abb8fc317fd19904d26fefa67285fce1bcdae95a689d9abdef"", ""taxonomy"": ""us-gaap"", ""unit"": ""USD"", ""value"": 182973000000}"
AMZN,NetCashProvidedByUsedInOperatingActivities,2024-02-02,7800,7228,142,78,"[{""accession_number"": ""0001018724-23-000018"", ""filed_date"": ""2023-10-27"", ""filing_period_match_score"": 0, ""form"": ""10-Q"", ""fp"": ""Q3"", ""period_duration_days"": 365, ""period_end"": ""2023-09-30"", ""period_start"": ""2022-10-01""}, {""accession_number"": ""0001018724-23-000018"", ""filed_date"": ""2023-10-27"", ""filing_period_match_score"": 1, ""form"": ""10-Q"", ""fp"": ""Q3"", ""period_duration_days"": 273, ""period_end"": ""2023-09-30"", ""period_start"": ""2023-01-01""}, {""accession_number"": ""0001018724-23-000018"", ""filed_date"": ""2023-10-27"", ""filing_period_match_score"": 0, ""form"": ""10-Q"", ""fp"": ""Q3"", ""period_duration_days"": 92, ""period_end"": ""2023-09-30"", ""period_start"": ""2023-07-01""}]",AVAILABLE,latest PIT-safe economic period; filing-period duration preference applied,"{""accession_number"": ""0001018724-23-000018"", ""concept"": ""NetCashProvidedByUsedInOperatingActivities"", ""filed_date"": ""2023-10-27"", ""form"": ""10-Q"", ""fp"": ""Q3"", ""fy"": 2023, ""period_duration_class"": ""year_to_date_h2"", ""period_duration_days"": 273, ""period_end"": ""2023-09-30"", ""period_start"": ""2023-01-01"", ""source_member"": ""financial_reports/amzn/condensed_consolidated_statement_of_cash_flows.json"", ""source_provenance_hash"": ""dd23db98ce723c665793b5ad78765fda07b02f6e1241e9c3b6f1a54e9c5f0985"", ""taxonomy"": ""us-gaap"", ""unit"": ""USD"", ""value"": 42481000000}"
AMZN,NetCashProvidedByUsedInInvestingActivities,2024-02-02,7800,7228,142,78,"[{""accession_number"": ""0001018724-23-000018"", ""filed_date"": ""2023-10-27"", ""filing_period_match_score"": 0, ""form"": ""10-Q"", ""fp"": ""Q3"", ""period_duration_days"": 365, ""period_end"": ""2023-09-30"", ""period_start"": ""2022-10-01""}, {""accession_number"": ""0001018724-23-000018"", ""filed_date"": ""2023-10-27"", ""filing_period_match_score"": 1, ""form"": ""10-Q"", ""fp"": ""Q3"", ""period_duration_days"": 273, ""period_end"": ""2023-09-30"", ""period_start"": ""2023-01-01""}, {""accession_number"": ""0001018724-23-000018"", ""filed_date"": ""2023-10-27"", ""filing_period_match_score"": 0, ""form"": ""10-Q"", ""fp"": ""Q3"", ""period_duration_days"": 92, ""period_end"": ""2023-09-30"", ""period_start"": ""2023-07-01""}]",AVAILABLE,latest PIT-safe economic period; filing-period duration preference applied,"{""accession_number"": ""0001018724-23-000018"", ""concept"": ""NetCashProvidedByUsedInInvestingActivities"", ""filed_date"": ""2023-10-27"", ""form"": ""10-Q"", ""fp"": ""Q3"", ""fy"": 2023, ""period_duration_class"": ""year_to_date_h2"", ""period_duration_days"": 273, ""period_end"": ""2023-09-30"", ""period_start"": ""2023-01-01"", ""source_member"": ""financial_reports/amzn/condensed_consolidated_statement_of_cash_flows.json"", ""source_provenance_hash"": ""53f70f26333f7e5805a8cacecf4982a012eabc2ab9574c695b0998ec47031e3e"", ""taxonomy"": ""us-gaap"", ""unit"": ""USD"", ""value"": -37232000000}"
AMZN,NetCashProvidedByUsedInFinancingActivities,2024-02-02,7800,7228,142,78,"[{""accession_number"": ""0001018724-23-000018"", ""filed_date"": ""2023-10-27"", ""filing_period_match_score"": 0, ""form"": ""10-Q"", ""fp"": ""Q3"", ""period_duration_days"": 365, ""period_end"": ""2023-09-30"", ""period_start"": ""2022-10-01""}, {""accession_number"": ""0001018724-23-000018"", ""filed_date"": ""2023-10-27"", ""filing_period_match_score"": 1, ""form"": ""10-Q"", ""fp"": ""Q3"", ""period_duration_days"": 273, ""period_end"": ""2023-09-30"", ""period_start"": ""2023-01-01""}, {""accession_number"": ""0001018724-23-000018"", ""filed_date"": ""2023-10-27"", ""filing_period_match_score"": 0, ""form"": ""10-Q"", ""fp"": ""Q3"", ""period_duration_days"": 92, ""period_end"": ""2023-09-30"", ""period_start"": ""2023-07-01""}]",AVAILABLE,latest PIT-safe economic period; filing-period duration preference applied,"{""accession_number"": ""0001018724-23-000018"", ""concept"": ""NetCashProvidedByUsedInFinancingActivities"", ""filed_date"": ""2023-10-27"", ""form"": ""10-Q"", ""fp"": ""Q3"", ""fy"": 2023, ""period_duration_class"": ""year_to_date_h2"", ""period_duration_days"": 273, ""period_end"": ""2023-09-30"", ""period_start"": ""2023-01-01"", ""source_member"": ""financial_reports/amzn/condensed_consolidated_statement_of_cash_flows.json"", ""source_provenance_hash"": ""5e067aef7dbf80864039a6992a6b757b685d4571f3170fb2a75047bf9144f921"", ""taxonomy"": ""us-gaap"", ""unit"": ""USD"", ""value"": -9133000000}"
JPM,Assets,2024-02-02,752,692,59,0,"[{""accession_number"": ""0000019617-23-000524"", ""filed_date"": ""2023-11-01"", ""filing_period_match_score"": 0, ""form"": ""10-Q"", ""fp"": ""Q3"", ""period_duration_days"": null, ""period_end"": ""2023-09-30"", ""period_start"": """"}]",AVAILABLE,latest PIT-safe economic period; filing-period duration preference applied,"{""accession_number"": ""0000019617-23-000524"", ""concept"": ""Assets"", ""filed_date"": ""2023-11-01"", ""form"": ""10-Q"", ""fp"": ""Q3"", ""fy"": 2023, ""period_duration_class"": ""point_in_time"", ""period_duration_days"": null, ""period_end"": ""2023-09-30"", ""period_start"": """", ""source_member"": ""financial_reports/jpm/condensed_consolidated_balance_sheets.json"", ""source_provenance_hash"": ""4e96ceea5af62046492fd2a503075c807f74794c2fbacce9b87a1e424837c4a5"", ""taxonomy"": ""us-gaap"", ""unit"": ""USD"", ""value"": 3898333000000}"
JPM,Liabilities,2024-02-02,540,500,59,0,"[{""accession_number"": ""0000019617-23-000524"", ""filed_date"": ""2023-11-01"", ""filing_period_match_score"": 0, ""form"": ""10-Q"", ""fp"": ""Q3"", ""period_duration_days"": null, ""period_end"": ""2023-09-30"", ""period_start"": """"}]",AVAILABLE,latest PIT-safe economic period; filing-period duration preference applied,"{""accession_number"": ""0000019617-23-000524"", ""concept"": ""Liabilities"", ""filed_date"": ""2023-11-01"", ""form"": ""10-Q"", ""fp"": ""Q3"", ""fy"": 2023, ""period_duration_class"": ""point_in_time"", ""period_duration_days"": null, ""period_end"": ""2023-09-30"", ""period_start"": """", ""source_member"": ""financial_reports/jpm/condensed_consolidated_balance_sheets.json"", ""source_provenance_hash"": ""4599ef560fef4095eceed7a79f7b01d750b8108c97e5b6337dd1ad1d85aabea0"", ""taxonomy"": ""us-gaap"", ""unit"": ""USD"", ""value"": 3580962000000}"
JPM,StockholdersEquity,2024-02-02,688,628,60,0,"[{""accession_number"": ""0000019617-23-000524"", ""filed_date"": ""2023-11-01"", ""filing_period_match_score"": 0, ""form"": ""10-Q"", ""fp"": ""Q3"", ""period_duration_days"": null, ""period_end"": ""2023-09-30"", ""period_start"": """"}]",AVAILABLE,latest PIT-safe economic period; filing-period duration preference applied,"{""accession_number"": ""0000019617-23-000524"", ""concept"": ""StockholdersEquity"", ""filed_date"": ""2023-11-01"", ""form"": ""10-Q"", ""fp"": ""Q3"", ""fy"": 2023, ""period_duration_class"": ""point_in_time"", ""period_duration_days"": null, ""period_end"": ""2023-09-30"", ""period_start"": """", ""source_member"": ""financial_reports/jpm/condensed_consolidated_balance_sheets.json"", ""source_provenance_hash"": ""45433a7c9ae8df6214b0408ef40c6ead0517d9e99658335d041c640c239a3aed"", ""taxonomy"": ""us-gaap"", ""unit"": ""USD"", ""value"": 317371000000}"
JPM,NetCashProvidedByUsedInOperatingActivities,2024-02-02,604,556,63,0,"[{""accession_number"": ""0000019617-23-000524"", ""filed_date"": ""2023-11-01"", ""filing_period_match_score"": 1, ""form"": ""10-Q"", ""fp"": ""Q3"", ""period_duration_days"": 273, ""period_end"": ""2023-09-30"", ""period_start"": ""2023-01-01""}]",AVAILABLE,latest PIT-safe economic period; filing-period duration preference applied,"{""accession_number"": ""0000019617-23-000524"", ""concept"": ""NetCashProvidedByUsedInOperatingActivities"", ""filed_date"": ""2023-11-01"", ""form"": ""10-Q"", ""fp"": ""Q3"", ""fy"": 2023, ""period_duration_class"": ""year_to_date_h2"", ""period_duration_days"": 273, ""period_end"": ""2023-09-30"", ""period_start"": ""2023-01-01"", ""source_member"": ""financial_reports/jpm/condensed_consolidated_statement_of_cash_flows.json"", ""source_provenance_hash"": ""9470e25b2392acf86d6cd5ca87110dc3f5e37f870008ed8fdb273ed14af8c5d9"", ""taxonomy"": ""us-gaap"", ""unit"": ""USD"", ""value"": -47257000000}"
JPM,NetCashProvidedByUsedInInvestingActivities,2024-02-02,604,556,63,0,"[{""accession_number"": ""0000019617-23-000524"", ""filed_date"": ""2023-11-01"", ""filing_period_match_score"": 1, ""form"": ""10-Q"", ""fp"": ""Q3"", ""period_duration_days"": 273, ""period_end"": ""2023-09-30"", ""period_start"": ""2023-01-01""}]",AVAILABLE,latest PIT-safe economic period; filing-period duration preference applied,"{""accession_number"": ""0000019617-23-000524"", ""concept"": ""NetCashProvidedByUsedInInvestingActivities"", ""filed_date"": ""2023-11-01"", ""form"": ""10-Q"", ""fp"": ""Q3"", ""fy"": 2023, ""period_duration_class"": ""year_to_date_h2"", ""period_duration_days"": 273, ""period_end"": ""2023-09-30"", ""period_start"": ""2023-01-01"", ""source_member"": ""financial_reports/jpm/condensed_consolidated_statement_of_cash_flows.json"", ""source_provenance_hash"": ""4442cafef1c457008dc733e70fccb0ee78e3f08af7cfbedbc4ff98c3b5346f0d"", ""taxonomy"": ""us-gaap"", ""unit"": ""USD"", ""value"": -12239000000}"
JPM,NetCashProvidedByUsedInFinancingActivities,2024-02-02,604,556,63,0,"[{""accession_number"": ""0000019617-23-000524"", ""filed_date"": ""2023-11-01"", ""filing_period_match_score"": 1, ""form"": ""10-Q"", ""fp"": ""Q3"", ""period_duration_days"": 273, ""period_end"": ""2023-09-30"", ""period_start"": ""2023-01-01""}]",AVAILABLE,latest PIT-safe economic period; filing-period duration preference applied,"{""accession_number"": ""0000019617-23-000524"", ""concept"": ""NetCashProvidedByUsedInFinancingActivities"", ""filed_date"": ""2023-11-01"", ""form"": ""10-Q"", ""fp"": ""Q3"", ""fy"": 2023, ""period_duration_class"": ""year_to_date_h2"", ""period_duration_days"": 273, ""period_end"": ""2023-09-30"", ""period_start"": ""2023-01-01"", ""source_member"": ""financial_reports/jpm/condensed_consolidated_statement_of_cash_flows.json"", ""source_provenance_hash"": ""964f1af55f9aacef7e89c24824bd7b7616273f24c0ea119aa96803fa98da3648"", ""taxonomy"": ""us-gaap"", ""unit"": ""USD"", ""value"": 10326000000}"
AAPL,Assets,2024-02-09,5628,5292,60,0,"[{""accession_number"": ""0000320193-24-000006"", ""filed_date"": ""2024-02-02"", ""filing_period_match_score"": 0, ""form"": ""10-Q"", ""fp"": ""Q1"", ""period_duration_days"": null, ""period_end"": ""2023-12-30"", ""period_start"": """"}]",AVAILABLE,latest PIT-safe economic period; filing-period duration preference applied,"{""accession_number"": ""0000320193-24-000006"", ""concept"": ""Assets"", ""filed_date"": ""2024-02-02"", ""form"": ""10-Q"", ""fp"": ""Q1"", ""fy"": 2024, ""period_duration_class"": ""point_in_time"", ""period_duration_days"": null, ""period_end"": ""2023-12-30"", ""period_start"": """", ""source_member"": ""financial_reports/aapl/condensed_consolidated_balance_sheets.json"", ""source_provenance_hash"": ""1db0ab33a515a943af29566e05a55b0a1a9ad8f25c25080751ee7d1985c252eb"", ""taxonomy"": ""us-gaap"", ""unit"": ""USD"", ""value"": 353514000000}"
AAPL,Liabilities,2024-02-09,5544,5208,60,0,"[{""accession_number"": ""0000320193-24-000006"", ""filed_date"": ""2024-02-02"", ""filing_period_match_score"": 0, ""form"": ""10-Q"", ""fp"": ""Q1"", ""period_duration_days"": null, ""period_end"": ""2023-12-30"", ""period_start"": """"}]",AVAILABLE,latest PIT-safe economic period; filing-period duration preference applied,"{""accession_number"": ""0000320193-24-000006"", ""concept"": ""Liabilities"", ""filed_date"": ""2024-02-02"", ""form"": ""10-Q"", ""fp"": ""Q1"", ""fy"": 2024, ""period_duration_class"": ""point_in_time"", ""period_duration_days"": null, ""period_end"": ""2023-12-30"", ""period_start"": """", ""source_member"": ""financial_reports/aapl/condensed_consolidated_balance_sheets.json"", ""source_provenance_hash"": ""07916b3164ccf25841337d7262abdf3bf4862e4454dc97e7e39c3c39d863993a"", ""taxonomy"": ""us-gaap"", ""unit"": ""USD"", ""value"": 279414000000}"
AAPL,StockholdersEquity,2024-02-09,9744,8904,62,0,"[{""accession_number"": ""0000320193-24-000006"", ""filed_date"": ""2024-02-02"", ""filing_period_match_score"": 0, ""form"": ""10-Q"", ""fp"": ""Q1"", ""period_duration_days"": null, ""period_end"": ""2023-12-30"", ""period_start"": """"}]",AVAILABLE,latest PIT-safe economic period; filing-period duration preference applied,"{""accession_number"": ""0000320193-24-000006"", ""concept"": ""StockholdersEquity"", ""filed_date"": ""2024-02-02"", ""form"": ""10-Q"", ""fp"": ""Q1"", ""fy"": 2024, ""period_duration_class"": ""point_in_time"", ""period_duration_days"": null, ""period_end"": ""2023-12-30"", ""period_start"": """", ""source_member"": ""financial_reports/aapl/condensed_consolidated_balance_sheets.json"", ""source_provenance_hash"": ""bf98f154a26a0aa129a18f7c773e208a69a7b332516ce4e2b2e8198456c791ff"", ""taxonomy"": ""us-gaap"", ""unit"": ""USD"", ""value"": 74100000000}"
AAPL,NetCashProvidedByUsedInOperatingActivities,2024-02-09,5082,4704,57,0,"[{""accession_number"": ""0000320193-24-000006"", ""filed_date"": ""2024-02-02"", ""filing_period_match_score"": 1, ""form"": ""10-Q"", ""fp"": ""Q1"", ""period_duration_days"": 91, ""period_end"": ""2023-12-30"", ""period_start"": ""2023-10-01""}]",AVAILABLE,latest PIT-safe economic period; filing-period duration preference applied,"{""accession_number"": ""0000320193-24-000006"", ""concept"": ""NetCashProvidedByUsedInOperatingActivities"", ""filed_date"": ""2024-02-02"", ""form"": ""10-Q"", ""fp"": ""Q1"", ""fy"": 2024, ""period_duration_class"": ""quarterly"", ""period_duration_days"": 91, ""period_end"": ""2023-12-30"", ""period_start"": ""2023-10-01"", ""source_member"": ""financial_reports/aapl/condensed_consolidated_statement_of_cash_flows.json"", ""source_provenance_hash"": ""fca3433c183825485a054844ab812837391876f177bccc6e85529e42a7b0ca00"", ""taxonomy"": ""us-gaap"", ""unit"": ""USD"", ""value"": 39895000000}"
AAPL,NetCashProvidedByUsedInInvestingActivities,2024-02-09,5082,4704,57,0,"[{""accession_number"": ""0000320193-24-000006"", ""filed_date"": ""2024-02-02"", ""filing_period_match_score"": 1, ""form"": ""10-Q"", ""fp"": ""Q1"", ""period_duration_days"": 91, ""period_end"": ""2023-12-30"", ""period_start"": ""2023-10-01""}]",AVAILABLE,latest PIT-safe economic period; filing-period duration preference applied,"{""accession_number"": ""0000320193-24-000006"", ""concept"": ""NetCashProvidedByUsedInInvestingActivities"", ""filed_date"": ""2024-02-02"", ""form"": ""10-Q"", ""fp"": ""Q1"", ""fy"": 2024, ""period_duration_class"": ""quarterly"", ""period_duration_days"": 91, ""period_end"": ""2023-12-30"", ""period_start"": ""2023-10-01"", ""source_member"": ""financial_reports/aapl/condensed_consolidated_statement_of_cash_flows.json"", ""source_provenance_hash"": ""06fa562e48c0fb127bac27094411d7040c7457139a825a2fa50a7d9c0305cc63"", ""taxonomy"": ""us-gaap"", ""unit"": ""USD"", ""value"": 1927000000}"
AAPL,NetCashProvidedByUsedInFinancingActivities,2024-02-09,5082,4704,57,0,"[{""accession_number"": ""0000320193-24-000006"", ""filed_date"": ""2024-02-02"", ""filing_period_match_score"": 1, ""form"": ""10-Q"", ""fp"": ""Q1"", ""period_duration_days"": 91, ""period_end"": ""2023-12-30"", ""period_start"": ""2023-10-01""}]",AVAILABLE,latest PIT-safe economic period; filing-period duration preference applied,"{""accession_number"": ""0000320193-24-000006"", ""concept"": ""NetCashProvidedByUsedInFinancingActivities"", ""filed_date"": ""2024-02-02"", ""form"": ""10-Q"", ""fp"": ""Q1"", ""fy"": 2024, ""period_duration_class"": ""quarterly"", ""period_duration_days"": 91, ""period_end"": ""2023-12-30"", ""period_start"": ""2023-10-01"", ""source_member"": ""financial_reports/aapl/condensed_consolidated_statement_of_cash_flows.json"", ""source_provenance_hash"": ""52a6eeac79ca71f796813622839c828f9d294cc1d5ab81b256eec199d21bba88"", ""taxonomy"": ""us-gaap"", ""unit"": ""USD"", ""value"": -30585000000}"
AMZN,Assets,2024-02-09,3536,3302,60,0,"[{""accession_number"": ""0001018724-24-000008"", ""filed_date"": ""2024-02-02"", ""filing_period_match_score"": 0, ""form"": ""10-K"", ""fp"": ""FY"", ""period_duration_days"": null, ""period_end"": ""2023-12-31"", ""period_start"": """"}]",AVAILABLE,latest PIT-safe economic period; filing-period duration preference applied,"{""accession_number"": ""0001018724-24-000008"", ""concept"": ""Assets"", ""filed_date"": ""2024-02-02"", ""form"": ""10-K"", ""fp"": ""FY"", ""fy"": 2023, ""period_duration_class"": ""point_in_time"", ""period_duration_days"": null, ""period_end"": ""2023-12-31"", ""period_start"": """", ""source_member"": ""financial_reports/amzn/condensed_consolidated_balance_sheets.json"", ""source_provenance_hash"": ""d6fc766d65cf3f15392fa8a0d4c385b2d540cb7c858e62b35b8e55e2a248f725"", ""taxonomy"": ""us-gaap"", ""unit"": ""USD"", ""value"": 527854000000}"
AMZN,Liabilities,2024-02-09,0,0,0,0,[],UNAVAILABLE,no PIT-safe fact with period end,
AMZN,StockholdersEquity,2024-02-09,5668,5148,62,0,"[{""accession_number"": ""0001018724-24-000008"", ""filed_date"": ""2024-02-02"", ""filing_period_match_score"": 0, ""form"": ""10-K"", ""fp"": ""FY"", ""period_duration_days"": null, ""period_end"": ""2023-12-31"", ""period_start"": """"}]",AVAILABLE,latest PIT-safe economic period; filing-period duration preference applied,"{""accession_number"": ""0001018724-24-000008"", ""concept"": ""StockholdersEquity"", ""filed_date"": ""2024-02-02"", ""form"": ""10-K"", ""fp"": ""FY"", ""fy"": 2023, ""period_duration_class"": ""point_in_time"", ""period_duration_days"": null, ""period_end"": ""2023-12-31"", ""period_start"": """", ""source_member"": ""financial_reports/amzn/condensed_consolidated_balance_sheets.json"", ""source_provenance_hash"": ""7e5e29390df6bf65962673a7d172f907f9270ad83791bd993ef2be47e44495bb"", ""taxonomy"": ""us-gaap"", ""unit"": ""USD"", ""value"": 201875000000}"
AMZN,NetCashProvidedByUsedInOperatingActivities,2024-02-09,7800,7306,143,0,"[{""accession_number"": ""0001018724-24-000008"", ""filed_date"": ""2024-02-02"", ""filing_period_match_score"": 1, ""form"": ""10-K"", ""fp"": ""FY"", ""period_duration_days"": 365, ""period_end"": ""2023-12-31"", ""period_start"": ""2023-01-01""}]",AVAILABLE,latest PIT-safe economic period; filing-period duration preference applied,"{""accession_number"": ""0001018724-24-000008"", ""concept"": ""NetCashProvidedByUsedInOperatingActivities"", ""filed_date"": ""2024-02-02"", ""form"": ""10-K"", ""fp"": ""FY"", ""fy"": 2023, ""period_duration_class"": ""annual"", ""period_duration_days"": 365, ""period_end"": ""2023-12-31"", ""period_start"": ""2023-01-01"", ""source_member"": ""financial_reports/amzn/condensed_consolidated_statement_of_cash_flows.json"", ""source_provenance_hash"": ""a60abd42cd165c5dcbf563b391a70e8043b35272fbcf84c946425607a0ff5dbd"", ""taxonomy"": ""us-gaap"", ""unit"": ""USD"", ""value"": 84946000000}"
AMZN,NetCashProvidedByUsedInInvestingActivities,2024-02-09,7800,7306,143,0,"[{""accession_number"": ""0001018724-24-000008"", ""filed_date"": ""2024-02-02"", ""filing_period_match_score"": 1, ""form"": ""10-K"", ""fp"": ""FY"", ""period_duration_days"": 365, ""period_end"": ""2023-12-31"", ""period_start"": ""2023-01-01""}]",AVAILABLE,latest PIT-safe economic period; filing-period duration preference applied,"{""accession_number"": ""0001018724-24-000008"", ""concept"": ""NetCashProvidedByUsedInInvestingActivities"", ""filed_date"": ""2024-02-02"", ""form"": ""10-K"", ""fp"": ""FY"", ""fy"": 2023, ""period_duration_class"": ""annual"", ""period_duration_days"": 365, ""period_end"": ""2023-12-31"", ""period_start"": ""2023-01-01"", ""source_member"": ""financial_reports/amzn/condensed_consolidated_statement_of_cash_flows.json"", ""source_provenance_hash"": ""c09615d1cd56dd7f1b6163ad8daa495194226cfe693cb9982ad61f6df29201ea"", ""taxonomy"": ""us-gaap"", ""unit"": ""USD"", ""value"": -49833000000}"
AMZN,NetCashProvidedByUsedInFinancingActivities,2024-02-09,7800,7306,143,0,"[{""accession_number"": ""0001018724-24-000008"", ""filed_date"": ""2024-02-02"", ""filing_period_match_score"": 1, ""form"": ""10-K"", ""fp"": ""FY"", ""period_duration_days"": 365, ""period_end"": ""2023-12-31"", ""period_start"": ""2023-01-01""}]",AVAILABLE,latest PIT-safe economic period; filing-period duration preference applied,"{""accession_number"": ""0001018724-24-000008"", ""concept"": ""NetCashProvidedByUsedInFinancingActivities"", ""filed_date"": ""2024-02-02"", ""form"": ""10-K"", ""fp"": ""FY"", ""fy"": 2023, ""period_duration_class"": ""annual"", ""period_duration_days"": 365, ""period_end"": ""2023-12-31"", ""period_start"": ""2023-01-01"", ""source_member"": ""financial_reports/amzn/condensed_consolidated_statement_of_cash_flows.json"", ""source_provenance_hash"": ""85f2866168421f41f358dd7b724ca5f820eda5ce25a1b4efe7e31ed1dad2606c"", ""taxonomy"": ""us-gaap"", ""unit"": ""USD"", ""value"": -15879000000}"
JPM,Assets,2024-02-09,752,692,59,0,"[{""accession_number"": ""0000019617-23-000524"", ""filed_date"": ""2023-11-01"", ""filing_period_match_score"": 0, ""form"": ""10-Q"", ""fp"": ""Q3"", ""period_duration_days"": null, ""period_end"": ""2023-09-30"", ""period_start"": """"}]",AVAILABLE,latest PIT-safe economic period; filing-period duration preference applied,"{""accession_number"": ""0000019617-23-000524"", ""concept"": ""Assets"", ""filed_date"": ""2023-11-01"", ""form"": ""10-Q"", ""fp"": ""Q3"", ""fy"": 2023, ""period_duration_class"": ""point_in_time"", ""period_duration_days"": null, ""period_end"": ""2023-09-30"", ""period_start"": """", ""source_member"": ""financial_reports/jpm/condensed_consolidated_balance_sheets.json"", ""source_provenance_hash"": ""4e96ceea5af62046492fd2a503075c807f74794c2fbacce9b87a1e424837c4a5"", ""taxonomy"": ""us-gaap"", ""unit"": ""USD"", ""value"": 3898333000000}"
JPM,Liabilities,2024-02-09,540,500,59,0,"[{""accession_number"": ""0000019617-23-000524"", ""filed_date"": ""2023-11-01"", ""filing_period_match_score"": 0, ""form"": ""10-Q"", ""fp"": ""Q3"", ""period_duration_days"": null, ""period_end"": ""2023-09-30"", ""period_start"": """"}]",AVAILABLE,latest PIT-safe economic period; filing-period duration preference applied,"{""accession_number"": ""0000019617-23-000524"", ""concept"": ""Liabilities"", ""filed_date"": ""2023-11-01"", ""form"": ""10-Q"", ""fp"": ""Q3"", ""fy"": 2023, ""period_duration_class"": ""point_in_time"", ""period_duration_days"": null, ""period_end"": ""2023-09-30"", ""period_start"": """", ""source_member"": ""financial_reports/jpm/condensed_consolidated_balance_sheets.json"", ""source_provenance_hash"": ""4599ef560fef4095eceed7a79f7b01d750b8108c97e5b6337dd1ad1d85aabea0"", ""taxonomy"": ""us-gaap"", ""unit"": ""USD"", ""value"": 3580962000000}"
JPM,StockholdersEquity,2024-02-09,688,628,60,0,"[{""accession_number"": ""0000019617-23-000524"", ""filed_date"": ""2023-11-01"", ""filing_period_match_score"": 0, ""form"": ""10-Q"", ""fp"": ""Q3"", ""period_duration_days"": null, ""period_end"": ""2023-09-30"", ""period_start"": """"}]",AVAILABLE,latest PIT-safe economic period; filing-period duration preference applied,"{""accession_number"": ""0000019617-23-000524"", ""concept"": ""StockholdersEquity"", ""filed_date"": ""2023-11-01"", ""form"": ""10-Q"", ""fp"": ""Q3"", ""fy"": 2023, ""period_duration_class"": ""point_in_time"", ""period_duration_days"": null, ""period_end"": ""2023-09-30"", ""period_start"": """", ""source_member"": ""financial_reports/jpm/condensed_consolidated_balance_sheets.json"", ""source_provenance_hash"": ""45433a7c9ae8df6214b0408ef40c6ead0517d9e99658335d041c640c239a3aed"", ""taxonomy"": ""us-gaap"", ""unit"": ""USD"", ""value"": 317371000000}"
JPM,NetCashProvidedByUsedInOperatingActivities,2024-02-09,604,556,63,0,"[{""accession_number"": ""0000019617-23-000524"", ""filed_date"": ""2023-11-01"", ""filing_period_match_score"": 1, ""form"": ""10-Q"", ""fp"": ""Q3"", ""period_duration_days"": 273, ""period_end"": ""2023-09-30"", ""period_start"": ""2023-01-01""}]",AVAILABLE,latest PIT-safe economic period; filing-period duration preference applied,"{""accession_number"": ""0000019617-23-000524"", ""concept"": ""NetCashProvidedByUsedInOperatingActivities"", ""filed_date"": ""2023-11-01"", ""form"": ""10-Q"", ""fp"": ""Q3"", ""fy"": 2023, ""period_duration_class"": ""year_to_date_h2"", ""period_duration_days"": 273, ""period_end"": ""2023-09-30"", ""period_start"": ""2023-01-01"", ""source_member"": ""financial_reports/jpm/condensed_consolidated_statement_of_cash_flows.json"", ""source_provenance_hash"": ""9470e25b2392acf86d6cd5ca87110dc3f5e37f870008ed8fdb273ed14af8c5d9"", ""taxonomy"": ""us-gaap"", ""unit"": ""USD"", ""value"": -47257000000}"
JPM,NetCashProvidedByUsedInInvestingActivities,2024-02-09,604,556,63,0,"[{""accession_number"": ""0000019617-23-000524"", ""filed_date"": ""2023-11-01"", ""filing_period_match_score"": 1, ""form"": ""10-Q"", ""fp"": ""Q3"", ""period_duration_days"": 273, ""period_end"": ""2023-09-30"", ""period_start"": ""2023-01-01""}]",AVAILABLE,latest PIT-safe economic period; filing-period duration preference applied,"{""accession_number"": ""0000019617-23-000524"", ""concept"": ""NetCashProvidedByUsedInInvestingActivities"", ""filed_date"": ""2023-11-01"", ""form"": ""10-Q"", ""fp"": ""Q3"", ""fy"": 2023, ""period_duration_class"": ""year_to_date_h2"", ""period_duration_days"": 273, ""period_end"": ""2023-09-30"", ""period_start"": ""2023-01-01"", ""source_member"": ""financial_reports/jpm/condensed_consolidated_statement_of_cash_flows.json"", ""source_provenance_hash"": ""4442cafef1c457008dc733e70fccb0ee78e3f08af7cfbedbc4ff98c3b5346f0d"", ""taxonomy"": ""us-gaap"", ""unit"": ""USD"", ""value"": -12239000000}"
JPM,NetCashProvidedByUsedInFinancingActivities,2024-02-09,604,556,63,0,"[{""accession_number"": ""0000019617-23-000524"", ""filed_date"": ""2023-11-01"", ""filing_period_match_score"": 1, ""form"": ""10-Q"", ""fp"": ""Q3"", ""period_duration_days"": 273, ""period_end"": ""2023-09-30"", ""period_start"": ""2023-01-01""}]",AVAILABLE,latest PIT-safe economic period; filing-period duration preference applied,"{""accession_number"": ""0000019617-23-000524"", ""concept"": ""NetCashProvidedByUsedInFinancingActivities"", ""filed_date"": ""2023-11-01"", ""form"": ""10-Q"", ""fp"": ""Q3"", ""fy"": 2023, ""period_duration_class"": ""year_to_date_h2"", ""period_duration_days"": 273, ""period_end"": ""2023-09-30"", ""period_start"": ""2023-01-01"", ""source_member"": ""financial_reports/jpm/condensed_consolidated_statement_of_cash_flows.json"", ""source_provenance_hash"": ""964f1af55f9aacef7e89c24824bd7b7616273f24c0ea119aa96803fa98da3648"", ""taxonomy"": ""us-gaap"", ""unit"": ""USD"", ""value"": 10326000000}"
AAPL,Assets,2024-02-16,5628,5292,60,0,"[{""accession_number"": ""0000320193-24-000006"", ""filed_date"": ""2024-02-02"", ""filing_period_match_score"": 0, ""form"": ""10-Q"", ""fp"": ""Q1"", ""period_duration_days"": null, ""period_end"": ""2023-12-30"", ""period_start"": """"}]",AVAILABLE,latest PIT-safe economic period; filing-period duration preference applied,"{""accession_number"": ""0000320193-24-000006"", ""concept"": ""Assets"", ""filed_date"": ""2024-02-02"", ""form"": ""10-Q"", ""fp"": ""Q1"", ""fy"": 2024, ""period_duration_class"": ""point_in_time"", ""period_duration_days"": null, ""period_end"": ""2023-12-30"", ""period_start"": """", ""source_member"": ""financial_reports/aapl/condensed_consolidated_balance_sheets.json"", ""source_provenance_hash"": ""1db0ab33a515a943af29566e05a55b0a1a9ad8f25c25080751ee7d1985c252eb"", ""taxonomy"": ""us-gaap"", ""unit"": ""USD"", ""value"": 353514000000}"
AAPL,Liabilities,2024-02-16,5544,5208,60,0,"[{""accession_number"": ""0000320193-24-000006"", ""filed_date"": ""2024-02-02"", ""filing_period_match_score"": 0, ""form"": ""10-Q"", ""fp"": ""Q1"", ""period_duration_days"": null, ""period_end"": ""2023-12-30"", ""period_start"": """"}]",AVAILABLE,latest PIT-safe economic period; filing-period duration preference applied,"{""accession_number"": ""0000320193-24-000006"", ""concept"": ""Liabilities"", ""filed_date"": ""2024-02-02"", ""form"": ""10-Q"", ""fp"": ""Q1"", ""fy"": 2024, ""period_duration_class"": ""point_in_time"", ""period_duration_days"": null, ""period_end"": ""2023-12-30"", ""period_start"": """", ""source_member"": ""financial_reports/aapl/condensed_consolidated_balance_sheets.json"", ""source_provenance_hash"": ""07916b3164ccf25841337d7262abdf3bf4862e4454dc97e7e39c3c39d863993a"", ""taxonomy"": ""us-gaap"", ""unit"": ""USD"", ""value"": 279414000000}"
AAPL,StockholdersEquity,2024-02-16,9744,8904,62,0,"[{""accession_number"": ""0000320193-24-000006"", ""filed_date"": ""2024-02-02"", ""filing_period_match_score"": 0, ""form"": ""10-Q"", ""fp"": ""Q1"", ""period_duration_days"": null, ""period_end"": ""2023-12-30"", ""period_start"": """"}]",AVAILABLE,latest PIT-safe economic period; filing-period duration preference applied,"{""accession_number"": ""0000320193-24-000006"", ""concept"": ""StockholdersEquity"", ""filed_date"": ""2024-02-02"", ""form"": ""10-Q"", ""fp"": ""Q1"", ""fy"": 2024, ""period_duration_class"": ""point_in_time"", ""period_duration_days"": null, ""period_end"": ""2023-12-30"", ""period_start"": """", ""source_member"": ""financial_reports/aapl/condensed_consolidated_balance_sheets.json"", ""source_provenance_hash"": ""bf98f154a26a0aa129a18f7c773e208a69a7b332516ce4e2b2e8198456c791ff"", ""taxonomy"": ""us-gaap"", ""unit"": ""USD"", ""value"": 74100000000}"
AAPL,NetCashProvidedByUsedInOperatingActivities,2024-02-16,5082,4704,57,0,"[{""accession_number"": ""0000320193-24-000006"", ""filed_date"": ""2024-02-02"", ""filing_period_match_score"": 1, ""form"": ""10-Q"", ""fp"": ""Q1"", ""period_duration_days"": 91, ""period_end"": ""2023-12-30"", ""period_start"": ""2023-10-01""}]",AVAILABLE,latest PIT-safe economic period; filing-period duration preference applied,"{""accession_number"": ""0000320193-24-000006"", ""concept"": ""NetCashProvidedByUsedInOperatingActivities"", ""filed_date"": ""2024-02-02"", ""form"": ""10-Q"", ""fp"": ""Q1"", ""fy"": 2024, ""period_duration_class"": ""quarterly"", ""period_duration_days"": 91, ""period_end"": ""2023-12-30"", ""period_start"": ""2023-10-01"", ""source_member"": ""financial_reports/aapl/condensed_consolidated_statement_of_cash_flows.json"", ""source_provenance_hash"": ""fca3433c183825485a054844ab812837391876f177bccc6e85529e42a7b0ca00"", ""taxonomy"": ""us-gaap"", ""unit"": ""USD"", ""value"": 39895000000}"
AAPL,NetCashProvidedByUsedInInvestingActivities,2024-02-16,5082,4704,57,0,"[{""accession_number"": ""0000320193-24-000006"", ""filed_date"": ""2024-02-02"", ""filing_period_match_score"": 1, ""form"": ""10-Q"", ""fp"": ""Q1"", ""period_duration_days"": 91, ""period_end"": ""2023-12-30"", ""period_start"": ""2023-10-01""}]",AVAILABLE,latest PIT-safe economic period; filing-period duration preference applied,"{""accession_number"": ""0000320193-24-000006"", ""concept"": ""NetCashProvidedByUsedInInvestingActivities"", ""filed_date"": ""2024-02-02"", ""form"": ""10-Q"", ""fp"": ""Q1"", ""fy"": 2024, ""period_duration_class"": ""quarterly"", ""period_duration_days"": 91, ""period_end"": ""2023-12-30"", ""period_start"": ""2023-10-01"", ""source_member"": ""financial_reports/aapl/condensed_consolidated_statement_of_cash_flows.json"", ""source_provenance_hash"": ""06fa562e48c0fb127bac27094411d7040c7457139a825a2fa50a7d9c0305cc63"", ""taxonomy"": ""us-gaap"", ""unit"": ""USD"", ""value"": 1927000000}"
AAPL,NetCashProvidedByUsedInFinancingActivities,2024-02-16,5082,4704,57,0,"[{""accession_number"": ""0000320193-24-000006"", ""filed_date"": ""2024-02-02"", ""filing_period_match_score"": 1, ""form"": ""10-Q"", ""fp"": ""Q1"", ""period_duration_days"": 91, ""period_end"": ""2023-12-30"", ""period_start"": ""2023-10-01""}]",AVAILABLE,latest PIT-safe economic period; filing-period duration preference applied,"{""accession_number"": ""0000320193-24-000006"", ""concept"": ""NetCashProvidedByUsedInFinancingActivities"", ""filed_date"": ""2024-02-02"", ""form"": ""10-Q"", ""fp"": ""Q1"", ""fy"": 2024, ""period_duration_class"": ""quarterly"", ""period_duration_days"": 91, ""period_end"": ""2023-12-30"", ""period_start"": ""2023-10-01"", ""source_member"": ""financial_reports/aapl/condensed_consolidated_statement_of_cash_flows.json"", ""source_provenance_hash"": ""52a6eeac79ca71f796813622839c828f9d294cc1d5ab81b256eec199d21bba88"", ""taxonomy"": ""us-gaap"", ""unit"": ""USD"", ""value"": -30585000000}"
AMZN,Assets,2024-02-16,3536,3302,60,0,"[{""accession_number"": ""0001018724-24-000008"", ""filed_date"": ""2024-02-02"", ""filing_period_match_score"": 0, ""form"": ""10-K"", ""fp"": ""FY"", ""period_duration_days"": null, ""period_end"": ""2023-12-31"", ""period_start"": """"}]",AVAILABLE,latest PIT-safe economic period; filing-period duration preference applied,"{""accession_number"": ""0001018724-24-000008"", ""concept"": ""Assets"", ""filed_date"": ""2024-02-02"", ""form"": ""10-K"", ""fp"": ""FY"", ""fy"": 2023, ""period_duration_class"": ""point_in_time"", ""period_duration_days"": null, ""period_end"": ""2023-12-31"", ""period_start"": """", ""source_member"": ""financial_reports/amzn/condensed_consolidated_balance_sheets.json"", ""source_provenance_hash"": ""d6fc766d65cf3f15392fa8a0d4c385b2d540cb7c858e62b35b8e55e2a248f725"", ""taxonomy"": ""us-gaap"", ""unit"": ""USD"", ""value"": 527854000000}"
AMZN,Liabilities,2024-02-16,0,0,0,0,[],UNAVAILABLE,no PIT-safe fact with period end,
AMZN,StockholdersEquity,2024-02-16,5668,5148,62,0,"[{""accession_number"": ""0001018724-24-000008"", ""filed_date"": ""2024-02-02"", ""filing_period_match_score"": 0, ""form"": ""10-K"", ""fp"": ""FY"", ""period_duration_days"": null, ""period_end"": ""2023-12-31"", ""period_start"": """"}]",AVAILABLE,latest PIT-safe economic period; filing-period duration preference applied,"{""accession_number"": ""0001018724-24-000008"", ""concept"": ""StockholdersEquity"", ""filed_date"": ""2024-02-02"", ""form"": ""10-K"", ""fp"": ""FY"", ""fy"": 2023, ""period_duration_class"": ""point_in_time"", ""period_duration_days"": null, ""period_end"": ""2023-12-31"", ""period_start"": """", ""source_member"": ""financial_reports/amzn/condensed_consolidated_balance_sheets.json"", ""source_provenance_hash"": ""7e5e29390df6bf65962673a7d172f907f9270ad83791bd993ef2be47e44495bb"", ""taxonomy"": ""us-gaap"", ""unit"": ""USD"", ""value"": 201875000000}"
AMZN,NetCashProvidedByUsedInOperatingActivities,2024-02-16,7800,7306,143,0,"[{""accession_number"": ""0001018724-24-000008"", ""filed_date"": ""2024-02-02"", ""filing_period_match_score"": 1, ""form"": ""10-K"", ""fp"": ""FY"", ""period_duration_days"": 365, ""period_end"": ""2023-12-31"", ""period_start"": ""2023-01-01""}]",AVAILABLE,latest PIT-safe economic period; filing-period duration preference applied,"{""accession_number"": ""0001018724-24-000008"", ""concept"": ""NetCashProvidedByUsedInOperatingActivities"", ""filed_date"": ""2024-02-02"", ""form"": ""10-K"", ""fp"": ""FY"", ""fy"": 2023, ""period_duration_class"": ""annual"", ""period_duration_days"": 365, ""period_end"": ""2023-12-31"", ""period_start"": ""2023-01-01"", ""source_member"": ""financial_reports/amzn/condensed_consolidated_statement_of_cash_flows.json"", ""source_provenance_hash"": ""a60abd42cd165c5dcbf563b391a70e8043b35272fbcf84c946425607a0ff5dbd"", ""taxonomy"": ""us-gaap"", ""unit"": ""USD"", ""value"": 84946000000}"
AMZN,NetCashProvidedByUsedInInvestingActivities,2024-02-16,7800,7306,143,0,"[{""accession_number"": ""0001018724-24-000008"", ""filed_date"": ""2024-02-02"", ""filing_period_match_score"": 1, ""form"": ""10-K"", ""fp"": ""FY"", ""period_duration_days"": 365, ""period_end"": ""2023-12-31"", ""period_start"": ""2023-01-01""}]",AVAILABLE,latest PIT-safe economic period; filing-period duration preference applied,"{""accession_number"": ""0001018724-24-000008"", ""concept"": ""NetCashProvidedByUsedInInvestingActivities"", ""filed_date"": ""2024-02-02"", ""form"": ""10-K"", ""fp"": ""FY"", ""fy"": 2023, ""period_duration_class"": ""annual"", ""period_duration_days"": 365, ""period_end"": ""2023-12-31"", ""period_start"": ""2023-01-01"", ""source_member"": ""financial_reports/amzn/condensed_consolidated_statement_of_cash_flows.json"", ""source_provenance_hash"": ""c09615d1cd56dd7f1b6163ad8daa495194226cfe693cb9982ad61f6df29201ea"", ""taxonomy"": ""us-gaap"", ""unit"": ""USD"", ""value"": -49833000000}"
AMZN,NetCashProvidedByUsedInFinancingActivities,2024-02-16,7800,7306,143,0,"[{""accession_number"": ""0001018724-24-000008"", ""filed_date"": ""2024-02-02"", ""filing_period_match_score"": 1, ""form"": ""10-K"", ""fp"": ""FY"", ""period_duration_days"": 365, ""period_end"": ""2023-12-31"", ""period_start"": ""2023-01-01""}]",AVAILABLE,latest PIT-safe economic period; filing-period duration preference applied,"{""accession_number"": ""0001018724-24-000008"", ""concept"": ""NetCashProvidedByUsedInFinancingActivities"", ""filed_date"": ""2024-02-02"", ""form"": ""10-K"", ""fp"": ""FY"", ""fy"": 2023, ""period_duration_class"": ""annual"", ""period_duration_days"": 365, ""period_end"": ""2023-12-31"", ""period_start"": ""2023-01-01"", ""source_member"": ""financial_reports/amzn/condensed_consolidated_statement_of_cash_flows.json"", ""source_provenance_hash"": ""85f2866168421f41f358dd7b724ca5f820eda5ce25a1b4efe7e31ed1dad2606c"", ""taxonomy"": ""us-gaap"", ""unit"": ""USD"", ""value"": -15879000000}"
JPM,Assets,2024-02-16,752,692,59,12,"[{""accession_number"": ""0000019617-23-000524"", ""filed_date"": ""2023-11-01"", ""filing_period_match_score"": 0, ""form"": ""10-Q"", ""fp"": ""Q3"", ""period_duration_days"": null, ""period_end"": ""2023-09-30"", ""period_start"": """"}]",AVAILABLE,latest PIT-safe economic period; filing-period duration preference applied,"{""accession_number"": ""0000019617-23-000524"", ""concept"": ""Assets"", ""filed_date"": ""2023-11-01"", ""form"": ""10-Q"", ""fp"": ""Q3"", ""fy"": 2023, ""period_duration_class"": ""point_in_time"", ""period_duration_days"": null, ""period_end"": ""2023-09-30"", ""period_start"": """", ""source_member"": ""financial_reports/jpm/condensed_consolidated_balance_sheets.json"", ""source_provenance_hash"": ""4e96ceea5af62046492fd2a503075c807f74794c2fbacce9b87a1e424837c4a5"", ""taxonomy"": ""us-gaap"", ""unit"": ""USD"", ""value"": 3898333000000}"
JPM,Liabilities,2024-02-16,540,500,59,8,"[{""accession_number"": ""0000019617-23-000524"", ""filed_date"": ""2023-11-01"", ""filing_period_match_score"": 0, ""form"": ""10-Q"", ""fp"": ""Q3"", ""period_duration_days"": null, ""period_end"": ""2023-09-30"", ""period_start"": """"}]",AVAILABLE,latest PIT-safe economic period; filing-period duration preference applied,"{""accession_number"": ""0000019617-23-000524"", ""concept"": ""Liabilities"", ""filed_date"": ""2023-11-01"", ""form"": ""10-Q"", ""fp"": ""Q3"", ""fy"": 2023, ""period_duration_class"": ""point_in_time"", ""period_duration_days"": null, ""period_end"": ""2023-09-30"", ""period_start"": """", ""source_member"": ""financial_reports/jpm/condensed_consolidated_balance_sheets.json"", ""source_provenance_hash"": ""4599ef560fef4095eceed7a79f7b01d750b8108c97e5b6337dd1ad1d85aabea0"", ""taxonomy"": ""us-gaap"", ""unit"": ""USD"", ""value"": 3580962000000}"
JPM,StockholdersEquity,2024-02-16,688,628,60,12,"[{""accession_number"": ""0000019617-23-000524"", ""filed_date"": ""2023-11-01"", ""filing_period_match_score"": 0, ""form"": ""10-Q"", ""fp"": ""Q3"", ""period_duration_days"": null, ""period_end"": ""2023-09-30"", ""period_start"": """"}]",AVAILABLE,latest PIT-safe economic period; filing-period duration preference applied,"{""accession_number"": ""0000019617-23-000524"", ""concept"": ""StockholdersEquity"", ""filed_date"": ""2023-11-01"", ""form"": ""10-Q"", ""fp"": ""Q3"", ""fy"": 2023, ""period_duration_class"": ""point_in_time"", ""period_duration_days"": null, ""period_end"": ""2023-09-30"", ""period_start"": """", ""source_member"": ""financial_reports/jpm/condensed_consolidated_balance_sheets.json"", ""source_provenance_hash"": ""45433a7c9ae8df6214b0408ef40c6ead0517d9e99658335d041c640c239a3aed"", ""taxonomy"": ""us-gaap"", ""unit"": ""USD"", ""value"": 317371000000}"
JPM,NetCashProvidedByUsedInOperatingActivities,2024-02-16,604,556,63,12,"[{""accession_number"": ""0000019617-23-000524"", ""filed_date"": ""2023-11-01"", ""filing_period_match_score"": 1, ""form"": ""10-Q"", ""fp"": ""Q3"", ""period_duration_days"": 273, ""period_end"": ""2023-09-30"", ""period_start"": ""2023-01-01""}]",AVAILABLE,latest PIT-safe economic period; filing-period duration preference applied,"{""accession_number"": ""0000019617-23-000524"", ""concept"": ""NetCashProvidedByUsedInOperatingActivities"", ""filed_date"": ""2023-11-01"", ""form"": ""10-Q"", ""fp"": ""Q3"", ""fy"": 2023, ""period_duration_class"": ""year_to_date_h2"", ""period_duration_days"": 273, ""period_end"": ""2023-09-30"", ""period_start"": ""2023-01-01"", ""source_member"": ""financial_reports/jpm/condensed_consolidated_statement_of_cash_flows.json"", ""source_provenance_hash"": ""9470e25b2392acf86d6cd5ca87110dc3f5e37f870008ed8fdb273ed14af8c5d9"", ""taxonomy"": ""us-gaap"", ""unit"": ""USD"", ""value"": -47257000000}"
JPM,NetCashProvidedByUsedInInvestingActivities,2024-02-16,604,556,63,12,"[{""accession_number"": ""0000019617-23-000524"", ""filed_date"": ""2023-11-01"", ""filing_period_match_score"": 1, ""form"": ""10-Q"", ""fp"": ""Q3"", ""period_duration_days"": 273, ""period_end"": ""2023-09-30"", ""period_start"": ""2023-01-01""}]",AVAILABLE,latest PIT-safe economic period; filing-period duration preference applied,"{""accession_number"": ""0000019617-23-000524"", ""concept"": ""NetCashProvidedByUsedInInvestingActivities"", ""filed_date"": ""2023-11-01"", ""form"": ""10-Q"", ""fp"": ""Q3"", ""fy"": 2023, ""period_duration_class"": ""year_to_date_h2"", ""period_duration_days"": 273, ""period_end"": ""2023-09-30"", ""period_start"": ""2023-01-01"", ""source_member"": ""financial_reports/jpm/condensed_consolidated_statement_of_cash_flows.json"", ""source_provenance_hash"": ""4442cafef1c457008dc733e70fccb0ee78e3f08af7cfbedbc4ff98c3b5346f0d"", ""taxonomy"": ""us-gaap"", ""unit"": ""USD"", ""value"": -12239000000}"
JPM,NetCashProvidedByUsedInFinancingActivities,2024-02-16,604,556,63,12,"[{""accession_number"": ""0000019617-23-000524"", ""filed_date"": ""2023-11-01"", ""filing_period_match_score"": 1, ""form"": ""10-Q"", ""fp"": ""Q3"", ""period_duration_days"": 273, ""period_end"": ""2023-09-30"", ""period_start"": ""2023-01-01""}]",AVAILABLE,latest PIT-safe economic period; filing-period duration preference applied,"{""accession_number"": ""0000019617-23-000524"", ""concept"": ""NetCashProvidedByUsedInFinancingActivities"", ""filed_date"": ""2023-11-01"", ""form"": ""10-Q"", ""fp"": ""Q3"", ""fy"": 2023, ""period_duration_class"": ""year_to_date_h2"", ""period_duration_days"": 273, ""period_end"": ""2023-09-30"", ""period_start"": ""2023-01-01"", ""source_member"": ""financial_reports/jpm/condensed_consolidated_statement_of_cash_flows.json"", ""source_provenance_hash"": ""964f1af55f9aacef7e89c24824bd7b7616273f24c0ea119aa96803fa98da3648"", ""taxonomy"": ""us-gaap"", ""unit"": ""USD"", ""value"": 10326000000}"
AAPL,Assets,2024-02-23,5628,5292,60,0,"[{""accession_number"": ""0000320193-24-000006"", ""filed_date"": ""2024-02-02"", ""filing_period_match_score"": 0, ""form"": ""10-Q"", ""fp"": ""Q1"", ""period_duration_days"": null, ""period_end"": ""2023-12-30"", ""period_start"": """"}]",AVAILABLE,latest PIT-safe economic period; filing-period duration preference applied,"{""accession_number"": ""0000320193-24-000006"", ""concept"": ""Assets"", ""filed_date"": ""2024-02-02"", ""form"": ""10-Q"", ""fp"": ""Q1"", ""fy"": 2024, ""period_duration_class"": ""point_in_time"", ""period_duration_days"": null, ""period_end"": ""2023-12-30"", ""period_start"": """", ""source_member"": ""financial_reports/aapl/condensed_consolidated_balance_sheets.json"", ""source_provenance_hash"": ""1db0ab33a515a943af29566e05a55b0a1a9ad8f25c25080751ee7d1985c252eb"", ""taxonomy"": ""us-gaap"", ""unit"": ""USD"", ""value"": 353514000000}"
AAPL,Liabilities,2024-02-23,5544,5208,60,0,"[{""accession_number"": ""0000320193-24-000006"", ""filed_date"": ""2024-02-02"", ""filing_period_match_score"": 0, ""form"": ""10-Q"", ""fp"": ""Q1"", ""period_duration_days"": null, ""period_end"": ""2023-12-30"", ""period_start"": """"}]",AVAILABLE,latest PIT-safe economic period; filing-period duration preference applied,"{""accession_number"": ""0000320193-24-000006"", ""concept"": ""Liabilities"", ""filed_date"": ""2024-02-02"", ""form"": ""10-Q"", ""fp"": ""Q1"", ""fy"": 2024, ""period_duration_class"": ""point_in_time"", ""period_duration_days"": null, ""period_end"": ""2023-12-30"", ""period_start"": """", ""source_member"": ""financial_reports/aapl/condensed_consolidated_balance_sheets.json"", ""source_provenance_hash"": ""07916b3164ccf25841337d7262abdf3bf4862e4454dc97e7e39c3c39d863993a"", ""taxonomy"": ""us-gaap"", ""unit"": ""USD"", ""value"": 279414000000}"
AAPL,StockholdersEquity,2024-02-23,9744,8904,62,0,"[{""accession_number"": ""0000320193-24-000006"", ""filed_date"": ""2024-02-02"", ""filing_period_match_score"": 0, ""form"": ""10-Q"", ""fp"": ""Q1"", ""period_duration_days"": null, ""period_end"": ""2023-12-30"", ""period_start"": """"}]",AVAILABLE,latest PIT-safe economic period; filing-period duration preference applied,"{""accession_number"": ""0000320193-24-000006"", ""concept"": ""StockholdersEquity"", ""filed_date"": ""2024-02-02"", ""form"": ""10-Q"", ""fp"": ""Q1"", ""fy"": 2024, ""period_duration_class"": ""point_in_time"", ""period_duration_days"": null, ""period_end"": ""2023-12-30"", ""period_start"": """", ""source_member"": ""financial_reports/aapl/condensed_consolidated_balance_sheets.json"", ""source_provenance_hash"": ""bf98f154a26a0aa129a18f7c773e208a69a7b332516ce4e2b2e8198456c791ff"", ""taxonomy"": ""us-gaap"", ""unit"": ""USD"", ""value"": 74100000000}"
AAPL,NetCashProvidedByUsedInOperatingActivities,2024-02-23,5082,4704,57,0,"[{""accession_number"": ""0000320193-24-000006"", ""filed_date"": ""2024-02-02"", ""filing_period_match_score"": 1, ""form"": ""10-Q"", ""fp"": ""Q1"", ""period_duration_days"": 91, ""period_end"": ""2023-12-30"", ""period_start"": ""2023-10-01""}]",AVAILABLE,latest PIT-safe economic period; filing-period duration preference applied,"{""accession_number"": ""0000320193-24-000006"", ""concept"": ""NetCashProvidedByUsedInOperatingActivities"", ""filed_date"": ""2024-02-02"", ""form"": ""10-Q"", ""fp"": ""Q1"", ""fy"": 2024, ""period_duration_class"": ""quarterly"", ""period_duration_days"": 91, ""period_end"": ""2023-12-30"", ""period_start"": ""2023-10-01"", ""source_member"": ""financial_reports/aapl/condensed_consolidated_statement_of_cash_flows.json"", ""source_provenance_hash"": ""fca3433c183825485a054844ab812837391876f177bccc6e85529e42a7b0ca00"", ""taxonomy"": ""us-gaap"", ""unit"": ""USD"", ""value"": 39895000000}"
AAPL,NetCashProvidedByUsedInInvestingActivities,2024-02-23,5082,4704,57,0,"[{""accession_number"": ""0000320193-24-000006"", ""filed_date"": ""2024-02-02"", ""filing_period_match_score"": 1, ""form"": ""10-Q"", ""fp"": ""Q1"", ""period_duration_days"": 91, ""period_end"": ""2023-12-30"", ""period_start"": ""2023-10-01""}]",AVAILABLE,latest PIT-safe economic period; filing-period duration preference applied,"{""accession_number"": ""0000320193-24-000006"", ""concept"": ""NetCashProvidedByUsedInInvestingActivities"", ""filed_date"": ""2024-02-02"", ""form"": ""10-Q"", ""fp"": ""Q1"", ""fy"": 2024, ""period_duration_class"": ""quarterly"", ""period_duration_days"": 91, ""period_end"": ""2023-12-30"", ""period_start"": ""2023-10-01"", ""source_member"": ""financial_reports/aapl/condensed_consolidated_statement_of_cash_flows.json"", ""source_provenance_hash"": ""06fa562e48c0fb127bac27094411d7040c7457139a825a2fa50a7d9c0305cc63"", ""taxonomy"": ""us-gaap"", ""unit"": ""USD"", ""value"": 1927000000}"
AAPL,NetCashProvidedByUsedInFinancingActivities,2024-02-23,5082,4704,57,0,"[{""accession_number"": ""0000320193-24-000006"", ""filed_date"": ""2024-02-02"", ""filing_period_match_score"": 1, ""form"": ""10-Q"", ""fp"": ""Q1"", ""period_duration_days"": 91, ""period_end"": ""2023-12-30"", ""period_start"": ""2023-10-01""}]",AVAILABLE,latest PIT-safe economic period; filing-period duration preference applied,"{""accession_number"": ""0000320193-24-000006"", ""concept"": ""NetCashProvidedByUsedInFinancingActivities"", ""filed_date"": ""2024-02-02"", ""form"": ""10-Q"", ""fp"": ""Q1"", ""fy"": 2024, ""period_duration_class"": ""quarterly"", ""period_duration_days"": 91, ""period_end"": ""2023-12-30"", ""period_start"": ""2023-10-01"", ""source_member"": ""financial_reports/aapl/condensed_consolidated_statement_of_cash_flows.json"", ""source_provenance_hash"": ""52a6eeac79ca71f796813622839c828f9d294cc1d5ab81b256eec199d21bba88"", ""taxonomy"": ""us-gaap"", ""unit"": ""USD"", ""value"": -30585000000}"
AMZN,Assets,2024-02-23,3536,3302,60,0,"[{""accession_number"": ""0001018724-24-000008"", ""filed_date"": ""2024-02-02"", ""filing_period_match_score"": 0, ""form"": ""10-K"", ""fp"": ""FY"", ""period_duration_days"": null, ""period_end"": ""2023-12-31"", ""period_start"": """"}]",AVAILABLE,latest PIT-safe economic period; filing-period duration preference applied,"{""accession_number"": ""0001018724-24-000008"", ""concept"": ""Assets"", ""filed_date"": ""2024-02-02"", ""form"": ""10-K"", ""fp"": ""FY"", ""fy"": 2023, ""period_duration_class"": ""point_in_time"", ""period_duration_days"": null, ""period_end"": ""2023-12-31"", ""period_start"": """", ""source_member"": ""financial_reports/amzn/condensed_consolidated_balance_sheets.json"", ""source_provenance_hash"": ""d6fc766d65cf3f15392fa8a0d4c385b2d540cb7c858e62b35b8e55e2a248f725"", ""taxonomy"": ""us-gaap"", ""unit"": ""USD"", ""value"": 527854000000}"
AMZN,Liabilities,2024-02-23,0,0,0,0,[],UNAVAILABLE,no PIT-safe fact with period end,
AMZN,StockholdersEquity,2024-02-23,5668,5148,62,0,"[{""accession_number"": ""0001018724-24-000008"", ""filed_date"": ""2024-02-02"", ""filing_period_match_score"": 0, ""form"": ""10-K"", ""fp"": ""FY"", ""period_duration_days"": null, ""period_end"": ""2023-12-31"", ""period_start"": """"}]",AVAILABLE,latest PIT-safe economic period; filing-period duration preference applied,"{""accession_number"": ""0001018724-24-000008"", ""concept"": ""StockholdersEquity"", ""filed_date"": ""2024-02-02"", ""form"": ""10-K"", ""fp"": ""FY"", ""fy"": 2023, ""period_duration_class"": ""point_in_time"", ""period_duration_days"": null, ""period_end"": ""2023-12-31"", ""period_start"": """", ""source_member"": ""financial_reports/amzn/condensed_consolidated_balance_sheets.json"", ""source_provenance_hash"": ""7e5e29390df6bf65962673a7d172f907f9270ad83791bd993ef2be47e44495bb"", ""taxonomy"": ""us-gaap"", ""unit"": ""USD"", ""value"": 201875000000}"
AMZN,NetCashProvidedByUsedInOperatingActivities,2024-02-23,7800,7306,143,0,"[{""accession_number"": ""0001018724-24-000008"", ""filed_date"": ""2024-02-02"", ""filing_period_match_score"": 1, ""form"": ""10-K"", ""fp"": ""FY"", ""period_duration_days"": 365, ""period_end"": ""2023-12-31"", ""period_start"": ""2023-01-01""}]",AVAILABLE,latest PIT-safe economic period; filing-period duration preference applied,"{""accession_number"": ""0001018724-24-000008"", ""concept"": ""NetCashProvidedByUsedInOperatingActivities"", ""filed_date"": ""2024-02-02"", ""form"": ""10-K"", ""fp"": ""FY"", ""fy"": 2023, ""period_duration_class"": ""annual"", ""period_duration_days"": 365, ""period_end"": ""2023-12-31"", ""period_start"": ""2023-01-01"", ""source_member"": ""financial_reports/amzn/condensed_consolidated_statement_of_cash_flows.json"", ""source_provenance_hash"": ""a60abd42cd165c5dcbf563b391a70e8043b35272fbcf84c946425607a0ff5dbd"", ""taxonomy"": ""us-gaap"", ""unit"": ""USD"", ""value"": 84946000000}"
AMZN,NetCashProvidedByUsedInInvestingActivities,2024-02-23,7800,7306,143,0,"[{""accession_number"": ""0001018724-24-000008"", ""filed_date"": ""2024-02-02"", ""filing_period_match_score"": 1, ""form"": ""10-K"", ""fp"": ""FY"", ""period_duration_days"": 365, ""period_end"": ""2023-12-31"", ""period_start"": ""2023-01-01""}]",AVAILABLE,latest PIT-safe economic period; filing-period duration preference applied,"{""accession_number"": ""0001018724-24-000008"", ""concept"": ""NetCashProvidedByUsedInInvestingActivities"", ""filed_date"": ""2024-02-02"", ""form"": ""10-K"", ""fp"": ""FY"", ""fy"": 2023, ""period_duration_class"": ""annual"", ""period_duration_days"": 365, ""period_end"": ""2023-12-31"", ""period_start"": ""2023-01-01"", ""source_member"": ""financial_reports/amzn/condensed_consolidated_statement_of_cash_flows.json"", ""source_provenance_hash"": ""c09615d1cd56dd7f1b6163ad8daa495194226cfe693cb9982ad61f6df29201ea"", ""taxonomy"": ""us-gaap"", ""unit"": ""USD"", ""value"": -49833000000}"
AMZN,NetCashProvidedByUsedInFinancingActivities,2024-02-23,7800,7306,143,0,"[{""accession_number"": ""0001018724-24-000008"", ""filed_date"": ""2024-02-02"", ""filing_period_match_score"": 1, ""form"": ""10-K"", ""fp"": ""FY"", ""period_duration_days"": 365, ""period_end"": ""2023-12-31"", ""period_start"": ""2023-01-01""}]",AVAILABLE,latest PIT-safe economic period; filing-period duration preference applied,"{""accession_number"": ""0001018724-24-000008"", ""concept"": ""NetCashProvidedByUsedInFinancingActivities"", ""filed_date"": ""2024-02-02"", ""form"": ""10-K"", ""fp"": ""FY"", ""fy"": 2023, ""period_duration_class"": ""annual"", ""period_duration_days"": 365, ""period_end"": ""2023-12-31"", ""period_start"": ""2023-01-01"", ""source_member"": ""financial_reports/amzn/condensed_consolidated_statement_of_cash_flows.json"", ""source_provenance_hash"": ""85f2866168421f41f358dd7b724ca5f820eda5ce25a1b4efe7e31ed1dad2606c"", ""taxonomy"": ""us-gaap"", ""unit"": ""USD"", ""value"": -15879000000}"
JPM,Assets,2024-02-23,752,704,60,0,"[{""accession_number"": ""0000019617-24-000225"", ""filed_date"": ""2024-02-16"", ""filing_period_match_score"": 0, ""form"": ""10-K"", ""fp"": ""FY"", ""period_duration_days"": null, ""period_end"": ""2023-12-31"", ""period_start"": """"}]",AVAILABLE,latest PIT-safe economic period; filing-period duration preference applied,"{""accession_number"": ""0000019617-24-000225"", ""concept"": ""Assets"", ""filed_date"": ""2024-02-16"", ""form"": ""10-K"", ""fp"": ""FY"", ""fy"": 2023, ""period_duration_class"": ""point_in_time"", ""period_duration_days"": null, ""period_end"": ""2023-12-31"", ""period_start"": """", ""source_member"": ""financial_reports/jpm/condensed_consolidated_balance_sheets.json"", ""source_provenance_hash"": ""785286ca695e808817468e0f35bbad600e324b7940225586ba71890c02fcb151"", ""taxonomy"": ""us-gaap"", ""unit"": ""USD"", ""value"": 3875393000000}"
JPM,Liabilities,2024-02-23,540,508,60,0,"[{""accession_number"": ""0000019617-24-000225"", ""filed_date"": ""2024-02-16"", ""filing_period_match_score"": 0, ""form"": ""10-K"", ""fp"": ""FY"", ""period_duration_days"": null, ""period_end"": ""2023-12-31"", ""period_start"": """"}]",AVAILABLE,latest PIT-safe economic period; filing-period duration preference applied,"{""accession_number"": ""0000019617-24-000225"", ""concept"": ""Liabilities"", ""filed_date"": ""2024-02-16"", ""form"": ""10-K"", ""fp"": ""FY"", ""fy"": 2023, ""period_duration_class"": ""point_in_time"", ""period_duration_days"": null, ""period_end"": ""2023-12-31"", ""period_start"": """", ""source_member"": ""financial_reports/jpm/condensed_consolidated_balance_sheets.json"", ""source_provenance_hash"": ""54615bfb9cdbe1c99b9c84940fd23fba86aa24803437a6e68b46171a5855b6b1"", ""taxonomy"": ""us-gaap"", ""unit"": ""USD"", ""value"": 3547515000000}"
JPM,StockholdersEquity,2024-02-23,688,640,61,0,"[{""accession_number"": ""0000019617-24-000225"", ""filed_date"": ""2024-02-16"", ""filing_period_match_score"": 0, ""form"": ""10-K"", ""fp"": ""FY"", ""period_duration_days"": null, ""period_end"": ""2023-12-31"", ""period_start"": """"}]",AVAILABLE,latest PIT-safe economic period; filing-period duration preference applied,"{""accession_number"": ""0000019617-24-000225"", ""concept"": ""StockholdersEquity"", ""filed_date"": ""2024-02-16"", ""form"": ""10-K"", ""fp"": ""FY"", ""fy"": 2023, ""period_duration_class"": ""point_in_time"", ""period_duration_days"": null, ""period_end"": ""2023-12-31"", ""period_start"": """", ""source_member"": ""financial_reports/jpm/condensed_consolidated_balance_sheets.json"", ""source_provenance_hash"": ""c90bba9edf9c9d44d440f7b69ef951d85b00ca9e332d19b886f97d1de4037adb"", ""taxonomy"": ""us-gaap"", ""unit"": ""USD"", ""value"": 327878000000}"
JPM,NetCashProvidedByUsedInOperatingActivities,2024-02-23,604,568,64,0,"[{""accession_number"": ""0000019617-24-000225"", ""filed_date"": ""2024-02-16"", ""filing_period_match_score"": 1, ""form"": ""10-K"", ""fp"": ""FY"", ""period_duration_days"": 365, ""period_end"": ""2023-12-31"", ""period_start"": ""2023-01-01""}]",AVAILABLE,latest PIT-safe economic period; filing-period duration preference applied,"{""accession_number"": ""0000019617-24-000225"", ""concept"": ""NetCashProvidedByUsedInOperatingActivities"", ""filed_date"": ""2024-02-16"", ""form"": ""10-K"", ""fp"": ""FY"", ""fy"": 2023, ""period_duration_class"": ""annual"", ""period_duration_days"": 365, ""period_end"": ""2023-12-31"", ""period_start"": ""2023-01-01"", ""source_member"": ""financial_reports/jpm/condensed_consolidated_statement_of_cash_flows.json"", ""source_provenance_hash"": ""d1b2bf0507b6591bc62ca3d5bf07afa51f2f9cde0b1f574dc0a805e82f834aac"", ""taxonomy"": ""us-gaap"", ""unit"": ""USD"", ""value"": 12974000000}"
JPM,NetCashProvidedByUsedInInvestingActivities,2024-02-23,604,568,64,0,"[{""accession_number"": ""0000019617-24-000225"", ""filed_date"": ""2024-02-16"", ""filing_period_match_score"": 1, ""form"": ""10-K"", ""fp"": ""FY"", ""period_duration_days"": 365, ""period_end"": ""2023-12-31"", ""period_start"": ""2023-01-01""}]",AVAILABLE,latest PIT-safe economic period; filing-period duration preference applied,"{""accession_number"": ""0000019617-24-000225"", ""concept"": ""NetCashProvidedByUsedInInvestingActivities"", ""filed_date"": ""2024-02-16"", ""form"": ""10-K"", ""fp"": ""FY"", ""fy"": 2023, ""period_duration_class"": ""annual"", ""period_duration_days"": 365, ""period_end"": ""2023-12-31"", ""period_start"": ""2023-01-01"", ""source_member"": ""financial_reports/jpm/condensed_consolidated_statement_of_cash_flows.json"", ""source_provenance_hash"": ""64c59a5c23ca96348afa7013a57ef58b4162b9b8223f39820e594239b5aee6a6"", ""taxonomy"": ""us-gaap"", ""unit"": ""USD"", ""value"": 67643000000}"
JPM,NetCashProvidedByUsedInFinancingActivities,2024-02-23,604,568,64,0,"[{""accession_number"": ""0000019617-24-000225"", ""filed_date"": ""2024-02-16"", ""filing_period_match_score"": 1, ""form"": ""10-K"", ""fp"": ""FY"", ""period_duration_days"": 365, ""period_end"": ""2023-12-31"", ""period_start"": ""2023-01-01""}]",AVAILABLE,latest PIT-safe economic period; filing-period duration preference applied,"{""accession_number"": ""0000019617-24-000225"", ""concept"": ""NetCashProvidedByUsedInFinancingActivities"", ""filed_date"": ""2024-02-16"", ""form"": ""10-K"", ""fp"": ""FY"", ""fy"": 2023, ""period_duration_class"": ""annual"", ""period_duration_days"": 365, ""period_end"": ""2023-12-31"", ""period_start"": ""2023-01-01"", ""source_member"": ""financial_reports/jpm/condensed_consolidated_statement_of_cash_flows.json"", ""source_provenance_hash"": ""f549ed634eae0ab6181ce41c4e551ed0c21cfbecbb5dff56a45b0994240c1ab9"", ""taxonomy"": ""us-gaap"", ""unit"": ""USD"", ""value"": -25571000000}"
AAPL,Assets,2024-03-01,5628,5292,60,0,"[{""accession_number"": ""0000320193-24-000006"", ""filed_date"": ""2024-02-02"", ""filing_period_match_score"": 0, ""form"": ""10-Q"", ""fp"": ""Q1"", ""period_duration_days"": null, ""period_end"": ""2023-12-30"", ""period_start"": """"}]",AVAILABLE,latest PIT-safe economic period; filing-period duration preference applied,"{""accession_number"": ""0000320193-24-000006"", ""concept"": ""Assets"", ""filed_date"": ""2024-02-02"", ""form"": ""10-Q"", ""fp"": ""Q1"", ""fy"": 2024, ""period_duration_class"": ""point_in_time"", ""period_duration_days"": null, ""period_end"": ""2023-12-30"", ""period_start"": """", ""source_member"": ""financial_reports/aapl/condensed_consolidated_balance_sheets.json"", ""source_provenance_hash"": ""1db0ab33a515a943af29566e05a55b0a1a9ad8f25c25080751ee7d1985c252eb"", ""taxonomy"": ""us-gaap"", ""unit"": ""USD"", ""value"": 353514000000}"
AAPL,Liabilities,2024-03-01,5544,5208,60,0,"[{""accession_number"": ""0000320193-24-000006"", ""filed_date"": ""2024-02-02"", ""filing_period_match_score"": 0, ""form"": ""10-Q"", ""fp"": ""Q1"", ""period_duration_days"": null, ""period_end"": ""2023-12-30"", ""period_start"": """"}]",AVAILABLE,latest PIT-safe economic period; filing-period duration preference applied,"{""accession_number"": ""0000320193-24-000006"", ""concept"": ""Liabilities"", ""filed_date"": ""2024-02-02"", ""form"": ""10-Q"", ""fp"": ""Q1"", ""fy"": 2024, ""period_duration_class"": ""point_in_time"", ""period_duration_days"": null, ""period_end"": ""2023-12-30"", ""period_start"": """", ""source_member"": ""financial_reports/aapl/condensed_consolidated_balance_sheets.json"", ""source_provenance_hash"": ""07916b3164ccf25841337d7262abdf3bf4862e4454dc97e7e39c3c39d863993a"", ""taxonomy"": ""us-gaap"", ""unit"": ""USD"", ""value"": 279414000000}"
AAPL,StockholdersEquity,2024-03-01,9744,8904,62,0,"[{""accession_number"": ""0000320193-24-000006"", ""filed_date"": ""2024-02-02"", ""filing_period_match_score"": 0, ""form"": ""10-Q"", ""fp"": ""Q1"", ""period_duration_days"": null, ""period_end"": ""2023-12-30"", ""period_start"": """"}]",AVAILABLE,latest PIT-safe economic period; filing-period duration preference applied,"{""accession_number"": ""0000320193-24-000006"", ""concept"": ""StockholdersEquity"", ""filed_date"": ""2024-02-02"", ""form"": ""10-Q"", ""fp"": ""Q1"", ""fy"": 2024, ""period_duration_class"": ""point_in_time"", ""period_duration_days"": null, ""period_end"": ""2023-12-30"", ""period_start"": """", ""source_member"": ""financial_reports/aapl/condensed_consolidated_balance_sheets.json"", ""source_provenance_hash"": ""bf98f154a26a0aa129a18f7c773e208a69a7b332516ce4e2b2e8198456c791ff"", ""taxonomy"": ""us-gaap"", ""unit"": ""USD"", ""value"": 74100000000}"
AAPL,NetCashProvidedByUsedInOperatingActivities,2024-03-01,5082,4704,57,0,"[{""accession_number"": ""0000320193-24-000006"", ""filed_date"": ""2024-02-02"", ""filing_period_match_score"": 1, ""form"": ""10-Q"", ""fp"": ""Q1"", ""period_duration_days"": 91, ""period_end"": ""2023-12-30"", ""period_start"": ""2023-10-01""}]",AVAILABLE,latest PIT-safe economic period; filing-period duration preference applied,"{""accession_number"": ""0000320193-24-000006"", ""concept"": ""NetCashProvidedByUsedInOperatingActivities"", ""filed_date"": ""2024-02-02"", ""form"": ""10-Q"", ""fp"": ""Q1"", ""fy"": 2024, ""period_duration_class"": ""quarterly"", ""period_duration_days"": 91, ""period_end"": ""2023-12-30"", ""period_start"": ""2023-10-01"", ""source_member"": ""financial_reports/aapl/condensed_consolidated_statement_of_cash_flows.json"", ""source_provenance_hash"": ""fca3433c183825485a054844ab812837391876f177bccc6e85529e42a7b0ca00"", ""taxonomy"": ""us-gaap"", ""unit"": ""USD"", ""value"": 39895000000}"
AAPL,NetCashProvidedByUsedInInvestingActivities,2024-03-01,5082,4704,57,0,"[{""accession_number"": ""0000320193-24-000006"", ""filed_date"": ""2024-02-02"", ""filing_period_match_score"": 1, ""form"": ""10-Q"", ""fp"": ""Q1"", ""period_duration_days"": 91, ""period_end"": ""2023-12-30"", ""period_start"": ""2023-10-01""}]",AVAILABLE,latest PIT-safe economic period; filing-period duration preference applied,"{""accession_number"": ""0000320193-24-000006"", ""concept"": ""NetCashProvidedByUsedInInvestingActivities"", ""filed_date"": ""2024-02-02"", ""form"": ""10-Q"", ""fp"": ""Q1"", ""fy"": 2024, ""period_duration_class"": ""quarterly"", ""period_duration_days"": 91, ""period_end"": ""2023-12-30"", ""period_start"": ""2023-10-01"", ""source_member"": ""financial_reports/aapl/condensed_consolidated_statement_of_cash_flows.json"", ""source_provenance_hash"": ""06fa562e48c0fb127bac27094411d7040c7457139a825a2fa50a7d9c0305cc63"", ""taxonomy"": ""us-gaap"", ""unit"": ""USD"", ""value"": 1927000000}"
AAPL,NetCashProvidedByUsedInFinancingActivities,2024-03-01,5082,4704,57,0,"[{""accession_number"": ""0000320193-24-000006"", ""filed_date"": ""2024-02-02"", ""filing_period_match_score"": 1, ""form"": ""10-Q"", ""fp"": ""Q1"", ""period_duration_days"": 91, ""period_end"": ""2023-12-30"", ""period_start"": ""2023-10-01""}]",AVAILABLE,latest PIT-safe economic period; filing-period duration preference applied,"{""accession_number"": ""0000320193-24-000006"", ""concept"": ""NetCashProvidedByUsedInFinancingActivities"", ""filed_date"": ""2024-02-02"", ""form"": ""10-Q"", ""fp"": ""Q1"", ""fy"": 2024, ""period_duration_class"": ""quarterly"", ""period_duration_days"": 91, ""period_end"": ""2023-12-30"", ""period_start"": ""2023-10-01"", ""source_member"": ""financial_reports/aapl/condensed_consolidated_statement_of_cash_flows.json"", ""source_provenance_hash"": ""52a6eeac79ca71f796813622839c828f9d294cc1d5ab81b256eec199d21bba88"", ""taxonomy"": ""us-gaap"", ""unit"": ""USD"", ""value"": -30585000000}"
AMZN,Assets,2024-03-01,3536,3302,60,0,"[{""accession_number"": ""0001018724-24-000008"", ""filed_date"": ""2024-02-02"", ""filing_period_match_score"": 0, ""form"": ""10-K"", ""fp"": ""FY"", ""period_duration_days"": null, ""period_end"": ""2023-12-31"", ""period_start"": """"}]",AVAILABLE,latest PIT-safe economic period; filing-period duration preference applied,"{""accession_number"": ""0001018724-24-000008"", ""concept"": ""Assets"", ""filed_date"": ""2024-02-02"", ""form"": ""10-K"", ""fp"": ""FY"", ""fy"": 2023, ""period_duration_class"": ""point_in_time"", ""period_duration_days"": null, ""period_end"": ""2023-12-31"", ""period_start"": """", ""source_member"": ""financial_reports/amzn/condensed_consolidated_balance_sheets.json"", ""source_provenance_hash"": ""d6fc766d65cf3f15392fa8a0d4c385b2d540cb7c858e62b35b8e55e2a248f725"", ""taxonomy"": ""us-gaap"", ""unit"": ""USD"", ""value"": 527854000000}"
AMZN,Liabilities,2024-03-01,0,0,0,0,[],UNAVAILABLE,no PIT-safe fact with period end,
AMZN,StockholdersEquity,2024-03-01,5668,5148,62,0,"[{""accession_number"": ""0001018724-24-000008"", ""filed_date"": ""2024-02-02"", ""filing_period_match_score"": 0, ""form"": ""10-K"", ""fp"": ""FY"", ""period_duration_days"": null, ""period_end"": ""2023-12-31"", ""period_start"": """"}]",AVAILABLE,latest PIT-safe economic period; filing-period duration preference applied,"{""accession_number"": ""0001018724-24-000008"", ""concept"": ""StockholdersEquity"", ""filed_date"": ""2024-02-02"", ""form"": ""10-K"", ""fp"": ""FY"", ""fy"": 2023, ""period_duration_class"": ""point_in_time"", ""period_duration_days"": null, ""period_end"": ""2023-12-31"", ""period_start"": """", ""source_member"": ""financial_reports/amzn/condensed_consolidated_balance_sheets.json"", ""source_provenance_hash"": ""7e5e29390df6bf65962673a7d172f907f9270ad83791bd993ef2be47e44495bb"", ""taxonomy"": ""us-gaap"", ""unit"": ""USD"", ""value"": 201875000000}"
AMZN,NetCashProvidedByUsedInOperatingActivities,2024-03-01,7800,7306,143,0,"[{""accession_number"": ""0001018724-24-000008"", ""filed_date"": ""2024-02-02"", ""filing_period_match_score"": 1, ""form"": ""10-K"", ""fp"": ""FY"", ""period_duration_days"": 365, ""period_end"": ""2023-12-31"", ""period_start"": ""2023-01-01""}]",AVAILABLE,latest PIT-safe economic period; filing-period duration preference applied,"{""accession_number"": ""0001018724-24-000008"", ""concept"": ""NetCashProvidedByUsedInOperatingActivities"", ""filed_date"": ""2024-02-02"", ""form"": ""10-K"", ""fp"": ""FY"", ""fy"": 2023, ""period_duration_class"": ""annual"", ""period_duration_days"": 365, ""period_end"": ""2023-12-31"", ""period_start"": ""2023-01-01"", ""source_member"": ""financial_reports/amzn/condensed_consolidated_statement_of_cash_flows.json"", ""source_provenance_hash"": ""a60abd42cd165c5dcbf563b391a70e8043b35272fbcf84c946425607a0ff5dbd"", ""taxonomy"": ""us-gaap"", ""unit"": ""USD"", ""value"": 84946000000}"
AMZN,NetCashProvidedByUsedInInvestingActivities,2024-03-01,7800,7306,143,0,"[{""accession_number"": ""0001018724-24-000008"", ""filed_date"": ""2024-02-02"", ""filing_period_match_score"": 1, ""form"": ""10-K"", ""fp"": ""FY"", ""period_duration_days"": 365, ""period_end"": ""2023-12-31"", ""period_start"": ""2023-01-01""}]",AVAILABLE,latest PIT-safe economic period; filing-period duration preference applied,"{""accession_number"": ""0001018724-24-000008"", ""concept"": ""NetCashProvidedByUsedInInvestingActivities"", ""filed_date"": ""2024-02-02"", ""form"": ""10-K"", ""fp"": ""FY"", ""fy"": 2023, ""period_duration_class"": ""annual"", ""period_duration_days"": 365, ""period_end"": ""2023-12-31"", ""period_start"": ""2023-01-01"", ""source_member"": ""financial_reports/amzn/condensed_consolidated_statement_of_cash_flows.json"", ""source_provenance_hash"": ""c09615d1cd56dd7f1b6163ad8daa495194226cfe693cb9982ad61f6df29201ea"", ""taxonomy"": ""us-gaap"", ""unit"": ""USD"", ""value"": -49833000000}"
AMZN,NetCashProvidedByUsedInFinancingActivities,2024-03-01,7800,7306,143,0,"[{""accession_number"": ""0001018724-24-000008"", ""filed_date"": ""2024-02-02"", ""filing_period_match_score"": 1, ""form"": ""10-K"", ""fp"": ""FY"", ""period_duration_days"": 365, ""period_end"": ""2023-12-31"", ""period_start"": ""2023-01-01""}]",AVAILABLE,latest PIT-safe economic period; filing-period duration preference applied,"{""accession_number"": ""0001018724-24-000008"", ""concept"": ""NetCashProvidedByUsedInFinancingActivities"", ""filed_date"": ""2024-02-02"", ""form"": ""10-K"", ""fp"": ""FY"", ""fy"": 2023, ""period_duration_class"": ""annual"", ""period_duration_days"": 365, ""period_end"": ""2023-12-31"", ""period_start"": ""2023-01-01"", ""source_member"": ""financial_reports/amzn/condensed_consolidated_statement_of_cash_flows.json"", ""source_provenance_hash"": ""85f2866168421f41f358dd7b724ca5f820eda5ce25a1b4efe7e31ed1dad2606c"", ""taxonomy"": ""us-gaap"", ""unit"": ""USD"", ""value"": -15879000000}"
JPM,Assets,2024-03-01,752,704,60,0,"[{""accession_number"": ""0000019617-24-000225"", ""filed_date"": ""2024-02-16"", ""filing_period_match_score"": 0, ""form"": ""10-K"", ""fp"": ""FY"", ""period_duration_days"": null, ""period_end"": ""2023-12-31"", ""period_start"": """"}]",AVAILABLE,latest PIT-safe economic period; filing-period duration preference applied,"{""accession_number"": ""0000019617-24-000225"", ""concept"": ""Assets"", ""filed_date"": ""2024-02-16"", ""form"": ""10-K"", ""fp"": ""FY"", ""fy"": 2023, ""period_duration_class"": ""point_in_time"", ""period_duration_days"": null, ""period_end"": ""2023-12-31"", ""period_start"": """", ""source_member"": ""financial_reports/jpm/condensed_consolidated_balance_sheets.json"", ""source_provenance_hash"": ""785286ca695e808817468e0f35bbad600e324b7940225586ba71890c02fcb151"", ""taxonomy"": ""us-gaap"", ""unit"": ""USD"", ""value"": 3875393000000}"
JPM,Liabilities,2024-03-01,540,508,60,0,"[{""accession_number"": ""0000019617-24-000225"", ""filed_date"": ""2024-02-16"", ""filing_period_match_score"": 0, ""form"": ""10-K"", ""fp"": ""FY"", ""period_duration_days"": null, ""period_end"": ""2023-12-31"", ""period_start"": """"}]",AVAILABLE,latest PIT-safe economic period; filing-period duration preference applied,"{""accession_number"": ""0000019617-24-000225"", ""concept"": ""Liabilities"", ""filed_date"": ""2024-02-16"", ""form"": ""10-K"", ""fp"": ""FY"", ""fy"": 2023, ""period_duration_class"": ""point_in_time"", ""period_duration_days"": null, ""period_end"": ""2023-12-31"", ""period_start"": """", ""source_member"": ""financial_reports/jpm/condensed_consolidated_balance_sheets.json"", ""source_provenance_hash"": ""54615bfb9cdbe1c99b9c84940fd23fba86aa24803437a6e68b46171a5855b6b1"", ""taxonomy"": ""us-gaap"", ""unit"": ""USD"", ""value"": 3547515000000}"
JPM,StockholdersEquity,2024-03-01,688,640,61,0,"[{""accession_number"": ""0000019617-24-000225"", ""filed_date"": ""2024-02-16"", ""filing_period_match_score"": 0, ""form"": ""10-K"", ""fp"": ""FY"", ""period_duration_days"": null, ""period_end"": ""2023-12-31"", ""period_start"": """"}]",AVAILABLE,latest PIT-safe economic period; filing-period duration preference applied,"{""accession_number"": ""0000019617-24-000225"", ""concept"": ""StockholdersEquity"", ""filed_date"": ""2024-02-16"", ""form"": ""10-K"", ""fp"": ""FY"", ""fy"": 2023, ""period_duration_class"": ""point_in_time"", ""period_duration_days"": null, ""period_end"": ""2023-12-31"", ""period_start"": """", ""source_member"": ""financial_reports/jpm/condensed_consolidated_balance_sheets.json"", ""source_provenance_hash"": ""c90bba9edf9c9d44d440f7b69ef951d85b00ca9e332d19b886f97d1de4037adb"", ""taxonomy"": ""us-gaap"", ""unit"": ""USD"", ""value"": 327878000000}"
JPM,NetCashProvidedByUsedInOperatingActivities,2024-03-01,604,568,64,0,"[{""accession_number"": ""0000019617-24-000225"", ""filed_date"": ""2024-02-16"", ""filing_period_match_score"": 1, ""form"": ""10-K"", ""fp"": ""FY"", ""period_duration_days"": 365, ""period_end"": ""2023-12-31"", ""period_start"": ""2023-01-01""}]",AVAILABLE,latest PIT-safe economic period; filing-period duration preference applied,"{""accession_number"": ""0000019617-24-000225"", ""concept"": ""NetCashProvidedByUsedInOperatingActivities"", ""filed_date"": ""2024-02-16"", ""form"": ""10-K"", ""fp"": ""FY"", ""fy"": 2023, ""period_duration_class"": ""annual"", ""period_duration_days"": 365, ""period_end"": ""2023-12-31"", ""period_start"": ""2023-01-01"", ""source_member"": ""financial_reports/jpm/condensed_consolidated_statement_of_cash_flows.json"", ""source_provenance_hash"": ""d1b2bf0507b6591bc62ca3d5bf07afa51f2f9cde0b1f574dc0a805e82f834aac"", ""taxonomy"": ""us-gaap"", ""unit"": ""USD"", ""value"": 12974000000}"
JPM,NetCashProvidedByUsedInInvestingActivities,2024-03-01,604,568,64,0,"[{""accession_number"": ""0000019617-24-000225"", ""filed_date"": ""2024-02-16"", ""filing_period_match_score"": 1, ""form"": ""10-K"", ""fp"": ""FY"", ""period_duration_days"": 365, ""period_end"": ""2023-12-31"", ""period_start"": ""2023-01-01""}]",AVAILABLE,latest PIT-safe economic period; filing-period duration preference applied,"{""accession_number"": ""0000019617-24-000225"", ""concept"": ""NetCashProvidedByUsedInInvestingActivities"", ""filed_date"": ""2024-02-16"", ""form"": ""10-K"", ""fp"": ""FY"", ""fy"": 2023, ""period_duration_class"": ""annual"", ""period_duration_days"": 365, ""period_end"": ""2023-12-31"", ""period_start"": ""2023-01-01"", ""source_member"": ""financial_reports/jpm/condensed_consolidated_statement_of_cash_flows.json"", ""source_provenance_hash"": ""64c59a5c23ca96348afa7013a57ef58b4162b9b8223f39820e594239b5aee6a6"", ""taxonomy"": ""us-gaap"", ""unit"": ""USD"", ""value"": 67643000000}"
JPM,NetCashProvidedByUsedInFinancingActivities,2024-03-01,604,568,64,0,"[{""accession_number"": ""0000019617-24-000225"", ""filed_date"": ""2024-02-16"", ""filing_period_match_score"": 1, ""form"": ""10-K"", ""fp"": ""FY"", ""period_duration_days"": 365, ""period_end"": ""2023-12-31"", ""period_start"": ""2023-01-01""}]",AVAILABLE,latest PIT-safe economic period; filing-period duration preference applied,"{""accession_number"": ""0000019617-24-000225"", ""concept"": ""NetCashProvidedByUsedInFinancingActivities"", ""filed_date"": ""2024-02-16"", ""form"": ""10-K"", ""fp"": ""FY"", ""fy"": 2023, ""period_duration_class"": ""annual"", ""period_duration_days"": 365, ""period_end"": ""2023-12-31"", ""period_start"": ""2023-01-01"", ""source_member"": ""financial_reports/jpm/condensed_consolidated_statement_of_cash_flows.json"", ""source_provenance_hash"": ""f549ed634eae0ab6181ce41c4e551ed0c21cfbecbb5dff56a45b0994240c1ab9"", ""taxonomy"": ""us-gaap"", ""unit"": ""USD"", ""value"": -25571000000}"
AAPL,Assets,2024-03-08,5628,5292,60,0,"[{""accession_number"": ""0000320193-24-000006"", ""filed_date"": ""2024-02-02"", ""filing_period_match_score"": 0, ""form"": ""10-Q"", ""fp"": ""Q1"", ""period_duration_days"": null, ""period_end"": ""2023-12-30"", ""period_start"": """"}]",AVAILABLE,latest PIT-safe economic period; filing-period duration preference applied,"{""accession_number"": ""0000320193-24-000006"", ""concept"": ""Assets"", ""filed_date"": ""2024-02-02"", ""form"": ""10-Q"", ""fp"": ""Q1"", ""fy"": 2024, ""period_duration_class"": ""point_in_time"", ""period_duration_days"": null, ""period_end"": ""2023-12-30"", ""period_start"": """", ""source_member"": ""financial_reports/aapl/condensed_consolidated_balance_sheets.json"", ""source_provenance_hash"": ""1db0ab33a515a943af29566e05a55b0a1a9ad8f25c25080751ee7d1985c252eb"", ""taxonomy"": ""us-gaap"", ""unit"": ""USD"", ""value"": 353514000000}"
AAPL,Liabilities,2024-03-08,5544,5208,60,0,"[{""accession_number"": ""0000320193-24-000006"", ""filed_date"": ""2024-02-02"", ""filing_period_match_score"": 0, ""form"": ""10-Q"", ""fp"": ""Q1"", ""period_duration_days"": null, ""period_end"": ""2023-12-30"", ""period_start"": """"}]",AVAILABLE,latest PIT-safe economic period; filing-period duration preference applied,"{""accession_number"": ""0000320193-24-000006"", ""concept"": ""Liabilities"", ""filed_date"": ""2024-02-02"", ""form"": ""10-Q"", ""fp"": ""Q1"", ""fy"": 2024, ""period_duration_class"": ""point_in_time"", ""period_duration_days"": null, ""period_end"": ""2023-12-30"", ""period_start"": """", ""source_member"": ""financial_reports/aapl/condensed_consolidated_balance_sheets.json"", ""source_provenance_hash"": ""07916b3164ccf25841337d7262abdf3bf4862e4454dc97e7e39c3c39d863993a"", ""taxonomy"": ""us-gaap"", ""unit"": ""USD"", ""value"": 279414000000}"
AAPL,StockholdersEquity,2024-03-08,9744,8904,62,0,"[{""accession_number"": ""0000320193-24-000006"", ""filed_date"": ""2024-02-02"", ""filing_period_match_score"": 0, ""form"": ""10-Q"", ""fp"": ""Q1"", ""period_duration_days"": null, ""period_end"": ""2023-12-30"", ""period_start"": """"}]",AVAILABLE,latest PIT-safe economic period; filing-period duration preference applied,"{""accession_number"": ""0000320193-24-000006"", ""concept"": ""StockholdersEquity"", ""filed_date"": ""2024-02-02"", ""form"": ""10-Q"", ""fp"": ""Q1"", ""fy"": 2024, ""period_duration_class"": ""point_in_time"", ""period_duration_days"": null, ""period_end"": ""2023-12-30"", ""period_start"": """", ""source_member"": ""financial_reports/aapl/condensed_consolidated_balance_sheets.json"", ""source_provenance_hash"": ""bf98f154a26a0aa129a18f7c773e208a69a7b332516ce4e2b2e8198456c791ff"", ""taxonomy"": ""us-gaap"", ""unit"": ""USD"", ""value"": 74100000000}"
AAPL,NetCashProvidedByUsedInOperatingActivities,2024-03-08,5082,4704,57,0,"[{""accession_number"": ""0000320193-24-000006"", ""filed_date"": ""2024-02-02"", ""filing_period_match_score"": 1, ""form"": ""10-Q"", ""fp"": ""Q1"", ""period_duration_days"": 91, ""period_end"": ""2023-12-30"", ""period_start"": ""2023-10-01""}]",AVAILABLE,latest PIT-safe economic period; filing-period duration preference applied,"{""accession_number"": ""0000320193-24-000006"", ""concept"": ""NetCashProvidedByUsedInOperatingActivities"", ""filed_date"": ""2024-02-02"", ""form"": ""10-Q"", ""fp"": ""Q1"", ""fy"": 2024, ""period_duration_class"": ""quarterly"", ""period_duration_days"": 91, ""period_end"": ""2023-12-30"", ""period_start"": ""2023-10-01"", ""source_member"": ""financial_reports/aapl/condensed_consolidated_statement_of_cash_flows.json"", ""source_provenance_hash"": ""fca3433c183825485a054844ab812837391876f177bccc6e85529e42a7b0ca00"", ""taxonomy"": ""us-gaap"", ""unit"": ""USD"", ""value"": 39895000000}"
AAPL,NetCashProvidedByUsedInInvestingActivities,2024-03-08,5082,4704,57,0,"[{""accession_number"": ""0000320193-24-000006"", ""filed_date"": ""2024-02-02"", ""filing_period_match_score"": 1, ""form"": ""10-Q"", ""fp"": ""Q1"", ""period_duration_days"": 91, ""period_end"": ""2023-12-30"", ""period_start"": ""2023-10-01""}]",AVAILABLE,latest PIT-safe economic period; filing-period duration preference applied,"{""accession_number"": ""0000320193-24-000006"", ""concept"": ""NetCashProvidedByUsedInInvestingActivities"", ""filed_date"": ""2024-02-02"", ""form"": ""10-Q"", ""fp"": ""Q1"", ""fy"": 2024, ""period_duration_class"": ""quarterly"", ""period_duration_days"": 91, ""period_end"": ""2023-12-30"", ""period_start"": ""2023-10-01"", ""source_member"": ""financial_reports/aapl/condensed_consolidated_statement_of_cash_flows.json"", ""source_provenance_hash"": ""06fa562e48c0fb127bac27094411d7040c7457139a825a2fa50a7d9c0305cc63"", ""taxonomy"": ""us-gaap"", ""unit"": ""USD"", ""value"": 1927000000}"
AAPL,NetCashProvidedByUsedInFinancingActivities,2024-03-08,5082,4704,57,0,"[{""accession_number"": ""0000320193-24-000006"", ""filed_date"": ""2024-02-02"", ""filing_period_match_score"": 1, ""form"": ""10-Q"", ""fp"": ""Q1"", ""period_duration_days"": 91, ""period_end"": ""2023-12-30"", ""period_start"": ""2023-10-01""}]",AVAILABLE,latest PIT-safe economic period; filing-period duration preference applied,"{""accession_number"": ""0000320193-24-000006"", ""concept"": ""NetCashProvidedByUsedInFinancingActivities"", ""filed_date"": ""2024-02-02"", ""form"": ""10-Q"", ""fp"": ""Q1"", ""fy"": 2024, ""period_duration_class"": ""quarterly"", ""period_duration_days"": 91, ""period_end"": ""2023-12-30"", ""period_start"": ""2023-10-01"", ""source_member"": ""financial_reports/aapl/condensed_consolidated_statement_of_cash_flows.json"", ""source_provenance_hash"": ""52a6eeac79ca71f796813622839c828f9d294cc1d5ab81b256eec199d21bba88"", ""taxonomy"": ""us-gaap"", ""unit"": ""USD"", ""value"": -30585000000}"
AMZN,Assets,2024-03-08,3536,3302,60,0,"[{""accession_number"": ""0001018724-24-000008"", ""filed_date"": ""2024-02-02"", ""filing_period_match_score"": 0, ""form"": ""10-K"", ""fp"": ""FY"", ""period_duration_days"": null, ""period_end"": ""2023-12-31"", ""period_start"": """"}]",AVAILABLE,latest PIT-safe economic period; filing-period duration preference applied,"{""accession_number"": ""0001018724-24-000008"", ""concept"": ""Assets"", ""filed_date"": ""2024-02-02"", ""form"": ""10-K"", ""fp"": ""FY"", ""fy"": 2023, ""period_duration_class"": ""point_in_time"", ""period_duration_days"": null, ""period_end"": ""2023-12-31"", ""period_start"": """", ""source_member"": ""financial_reports/amzn/condensed_consolidated_balance_sheets.json"", ""source_provenance_hash"": ""d6fc766d65cf3f15392fa8a0d4c385b2d540cb7c858e62b35b8e55e2a248f725"", ""taxonomy"": ""us-gaap"", ""unit"": ""USD"", ""value"": 527854000000}"
AMZN,Liabilities,2024-03-08,0,0,0,0,[],UNAVAILABLE,no PIT-safe fact with period end,
AMZN,StockholdersEquity,2024-03-08,5668,5148,62,0,"[{""accession_number"": ""0001018724-24-000008"", ""filed_date"": ""2024-02-02"", ""filing_period_match_score"": 0, ""form"": ""10-K"", ""fp"": ""FY"", ""period_duration_days"": null, ""period_end"": ""2023-12-31"", ""period_start"": """"}]",AVAILABLE,latest PIT-safe economic period; filing-period duration preference applied,"{""accession_number"": ""0001018724-24-000008"", ""concept"": ""StockholdersEquity"", ""filed_date"": ""2024-02-02"", ""form"": ""10-K"", ""fp"": ""FY"", ""fy"": 2023, ""period_duration_class"": ""point_in_time"", ""period_duration_days"": null, ""period_end"": ""2023-12-31"", ""period_start"": """", ""source_member"": ""financial_reports/amzn/condensed_consolidated_balance_sheets.json"", ""source_provenance_hash"": ""7e5e29390df6bf65962673a7d172f907f9270ad83791bd993ef2be47e44495bb"", ""taxonomy"": ""us-gaap"", ""unit"": ""USD"", ""value"": 201875000000}"
AMZN,NetCashProvidedByUsedInOperatingActivities,2024-03-08,7800,7306,143,0,"[{""accession_number"": ""0001018724-24-000008"", ""filed_date"": ""2024-02-02"", ""filing_period_match_score"": 1, ""form"": ""10-K"", ""fp"": ""FY"", ""period_duration_days"": 365, ""period_end"": ""2023-12-31"", ""period_start"": ""2023-01-01""}]",AVAILABLE,latest PIT-safe economic period; filing-period duration preference applied,"{""accession_number"": ""0001018724-24-000008"", ""concept"": ""NetCashProvidedByUsedInOperatingActivities"", ""filed_date"": ""2024-02-02"", ""form"": ""10-K"", ""fp"": ""FY"", ""fy"": 2023, ""period_duration_class"": ""annual"", ""period_duration_days"": 365, ""period_end"": ""2023-12-31"", ""period_start"": ""2023-01-01"", ""source_member"": ""financial_reports/amzn/condensed_consolidated_statement_of_cash_flows.json"", ""source_provenance_hash"": ""a60abd42cd165c5dcbf563b391a70e8043b35272fbcf84c946425607a0ff5dbd"", ""taxonomy"": ""us-gaap"", ""unit"": ""USD"", ""value"": 84946000000}"
AMZN,NetCashProvidedByUsedInInvestingActivities,2024-03-08,7800,7306,143,0,"[{""accession_number"": ""0001018724-24-000008"", ""filed_date"": ""2024-02-02"", ""filing_period_match_score"": 1, ""form"": ""10-K"", ""fp"": ""FY"", ""period_duration_days"": 365, ""period_end"": ""2023-12-31"", ""period_start"": ""2023-01-01""}]",AVAILABLE,latest PIT-safe economic period; filing-period duration preference applied,"{""accession_number"": ""0001018724-24-000008"", ""concept"": ""NetCashProvidedByUsedInInvestingActivities"", ""filed_date"": ""2024-02-02"", ""form"": ""10-K"", ""fp"": ""FY"", ""fy"": 2023, ""period_duration_class"": ""annual"", ""period_duration_days"": 365, ""period_end"": ""2023-12-31"", ""period_start"": ""2023-01-01"", ""source_member"": ""financial_reports/amzn/condensed_consolidated_statement_of_cash_flows.json"", ""source_provenance_hash"": ""c09615d1cd56dd7f1b6163ad8daa495194226cfe693cb9982ad61f6df29201ea"", ""taxonomy"": ""us-gaap"", ""unit"": ""USD"", ""value"": -49833000000}"
AMZN,NetCashProvidedByUsedInFinancingActivities,2024-03-08,7800,7306,143,0,"[{""accession_number"": ""0001018724-24-000008"", ""filed_date"": ""2024-02-02"", ""filing_period_match_score"": 1, ""form"": ""10-K"", ""fp"": ""FY"", ""period_duration_days"": 365, ""period_end"": ""2023-12-31"", ""period_start"": ""2023-01-01""}]",AVAILABLE,latest PIT-safe economic period; filing-period duration preference applied,"{""accession_number"": ""0001018724-24-000008"", ""concept"": ""NetCashProvidedByUsedInFinancingActivities"", ""filed_date"": ""2024-02-02"", ""form"": ""10-K"", ""fp"": ""FY"", ""fy"": 2023, ""period_duration_class"": ""annual"", ""period_duration_days"": 365, ""period_end"": ""2023-12-31"", ""period_start"": ""2023-01-01"", ""source_member"": ""financial_reports/amzn/condensed_consolidated_statement_of_cash_flows.json"", ""source_provenance_hash"": ""85f2866168421f41f358dd7b724ca5f820eda5ce25a1b4efe7e31ed1dad2606c"", ""taxonomy"": ""us-gaap"", ""unit"": ""USD"", ""value"": -15879000000}"
JPM,Assets,2024-03-08,752,704,60,0,"[{""accession_number"": ""0000019617-24-000225"", ""filed_date"": ""2024-02-16"", ""filing_period_match_score"": 0, ""form"": ""10-K"", ""fp"": ""FY"", ""period_duration_days"": null, ""period_end"": ""2023-12-31"", ""period_start"": """"}]",AVAILABLE,latest PIT-safe economic period; filing-period duration preference applied,"{""accession_number"": ""0000019617-24-000225"", ""concept"": ""Assets"", ""filed_date"": ""2024-02-16"", ""form"": ""10-K"", ""fp"": ""FY"", ""fy"": 2023, ""period_duration_class"": ""point_in_time"", ""period_duration_days"": null, ""period_end"": ""2023-12-31"", ""period_start"": """", ""source_member"": ""financial_reports/jpm/condensed_consolidated_balance_sheets.json"", ""source_provenance_hash"": ""785286ca695e808817468e0f35bbad600e324b7940225586ba71890c02fcb151"", ""taxonomy"": ""us-gaap"", ""unit"": ""USD"", ""value"": 3875393000000}"
JPM,Liabilities,2024-03-08,540,508,60,0,"[{""accession_number"": ""0000019617-24-000225"", ""filed_date"": ""2024-02-16"", ""filing_period_match_score"": 0, ""form"": ""10-K"", ""fp"": ""FY"", ""period_duration_days"": null, ""period_end"": ""2023-12-31"", ""period_start"": """"}]",AVAILABLE,latest PIT-safe economic period; filing-period duration preference applied,"{""accession_number"": ""0000019617-24-000225"", ""concept"": ""Liabilities"", ""filed_date"": ""2024-02-16"", ""form"": ""10-K"", ""fp"": ""FY"", ""fy"": 2023, ""period_duration_class"": ""point_in_time"", ""period_duration_days"": null, ""period_end"": ""2023-12-31"", ""period_start"": """", ""source_member"": ""financial_reports/jpm/condensed_consolidated_balance_sheets.json"", ""source_provenance_hash"": ""54615bfb9cdbe1c99b9c84940fd23fba86aa24803437a6e68b46171a5855b6b1"", ""taxonomy"": ""us-gaap"", ""unit"": ""USD"", ""value"": 3547515000000}"
JPM,StockholdersEquity,2024-03-08,688,640,61,0,"[{""accession_number"": ""0000019617-24-000225"", ""filed_date"": ""2024-02-16"", ""filing_period_match_score"": 0, ""form"": ""10-K"", ""fp"": ""FY"", ""period_duration_days"": null, ""period_end"": ""2023-12-31"", ""period_start"": """"}]",AVAILABLE,latest PIT-safe economic period; filing-period duration preference applied,"{""accession_number"": ""0000019617-24-000225"", ""concept"": ""StockholdersEquity"", ""filed_date"": ""2024-02-16"", ""form"": ""10-K"", ""fp"": ""FY"", ""fy"": 2023, ""period_duration_class"": ""point_in_time"", ""period_duration_days"": null, ""period_end"": ""2023-12-31"", ""period_start"": """", ""source_member"": ""financial_reports/jpm/condensed_consolidated_balance_sheets.json"", ""source_provenance_hash"": ""c90bba9edf9c9d44d440f7b69ef951d85b00ca9e332d19b886f97d1de4037adb"", ""taxonomy"": ""us-gaap"", ""unit"": ""USD"", ""value"": 327878000000}"
JPM,NetCashProvidedByUsedInOperatingActivities,2024-03-08,604,568,64,0,"[{""accession_number"": ""0000019617-24-000225"", ""filed_date"": ""2024-02-16"", ""filing_period_match_score"": 1, ""form"": ""10-K"", ""fp"": ""FY"", ""period_duration_days"": 365, ""period_end"": ""2023-12-31"", ""period_start"": ""2023-01-01""}]",AVAILABLE,latest PIT-safe economic period; filing-period duration preference applied,"{""accession_number"": ""0000019617-24-000225"", ""concept"": ""NetCashProvidedByUsedInOperatingActivities"", ""filed_date"": ""2024-02-16"", ""form"": ""10-K"", ""fp"": ""FY"", ""fy"": 2023, ""period_duration_class"": ""annual"", ""period_duration_days"": 365, ""period_end"": ""2023-12-31"", ""period_start"": ""2023-01-01"", ""source_member"": ""financial_reports/jpm/condensed_consolidated_statement_of_cash_flows.json"", ""source_provenance_hash"": ""d1b2bf0507b6591bc62ca3d5bf07afa51f2f9cde0b1f574dc0a805e82f834aac"", ""taxonomy"": ""us-gaap"", ""unit"": ""USD"", ""value"": 12974000000}"
JPM,NetCashProvidedByUsedInInvestingActivities,2024-03-08,604,568,64,0,"[{""accession_number"": ""0000019617-24-000225"", ""filed_date"": ""2024-02-16"", ""filing_period_match_score"": 1, ""form"": ""10-K"", ""fp"": ""FY"", ""period_duration_days"": 365, ""period_end"": ""2023-12-31"", ""period_start"": ""2023-01-01""}]",AVAILABLE,latest PIT-safe economic period; filing-period duration preference applied,"{""accession_number"": ""0000019617-24-000225"", ""concept"": ""NetCashProvidedByUsedInInvestingActivities"", ""filed_date"": ""2024-02-16"", ""form"": ""10-K"", ""fp"": ""FY"", ""fy"": 2023, ""period_duration_class"": ""annual"", ""period_duration_days"": 365, ""period_end"": ""2023-12-31"", ""period_start"": ""2023-01-01"", ""source_member"": ""financial_reports/jpm/condensed_consolidated_statement_of_cash_flows.json"", ""source_provenance_hash"": ""64c59a5c23ca96348afa7013a57ef58b4162b9b8223f39820e594239b5aee6a6"", ""taxonomy"": ""us-gaap"", ""unit"": ""USD"", ""value"": 67643000000}"
JPM,NetCashProvidedByUsedInFinancingActivities,2024-03-08,604,568,64,0,"[{""accession_number"": ""0000019617-24-000225"", ""filed_date"": ""2024-02-16"", ""filing_period_match_score"": 1, ""form"": ""10-K"", ""fp"": ""FY"", ""period_duration_days"": 365, ""period_end"": ""2023-12-31"", ""period_start"": ""2023-01-01""}]",AVAILABLE,latest PIT-safe economic period; filing-period duration preference applied,"{""accession_number"": ""0000019617-24-000225"", ""concept"": ""NetCashProvidedByUsedInFinancingActivities"", ""filed_date"": ""2024-02-16"", ""form"": ""10-K"", ""fp"": ""FY"", ""fy"": 2023, ""period_duration_class"": ""annual"", ""period_duration_days"": 365, ""period_end"": ""2023-12-31"", ""period_start"": ""2023-01-01"", ""source_member"": ""financial_reports/jpm/condensed_consolidated_statement_of_cash_flows.json"", ""source_provenance_hash"": ""f549ed634eae0ab6181ce41c4e551ed0c21cfbecbb5dff56a45b0994240c1ab9"", ""taxonomy"": ""us-gaap"", ""unit"": ""USD"", ""value"": -25571000000}"
AAPL,Assets,2024-03-15,5628,5292,60,0,"[{""accession_number"": ""0000320193-24-000006"", ""filed_date"": ""2024-02-02"", ""filing_period_match_score"": 0, ""form"": ""10-Q"", ""fp"": ""Q1"", ""period_duration_days"": null, ""period_end"": ""2023-12-30"", ""period_start"": """"}]",AVAILABLE,latest PIT-safe economic period; filing-period duration preference applied,"{""accession_number"": ""0000320193-24-000006"", ""concept"": ""Assets"", ""filed_date"": ""2024-02-02"", ""form"": ""10-Q"", ""fp"": ""Q1"", ""fy"": 2024, ""period_duration_class"": ""point_in_time"", ""period_duration_days"": null, ""period_end"": ""2023-12-30"", ""period_start"": """", ""source_member"": ""financial_reports/aapl/condensed_consolidated_balance_sheets.json"", ""source_provenance_hash"": ""1db0ab33a515a943af29566e05a55b0a1a9ad8f25c25080751ee7d1985c252eb"", ""taxonomy"": ""us-gaap"", ""unit"": ""USD"", ""value"": 353514000000}"
AAPL,Liabilities,2024-03-15,5544,5208,60,0,"[{""accession_number"": ""0000320193-24-000006"", ""filed_date"": ""2024-02-02"", ""filing_period_match_score"": 0, ""form"": ""10-Q"", ""fp"": ""Q1"", ""period_duration_days"": null, ""period_end"": ""2023-12-30"", ""period_start"": """"}]",AVAILABLE,latest PIT-safe economic period; filing-period duration preference applied,"{""accession_number"": ""0000320193-24-000006"", ""concept"": ""Liabilities"", ""filed_date"": ""2024-02-02"", ""form"": ""10-Q"", ""fp"": ""Q1"", ""fy"": 2024, ""period_duration_class"": ""point_in_time"", ""period_duration_days"": null, ""period_end"": ""2023-12-30"", ""period_start"": """", ""source_member"": ""financial_reports/aapl/condensed_consolidated_balance_sheets.json"", ""source_provenance_hash"": ""07916b3164ccf25841337d7262abdf3bf4862e4454dc97e7e39c3c39d863993a"", ""taxonomy"": ""us-gaap"", ""unit"": ""USD"", ""value"": 279414000000}"
AAPL,StockholdersEquity,2024-03-15,9744,8904,62,0,"[{""accession_number"": ""0000320193-24-000006"", ""filed_date"": ""2024-02-02"", ""filing_period_match_score"": 0, ""form"": ""10-Q"", ""fp"": ""Q1"", ""period_duration_days"": null, ""period_end"": ""2023-12-30"", ""period_start"": """"}]",AVAILABLE,latest PIT-safe economic period; filing-period duration preference applied,"{""accession_number"": ""0000320193-24-000006"", ""concept"": ""StockholdersEquity"", ""filed_date"": ""2024-02-02"", ""form"": ""10-Q"", ""fp"": ""Q1"", ""fy"": 2024, ""period_duration_class"": ""point_in_time"", ""period_duration_days"": null, ""period_end"": ""2023-12-30"", ""period_start"": """", ""source_member"": ""financial_reports/aapl/condensed_consolidated_balance_sheets.json"", ""source_provenance_hash"": ""bf98f154a26a0aa129a18f7c773e208a69a7b332516ce4e2b2e8198456c791ff"", ""taxonomy"": ""us-gaap"", ""unit"": ""USD"", ""value"": 74100000000}"
AAPL,NetCashProvidedByUsedInOperatingActivities,2024-03-15,5082,4704,57,0,"[{""accession_number"": ""0000320193-24-000006"", ""filed_date"": ""2024-02-02"", ""filing_period_match_score"": 1, ""form"": ""10-Q"", ""fp"": ""Q1"", ""period_duration_days"": 91, ""period_end"": ""2023-12-30"", ""period_start"": ""2023-10-01""}]",AVAILABLE,latest PIT-safe economic period; filing-period duration preference applied,"{""accession_number"": ""0000320193-24-000006"", ""concept"": ""NetCashProvidedByUsedInOperatingActivities"", ""filed_date"": ""2024-02-02"", ""form"": ""10-Q"", ""fp"": ""Q1"", ""fy"": 2024, ""period_duration_class"": ""quarterly"", ""period_duration_days"": 91, ""period_end"": ""2023-12-30"", ""period_start"": ""2023-10-01"", ""source_member"": ""financial_reports/aapl/condensed_consolidated_statement_of_cash_flows.json"", ""source_provenance_hash"": ""fca3433c183825485a054844ab812837391876f177bccc6e85529e42a7b0ca00"", ""taxonomy"": ""us-gaap"", ""unit"": ""USD"", ""value"": 39895000000}"
AAPL,NetCashProvidedByUsedInInvestingActivities,2024-03-15,5082,4704,57,0,"[{""accession_number"": ""0000320193-24-000006"", ""filed_date"": ""2024-02-02"", ""filing_period_match_score"": 1, ""form"": ""10-Q"", ""fp"": ""Q1"", ""period_duration_days"": 91, ""period_end"": ""2023-12-30"", ""period_start"": ""2023-10-01""}]",AVAILABLE,latest PIT-safe economic period; filing-period duration preference applied,"{""accession_number"": ""0000320193-24-000006"", ""concept"": ""NetCashProvidedByUsedInInvestingActivities"", ""filed_date"": ""2024-02-02"", ""form"": ""10-Q"", ""fp"": ""Q1"", ""fy"": 2024, ""period_duration_class"": ""quarterly"", ""period_duration_days"": 91, ""period_end"": ""2023-12-30"", ""period_start"": ""2023-10-01"", ""source_member"": ""financial_reports/aapl/condensed_consolidated_statement_of_cash_flows.json"", ""source_provenance_hash"": ""06fa562e48c0fb127bac27094411d7040c7457139a825a2fa50a7d9c0305cc63"", ""taxonomy"": ""us-gaap"", ""unit"": ""USD"", ""value"": 1927000000}"
AAPL,NetCashProvidedByUsedInFinancingActivities,2024-03-15,5082,4704,57,0,"[{""accession_number"": ""0000320193-24-000006"", ""filed_date"": ""2024-02-02"", ""filing_period_match_score"": 1, ""form"": ""10-Q"", ""fp"": ""Q1"", ""period_duration_days"": 91, ""period_end"": ""2023-12-30"", ""period_start"": ""2023-10-01""}]",AVAILABLE,latest PIT-safe economic period; filing-period duration preference applied,"{""accession_number"": ""0000320193-24-000006"", ""concept"": ""NetCashProvidedByUsedInFinancingActivities"", ""filed_date"": ""2024-02-02"", ""form"": ""10-Q"", ""fp"": ""Q1"", ""fy"": 2024, ""period_duration_class"": ""quarterly"", ""period_duration_days"": 91, ""period_end"": ""2023-12-30"", ""period_start"": ""2023-10-01"", ""source_member"": ""financial_reports/aapl/condensed_consolidated_statement_of_cash_flows.json"", ""source_provenance_hash"": ""52a6eeac79ca71f796813622839c828f9d294cc1d5ab81b256eec199d21bba88"", ""taxonomy"": ""us-gaap"", ""unit"": ""USD"", ""value"": -30585000000}"
AMZN,Assets,2024-03-15,3536,3302,60,0,"[{""accession_number"": ""0001018724-24-000008"", ""filed_date"": ""2024-02-02"", ""filing_period_match_score"": 0, ""form"": ""10-K"", ""fp"": ""FY"", ""period_duration_days"": null, ""period_end"": ""2023-12-31"", ""period_start"": """"}]",AVAILABLE,latest PIT-safe economic period; filing-period duration preference applied,"{""accession_number"": ""0001018724-24-000008"", ""concept"": ""Assets"", ""filed_date"": ""2024-02-02"", ""form"": ""10-K"", ""fp"": ""FY"", ""fy"": 2023, ""period_duration_class"": ""point_in_time"", ""period_duration_days"": null, ""period_end"": ""2023-12-31"", ""period_start"": """", ""source_member"": ""financial_reports/amzn/condensed_consolidated_balance_sheets.json"", ""source_provenance_hash"": ""d6fc766d65cf3f15392fa8a0d4c385b2d540cb7c858e62b35b8e55e2a248f725"", ""taxonomy"": ""us-gaap"", ""unit"": ""USD"", ""value"": 527854000000}"
AMZN,Liabilities,2024-03-15,0,0,0,0,[],UNAVAILABLE,no PIT-safe fact with period end,
AMZN,StockholdersEquity,2024-03-15,5668,5148,62,0,"[{""accession_number"": ""0001018724-24-000008"", ""filed_date"": ""2024-02-02"", ""filing_period_match_score"": 0, ""form"": ""10-K"", ""fp"": ""FY"", ""period_duration_days"": null, ""period_end"": ""2023-12-31"", ""period_start"": """"}]",AVAILABLE,latest PIT-safe economic period; filing-period duration preference applied,"{""accession_number"": ""0001018724-24-000008"", ""concept"": ""StockholdersEquity"", ""filed_date"": ""2024-02-02"", ""form"": ""10-K"", ""fp"": ""FY"", ""fy"": 2023, ""period_duration_class"": ""point_in_time"", ""period_duration_days"": null, ""period_end"": ""2023-12-31"", ""period_start"": """", ""source_member"": ""financial_reports/amzn/condensed_consolidated_balance_sheets.json"", ""source_provenance_hash"": ""7e5e29390df6bf65962673a7d172f907f9270ad83791bd993ef2be47e44495bb"", ""taxonomy"": ""us-gaap"", ""unit"": ""USD"", ""value"": 201875000000}"
AMZN,NetCashProvidedByUsedInOperatingActivities,2024-03-15,7800,7306,143,0,"[{""accession_number"": ""0001018724-24-000008"", ""filed_date"": ""2024-02-02"", ""filing_period_match_score"": 1, ""form"": ""10-K"", ""fp"": ""FY"", ""period_duration_days"": 365, ""period_end"": ""2023-12-31"", ""period_start"": ""2023-01-01""}]",AVAILABLE,latest PIT-safe economic period; filing-period duration preference applied,"{""accession_number"": ""0001018724-24-000008"", ""concept"": ""NetCashProvidedByUsedInOperatingActivities"", ""filed_date"": ""2024-02-02"", ""form"": ""10-K"", ""fp"": ""FY"", ""fy"": 2023, ""period_duration_class"": ""annual"", ""period_duration_days"": 365, ""period_end"": ""2023-12-31"", ""period_start"": ""2023-01-01"", ""source_member"": ""financial_reports/amzn/condensed_consolidated_statement_of_cash_flows.json"", ""source_provenance_hash"": ""a60abd42cd165c5dcbf563b391a70e8043b35272fbcf84c946425607a0ff5dbd"", ""taxonomy"": ""us-gaap"", ""unit"": ""USD"", ""value"": 84946000000}"
AMZN,NetCashProvidedByUsedInInvestingActivities,2024-03-15,7800,7306,143,0,"[{""accession_number"": ""0001018724-24-000008"", ""filed_date"": ""2024-02-02"", ""filing_period_match_score"": 1, ""form"": ""10-K"", ""fp"": ""FY"", ""period_duration_days"": 365, ""period_end"": ""2023-12-31"", ""period_start"": ""2023-01-01""}]",AVAILABLE,latest PIT-safe economic period; filing-period duration preference applied,"{""accession_number"": ""0001018724-24-000008"", ""concept"": ""NetCashProvidedByUsedInInvestingActivities"", ""filed_date"": ""2024-02-02"", ""form"": ""10-K"", ""fp"": ""FY"", ""fy"": 2023, ""period_duration_class"": ""annual"", ""period_duration_days"": 365, ""period_end"": ""2023-12-31"", ""period_start"": ""2023-01-01"", ""source_member"": ""financial_reports/amzn/condensed_consolidated_statement_of_cash_flows.json"", ""source_provenance_hash"": ""c09615d1cd56dd7f1b6163ad8daa495194226cfe693cb9982ad61f6df29201ea"", ""taxonomy"": ""us-gaap"", ""unit"": ""USD"", ""value"": -49833000000}"
AMZN,NetCashProvidedByUsedInFinancingActivities,2024-03-15,7800,7306,143,0,"[{""accession_number"": ""0001018724-24-000008"", ""filed_date"": ""2024-02-02"", ""filing_period_match_score"": 1, ""form"": ""10-K"", ""fp"": ""FY"", ""period_duration_days"": 365, ""period_end"": ""2023-12-31"", ""period_start"": ""2023-01-01""}]",AVAILABLE,latest PIT-safe economic period; filing-period duration preference applied,"{""accession_number"": ""0001018724-24-000008"", ""concept"": ""NetCashProvidedByUsedInFinancingActivities"", ""filed_date"": ""2024-02-02"", ""form"": ""10-K"", ""fp"": ""FY"", ""fy"": 2023, ""period_duration_class"": ""annual"", ""period_duration_days"": 365, ""period_end"": ""2023-12-31"", ""period_start"": ""2023-01-01"", ""source_member"": ""financial_reports/amzn/condensed_consolidated_statement_of_cash_flows.json"", ""source_provenance_hash"": ""85f2866168421f41f358dd7b724ca5f820eda5ce25a1b4efe7e31ed1dad2606c"", ""taxonomy"": ""us-gaap"", ""unit"": ""USD"", ""value"": -15879000000}"
JPM,Assets,2024-03-15,752,704,60,0,"[{""accession_number"": ""0000019617-24-000225"", ""filed_date"": ""2024-02-16"", ""filing_period_match_score"": 0, ""form"": ""10-K"", ""fp"": ""FY"", ""period_duration_days"": null, ""period_end"": ""2023-12-31"", ""period_start"": """"}]",AVAILABLE,latest PIT-safe economic period; filing-period duration preference applied,"{""accession_number"": ""0000019617-24-000225"", ""concept"": ""Assets"", ""filed_date"": ""2024-02-16"", ""form"": ""10-K"", ""fp"": ""FY"", ""fy"": 2023, ""period_duration_class"": ""point_in_time"", ""period_duration_days"": null, ""period_end"": ""2023-12-31"", ""period_start"": """", ""source_member"": ""financial_reports/jpm/condensed_consolidated_balance_sheets.json"", ""source_provenance_hash"": ""785286ca695e808817468e0f35bbad600e324b7940225586ba71890c02fcb151"", ""taxonomy"": ""us-gaap"", ""unit"": ""USD"", ""value"": 3875393000000}"
JPM,Liabilities,2024-03-15,540,508,60,0,"[{""accession_number"": ""0000019617-24-000225"", ""filed_date"": ""2024-02-16"", ""filing_period_match_score"": 0, ""form"": ""10-K"", ""fp"": ""FY"", ""period_duration_days"": null, ""period_end"": ""2023-12-31"", ""period_start"": """"}]",AVAILABLE,latest PIT-safe economic period; filing-period duration preference applied,"{""accession_number"": ""0000019617-24-000225"", ""concept"": ""Liabilities"", ""filed_date"": ""2024-02-16"", ""form"": ""10-K"", ""fp"": ""FY"", ""fy"": 2023, ""period_duration_class"": ""point_in_time"", ""period_duration_days"": null, ""period_end"": ""2023-12-31"", ""period_start"": """", ""source_member"": ""financial_reports/jpm/condensed_consolidated_balance_sheets.json"", ""source_provenance_hash"": ""54615bfb9cdbe1c99b9c84940fd23fba86aa24803437a6e68b46171a5855b6b1"", ""taxonomy"": ""us-gaap"", ""unit"": ""USD"", ""value"": 3547515000000}"
JPM,StockholdersEquity,2024-03-15,688,640,61,0,"[{""accession_number"": ""0000019617-24-000225"", ""filed_date"": ""2024-02-16"", ""filing_period_match_score"": 0, ""form"": ""10-K"", ""fp"": ""FY"", ""period_duration_days"": null, ""period_end"": ""2023-12-31"", ""period_start"": """"}]",AVAILABLE,latest PIT-safe economic period; filing-period duration preference applied,"{""accession_number"": ""0000019617-24-000225"", ""concept"": ""StockholdersEquity"", ""filed_date"": ""2024-02-16"", ""form"": ""10-K"", ""fp"": ""FY"", ""fy"": 2023, ""period_duration_class"": ""point_in_time"", ""period_duration_days"": null, ""period_end"": ""2023-12-31"", ""period_start"": """", ""source_member"": ""financial_reports/jpm/condensed_consolidated_balance_sheets.json"", ""source_provenance_hash"": ""c90bba9edf9c9d44d440f7b69ef951d85b00ca9e332d19b886f97d1de4037adb"", ""taxonomy"": ""us-gaap"", ""unit"": ""USD"", ""value"": 327878000000}"
JPM,NetCashProvidedByUsedInOperatingActivities,2024-03-15,604,568,64,0,"[{""accession_number"": ""0000019617-24-000225"", ""filed_date"": ""2024-02-16"", ""filing_period_match_score"": 1, ""form"": ""10-K"", ""fp"": ""FY"", ""period_duration_days"": 365, ""period_end"": ""2023-12-31"", ""period_start"": ""2023-01-01""}]",AVAILABLE,latest PIT-safe economic period; filing-period duration preference applied,"{""accession_number"": ""0000019617-24-000225"", ""concept"": ""NetCashProvidedByUsedInOperatingActivities"", ""filed_date"": ""2024-02-16"", ""form"": ""10-K"", ""fp"": ""FY"", ""fy"": 2023, ""period_duration_class"": ""annual"", ""period_duration_days"": 365, ""period_end"": ""2023-12-31"", ""period_start"": ""2023-01-01"", ""source_member"": ""financial_reports/jpm/condensed_consolidated_statement_of_cash_flows.json"", ""source_provenance_hash"": ""d1b2bf0507b6591bc62ca3d5bf07afa51f2f9cde0b1f574dc0a805e82f834aac"", ""taxonomy"": ""us-gaap"", ""unit"": ""USD"", ""value"": 12974000000}"
JPM,NetCashProvidedByUsedInInvestingActivities,2024-03-15,604,568,64,0,"[{""accession_number"": ""0000019617-24-000225"", ""filed_date"": ""2024-02-16"", ""filing_period_match_score"": 1, ""form"": ""10-K"", ""fp"": ""FY"", ""period_duration_days"": 365, ""period_end"": ""2023-12-31"", ""period_start"": ""2023-01-01""}]",AVAILABLE,latest PIT-safe economic period; filing-period duration preference applied,"{""accession_number"": ""0000019617-24-000225"", ""concept"": ""NetCashProvidedByUsedInInvestingActivities"", ""filed_date"": ""2024-02-16"", ""form"": ""10-K"", ""fp"": ""FY"", ""fy"": 2023, ""period_duration_class"": ""annual"", ""period_duration_days"": 365, ""period_end"": ""2023-12-31"", ""period_start"": ""2023-01-01"", ""source_member"": ""financial_reports/jpm/condensed_consolidated_statement_of_cash_flows.json"", ""source_provenance_hash"": ""64c59a5c23ca96348afa7013a57ef58b4162b9b8223f39820e594239b5aee6a6"", ""taxonomy"": ""us-gaap"", ""unit"": ""USD"", ""value"": 67643000000}"
JPM,NetCashProvidedByUsedInFinancingActivities,2024-03-15,604,568,64,0,"[{""accession_number"": ""0000019617-24-000225"", ""filed_date"": ""2024-02-16"", ""filing_period_match_score"": 1, ""form"": ""10-K"", ""fp"": ""FY"", ""period_duration_days"": 365, ""period_end"": ""2023-12-31"", ""period_start"": ""2023-01-01""}]",AVAILABLE,latest PIT-safe economic period; filing-period duration preference applied,"{""accession_number"": ""0000019617-24-000225"", ""concept"": ""NetCashProvidedByUsedInFinancingActivities"", ""filed_date"": ""2024-02-16"", ""form"": ""10-K"", ""fp"": ""FY"", ""fy"": 2023, ""period_duration_class"": ""annual"", ""period_duration_days"": 365, ""period_end"": ""2023-12-31"", ""period_start"": ""2023-01-01"", ""source_member"": ""financial_reports/jpm/condensed_consolidated_statement_of_cash_flows.json"", ""source_provenance_hash"": ""f549ed634eae0ab6181ce41c4e551ed0c21cfbecbb5dff56a45b0994240c1ab9"", ""taxonomy"": ""us-gaap"", ""unit"": ""USD"", ""value"": -25571000000}"
AAPL,Assets,2024-03-22,5628,5292,60,0,"[{""accession_number"": ""0000320193-24-000006"", ""filed_date"": ""2024-02-02"", ""filing_period_match_score"": 0, ""form"": ""10-Q"", ""fp"": ""Q1"", ""period_duration_days"": null, ""period_end"": ""2023-12-30"", ""period_start"": """"}]",AVAILABLE,latest PIT-safe economic period; filing-period duration preference applied,"{""accession_number"": ""0000320193-24-000006"", ""concept"": ""Assets"", ""filed_date"": ""2024-02-02"", ""form"": ""10-Q"", ""fp"": ""Q1"", ""fy"": 2024, ""period_duration_class"": ""point_in_time"", ""period_duration_days"": null, ""period_end"": ""2023-12-30"", ""period_start"": """", ""source_member"": ""financial_reports/aapl/condensed_consolidated_balance_sheets.json"", ""source_provenance_hash"": ""1db0ab33a515a943af29566e05a55b0a1a9ad8f25c25080751ee7d1985c252eb"", ""taxonomy"": ""us-gaap"", ""unit"": ""USD"", ""value"": 353514000000}"
AAPL,Liabilities,2024-03-22,5544,5208,60,0,"[{""accession_number"": ""0000320193-24-000006"", ""filed_date"": ""2024-02-02"", ""filing_period_match_score"": 0, ""form"": ""10-Q"", ""fp"": ""Q1"", ""period_duration_days"": null, ""period_end"": ""2023-12-30"", ""period_start"": """"}]",AVAILABLE,latest PIT-safe economic period; filing-period duration preference applied,"{""accession_number"": ""0000320193-24-000006"", ""concept"": ""Liabilities"", ""filed_date"": ""2024-02-02"", ""form"": ""10-Q"", ""fp"": ""Q1"", ""fy"": 2024, ""period_duration_class"": ""point_in_time"", ""period_duration_days"": null, ""period_end"": ""2023-12-30"", ""period_start"": """", ""source_member"": ""financial_reports/aapl/condensed_consolidated_balance_sheets.json"", ""source_provenance_hash"": ""07916b3164ccf25841337d7262abdf3bf4862e4454dc97e7e39c3c39d863993a"", ""taxonomy"": ""us-gaap"", ""unit"": ""USD"", ""value"": 279414000000}"
AAPL,StockholdersEquity,2024-03-22,9744,8904,62,0,"[{""accession_number"": ""0000320193-24-000006"", ""filed_date"": ""2024-02-02"", ""filing_period_match_score"": 0, ""form"": ""10-Q"", ""fp"": ""Q1"", ""period_duration_days"": null, ""period_end"": ""2023-12-30"", ""period_start"": """"}]",AVAILABLE,latest PIT-safe economic period; filing-period duration preference applied,"{""accession_number"": ""0000320193-24-000006"", ""concept"": ""StockholdersEquity"", ""filed_date"": ""2024-02-02"", ""form"": ""10-Q"", ""fp"": ""Q1"", ""fy"": 2024, ""period_duration_class"": ""point_in_time"", ""period_duration_days"": null, ""period_end"": ""2023-12-30"", ""period_start"": """", ""source_member"": ""financial_reports/aapl/condensed_consolidated_balance_sheets.json"", ""source_provenance_hash"": ""bf98f154a26a0aa129a18f7c773e208a69a7b332516ce4e2b2e8198456c791ff"", ""taxonomy"": ""us-gaap"", ""unit"": ""USD"", ""value"": 74100000000}"
AAPL,NetCashProvidedByUsedInOperatingActivities,2024-03-22,5082,4704,57,0,"[{""accession_number"": ""0000320193-24-000006"", ""filed_date"": ""2024-02-02"", ""filing_period_match_score"": 1, ""form"": ""10-Q"", ""fp"": ""Q1"", ""period_duration_days"": 91, ""period_end"": ""2023-12-30"", ""period_start"": ""2023-10-01""}]",AVAILABLE,latest PIT-safe economic period; filing-period duration preference applied,"{""accession_number"": ""0000320193-24-000006"", ""concept"": ""NetCashProvidedByUsedInOperatingActivities"", ""filed_date"": ""2024-02-02"", ""form"": ""10-Q"", ""fp"": ""Q1"", ""fy"": 2024, ""period_duration_class"": ""quarterly"", ""period_duration_days"": 91, ""period_end"": ""2023-12-30"", ""period_start"": ""2023-10-01"", ""source_member"": ""financial_reports/aapl/condensed_consolidated_statement_of_cash_flows.json"", ""source_provenance_hash"": ""fca3433c183825485a054844ab812837391876f177bccc6e85529e42a7b0ca00"", ""taxonomy"": ""us-gaap"", ""unit"": ""USD"", ""value"": 39895000000}"
AAPL,NetCashProvidedByUsedInInvestingActivities,2024-03-22,5082,4704,57,0,"[{""accession_number"": ""0000320193-24-000006"", ""filed_date"": ""2024-02-02"", ""filing_period_match_score"": 1, ""form"": ""10-Q"", ""fp"": ""Q1"", ""period_duration_days"": 91, ""period_end"": ""2023-12-30"", ""period_start"": ""2023-10-01""}]",AVAILABLE,latest PIT-safe economic period; filing-period duration preference applied,"{""accession_number"": ""0000320193-24-000006"", ""concept"": ""NetCashProvidedByUsedInInvestingActivities"", ""filed_date"": ""2024-02-02"", ""form"": ""10-Q"", ""fp"": ""Q1"", ""fy"": 2024, ""period_duration_class"": ""quarterly"", ""period_duration_days"": 91, ""period_end"": ""2023-12-30"", ""period_start"": ""2023-10-01"", ""source_member"": ""financial_reports/aapl/condensed_consolidated_statement_of_cash_flows.json"", ""source_provenance_hash"": ""06fa562e48c0fb127bac27094411d7040c7457139a825a2fa50a7d9c0305cc63"", ""taxonomy"": ""us-gaap"", ""unit"": ""USD"", ""value"": 1927000000}"
AAPL,NetCashProvidedByUsedInFinancingActivities,2024-03-22,5082,4704,57,0,"[{""accession_number"": ""0000320193-24-000006"", ""filed_date"": ""2024-02-02"", ""filing_period_match_score"": 1, ""form"": ""10-Q"", ""fp"": ""Q1"", ""period_duration_days"": 91, ""period_end"": ""2023-12-30"", ""period_start"": ""2023-10-01""}]",AVAILABLE,latest PIT-safe economic period; filing-period duration preference applied,"{""accession_number"": ""0000320193-24-000006"", ""concept"": ""NetCashProvidedByUsedInFinancingActivities"", ""filed_date"": ""2024-02-02"", ""form"": ""10-Q"", ""fp"": ""Q1"", ""fy"": 2024, ""period_duration_class"": ""quarterly"", ""period_duration_days"": 91, ""period_end"": ""2023-12-30"", ""period_start"": ""2023-10-01"", ""source_member"": ""financial_reports/aapl/condensed_consolidated_statement_of_cash_flows.json"", ""source_provenance_hash"": ""52a6eeac79ca71f796813622839c828f9d294cc1d5ab81b256eec199d21bba88"", ""taxonomy"": ""us-gaap"", ""unit"": ""USD"", ""value"": -30585000000}"
AMZN,Assets,2024-03-22,3536,3302,60,0,"[{""accession_number"": ""0001018724-24-000008"", ""filed_date"": ""2024-02-02"", ""filing_period_match_score"": 0, ""form"": ""10-K"", ""fp"": ""FY"", ""period_duration_days"": null, ""period_end"": ""2023-12-31"", ""period_start"": """"}]",AVAILABLE,latest PIT-safe economic period; filing-period duration preference applied,"{""accession_number"": ""0001018724-24-000008"", ""concept"": ""Assets"", ""filed_date"": ""2024-02-02"", ""form"": ""10-K"", ""fp"": ""FY"", ""fy"": 2023, ""period_duration_class"": ""point_in_time"", ""period_duration_days"": null, ""period_end"": ""2023-12-31"", ""period_start"": """", ""source_member"": ""financial_reports/amzn/condensed_consolidated_balance_sheets.json"", ""source_provenance_hash"": ""d6fc766d65cf3f15392fa8a0d4c385b2d540cb7c858e62b35b8e55e2a248f725"", ""taxonomy"": ""us-gaap"", ""unit"": ""USD"", ""value"": 527854000000}"
AMZN,Liabilities,2024-03-22,0,0,0,0,[],UNAVAILABLE,no PIT-safe fact with period end,
AMZN,StockholdersEquity,2024-03-22,5668,5148,62,0,"[{""accession_number"": ""0001018724-24-000008"", ""filed_date"": ""2024-02-02"", ""filing_period_match_score"": 0, ""form"": ""10-K"", ""fp"": ""FY"", ""period_duration_days"": null, ""period_end"": ""2023-12-31"", ""period_start"": """"}]",AVAILABLE,latest PIT-safe economic period; filing-period duration preference applied,"{""accession_number"": ""0001018724-24-000008"", ""concept"": ""StockholdersEquity"", ""filed_date"": ""2024-02-02"", ""form"": ""10-K"", ""fp"": ""FY"", ""fy"": 2023, ""period_duration_class"": ""point_in_time"", ""period_duration_days"": null, ""period_end"": ""2023-12-31"", ""period_start"": """", ""source_member"": ""financial_reports/amzn/condensed_consolidated_balance_sheets.json"", ""source_provenance_hash"": ""7e5e29390df6bf65962673a7d172f907f9270ad83791bd993ef2be47e44495bb"", ""taxonomy"": ""us-gaap"", ""unit"": ""USD"", ""value"": 201875000000}"
AMZN,NetCashProvidedByUsedInOperatingActivities,2024-03-22,7800,7306,143,0,"[{""accession_number"": ""0001018724-24-000008"", ""filed_date"": ""2024-02-02"", ""filing_period_match_score"": 1, ""form"": ""10-K"", ""fp"": ""FY"", ""period_duration_days"": 365, ""period_end"": ""2023-12-31"", ""period_start"": ""2023-01-01""}]",AVAILABLE,latest PIT-safe economic period; filing-period duration preference applied,"{""accession_number"": ""0001018724-24-000008"", ""concept"": ""NetCashProvidedByUsedInOperatingActivities"", ""filed_date"": ""2024-02-02"", ""form"": ""10-K"", ""fp"": ""FY"", ""fy"": 2023, ""period_duration_class"": ""annual"", ""period_duration_days"": 365, ""period_end"": ""2023-12-31"", ""period_start"": ""2023-01-01"", ""source_member"": ""financial_reports/amzn/condensed_consolidated_statement_of_cash_flows.json"", ""source_provenance_hash"": ""a60abd42cd165c5dcbf563b391a70e8043b35272fbcf84c946425607a0ff5dbd"", ""taxonomy"": ""us-gaap"", ""unit"": ""USD"", ""value"": 84946000000}"
AMZN,NetCashProvidedByUsedInInvestingActivities,2024-03-22,7800,7306,143,0,"[{""accession_number"": ""0001018724-24-000008"", ""filed_date"": ""2024-02-02"", ""filing_period_match_score"": 1, ""form"": ""10-K"", ""fp"": ""FY"", ""period_duration_days"": 365, ""period_end"": ""2023-12-31"", ""period_start"": ""2023-01-01""}]",AVAILABLE,latest PIT-safe economic period; filing-period duration preference applied,"{""accession_number"": ""0001018724-24-000008"", ""concept"": ""NetCashProvidedByUsedInInvestingActivities"", ""filed_date"": ""2024-02-02"", ""form"": ""10-K"", ""fp"": ""FY"", ""fy"": 2023, ""period_duration_class"": ""annual"", ""period_duration_days"": 365, ""period_end"": ""2023-12-31"", ""period_start"": ""2023-01-01"", ""source_member"": ""financial_reports/amzn/condensed_consolidated_statement_of_cash_flows.json"", ""source_provenance_hash"": ""c09615d1cd56dd7f1b6163ad8daa495194226cfe693cb9982ad61f6df29201ea"", ""taxonomy"": ""us-gaap"", ""unit"": ""USD"", ""value"": -49833000000}"
AMZN,NetCashProvidedByUsedInFinancingActivities,2024-03-22,7800,7306,143,0,"[{""accession_number"": ""0001018724-24-000008"", ""filed_date"": ""2024-02-02"", ""filing_period_match_score"": 1, ""form"": ""10-K"", ""fp"": ""FY"", ""period_duration_days"": 365, ""period_end"": ""2023-12-31"", ""period_start"": ""2023-01-01""}]",AVAILABLE,latest PIT-safe economic period; filing-period duration preference applied,"{""accession_number"": ""0001018724-24-000008"", ""concept"": ""NetCashProvidedByUsedInFinancingActivities"", ""filed_date"": ""2024-02-02"", ""form"": ""10-K"", ""fp"": ""FY"", ""fy"": 2023, ""period_duration_class"": ""annual"", ""period_duration_days"": 365, ""period_end"": ""2023-12-31"", ""period_start"": ""2023-01-01"", ""source_member"": ""financial_reports/amzn/condensed_consolidated_statement_of_cash_flows.json"", ""source_provenance_hash"": ""85f2866168421f41f358dd7b724ca5f820eda5ce25a1b4efe7e31ed1dad2606c"", ""taxonomy"": ""us-gaap"", ""unit"": ""USD"", ""value"": -15879000000}"
JPM,Assets,2024-03-22,752,704,60,0,"[{""accession_number"": ""0000019617-24-000225"", ""filed_date"": ""2024-02-16"", ""filing_period_match_score"": 0, ""form"": ""10-K"", ""fp"": ""FY"", ""period_duration_days"": null, ""period_end"": ""2023-12-31"", ""period_start"": """"}]",AVAILABLE,latest PIT-safe economic period; filing-period duration preference applied,"{""accession_number"": ""0000019617-24-000225"", ""concept"": ""Assets"", ""filed_date"": ""2024-02-16"", ""form"": ""10-K"", ""fp"": ""FY"", ""fy"": 2023, ""period_duration_class"": ""point_in_time"", ""period_duration_days"": null, ""period_end"": ""2023-12-31"", ""period_start"": """", ""source_member"": ""financial_reports/jpm/condensed_consolidated_balance_sheets.json"", ""source_provenance_hash"": ""785286ca695e808817468e0f35bbad600e324b7940225586ba71890c02fcb151"", ""taxonomy"": ""us-gaap"", ""unit"": ""USD"", ""value"": 3875393000000}"
JPM,Liabilities,2024-03-22,540,508,60,0,"[{""accession_number"": ""0000019617-24-000225"", ""filed_date"": ""2024-02-16"", ""filing_period_match_score"": 0, ""form"": ""10-K"", ""fp"": ""FY"", ""period_duration_days"": null, ""period_end"": ""2023-12-31"", ""period_start"": """"}]",AVAILABLE,latest PIT-safe economic period; filing-period duration preference applied,"{""accession_number"": ""0000019617-24-000225"", ""concept"": ""Liabilities"", ""filed_date"": ""2024-02-16"", ""form"": ""10-K"", ""fp"": ""FY"", ""fy"": 2023, ""period_duration_class"": ""point_in_time"", ""period_duration_days"": null, ""period_end"": ""2023-12-31"", ""period_start"": """", ""source_member"": ""financial_reports/jpm/condensed_consolidated_balance_sheets.json"", ""source_provenance_hash"": ""54615bfb9cdbe1c99b9c84940fd23fba86aa24803437a6e68b46171a5855b6b1"", ""taxonomy"": ""us-gaap"", ""unit"": ""USD"", ""value"": 3547515000000}"
JPM,StockholdersEquity,2024-03-22,688,640,61,0,"[{""accession_number"": ""0000019617-24-000225"", ""filed_date"": ""2024-02-16"", ""filing_period_match_score"": 0, ""form"": ""10-K"", ""fp"": ""FY"", ""period_duration_days"": null, ""period_end"": ""2023-12-31"", ""period_start"": """"}]",AVAILABLE,latest PIT-safe economic period; filing-period duration preference applied,"{""accession_number"": ""0000019617-24-000225"", ""concept"": ""StockholdersEquity"", ""filed_date"": ""2024-02-16"", ""form"": ""10-K"", ""fp"": ""FY"", ""fy"": 2023, ""period_duration_class"": ""point_in_time"", ""period_duration_days"": null, ""period_end"": ""2023-12-31"", ""period_start"": """", ""source_member"": ""financial_reports/jpm/condensed_consolidated_balance_sheets.json"", ""source_provenance_hash"": ""c90bba9edf9c9d44d440f7b69ef951d85b00ca9e332d19b886f97d1de4037adb"", ""taxonomy"": ""us-gaap"", ""unit"": ""USD"", ""value"": 327878000000}"
JPM,NetCashProvidedByUsedInOperatingActivities,2024-03-22,604,568,64,0,"[{""accession_number"": ""0000019617-24-000225"", ""filed_date"": ""2024-02-16"", ""filing_period_match_score"": 1, ""form"": ""10-K"", ""fp"": ""FY"", ""period_duration_days"": 365, ""period_end"": ""2023-12-31"", ""period_start"": ""2023-01-01""}]",AVAILABLE,latest PIT-safe economic period; filing-period duration preference applied,"{""accession_number"": ""0000019617-24-000225"", ""concept"": ""NetCashProvidedByUsedInOperatingActivities"", ""filed_date"": ""2024-02-16"", ""form"": ""10-K"", ""fp"": ""FY"", ""fy"": 2023, ""period_duration_class"": ""annual"", ""period_duration_days"": 365, ""period_end"": ""2023-12-31"", ""period_start"": ""2023-01-01"", ""source_member"": ""financial_reports/jpm/condensed_consolidated_statement_of_cash_flows.json"", ""source_provenance_hash"": ""d1b2bf0507b6591bc62ca3d5bf07afa51f2f9cde0b1f574dc0a805e82f834aac"", ""taxonomy"": ""us-gaap"", ""unit"": ""USD"", ""value"": 12974000000}"
JPM,NetCashProvidedByUsedInInvestingActivities,2024-03-22,604,568,64,0,"[{""accession_number"": ""0000019617-24-000225"", ""filed_date"": ""2024-02-16"", ""filing_period_match_score"": 1, ""form"": ""10-K"", ""fp"": ""FY"", ""period_duration_days"": 365, ""period_end"": ""2023-12-31"", ""period_start"": ""2023-01-01""}]",AVAILABLE,latest PIT-safe economic period; filing-period duration preference applied,"{""accession_number"": ""0000019617-24-000225"", ""concept"": ""NetCashProvidedByUsedInInvestingActivities"", ""filed_date"": ""2024-02-16"", ""form"": ""10-K"", ""fp"": ""FY"", ""fy"": 2023, ""period_duration_class"": ""annual"", ""period_duration_days"": 365, ""period_end"": ""2023-12-31"", ""period_start"": ""2023-01-01"", ""source_member"": ""financial_reports/jpm/condensed_consolidated_statement_of_cash_flows.json"", ""source_provenance_hash"": ""64c59a5c23ca96348afa7013a57ef58b4162b9b8223f39820e594239b5aee6a6"", ""taxonomy"": ""us-gaap"", ""unit"": ""USD"", ""value"": 67643000000}"
JPM,NetCashProvidedByUsedInFinancingActivities,2024-03-22,604,568,64,0,"[{""accession_number"": ""0000019617-24-000225"", ""filed_date"": ""2024-02-16"", ""filing_period_match_score"": 1, ""form"": ""10-K"", ""fp"": ""FY"", ""period_duration_days"": 365, ""period_end"": ""2023-12-31"", ""period_start"": ""2023-01-01""}]",AVAILABLE,latest PIT-safe economic period; filing-period duration preference applied,"{""accession_number"": ""0000019617-24-000225"", ""concept"": ""NetCashProvidedByUsedInFinancingActivities"", ""filed_date"": ""2024-02-16"", ""form"": ""10-K"", ""fp"": ""FY"", ""fy"": 2023, ""period_duration_class"": ""annual"", ""period_duration_days"": 365, ""period_end"": ""2023-12-31"", ""period_start"": ""2023-01-01"", ""source_member"": ""financial_reports/jpm/condensed_consolidated_statement_of_cash_flows.json"", ""source_provenance_hash"": ""f549ed634eae0ab6181ce41c4e551ed0c21cfbecbb5dff56a45b0994240c1ab9"", ""taxonomy"": ""us-gaap"", ""unit"": ""USD"", ""value"": -25571000000}"
AAPL,Assets,2024-03-28,5628,5292,60,0,"[{""accession_number"": ""0000320193-24-000006"", ""filed_date"": ""2024-02-02"", ""filing_period_match_score"": 0, ""form"": ""10-Q"", ""fp"": ""Q1"", ""period_duration_days"": null, ""period_end"": ""2023-12-30"", ""period_start"": """"}]",AVAILABLE,latest PIT-safe economic period; filing-period duration preference applied,"{""accession_number"": ""0000320193-24-000006"", ""concept"": ""Assets"", ""filed_date"": ""2024-02-02"", ""form"": ""10-Q"", ""fp"": ""Q1"", ""fy"": 2024, ""period_duration_class"": ""point_in_time"", ""period_duration_days"": null, ""period_end"": ""2023-12-30"", ""period_start"": """", ""source_member"": ""financial_reports/aapl/condensed_consolidated_balance_sheets.json"", ""source_provenance_hash"": ""1db0ab33a515a943af29566e05a55b0a1a9ad8f25c25080751ee7d1985c252eb"", ""taxonomy"": ""us-gaap"", ""unit"": ""USD"", ""value"": 353514000000}"
AAPL,Liabilities,2024-03-28,5544,5208,60,0,"[{""accession_number"": ""0000320193-24-000006"", ""filed_date"": ""2024-02-02"", ""filing_period_match_score"": 0, ""form"": ""10-Q"", ""fp"": ""Q1"", ""period_duration_days"": null, ""period_end"": ""2023-12-30"", ""period_start"": """"}]",AVAILABLE,latest PIT-safe economic period; filing-period duration preference applied,"{""accession_number"": ""0000320193-24-000006"", ""concept"": ""Liabilities"", ""filed_date"": ""2024-02-02"", ""form"": ""10-Q"", ""fp"": ""Q1"", ""fy"": 2024, ""period_duration_class"": ""point_in_time"", ""period_duration_days"": null, ""period_end"": ""2023-12-30"", ""period_start"": """", ""source_member"": ""financial_reports/aapl/condensed_consolidated_balance_sheets.json"", ""source_provenance_hash"": ""07916b3164ccf25841337d7262abdf3bf4862e4454dc97e7e39c3c39d863993a"", ""taxonomy"": ""us-gaap"", ""unit"": ""USD"", ""value"": 279414000000}"
AAPL,StockholdersEquity,2024-03-28,9744,8904,62,0,"[{""accession_number"": ""0000320193-24-000006"", ""filed_date"": ""2024-02-02"", ""filing_period_match_score"": 0, ""form"": ""10-Q"", ""fp"": ""Q1"", ""period_duration_days"": null, ""period_end"": ""2023-12-30"", ""period_start"": """"}]",AVAILABLE,latest PIT-safe economic period; filing-period duration preference applied,"{""accession_number"": ""0000320193-24-000006"", ""concept"": ""StockholdersEquity"", ""filed_date"": ""2024-02-02"", ""form"": ""10-Q"", ""fp"": ""Q1"", ""fy"": 2024, ""period_duration_class"": ""point_in_time"", ""period_duration_days"": null, ""period_end"": ""2023-12-30"", ""period_start"": """", ""source_member"": ""financial_reports/aapl/condensed_consolidated_balance_sheets.json"", ""source_provenance_hash"": ""bf98f154a26a0aa129a18f7c773e208a69a7b332516ce4e2b2e8198456c791ff"", ""taxonomy"": ""us-gaap"", ""unit"": ""USD"", ""value"": 74100000000}"
AAPL,NetCashProvidedByUsedInOperatingActivities,2024-03-28,5082,4704,57,0,"[{""accession_number"": ""0000320193-24-000006"", ""filed_date"": ""2024-02-02"", ""filing_period_match_score"": 1, ""form"": ""10-Q"", ""fp"": ""Q1"", ""period_duration_days"": 91, ""period_end"": ""2023-12-30"", ""period_start"": ""2023-10-01""}]",AVAILABLE,latest PIT-safe economic period; filing-period duration preference applied,"{""accession_number"": ""0000320193-24-000006"", ""concept"": ""NetCashProvidedByUsedInOperatingActivities"", ""filed_date"": ""2024-02-02"", ""form"": ""10-Q"", ""fp"": ""Q1"", ""fy"": 2024, ""period_duration_class"": ""quarterly"", ""period_duration_days"": 91, ""period_end"": ""2023-12-30"", ""period_start"": ""2023-10-01"", ""source_member"": ""financial_reports/aapl/condensed_consolidated_statement_of_cash_flows.json"", ""source_provenance_hash"": ""fca3433c183825485a054844ab812837391876f177bccc6e85529e42a7b0ca00"", ""taxonomy"": ""us-gaap"", ""unit"": ""USD"", ""value"": 39895000000}"
AAPL,NetCashProvidedByUsedInInvestingActivities,2024-03-28,5082,4704,57,0,"[{""accession_number"": ""0000320193-24-000006"", ""filed_date"": ""2024-02-02"", ""filing_period_match_score"": 1, ""form"": ""10-Q"", ""fp"": ""Q1"", ""period_duration_days"": 91, ""period_end"": ""2023-12-30"", ""period_start"": ""2023-10-01""}]",AVAILABLE,latest PIT-safe economic period; filing-period duration preference applied,"{""accession_number"": ""0000320193-24-000006"", ""concept"": ""NetCashProvidedByUsedInInvestingActivities"", ""filed_date"": ""2024-02-02"", ""form"": ""10-Q"", ""fp"": ""Q1"", ""fy"": 2024, ""period_duration_class"": ""quarterly"", ""period_duration_days"": 91, ""period_end"": ""2023-12-30"", ""period_start"": ""2023-10-01"", ""source_member"": ""financial_reports/aapl/condensed_consolidated_statement_of_cash_flows.json"", ""source_provenance_hash"": ""06fa562e48c0fb127bac27094411d7040c7457139a825a2fa50a7d9c0305cc63"", ""taxonomy"": ""us-gaap"", ""unit"": ""USD"", ""value"": 1927000000}"
AAPL,NetCashProvidedByUsedInFinancingActivities,2024-03-28,5082,4704,57,0,"[{""accession_number"": ""0000320193-24-000006"", ""filed_date"": ""2024-02-02"", ""filing_period_match_score"": 1, ""form"": ""10-Q"", ""fp"": ""Q1"", ""period_duration_days"": 91, ""period_end"": ""2023-12-30"", ""period_start"": ""2023-10-01""}]",AVAILABLE,latest PIT-safe economic period; filing-period duration preference applied,"{""accession_number"": ""0000320193-24-000006"", ""concept"": ""NetCashProvidedByUsedInFinancingActivities"", ""filed_date"": ""2024-02-02"", ""form"": ""10-Q"", ""fp"": ""Q1"", ""fy"": 2024, ""period_duration_class"": ""quarterly"", ""period_duration_days"": 91, ""period_end"": ""2023-12-30"", ""period_start"": ""2023-10-01"", ""source_member"": ""financial_reports/aapl/condensed_consolidated_statement_of_cash_flows.json"", ""source_provenance_hash"": ""52a6eeac79ca71f796813622839c828f9d294cc1d5ab81b256eec199d21bba88"", ""taxonomy"": ""us-gaap"", ""unit"": ""USD"", ""value"": -30585000000}"
AMZN,Assets,2024-03-28,3536,3302,60,0,"[{""accession_number"": ""0001018724-24-000008"", ""filed_date"": ""2024-02-02"", ""filing_period_match_score"": 0, ""form"": ""10-K"", ""fp"": ""FY"", ""period_duration_days"": null, ""period_end"": ""2023-12-31"", ""period_start"": """"}]",AVAILABLE,latest PIT-safe economic period; filing-period duration preference applied,"{""accession_number"": ""0001018724-24-000008"", ""concept"": ""Assets"", ""filed_date"": ""2024-02-02"", ""form"": ""10-K"", ""fp"": ""FY"", ""fy"": 2023, ""period_duration_class"": ""point_in_time"", ""period_duration_days"": null, ""period_end"": ""2023-12-31"", ""period_start"": """", ""source_member"": ""financial_reports/amzn/condensed_consolidated_balance_sheets.json"", ""source_provenance_hash"": ""d6fc766d65cf3f15392fa8a0d4c385b2d540cb7c858e62b35b8e55e2a248f725"", ""taxonomy"": ""us-gaap"", ""unit"": ""USD"", ""value"": 527854000000}"
AMZN,Liabilities,2024-03-28,0,0,0,0,[],UNAVAILABLE,no PIT-safe fact with period end,
AMZN,StockholdersEquity,2024-03-28,5668,5148,62,0,"[{""accession_number"": ""0001018724-24-000008"", ""filed_date"": ""2024-02-02"", ""filing_period_match_score"": 0, ""form"": ""10-K"", ""fp"": ""FY"", ""period_duration_days"": null, ""period_end"": ""2023-12-31"", ""period_start"": """"}]",AVAILABLE,latest PIT-safe economic period; filing-period duration preference applied,"{""accession_number"": ""0001018724-24-000008"", ""concept"": ""StockholdersEquity"", ""filed_date"": ""2024-02-02"", ""form"": ""10-K"", ""fp"": ""FY"", ""fy"": 2023, ""period_duration_class"": ""point_in_time"", ""period_duration_days"": null, ""period_end"": ""2023-12-31"", ""period_start"": """", ""source_member"": ""financial_reports/amzn/condensed_consolidated_balance_sheets.json"", ""source_provenance_hash"": ""7e5e29390df6bf65962673a7d172f907f9270ad83791bd993ef2be47e44495bb"", ""taxonomy"": ""us-gaap"", ""unit"": ""USD"", ""value"": 201875000000}"
AMZN,NetCashProvidedByUsedInOperatingActivities,2024-03-28,7800,7306,143,0,"[{""accession_number"": ""0001018724-24-000008"", ""filed_date"": ""2024-02-02"", ""filing_period_match_score"": 1, ""form"": ""10-K"", ""fp"": ""FY"", ""period_duration_days"": 365, ""period_end"": ""2023-12-31"", ""period_start"": ""2023-01-01""}]",AVAILABLE,latest PIT-safe economic period; filing-period duration preference applied,"{""accession_number"": ""0001018724-24-000008"", ""concept"": ""NetCashProvidedByUsedInOperatingActivities"", ""filed_date"": ""2024-02-02"", ""form"": ""10-K"", ""fp"": ""FY"", ""fy"": 2023, ""period_duration_class"": ""annual"", ""period_duration_days"": 365, ""period_end"": ""2023-12-31"", ""period_start"": ""2023-01-01"", ""source_member"": ""financial_reports/amzn/condensed_consolidated_statement_of_cash_flows.json"", ""source_provenance_hash"": ""a60abd42cd165c5dcbf563b391a70e8043b35272fbcf84c946425607a0ff5dbd"", ""taxonomy"": ""us-gaap"", ""unit"": ""USD"", ""value"": 84946000000}"
AMZN,NetCashProvidedByUsedInInvestingActivities,2024-03-28,7800,7306,143,0,"[{""accession_number"": ""0001018724-24-000008"", ""filed_date"": ""2024-02-02"", ""filing_period_match_score"": 1, ""form"": ""10-K"", ""fp"": ""FY"", ""period_duration_days"": 365, ""period_end"": ""2023-12-31"", ""period_start"": ""2023-01-01""}]",AVAILABLE,latest PIT-safe economic period; filing-period duration preference applied,"{""accession_number"": ""0001018724-24-000008"", ""concept"": ""NetCashProvidedByUsedInInvestingActivities"", ""filed_date"": ""2024-02-02"", ""form"": ""10-K"", ""fp"": ""FY"", ""fy"": 2023, ""period_duration_class"": ""annual"", ""period_duration_days"": 365, ""period_end"": ""2023-12-31"", ""period_start"": ""2023-01-01"", ""source_member"": ""financial_reports/amzn/condensed_consolidated_statement_of_cash_flows.json"", ""source_provenance_hash"": ""c09615d1cd56dd7f1b6163ad8daa495194226cfe693cb9982ad61f6df29201ea"", ""taxonomy"": ""us-gaap"", ""unit"": ""USD"", ""value"": -49833000000}"
AMZN,NetCashProvidedByUsedInFinancingActivities,2024-03-28,7800,7306,143,0,"[{""accession_number"": ""0001018724-24-000008"", ""filed_date"": ""2024-02-02"", ""filing_period_match_score"": 1, ""form"": ""10-K"", ""fp"": ""FY"", ""period_duration_days"": 365, ""period_end"": ""2023-12-31"", ""period_start"": ""2023-01-01""}]",AVAILABLE,latest PIT-safe economic period; filing-period duration preference applied,"{""accession_number"": ""0001018724-24-000008"", ""concept"": ""NetCashProvidedByUsedInFinancingActivities"", ""filed_date"": ""2024-02-02"", ""form"": ""10-K"", ""fp"": ""FY"", ""fy"": 2023, ""period_duration_class"": ""annual"", ""period_duration_days"": 365, ""period_end"": ""2023-12-31"", ""period_start"": ""2023-01-01"", ""source_member"": ""financial_reports/amzn/condensed_consolidated_statement_of_cash_flows.json"", ""source_provenance_hash"": ""85f2866168421f41f358dd7b724ca5f820eda5ce25a1b4efe7e31ed1dad2606c"", ""taxonomy"": ""us-gaap"", ""unit"": ""USD"", ""value"": -15879000000}"
JPM,Assets,2024-03-28,752,704,60,0,"[{""accession_number"": ""0000019617-24-000225"", ""filed_date"": ""2024-02-16"", ""filing_period_match_score"": 0, ""form"": ""10-K"", ""fp"": ""FY"", ""period_duration_days"": null, ""period_end"": ""2023-12-31"", ""period_start"": """"}]",AVAILABLE,latest PIT-safe economic period; filing-period duration preference applied,"{""accession_number"": ""0000019617-24-000225"", ""concept"": ""Assets"", ""filed_date"": ""2024-02-16"", ""form"": ""10-K"", ""fp"": ""FY"", ""fy"": 2023, ""period_duration_class"": ""point_in_time"", ""period_duration_days"": null, ""period_end"": ""2023-12-31"", ""period_start"": """", ""source_member"": ""financial_reports/jpm/condensed_consolidated_balance_sheets.json"", ""source_provenance_hash"": ""785286ca695e808817468e0f35bbad600e324b7940225586ba71890c02fcb151"", ""taxonomy"": ""us-gaap"", ""unit"": ""USD"", ""value"": 3875393000000}"
JPM,Liabilities,2024-03-28,540,508,60,0,"[{""accession_number"": ""0000019617-24-000225"", ""filed_date"": ""2024-02-16"", ""filing_period_match_score"": 0, ""form"": ""10-K"", ""fp"": ""FY"", ""period_duration_days"": null, ""period_end"": ""2023-12-31"", ""period_start"": """"}]",AVAILABLE,latest PIT-safe economic period; filing-period duration preference applied,"{""accession_number"": ""0000019617-24-000225"", ""concept"": ""Liabilities"", ""filed_date"": ""2024-02-16"", ""form"": ""10-K"", ""fp"": ""FY"", ""fy"": 2023, ""period_duration_class"": ""point_in_time"", ""period_duration_days"": null, ""period_end"": ""2023-12-31"", ""period_start"": """", ""source_member"": ""financial_reports/jpm/condensed_consolidated_balance_sheets.json"", ""source_provenance_hash"": ""54615bfb9cdbe1c99b9c84940fd23fba86aa24803437a6e68b46171a5855b6b1"", ""taxonomy"": ""us-gaap"", ""unit"": ""USD"", ""value"": 3547515000000}"
JPM,StockholdersEquity,2024-03-28,688,640,61,0,"[{""accession_number"": ""0000019617-24-000225"", ""filed_date"": ""2024-02-16"", ""filing_period_match_score"": 0, ""form"": ""10-K"", ""fp"": ""FY"", ""period_duration_days"": null, ""period_end"": ""2023-12-31"", ""period_start"": """"}]",AVAILABLE,latest PIT-safe economic period; filing-period duration preference applied,"{""accession_number"": ""0000019617-24-000225"", ""concept"": ""StockholdersEquity"", ""filed_date"": ""2024-02-16"", ""form"": ""10-K"", ""fp"": ""FY"", ""fy"": 2023, ""period_duration_class"": ""point_in_time"", ""period_duration_days"": null, ""period_end"": ""2023-12-31"", ""period_start"": """", ""source_member"": ""financial_reports/jpm/condensed_consolidated_balance_sheets.json"", ""source_provenance_hash"": ""c90bba9edf9c9d44d440f7b69ef951d85b00ca9e332d19b886f97d1de4037adb"", ""taxonomy"": ""us-gaap"", ""unit"": ""USD"", ""value"": 327878000000}"
JPM,NetCashProvidedByUsedInOperatingActivities,2024-03-28,604,568,64,0,"[{""accession_number"": ""0000019617-24-000225"", ""filed_date"": ""2024-02-16"", ""filing_period_match_score"": 1, ""form"": ""10-K"", ""fp"": ""FY"", ""period_duration_days"": 365, ""period_end"": ""2023-12-31"", ""period_start"": ""2023-01-01""}]",AVAILABLE,latest PIT-safe economic period; filing-period duration preference applied,"{""accession_number"": ""0000019617-24-000225"", ""concept"": ""NetCashProvidedByUsedInOperatingActivities"", ""filed_date"": ""2024-02-16"", ""form"": ""10-K"", ""fp"": ""FY"", ""fy"": 2023, ""period_duration_class"": ""annual"", ""period_duration_days"": 365, ""period_end"": ""2023-12-31"", ""period_start"": ""2023-01-01"", ""source_member"": ""financial_reports/jpm/condensed_consolidated_statement_of_cash_flows.json"", ""source_provenance_hash"": ""d1b2bf0507b6591bc62ca3d5bf07afa51f2f9cde0b1f574dc0a805e82f834aac"", ""taxonomy"": ""us-gaap"", ""unit"": ""USD"", ""value"": 12974000000}"
JPM,NetCashProvidedByUsedInInvestingActivities,2024-03-28,604,568,64,0,"[{""accession_number"": ""0000019617-24-000225"", ""filed_date"": ""2024-02-16"", ""filing_period_match_score"": 1, ""form"": ""10-K"", ""fp"": ""FY"", ""period_duration_days"": 365, ""period_end"": ""2023-12-31"", ""period_start"": ""2023-01-01""}]",AVAILABLE,latest PIT-safe economic period; filing-period duration preference applied,"{""accession_number"": ""0000019617-24-000225"", ""concept"": ""NetCashProvidedByUsedInInvestingActivities"", ""filed_date"": ""2024-02-16"", ""form"": ""10-K"", ""fp"": ""FY"", ""fy"": 2023, ""period_duration_class"": ""annual"", ""period_duration_days"": 365, ""period_end"": ""2023-12-31"", ""period_start"": ""2023-01-01"", ""source_member"": ""financial_reports/jpm/condensed_consolidated_statement_of_cash_flows.json"", ""source_provenance_hash"": ""64c59a5c23ca96348afa7013a57ef58b4162b9b8223f39820e594239b5aee6a6"", ""taxonomy"": ""us-gaap"", ""unit"": ""USD"", ""value"": 67643000000}"
JPM,NetCashProvidedByUsedInFinancingActivities,2024-03-28,604,568,64,0,"[{""accession_number"": ""0000019617-24-000225"", ""filed_date"": ""2024-02-16"", ""filing_period_match_score"": 1, ""form"": ""10-K"", ""fp"": ""FY"", ""period_duration_days"": 365, ""period_end"": ""2023-12-31"", ""period_start"": ""2023-01-01""}]",AVAILABLE,latest PIT-safe economic period; filing-period duration preference applied,"{""accession_number"": ""0000019617-24-000225"", ""concept"": ""NetCashProvidedByUsedInFinancingActivities"", ""filed_date"": ""2024-02-16"", ""form"": ""10-K"", ""fp"": ""FY"", ""fy"": 2023, ""period_duration_class"": ""annual"", ""period_duration_days"": 365, ""period_end"": ""2023-12-31"", ""period_start"": ""2023-01-01"", ""source_member"": ""financial_reports/jpm/condensed_consolidated_statement_of_cash_flows.json"", ""source_provenance_hash"": ""f549ed634eae0ab6181ce41c4e551ed0c21cfbecbb5dff56a45b0994240c1ab9"", ""taxonomy"": ""us-gaap"", ""unit"": ""USD"", ""value"": -25571000000}"
AAPL,Assets,2024-04-05,5628,5292,60,0,"[{""accession_number"": ""0000320193-24-000006"", ""filed_date"": ""2024-02-02"", ""filing_period_match_score"": 0, ""form"": ""10-Q"", ""fp"": ""Q1"", ""period_duration_days"": null, ""period_end"": ""2023-12-30"", ""period_start"": """"}]",AVAILABLE,latest PIT-safe economic period; filing-period duration preference applied,"{""accession_number"": ""0000320193-24-000006"", ""concept"": ""Assets"", ""filed_date"": ""2024-02-02"", ""form"": ""10-Q"", ""fp"": ""Q1"", ""fy"": 2024, ""period_duration_class"": ""point_in_time"", ""period_duration_days"": null, ""period_end"": ""2023-12-30"", ""period_start"": """", ""source_member"": ""financial_reports/aapl/condensed_consolidated_balance_sheets.json"", ""source_provenance_hash"": ""1db0ab33a515a943af29566e05a55b0a1a9ad8f25c25080751ee7d1985c252eb"", ""taxonomy"": ""us-gaap"", ""unit"": ""USD"", ""value"": 353514000000}"
AAPL,Liabilities,2024-04-05,5544,5208,60,0,"[{""accession_number"": ""0000320193-24-000006"", ""filed_date"": ""2024-02-02"", ""filing_period_match_score"": 0, ""form"": ""10-Q"", ""fp"": ""Q1"", ""period_duration_days"": null, ""period_end"": ""2023-12-30"", ""period_start"": """"}]",AVAILABLE,latest PIT-safe economic period; filing-period duration preference applied,"{""accession_number"": ""0000320193-24-000006"", ""concept"": ""Liabilities"", ""filed_date"": ""2024-02-02"", ""form"": ""10-Q"", ""fp"": ""Q1"", ""fy"": 2024, ""period_duration_class"": ""point_in_time"", ""period_duration_days"": null, ""period_end"": ""2023-12-30"", ""period_start"": """", ""source_member"": ""financial_reports/aapl/condensed_consolidated_balance_sheets.json"", ""source_provenance_hash"": ""07916b3164ccf25841337d7262abdf3bf4862e4454dc97e7e39c3c39d863993a"", ""taxonomy"": ""us-gaap"", ""unit"": ""USD"", ""value"": 279414000000}"
AAPL,StockholdersEquity,2024-04-05,9744,8904,62,0,"[{""accession_number"": ""0000320193-24-000006"", ""filed_date"": ""2024-02-02"", ""filing_period_match_score"": 0, ""form"": ""10-Q"", ""fp"": ""Q1"", ""period_duration_days"": null, ""period_end"": ""2023-12-30"", ""period_start"": """"}]",AVAILABLE,latest PIT-safe economic period; filing-period duration preference applied,"{""accession_number"": ""0000320193-24-000006"", ""concept"": ""StockholdersEquity"", ""filed_date"": ""2024-02-02"", ""form"": ""10-Q"", ""fp"": ""Q1"", ""fy"": 2024, ""period_duration_class"": ""point_in_time"", ""period_duration_days"": null, ""period_end"": ""2023-12-30"", ""period_start"": """", ""source_member"": ""financial_reports/aapl/condensed_consolidated_balance_sheets.json"", ""source_provenance_hash"": ""bf98f154a26a0aa129a18f7c773e208a69a7b332516ce4e2b2e8198456c791ff"", ""taxonomy"": ""us-gaap"", ""unit"": ""USD"", ""value"": 74100000000}"
AAPL,NetCashProvidedByUsedInOperatingActivities,2024-04-05,5082,4704,57,0,"[{""accession_number"": ""0000320193-24-000006"", ""filed_date"": ""2024-02-02"", ""filing_period_match_score"": 1, ""form"": ""10-Q"", ""fp"": ""Q1"", ""period_duration_days"": 91, ""period_end"": ""2023-12-30"", ""period_start"": ""2023-10-01""}]",AVAILABLE,latest PIT-safe economic period; filing-period duration preference applied,"{""accession_number"": ""0000320193-24-000006"", ""concept"": ""NetCashProvidedByUsedInOperatingActivities"", ""filed_date"": ""2024-02-02"", ""form"": ""10-Q"", ""fp"": ""Q1"", ""fy"": 2024, ""period_duration_class"": ""quarterly"", ""period_duration_days"": 91, ""period_end"": ""2023-12-30"", ""period_start"": ""2023-10-01"", ""source_member"": ""financial_reports/aapl/condensed_consolidated_statement_of_cash_flows.json"", ""source_provenance_hash"": ""fca3433c183825485a054844ab812837391876f177bccc6e85529e42a7b0ca00"", ""taxonomy"": ""us-gaap"", ""unit"": ""USD"", ""value"": 39895000000}"
AAPL,NetCashProvidedByUsedInInvestingActivities,2024-04-05,5082,4704,57,0,"[{""accession_number"": ""0000320193-24-000006"", ""filed_date"": ""2024-02-02"", ""filing_period_match_score"": 1, ""form"": ""10-Q"", ""fp"": ""Q1"", ""period_duration_days"": 91, ""period_end"": ""2023-12-30"", ""period_start"": ""2023-10-01""}]",AVAILABLE,latest PIT-safe economic period; filing-period duration preference applied,"{""accession_number"": ""0000320193-24-000006"", ""concept"": ""NetCashProvidedByUsedInInvestingActivities"", ""filed_date"": ""2024-02-02"", ""form"": ""10-Q"", ""fp"": ""Q1"", ""fy"": 2024, ""period_duration_class"": ""quarterly"", ""period_duration_days"": 91, ""period_end"": ""2023-12-30"", ""period_start"": ""2023-10-01"", ""source_member"": ""financial_reports/aapl/condensed_consolidated_statement_of_cash_flows.json"", ""source_provenance_hash"": ""06fa562e48c0fb127bac27094411d7040c7457139a825a2fa50a7d9c0305cc63"", ""taxonomy"": ""us-gaap"", ""unit"": ""USD"", ""value"": 1927000000}"
AAPL,NetCashProvidedByUsedInFinancingActivities,2024-04-05,5082,4704,57,0,"[{""accession_number"": ""0000320193-24-000006"", ""filed_date"": ""2024-02-02"", ""filing_period_match_score"": 1, ""form"": ""10-Q"", ""fp"": ""Q1"", ""period_duration_days"": 91, ""period_end"": ""2023-12-30"", ""period_start"": ""2023-10-01""}]",AVAILABLE,latest PIT-safe economic period; filing-period duration preference applied,"{""accession_number"": ""0000320193-24-000006"", ""concept"": ""NetCashProvidedByUsedInFinancingActivities"", ""filed_date"": ""2024-02-02"", ""form"": ""10-Q"", ""fp"": ""Q1"", ""fy"": 2024, ""period_duration_class"": ""quarterly"", ""period_duration_days"": 91, ""period_end"": ""2023-12-30"", ""period_start"": ""2023-10-01"", ""source_member"": ""financial_reports/aapl/condensed_consolidated_statement_of_cash_flows.json"", ""source_provenance_hash"": ""52a6eeac79ca71f796813622839c828f9d294cc1d5ab81b256eec199d21bba88"", ""taxonomy"": ""us-gaap"", ""unit"": ""USD"", ""value"": -30585000000}"
AMZN,Assets,2024-04-05,3536,3302,60,0,"[{""accession_number"": ""0001018724-24-000008"", ""filed_date"": ""2024-02-02"", ""filing_period_match_score"": 0, ""form"": ""10-K"", ""fp"": ""FY"", ""period_duration_days"": null, ""period_end"": ""2023-12-31"", ""period_start"": """"}]",AVAILABLE,latest PIT-safe economic period; filing-period duration preference applied,"{""accession_number"": ""0001018724-24-000008"", ""concept"": ""Assets"", ""filed_date"": ""2024-02-02"", ""form"": ""10-K"", ""fp"": ""FY"", ""fy"": 2023, ""period_duration_class"": ""point_in_time"", ""period_duration_days"": null, ""period_end"": ""2023-12-31"", ""period_start"": """", ""source_member"": ""financial_reports/amzn/condensed_consolidated_balance_sheets.json"", ""source_provenance_hash"": ""d6fc766d65cf3f15392fa8a0d4c385b2d540cb7c858e62b35b8e55e2a248f725"", ""taxonomy"": ""us-gaap"", ""unit"": ""USD"", ""value"": 527854000000}"
AMZN,Liabilities,2024-04-05,0,0,0,0,[],UNAVAILABLE,no PIT-safe fact with period end,
AMZN,StockholdersEquity,2024-04-05,5668,5148,62,0,"[{""accession_number"": ""0001018724-24-000008"", ""filed_date"": ""2024-02-02"", ""filing_period_match_score"": 0, ""form"": ""10-K"", ""fp"": ""FY"", ""period_duration_days"": null, ""period_end"": ""2023-12-31"", ""period_start"": """"}]",AVAILABLE,latest PIT-safe economic period; filing-period duration preference applied,"{""accession_number"": ""0001018724-24-000008"", ""concept"": ""StockholdersEquity"", ""filed_date"": ""2024-02-02"", ""form"": ""10-K"", ""fp"": ""FY"", ""fy"": 2023, ""period_duration_class"": ""point_in_time"", ""period_duration_days"": null, ""period_end"": ""2023-12-31"", ""period_start"": """", ""source_member"": ""financial_reports/amzn/condensed_consolidated_balance_sheets.json"", ""source_provenance_hash"": ""7e5e29390df6bf65962673a7d172f907f9270ad83791bd993ef2be47e44495bb"", ""taxonomy"": ""us-gaap"", ""unit"": ""USD"", ""value"": 201875000000}"
AMZN,NetCashProvidedByUsedInOperatingActivities,2024-04-05,7800,7306,143,0,"[{""accession_number"": ""0001018724-24-000008"", ""filed_date"": ""2024-02-02"", ""filing_period_match_score"": 1, ""form"": ""10-K"", ""fp"": ""FY"", ""period_duration_days"": 365, ""period_end"": ""2023-12-31"", ""period_start"": ""2023-01-01""}]",AVAILABLE,latest PIT-safe economic period; filing-period duration preference applied,"{""accession_number"": ""0001018724-24-000008"", ""concept"": ""NetCashProvidedByUsedInOperatingActivities"", ""filed_date"": ""2024-02-02"", ""form"": ""10-K"", ""fp"": ""FY"", ""fy"": 2023, ""period_duration_class"": ""annual"", ""period_duration_days"": 365, ""period_end"": ""2023-12-31"", ""period_start"": ""2023-01-01"", ""source_member"": ""financial_reports/amzn/condensed_consolidated_statement_of_cash_flows.json"", ""source_provenance_hash"": ""a60abd42cd165c5dcbf563b391a70e8043b35272fbcf84c946425607a0ff5dbd"", ""taxonomy"": ""us-gaap"", ""unit"": ""USD"", ""value"": 84946000000}"
AMZN,NetCashProvidedByUsedInInvestingActivities,2024-04-05,7800,7306,143,0,"[{""accession_number"": ""0001018724-24-000008"", ""filed_date"": ""2024-02-02"", ""filing_period_match_score"": 1, ""form"": ""10-K"", ""fp"": ""FY"", ""period_duration_days"": 365, ""period_end"": ""2023-12-31"", ""period_start"": ""2023-01-01""}]",AVAILABLE,latest PIT-safe economic period; filing-period duration preference applied,"{""accession_number"": ""0001018724-24-000008"", ""concept"": ""NetCashProvidedByUsedInInvestingActivities"", ""filed_date"": ""2024-02-02"", ""form"": ""10-K"", ""fp"": ""FY"", ""fy"": 2023, ""period_duration_class"": ""annual"", ""period_duration_days"": 365, ""period_end"": ""2023-12-31"", ""period_start"": ""2023-01-01"", ""source_member"": ""financial_reports/amzn/condensed_consolidated_statement_of_cash_flows.json"", ""source_provenance_hash"": ""c09615d1cd56dd7f1b6163ad8daa495194226cfe693cb9982ad61f6df29201ea"", ""taxonomy"": ""us-gaap"", ""unit"": ""USD"", ""value"": -49833000000}"
AMZN,NetCashProvidedByUsedInFinancingActivities,2024-04-05,7800,7306,143,0,"[{""accession_number"": ""0001018724-24-000008"", ""filed_date"": ""2024-02-02"", ""filing_period_match_score"": 1, ""form"": ""10-K"", ""fp"": ""FY"", ""period_duration_days"": 365, ""period_end"": ""2023-12-31"", ""period_start"": ""2023-01-01""}]",AVAILABLE,latest PIT-safe economic period; filing-period duration preference applied,"{""accession_number"": ""0001018724-24-000008"", ""concept"": ""NetCashProvidedByUsedInFinancingActivities"", ""filed_date"": ""2024-02-02"", ""form"": ""10-K"", ""fp"": ""FY"", ""fy"": 2023, ""period_duration_class"": ""annual"", ""period_duration_days"": 365, ""period_end"": ""2023-12-31"", ""period_start"": ""2023-01-01"", ""source_member"": ""financial_reports/amzn/condensed_consolidated_statement_of_cash_flows.json"", ""source_provenance_hash"": ""85f2866168421f41f358dd7b724ca5f820eda5ce25a1b4efe7e31ed1dad2606c"", ""taxonomy"": ""us-gaap"", ""unit"": ""USD"", ""value"": -15879000000}"
JPM,Assets,2024-04-05,752,704,60,0,"[{""accession_number"": ""0000019617-24-000225"", ""filed_date"": ""2024-02-16"", ""filing_period_match_score"": 0, ""form"": ""10-K"", ""fp"": ""FY"", ""period_duration_days"": null, ""period_end"": ""2023-12-31"", ""period_start"": """"}]",AVAILABLE,latest PIT-safe economic period; filing-period duration preference applied,"{""accession_number"": ""0000019617-24-000225"", ""concept"": ""Assets"", ""filed_date"": ""2024-02-16"", ""form"": ""10-K"", ""fp"": ""FY"", ""fy"": 2023, ""period_duration_class"": ""point_in_time"", ""period_duration_days"": null, ""period_end"": ""2023-12-31"", ""period_start"": """", ""source_member"": ""financial_reports/jpm/condensed_consolidated_balance_sheets.json"", ""source_provenance_hash"": ""785286ca695e808817468e0f35bbad600e324b7940225586ba71890c02fcb151"", ""taxonomy"": ""us-gaap"", ""unit"": ""USD"", ""value"": 3875393000000}"
JPM,Liabilities,2024-04-05,540,508,60,0,"[{""accession_number"": ""0000019617-24-000225"", ""filed_date"": ""2024-02-16"", ""filing_period_match_score"": 0, ""form"": ""10-K"", ""fp"": ""FY"", ""period_duration_days"": null, ""period_end"": ""2023-12-31"", ""period_start"": """"}]",AVAILABLE,latest PIT-safe economic period; filing-period duration preference applied,"{""accession_number"": ""0000019617-24-000225"", ""concept"": ""Liabilities"", ""filed_date"": ""2024-02-16"", ""form"": ""10-K"", ""fp"": ""FY"", ""fy"": 2023, ""period_duration_class"": ""point_in_time"", ""period_duration_days"": null, ""period_end"": ""2023-12-31"", ""period_start"": """", ""source_member"": ""financial_reports/jpm/condensed_consolidated_balance_sheets.json"", ""source_provenance_hash"": ""54615bfb9cdbe1c99b9c84940fd23fba86aa24803437a6e68b46171a5855b6b1"", ""taxonomy"": ""us-gaap"", ""unit"": ""USD"", ""value"": 3547515000000}"
JPM,StockholdersEquity,2024-04-05,688,640,61,0,"[{""accession_number"": ""0000019617-24-000225"", ""filed_date"": ""2024-02-16"", ""filing_period_match_score"": 0, ""form"": ""10-K"", ""fp"": ""FY"", ""period_duration_days"": null, ""period_end"": ""2023-12-31"", ""period_start"": """"}]",AVAILABLE,latest PIT-safe economic period; filing-period duration preference applied,"{""accession_number"": ""0000019617-24-000225"", ""concept"": ""StockholdersEquity"", ""filed_date"": ""2024-02-16"", ""form"": ""10-K"", ""fp"": ""FY"", ""fy"": 2023, ""period_duration_class"": ""point_in_time"", ""period_duration_days"": null, ""period_end"": ""2023-12-31"", ""period_start"": """", ""source_member"": ""financial_reports/jpm/condensed_consolidated_balance_sheets.json"", ""source_provenance_hash"": ""c90bba9edf9c9d44d440f7b69ef951d85b00ca9e332d19b886f97d1de4037adb"", ""taxonomy"": ""us-gaap"", ""unit"": ""USD"", ""value"": 327878000000}"
JPM,NetCashProvidedByUsedInOperatingActivities,2024-04-05,604,568,64,0,"[{""accession_number"": ""0000019617-24-000225"", ""filed_date"": ""2024-02-16"", ""filing_period_match_score"": 1, ""form"": ""10-K"", ""fp"": ""FY"", ""period_duration_days"": 365, ""period_end"": ""2023-12-31"", ""period_start"": ""2023-01-01""}]",AVAILABLE,latest PIT-safe economic period; filing-period duration preference applied,"{""accession_number"": ""0000019617-24-000225"", ""concept"": ""NetCashProvidedByUsedInOperatingActivities"", ""filed_date"": ""2024-02-16"", ""form"": ""10-K"", ""fp"": ""FY"", ""fy"": 2023, ""period_duration_class"": ""annual"", ""period_duration_days"": 365, ""period_end"": ""2023-12-31"", ""period_start"": ""2023-01-01"", ""source_member"": ""financial_reports/jpm/condensed_consolidated_statement_of_cash_flows.json"", ""source_provenance_hash"": ""d1b2bf0507b6591bc62ca3d5bf07afa51f2f9cde0b1f574dc0a805e82f834aac"", ""taxonomy"": ""us-gaap"", ""unit"": ""USD"", ""value"": 12974000000}"
JPM,NetCashProvidedByUsedInInvestingActivities,2024-04-05,604,568,64,0,"[{""accession_number"": ""0000019617-24-000225"", ""filed_date"": ""2024-02-16"", ""filing_period_match_score"": 1, ""form"": ""10-K"", ""fp"": ""FY"", ""period_duration_days"": 365, ""period_end"": ""2023-12-31"", ""period_start"": ""2023-01-01""}]",AVAILABLE,latest PIT-safe economic period; filing-period duration preference applied,"{""accession_number"": ""0000019617-24-000225"", ""concept"": ""NetCashProvidedByUsedInInvestingActivities"", ""filed_date"": ""2024-02-16"", ""form"": ""10-K"", ""fp"": ""FY"", ""fy"": 2023, ""period_duration_class"": ""annual"", ""period_duration_days"": 365, ""period_end"": ""2023-12-31"", ""period_start"": ""2023-01-01"", ""source_member"": ""financial_reports/jpm/condensed_consolidated_statement_of_cash_flows.json"", ""source_provenance_hash"": ""64c59a5c23ca96348afa7013a57ef58b4162b9b8223f39820e594239b5aee6a6"", ""taxonomy"": ""us-gaap"", ""unit"": ""USD"", ""value"": 67643000000}"
JPM,NetCashProvidedByUsedInFinancingActivities,2024-04-05,604,568,64,0,"[{""accession_number"": ""0000019617-24-000225"", ""filed_date"": ""2024-02-16"", ""filing_period_match_score"": 1, ""form"": ""10-K"", ""fp"": ""FY"", ""period_duration_days"": 365, ""period_end"": ""2023-12-31"", ""period_start"": ""2023-01-01""}]",AVAILABLE,latest PIT-safe economic period; filing-period duration preference applied,"{""accession_number"": ""0000019617-24-000225"", ""concept"": ""NetCashProvidedByUsedInFinancingActivities"", ""filed_date"": ""2024-02-16"", ""form"": ""10-K"", ""fp"": ""FY"", ""fy"": 2023, ""period_duration_class"": ""annual"", ""period_duration_days"": 365, ""period_end"": ""2023-12-31"", ""period_start"": ""2023-01-01"", ""source_member"": ""financial_reports/jpm/condensed_consolidated_statement_of_cash_flows.json"", ""source_provenance_hash"": ""f549ed634eae0ab6181ce41c4e551ed0c21cfbecbb5dff56a45b0994240c1ab9"", ""taxonomy"": ""us-gaap"", ""unit"": ""USD"", ""value"": -25571000000}"
AAPL,Assets,2024-04-12,5628,5292,60,0,"[{""accession_number"": ""0000320193-24-000006"", ""filed_date"": ""2024-02-02"", ""filing_period_match_score"": 0, ""form"": ""10-Q"", ""fp"": ""Q1"", ""period_duration_days"": null, ""period_end"": ""2023-12-30"", ""period_start"": """"}]",AVAILABLE,latest PIT-safe economic period; filing-period duration preference applied,"{""accession_number"": ""0000320193-24-000006"", ""concept"": ""Assets"", ""filed_date"": ""2024-02-02"", ""form"": ""10-Q"", ""fp"": ""Q1"", ""fy"": 2024, ""period_duration_class"": ""point_in_time"", ""period_duration_days"": null, ""period_end"": ""2023-12-30"", ""period_start"": """", ""source_member"": ""financial_reports/aapl/condensed_consolidated_balance_sheets.json"", ""source_provenance_hash"": ""1db0ab33a515a943af29566e05a55b0a1a9ad8f25c25080751ee7d1985c252eb"", ""taxonomy"": ""us-gaap"", ""unit"": ""USD"", ""value"": 353514000000}"
AAPL,Liabilities,2024-04-12,5544,5208,60,0,"[{""accession_number"": ""0000320193-24-000006"", ""filed_date"": ""2024-02-02"", ""filing_period_match_score"": 0, ""form"": ""10-Q"", ""fp"": ""Q1"", ""period_duration_days"": null, ""period_end"": ""2023-12-30"", ""period_start"": """"}]",AVAILABLE,latest PIT-safe economic period; filing-period duration preference applied,"{""accession_number"": ""0000320193-24-000006"", ""concept"": ""Liabilities"", ""filed_date"": ""2024-02-02"", ""form"": ""10-Q"", ""fp"": ""Q1"", ""fy"": 2024, ""period_duration_class"": ""point_in_time"", ""period_duration_days"": null, ""period_end"": ""2023-12-30"", ""period_start"": """", ""source_member"": ""financial_reports/aapl/condensed_consolidated_balance_sheets.json"", ""source_provenance_hash"": ""07916b3164ccf25841337d7262abdf3bf4862e4454dc97e7e39c3c39d863993a"", ""taxonomy"": ""us-gaap"", ""unit"": ""USD"", ""value"": 279414000000}"
AAPL,StockholdersEquity,2024-04-12,9744,8904,62,0,"[{""accession_number"": ""0000320193-24-000006"", ""filed_date"": ""2024-02-02"", ""filing_period_match_score"": 0, ""form"": ""10-Q"", ""fp"": ""Q1"", ""period_duration_days"": null, ""period_end"": ""2023-12-30"", ""period_start"": """"}]",AVAILABLE,latest PIT-safe economic period; filing-period duration preference applied,"{""accession_number"": ""0000320193-24-000006"", ""concept"": ""StockholdersEquity"", ""filed_date"": ""2024-02-02"", ""form"": ""10-Q"", ""fp"": ""Q1"", ""fy"": 2024, ""period_duration_class"": ""point_in_time"", ""period_duration_days"": null, ""period_end"": ""2023-12-30"", ""period_start"": """", ""source_member"": ""financial_reports/aapl/condensed_consolidated_balance_sheets.json"", ""source_provenance_hash"": ""bf98f154a26a0aa129a18f7c773e208a69a7b332516ce4e2b2e8198456c791ff"", ""taxonomy"": ""us-gaap"", ""unit"": ""USD"", ""value"": 74100000000}"
AAPL,NetCashProvidedByUsedInOperatingActivities,2024-04-12,5082,4704,57,0,"[{""accession_number"": ""0000320193-24-000006"", ""filed_date"": ""2024-02-02"", ""filing_period_match_score"": 1, ""form"": ""10-Q"", ""fp"": ""Q1"", ""period_duration_days"": 91, ""period_end"": ""2023-12-30"", ""period_start"": ""2023-10-01""}]",AVAILABLE,latest PIT-safe economic period; filing-period duration preference applied,"{""accession_number"": ""0000320193-24-000006"", ""concept"": ""NetCashProvidedByUsedInOperatingActivities"", ""filed_date"": ""2024-02-02"", ""form"": ""10-Q"", ""fp"": ""Q1"", ""fy"": 2024, ""period_duration_class"": ""quarterly"", ""period_duration_days"": 91, ""period_end"": ""2023-12-30"", ""period_start"": ""2023-10-01"", ""source_member"": ""financial_reports/aapl/condensed_consolidated_statement_of_cash_flows.json"", ""source_provenance_hash"": ""fca3433c183825485a054844ab812837391876f177bccc6e85529e42a7b0ca00"", ""taxonomy"": ""us-gaap"", ""unit"": ""USD"", ""value"": 39895000000}"
AAPL,NetCashProvidedByUsedInInvestingActivities,2024-04-12,5082,4704,57,0,"[{""accession_number"": ""0000320193-24-000006"", ""filed_date"": ""2024-02-02"", ""filing_period_match_score"": 1, ""form"": ""10-Q"", ""fp"": ""Q1"", ""period_duration_days"": 91, ""period_end"": ""2023-12-30"", ""period_start"": ""2023-10-01""}]",AVAILABLE,latest PIT-safe economic period; filing-period duration preference applied,"{""accession_number"": ""0000320193-24-000006"", ""concept"": ""NetCashProvidedByUsedInInvestingActivities"", ""filed_date"": ""2024-02-02"", ""form"": ""10-Q"", ""fp"": ""Q1"", ""fy"": 2024, ""period_duration_class"": ""quarterly"", ""period_duration_days"": 91, ""period_end"": ""2023-12-30"", ""period_start"": ""2023-10-01"", ""source_member"": ""financial_reports/aapl/condensed_consolidated_statement_of_cash_flows.json"", ""source_provenance_hash"": ""06fa562e48c0fb127bac27094411d7040c7457139a825a2fa50a7d9c0305cc63"", ""taxonomy"": ""us-gaap"", ""unit"": ""USD"", ""value"": 1927000000}"
AAPL,NetCashProvidedByUsedInFinancingActivities,2024-04-12,5082,4704,57,0,"[{""accession_number"": ""0000320193-24-000006"", ""filed_date"": ""2024-02-02"", ""filing_period_match_score"": 1, ""form"": ""10-Q"", ""fp"": ""Q1"", ""period_duration_days"": 91, ""period_end"": ""2023-12-30"", ""period_start"": ""2023-10-01""}]",AVAILABLE,latest PIT-safe economic period; filing-period duration preference applied,"{""accession_number"": ""0000320193-24-000006"", ""concept"": ""NetCashProvidedByUsedInFinancingActivities"", ""filed_date"": ""2024-02-02"", ""form"": ""10-Q"", ""fp"": ""Q1"", ""fy"": 2024, ""period_duration_class"": ""quarterly"", ""period_duration_days"": 91, ""period_end"": ""2023-12-30"", ""period_start"": ""2023-10-01"", ""source_member"": ""financial_reports/aapl/condensed_consolidated_statement_of_cash_flows.json"", ""source_provenance_hash"": ""52a6eeac79ca71f796813622839c828f9d294cc1d5ab81b256eec199d21bba88"", ""taxonomy"": ""us-gaap"", ""unit"": ""USD"", ""value"": -30585000000}"
AMZN,Assets,2024-04-12,3536,3302,60,0,"[{""accession_number"": ""0001018724-24-000008"", ""filed_date"": ""2024-02-02"", ""filing_period_match_score"": 0, ""form"": ""10-K"", ""fp"": ""FY"", ""period_duration_days"": null, ""period_end"": ""2023-12-31"", ""period_start"": """"}]",AVAILABLE,latest PIT-safe economic period; filing-period duration preference applied,"{""accession_number"": ""0001018724-24-000008"", ""concept"": ""Assets"", ""filed_date"": ""2024-02-02"", ""form"": ""10-K"", ""fp"": ""FY"", ""fy"": 2023, ""period_duration_class"": ""point_in_time"", ""period_duration_days"": null, ""period_end"": ""2023-12-31"", ""period_start"": """", ""source_member"": ""financial_reports/amzn/condensed_consolidated_balance_sheets.json"", ""source_provenance_hash"": ""d6fc766d65cf3f15392fa8a0d4c385b2d540cb7c858e62b35b8e55e2a248f725"", ""taxonomy"": ""us-gaap"", ""unit"": ""USD"", ""value"": 527854000000}"
AMZN,Liabilities,2024-04-12,0,0,0,0,[],UNAVAILABLE,no PIT-safe fact with period end,
AMZN,StockholdersEquity,2024-04-12,5668,5148,62,0,"[{""accession_number"": ""0001018724-24-000008"", ""filed_date"": ""2024-02-02"", ""filing_period_match_score"": 0, ""form"": ""10-K"", ""fp"": ""FY"", ""period_duration_days"": null, ""period_end"": ""2023-12-31"", ""period_start"": """"}]",AVAILABLE,latest PIT-safe economic period; filing-period duration preference applied,"{""accession_number"": ""0001018724-24-000008"", ""concept"": ""StockholdersEquity"", ""filed_date"": ""2024-02-02"", ""form"": ""10-K"", ""fp"": ""FY"", ""fy"": 2023, ""period_duration_class"": ""point_in_time"", ""period_duration_days"": null, ""period_end"": ""2023-12-31"", ""period_start"": """", ""source_member"": ""financial_reports/amzn/condensed_consolidated_balance_sheets.json"", ""source_provenance_hash"": ""7e5e29390df6bf65962673a7d172f907f9270ad83791bd993ef2be47e44495bb"", ""taxonomy"": ""us-gaap"", ""unit"": ""USD"", ""value"": 201875000000}"
AMZN,NetCashProvidedByUsedInOperatingActivities,2024-04-12,7800,7306,143,0,"[{""accession_number"": ""0001018724-24-000008"", ""filed_date"": ""2024-02-02"", ""filing_period_match_score"": 1, ""form"": ""10-K"", ""fp"": ""FY"", ""period_duration_days"": 365, ""period_end"": ""2023-12-31"", ""period_start"": ""2023-01-01""}]",AVAILABLE,latest PIT-safe economic period; filing-period duration preference applied,"{""accession_number"": ""0001018724-24-000008"", ""concept"": ""NetCashProvidedByUsedInOperatingActivities"", ""filed_date"": ""2024-02-02"", ""form"": ""10-K"", ""fp"": ""FY"", ""fy"": 2023, ""period_duration_class"": ""annual"", ""period_duration_days"": 365, ""period_end"": ""2023-12-31"", ""period_start"": ""2023-01-01"", ""source_member"": ""financial_reports/amzn/condensed_consolidated_statement_of_cash_flows.json"", ""source_provenance_hash"": ""a60abd42cd165c5dcbf563b391a70e8043b35272fbcf84c946425607a0ff5dbd"", ""taxonomy"": ""us-gaap"", ""unit"": ""USD"", ""value"": 84946000000}"
AMZN,NetCashProvidedByUsedInInvestingActivities,2024-04-12,7800,7306,143,0,"[{""accession_number"": ""0001018724-24-000008"", ""filed_date"": ""2024-02-02"", ""filing_period_match_score"": 1, ""form"": ""10-K"", ""fp"": ""FY"", ""period_duration_days"": 365, ""period_end"": ""2023-12-31"", ""period_start"": ""2023-01-01""}]",AVAILABLE,latest PIT-safe economic period; filing-period duration preference applied,"{""accession_number"": ""0001018724-24-000008"", ""concept"": ""NetCashProvidedByUsedInInvestingActivities"", ""filed_date"": ""2024-02-02"", ""form"": ""10-K"", ""fp"": ""FY"", ""fy"": 2023, ""period_duration_class"": ""annual"", ""period_duration_days"": 365, ""period_end"": ""2023-12-31"", ""period_start"": ""2023-01-01"", ""source_member"": ""financial_reports/amzn/condensed_consolidated_statement_of_cash_flows.json"", ""source_provenance_hash"": ""c09615d1cd56dd7f1b6163ad8daa495194226cfe693cb9982ad61f6df29201ea"", ""taxonomy"": ""us-gaap"", ""unit"": ""USD"", ""value"": -49833000000}"
AMZN,NetCashProvidedByUsedInFinancingActivities,2024-04-12,7800,7306,143,0,"[{""accession_number"": ""0001018724-24-000008"", ""filed_date"": ""2024-02-02"", ""filing_period_match_score"": 1, ""form"": ""10-K"", ""fp"": ""FY"", ""period_duration_days"": 365, ""period_end"": ""2023-12-31"", ""period_start"": ""2023-01-01""}]",AVAILABLE,latest PIT-safe economic period; filing-period duration preference applied,"{""accession_number"": ""0001018724-24-000008"", ""concept"": ""NetCashProvidedByUsedInFinancingActivities"", ""filed_date"": ""2024-02-02"", ""form"": ""10-K"", ""fp"": ""FY"", ""fy"": 2023, ""period_duration_class"": ""annual"", ""period_duration_days"": 365, ""period_end"": ""2023-12-31"", ""period_start"": ""2023-01-01"", ""source_member"": ""financial_reports/amzn/condensed_consolidated_statement_of_cash_flows.json"", ""source_provenance_hash"": ""85f2866168421f41f358dd7b724ca5f820eda5ce25a1b4efe7e31ed1dad2606c"", ""taxonomy"": ""us-gaap"", ""unit"": ""USD"", ""value"": -15879000000}"
JPM,Assets,2024-04-12,752,704,60,0,"[{""accession_number"": ""0000019617-24-000225"", ""filed_date"": ""2024-02-16"", ""filing_period_match_score"": 0, ""form"": ""10-K"", ""fp"": ""FY"", ""period_duration_days"": null, ""period_end"": ""2023-12-31"", ""period_start"": """"}]",AVAILABLE,latest PIT-safe economic period; filing-period duration preference applied,"{""accession_number"": ""0000019617-24-000225"", ""concept"": ""Assets"", ""filed_date"": ""2024-02-16"", ""form"": ""10-K"", ""fp"": ""FY"", ""fy"": 2023, ""period_duration_class"": ""point_in_time"", ""period_duration_days"": null, ""period_end"": ""2023-12-31"", ""period_start"": """", ""source_member"": ""financial_reports/jpm/condensed_consolidated_balance_sheets.json"", ""source_provenance_hash"": ""785286ca695e808817468e0f35bbad600e324b7940225586ba71890c02fcb151"", ""taxonomy"": ""us-gaap"", ""unit"": ""USD"", ""value"": 3875393000000}"
JPM,Liabilities,2024-04-12,540,508,60,0,"[{""accession_number"": ""0000019617-24-000225"", ""filed_date"": ""2024-02-16"", ""filing_period_match_score"": 0, ""form"": ""10-K"", ""fp"": ""FY"", ""period_duration_days"": null, ""period_end"": ""2023-12-31"", ""period_start"": """"}]",AVAILABLE,latest PIT-safe economic period; filing-period duration preference applied,"{""accession_number"": ""0000019617-24-000225"", ""concept"": ""Liabilities"", ""filed_date"": ""2024-02-16"", ""form"": ""10-K"", ""fp"": ""FY"", ""fy"": 2023, ""period_duration_class"": ""point_in_time"", ""period_duration_days"": null, ""period_end"": ""2023-12-31"", ""period_start"": """", ""source_member"": ""financial_reports/jpm/condensed_consolidated_balance_sheets.json"", ""source_provenance_hash"": ""54615bfb9cdbe1c99b9c84940fd23fba86aa24803437a6e68b46171a5855b6b1"", ""taxonomy"": ""us-gaap"", ""unit"": ""USD"", ""value"": 3547515000000}"
JPM,StockholdersEquity,2024-04-12,688,640,61,0,"[{""accession_number"": ""0000019617-24-000225"", ""filed_date"": ""2024-02-16"", ""filing_period_match_score"": 0, ""form"": ""10-K"", ""fp"": ""FY"", ""period_duration_days"": null, ""period_end"": ""2023-12-31"", ""period_start"": """"}]",AVAILABLE,latest PIT-safe economic period; filing-period duration preference applied,"{""accession_number"": ""0000019617-24-000225"", ""concept"": ""StockholdersEquity"", ""filed_date"": ""2024-02-16"", ""form"": ""10-K"", ""fp"": ""FY"", ""fy"": 2023, ""period_duration_class"": ""point_in_time"", ""period_duration_days"": null, ""period_end"": ""2023-12-31"", ""period_start"": """", ""source_member"": ""financial_reports/jpm/condensed_consolidated_balance_sheets.json"", ""source_provenance_hash"": ""c90bba9edf9c9d44d440f7b69ef951d85b00ca9e332d19b886f97d1de4037adb"", ""taxonomy"": ""us-gaap"", ""unit"": ""USD"", ""value"": 327878000000}"
JPM,NetCashProvidedByUsedInOperatingActivities,2024-04-12,604,568,64,0,"[{""accession_number"": ""0000019617-24-000225"", ""filed_date"": ""2024-02-16"", ""filing_period_match_score"": 1, ""form"": ""10-K"", ""fp"": ""FY"", ""period_duration_days"": 365, ""period_end"": ""2023-12-31"", ""period_start"": ""2023-01-01""}]",AVAILABLE,latest PIT-safe economic period; filing-period duration preference applied,"{""accession_number"": ""0000019617-24-000225"", ""concept"": ""NetCashProvidedByUsedInOperatingActivities"", ""filed_date"": ""2024-02-16"", ""form"": ""10-K"", ""fp"": ""FY"", ""fy"": 2023, ""period_duration_class"": ""annual"", ""period_duration_days"": 365, ""period_end"": ""2023-12-31"", ""period_start"": ""2023-01-01"", ""source_member"": ""financial_reports/jpm/condensed_consolidated_statement_of_cash_flows.json"", ""source_provenance_hash"": ""d1b2bf0507b6591bc62ca3d5bf07afa51f2f9cde0b1f574dc0a805e82f834aac"", ""taxonomy"": ""us-gaap"", ""unit"": ""USD"", ""value"": 12974000000}"
JPM,NetCashProvidedByUsedInInvestingActivities,2024-04-12,604,568,64,0,"[{""accession_number"": ""0000019617-24-000225"", ""filed_date"": ""2024-02-16"", ""filing_period_match_score"": 1, ""form"": ""10-K"", ""fp"": ""FY"", ""period_duration_days"": 365, ""period_end"": ""2023-12-31"", ""period_start"": ""2023-01-01""}]",AVAILABLE,latest PIT-safe economic period; filing-period duration preference applied,"{""accession_number"": ""0000019617-24-000225"", ""concept"": ""NetCashProvidedByUsedInInvestingActivities"", ""filed_date"": ""2024-02-16"", ""form"": ""10-K"", ""fp"": ""FY"", ""fy"": 2023, ""period_duration_class"": ""annual"", ""period_duration_days"": 365, ""period_end"": ""2023-12-31"", ""period_start"": ""2023-01-01"", ""source_member"": ""financial_reports/jpm/condensed_consolidated_statement_of_cash_flows.json"", ""source_provenance_hash"": ""64c59a5c23ca96348afa7013a57ef58b4162b9b8223f39820e594239b5aee6a6"", ""taxonomy"": ""us-gaap"", ""unit"": ""USD"", ""value"": 67643000000}"
JPM,NetCashProvidedByUsedInFinancingActivities,2024-04-12,604,568,64,0,"[{""accession_number"": ""0000019617-24-000225"", ""filed_date"": ""2024-02-16"", ""filing_period_match_score"": 1, ""form"": ""10-K"", ""fp"": ""FY"", ""period_duration_days"": 365, ""period_end"": ""2023-12-31"", ""period_start"": ""2023-01-01""}]",AVAILABLE,latest PIT-safe economic period; filing-period duration preference applied,"{""accession_number"": ""0000019617-24-000225"", ""concept"": ""NetCashProvidedByUsedInFinancingActivities"", ""filed_date"": ""2024-02-16"", ""form"": ""10-K"", ""fp"": ""FY"", ""fy"": 2023, ""period_duration_class"": ""annual"", ""period_duration_days"": 365, ""period_end"": ""2023-12-31"", ""period_start"": ""2023-01-01"", ""source_member"": ""financial_reports/jpm/condensed_consolidated_statement_of_cash_flows.json"", ""source_provenance_hash"": ""f549ed634eae0ab6181ce41c4e551ed0c21cfbecbb5dff56a45b0994240c1ab9"", ""taxonomy"": ""us-gaap"", ""unit"": ""USD"", ""value"": -25571000000}"
AAPL,Assets,2024-04-19,5628,5292,60,0,"[{""accession_number"": ""0000320193-24-000006"", ""filed_date"": ""2024-02-02"", ""filing_period_match_score"": 0, ""form"": ""10-Q"", ""fp"": ""Q1"", ""period_duration_days"": null, ""period_end"": ""2023-12-30"", ""period_start"": """"}]",AVAILABLE,latest PIT-safe economic period; filing-period duration preference applied,"{""accession_number"": ""0000320193-24-000006"", ""concept"": ""Assets"", ""filed_date"": ""2024-02-02"", ""form"": ""10-Q"", ""fp"": ""Q1"", ""fy"": 2024, ""period_duration_class"": ""point_in_time"", ""period_duration_days"": null, ""period_end"": ""2023-12-30"", ""period_start"": """", ""source_member"": ""financial_reports/aapl/condensed_consolidated_balance_sheets.json"", ""source_provenance_hash"": ""1db0ab33a515a943af29566e05a55b0a1a9ad8f25c25080751ee7d1985c252eb"", ""taxonomy"": ""us-gaap"", ""unit"": ""USD"", ""value"": 353514000000}"
AAPL,Liabilities,2024-04-19,5544,5208,60,0,"[{""accession_number"": ""0000320193-24-000006"", ""filed_date"": ""2024-02-02"", ""filing_period_match_score"": 0, ""form"": ""10-Q"", ""fp"": ""Q1"", ""period_duration_days"": null, ""period_end"": ""2023-12-30"", ""period_start"": """"}]",AVAILABLE,latest PIT-safe economic period; filing-period duration preference applied,"{""accession_number"": ""0000320193-24-000006"", ""concept"": ""Liabilities"", ""filed_date"": ""2024-02-02"", ""form"": ""10-Q"", ""fp"": ""Q1"", ""fy"": 2024, ""period_duration_class"": ""point_in_time"", ""period_duration_days"": null, ""period_end"": ""2023-12-30"", ""period_start"": """", ""source_member"": ""financial_reports/aapl/condensed_consolidated_balance_sheets.json"", ""source_provenance_hash"": ""07916b3164ccf25841337d7262abdf3bf4862e4454dc97e7e39c3c39d863993a"", ""taxonomy"": ""us-gaap"", ""unit"": ""USD"", ""value"": 279414000000}"
AAPL,StockholdersEquity,2024-04-19,9744,8904,62,0,"[{""accession_number"": ""0000320193-24-000006"", ""filed_date"": ""2024-02-02"", ""filing_period_match_score"": 0, ""form"": ""10-Q"", ""fp"": ""Q1"", ""period_duration_days"": null, ""period_end"": ""2023-12-30"", ""period_start"": """"}]",AVAILABLE,latest PIT-safe economic period; filing-period duration preference applied,"{""accession_number"": ""0000320193-24-000006"", ""concept"": ""StockholdersEquity"", ""filed_date"": ""2024-02-02"", ""form"": ""10-Q"", ""fp"": ""Q1"", ""fy"": 2024, ""period_duration_class"": ""point_in_time"", ""period_duration_days"": null, ""period_end"": ""2023-12-30"", ""period_start"": """", ""source_member"": ""financial_reports/aapl/condensed_consolidated_balance_sheets.json"", ""source_provenance_hash"": ""bf98f154a26a0aa129a18f7c773e208a69a7b332516ce4e2b2e8198456c791ff"", ""taxonomy"": ""us-gaap"", ""unit"": ""USD"", ""value"": 74100000000}"
AAPL,NetCashProvidedByUsedInOperatingActivities,2024-04-19,5082,4704,57,0,"[{""accession_number"": ""0000320193-24-000006"", ""filed_date"": ""2024-02-02"", ""filing_period_match_score"": 1, ""form"": ""10-Q"", ""fp"": ""Q1"", ""period_duration_days"": 91, ""period_end"": ""2023-12-30"", ""period_start"": ""2023-10-01""}]",AVAILABLE,latest PIT-safe economic period; filing-period duration preference applied,"{""accession_number"": ""0000320193-24-000006"", ""concept"": ""NetCashProvidedByUsedInOperatingActivities"", ""filed_date"": ""2024-02-02"", ""form"": ""10-Q"", ""fp"": ""Q1"", ""fy"": 2024, ""period_duration_class"": ""quarterly"", ""period_duration_days"": 91, ""period_end"": ""2023-12-30"", ""period_start"": ""2023-10-01"", ""source_member"": ""financial_reports/aapl/condensed_consolidated_statement_of_cash_flows.json"", ""source_provenance_hash"": ""fca3433c183825485a054844ab812837391876f177bccc6e85529e42a7b0ca00"", ""taxonomy"": ""us-gaap"", ""unit"": ""USD"", ""value"": 39895000000}"
AAPL,NetCashProvidedByUsedInInvestingActivities,2024-04-19,5082,4704,57,0,"[{""accession_number"": ""0000320193-24-000006"", ""filed_date"": ""2024-02-02"", ""filing_period_match_score"": 1, ""form"": ""10-Q"", ""fp"": ""Q1"", ""period_duration_days"": 91, ""period_end"": ""2023-12-30"", ""period_start"": ""2023-10-01""}]",AVAILABLE,latest PIT-safe economic period; filing-period duration preference applied,"{""accession_number"": ""0000320193-24-000006"", ""concept"": ""NetCashProvidedByUsedInInvestingActivities"", ""filed_date"": ""2024-02-02"", ""form"": ""10-Q"", ""fp"": ""Q1"", ""fy"": 2024, ""period_duration_class"": ""quarterly"", ""period_duration_days"": 91, ""period_end"": ""2023-12-30"", ""period_start"": ""2023-10-01"", ""source_member"": ""financial_reports/aapl/condensed_consolidated_statement_of_cash_flows.json"", ""source_provenance_hash"": ""06fa562e48c0fb127bac27094411d7040c7457139a825a2fa50a7d9c0305cc63"", ""taxonomy"": ""us-gaap"", ""unit"": ""USD"", ""value"": 1927000000}"
AAPL,NetCashProvidedByUsedInFinancingActivities,2024-04-19,5082,4704,57,0,"[{""accession_number"": ""0000320193-24-000006"", ""filed_date"": ""2024-02-02"", ""filing_period_match_score"": 1, ""form"": ""10-Q"", ""fp"": ""Q1"", ""period_duration_days"": 91, ""period_end"": ""2023-12-30"", ""period_start"": ""2023-10-01""}]",AVAILABLE,latest PIT-safe economic period; filing-period duration preference applied,"{""accession_number"": ""0000320193-24-000006"", ""concept"": ""NetCashProvidedByUsedInFinancingActivities"", ""filed_date"": ""2024-02-02"", ""form"": ""10-Q"", ""fp"": ""Q1"", ""fy"": 2024, ""period_duration_class"": ""quarterly"", ""period_duration_days"": 91, ""period_end"": ""2023-12-30"", ""period_start"": ""2023-10-01"", ""source_member"": ""financial_reports/aapl/condensed_consolidated_statement_of_cash_flows.json"", ""source_provenance_hash"": ""52a6eeac79ca71f796813622839c828f9d294cc1d5ab81b256eec199d21bba88"", ""taxonomy"": ""us-gaap"", ""unit"": ""USD"", ""value"": -30585000000}"
AMZN,Assets,2024-04-19,3536,3302,60,0,"[{""accession_number"": ""0001018724-24-000008"", ""filed_date"": ""2024-02-02"", ""filing_period_match_score"": 0, ""form"": ""10-K"", ""fp"": ""FY"", ""period_duration_days"": null, ""period_end"": ""2023-12-31"", ""period_start"": """"}]",AVAILABLE,latest PIT-safe economic period; filing-period duration preference applied,"{""accession_number"": ""0001018724-24-000008"", ""concept"": ""Assets"", ""filed_date"": ""2024-02-02"", ""form"": ""10-K"", ""fp"": ""FY"", ""fy"": 2023, ""period_duration_class"": ""point_in_time"", ""period_duration_days"": null, ""period_end"": ""2023-12-31"", ""period_start"": """", ""source_member"": ""financial_reports/amzn/condensed_consolidated_balance_sheets.json"", ""source_provenance_hash"": ""d6fc766d65cf3f15392fa8a0d4c385b2d540cb7c858e62b35b8e55e2a248f725"", ""taxonomy"": ""us-gaap"", ""unit"": ""USD"", ""value"": 527854000000}"
AMZN,Liabilities,2024-04-19,0,0,0,0,[],UNAVAILABLE,no PIT-safe fact with period end,
AMZN,StockholdersEquity,2024-04-19,5668,5148,62,0,"[{""accession_number"": ""0001018724-24-000008"", ""filed_date"": ""2024-02-02"", ""filing_period_match_score"": 0, ""form"": ""10-K"", ""fp"": ""FY"", ""period_duration_days"": null, ""period_end"": ""2023-12-31"", ""period_start"": """"}]",AVAILABLE,latest PIT-safe economic period; filing-period duration preference applied,"{""accession_number"": ""0001018724-24-000008"", ""concept"": ""StockholdersEquity"", ""filed_date"": ""2024-02-02"", ""form"": ""10-K"", ""fp"": ""FY"", ""fy"": 2023, ""period_duration_class"": ""point_in_time"", ""period_duration_days"": null, ""period_end"": ""2023-12-31"", ""period_start"": """", ""source_member"": ""financial_reports/amzn/condensed_consolidated_balance_sheets.json"", ""source_provenance_hash"": ""7e5e29390df6bf65962673a7d172f907f9270ad83791bd993ef2be47e44495bb"", ""taxonomy"": ""us-gaap"", ""unit"": ""USD"", ""value"": 201875000000}"
AMZN,NetCashProvidedByUsedInOperatingActivities,2024-04-19,7800,7306,143,0,"[{""accession_number"": ""0001018724-24-000008"", ""filed_date"": ""2024-02-02"", ""filing_period_match_score"": 1, ""form"": ""10-K"", ""fp"": ""FY"", ""period_duration_days"": 365, ""period_end"": ""2023-12-31"", ""period_start"": ""2023-01-01""}]",AVAILABLE,latest PIT-safe economic period; filing-period duration preference applied,"{""accession_number"": ""0001018724-24-000008"", ""concept"": ""NetCashProvidedByUsedInOperatingActivities"", ""filed_date"": ""2024-02-02"", ""form"": ""10-K"", ""fp"": ""FY"", ""fy"": 2023, ""period_duration_class"": ""annual"", ""period_duration_days"": 365, ""period_end"": ""2023-12-31"", ""period_start"": ""2023-01-01"", ""source_member"": ""financial_reports/amzn/condensed_consolidated_statement_of_cash_flows.json"", ""source_provenance_hash"": ""a60abd42cd165c5dcbf563b391a70e8043b35272fbcf84c946425607a0ff5dbd"", ""taxonomy"": ""us-gaap"", ""unit"": ""USD"", ""value"": 84946000000}"
AMZN,NetCashProvidedByUsedInInvestingActivities,2024-04-19,7800,7306,143,0,"[{""accession_number"": ""0001018724-24-000008"", ""filed_date"": ""2024-02-02"", ""filing_period_match_score"": 1, ""form"": ""10-K"", ""fp"": ""FY"", ""period_duration_days"": 365, ""period_end"": ""2023-12-31"", ""period_start"": ""2023-01-01""}]",AVAILABLE,latest PIT-safe economic period; filing-period duration preference applied,"{""accession_number"": ""0001018724-24-000008"", ""concept"": ""NetCashProvidedByUsedInInvestingActivities"", ""filed_date"": ""2024-02-02"", ""form"": ""10-K"", ""fp"": ""FY"", ""fy"": 2023, ""period_duration_class"": ""annual"", ""period_duration_days"": 365, ""period_end"": ""2023-12-31"", ""period_start"": ""2023-01-01"", ""source_member"": ""financial_reports/amzn/condensed_consolidated_statement_of_cash_flows.json"", ""source_provenance_hash"": ""c09615d1cd56dd7f1b6163ad8daa495194226cfe693cb9982ad61f6df29201ea"", ""taxonomy"": ""us-gaap"", ""unit"": ""USD"", ""value"": -49833000000}"
AMZN,NetCashProvidedByUsedInFinancingActivities,2024-04-19,7800,7306,143,0,"[{""accession_number"": ""0001018724-24-000008"", ""filed_date"": ""2024-02-02"", ""filing_period_match_score"": 1, ""form"": ""10-K"", ""fp"": ""FY"", ""period_duration_days"": 365, ""period_end"": ""2023-12-31"", ""period_start"": ""2023-01-01""}]",AVAILABLE,latest PIT-safe economic period; filing-period duration preference applied,"{""accession_number"": ""0001018724-24-000008"", ""concept"": ""NetCashProvidedByUsedInFinancingActivities"", ""filed_date"": ""2024-02-02"", ""form"": ""10-K"", ""fp"": ""FY"", ""fy"": 2023, ""period_duration_class"": ""annual"", ""period_duration_days"": 365, ""period_end"": ""2023-12-31"", ""period_start"": ""2023-01-01"", ""source_member"": ""financial_reports/amzn/condensed_consolidated_statement_of_cash_flows.json"", ""source_provenance_hash"": ""85f2866168421f41f358dd7b724ca5f820eda5ce25a1b4efe7e31ed1dad2606c"", ""taxonomy"": ""us-gaap"", ""unit"": ""USD"", ""value"": -15879000000}"
JPM,Assets,2024-04-19,752,704,60,0,"[{""accession_number"": ""0000019617-24-000225"", ""filed_date"": ""2024-02-16"", ""filing_period_match_score"": 0, ""form"": ""10-K"", ""fp"": ""FY"", ""period_duration_days"": null, ""period_end"": ""2023-12-31"", ""period_start"": """"}]",AVAILABLE,latest PIT-safe economic period; filing-period duration preference applied,"{""accession_number"": ""0000019617-24-000225"", ""concept"": ""Assets"", ""filed_date"": ""2024-02-16"", ""form"": ""10-K"", ""fp"": ""FY"", ""fy"": 2023, ""period_duration_class"": ""point_in_time"", ""period_duration_days"": null, ""period_end"": ""2023-12-31"", ""period_start"": """", ""source_member"": ""financial_reports/jpm/condensed_consolidated_balance_sheets.json"", ""source_provenance_hash"": ""785286ca695e808817468e0f35bbad600e324b7940225586ba71890c02fcb151"", ""taxonomy"": ""us-gaap"", ""unit"": ""USD"", ""value"": 3875393000000}"
JPM,Liabilities,2024-04-19,540,508,60,0,"[{""accession_number"": ""0000019617-24-000225"", ""filed_date"": ""2024-02-16"", ""filing_period_match_score"": 0, ""form"": ""10-K"", ""fp"": ""FY"", ""period_duration_days"": null, ""period_end"": ""2023-12-31"", ""period_start"": """"}]",AVAILABLE,latest PIT-safe economic period; filing-period duration preference applied,"{""accession_number"": ""0000019617-24-000225"", ""concept"": ""Liabilities"", ""filed_date"": ""2024-02-16"", ""form"": ""10-K"", ""fp"": ""FY"", ""fy"": 2023, ""period_duration_class"": ""point_in_time"", ""period_duration_days"": null, ""period_end"": ""2023-12-31"", ""period_start"": """", ""source_member"": ""financial_reports/jpm/condensed_consolidated_balance_sheets.json"", ""source_provenance_hash"": ""54615bfb9cdbe1c99b9c84940fd23fba86aa24803437a6e68b46171a5855b6b1"", ""taxonomy"": ""us-gaap"", ""unit"": ""USD"", ""value"": 3547515000000}"
JPM,StockholdersEquity,2024-04-19,688,640,61,0,"[{""accession_number"": ""0000019617-24-000225"", ""filed_date"": ""2024-02-16"", ""filing_period_match_score"": 0, ""form"": ""10-K"", ""fp"": ""FY"", ""period_duration_days"": null, ""period_end"": ""2023-12-31"", ""period_start"": """"}]",AVAILABLE,latest PIT-safe economic period; filing-period duration preference applied,"{""accession_number"": ""0000019617-24-000225"", ""concept"": ""StockholdersEquity"", ""filed_date"": ""2024-02-16"", ""form"": ""10-K"", ""fp"": ""FY"", ""fy"": 2023, ""period_duration_class"": ""point_in_time"", ""period_duration_days"": null, ""period_end"": ""2023-12-31"", ""period_start"": """", ""source_member"": ""financial_reports/jpm/condensed_consolidated_balance_sheets.json"", ""source_provenance_hash"": ""c90bba9edf9c9d44d440f7b69ef951d85b00ca9e332d19b886f97d1de4037adb"", ""taxonomy"": ""us-gaap"", ""unit"": ""USD"", ""value"": 327878000000}"
JPM,NetCashProvidedByUsedInOperatingActivities,2024-04-19,604,568,64,0,"[{""accession_number"": ""0000019617-24-000225"", ""filed_date"": ""2024-02-16"", ""filing_period_match_score"": 1, ""form"": ""10-K"", ""fp"": ""FY"", ""period_duration_days"": 365, ""period_end"": ""2023-12-31"", ""period_start"": ""2023-01-01""}]",AVAILABLE,latest PIT-safe economic period; filing-period duration preference applied,"{""accession_number"": ""0000019617-24-000225"", ""concept"": ""NetCashProvidedByUsedInOperatingActivities"", ""filed_date"": ""2024-02-16"", ""form"": ""10-K"", ""fp"": ""FY"", ""fy"": 2023, ""period_duration_class"": ""annual"", ""period_duration_days"": 365, ""period_end"": ""2023-12-31"", ""period_start"": ""2023-01-01"", ""source_member"": ""financial_reports/jpm/condensed_consolidated_statement_of_cash_flows.json"", ""source_provenance_hash"": ""d1b2bf0507b6591bc62ca3d5bf07afa51f2f9cde0b1f574dc0a805e82f834aac"", ""taxonomy"": ""us-gaap"", ""unit"": ""USD"", ""value"": 12974000000}"
JPM,NetCashProvidedByUsedInInvestingActivities,2024-04-19,604,568,64,0,"[{""accession_number"": ""0000019617-24-000225"", ""filed_date"": ""2024-02-16"", ""filing_period_match_score"": 1, ""form"": ""10-K"", ""fp"": ""FY"", ""period_duration_days"": 365, ""period_end"": ""2023-12-31"", ""period_start"": ""2023-01-01""}]",AVAILABLE,latest PIT-safe economic period; filing-period duration preference applied,"{""accession_number"": ""0000019617-24-000225"", ""concept"": ""NetCashProvidedByUsedInInvestingActivities"", ""filed_date"": ""2024-02-16"", ""form"": ""10-K"", ""fp"": ""FY"", ""fy"": 2023, ""period_duration_class"": ""annual"", ""period_duration_days"": 365, ""period_end"": ""2023-12-31"", ""period_start"": ""2023-01-01"", ""source_member"": ""financial_reports/jpm/condensed_consolidated_statement_of_cash_flows.json"", ""source_provenance_hash"": ""64c59a5c23ca96348afa7013a57ef58b4162b9b8223f39820e594239b5aee6a6"", ""taxonomy"": ""us-gaap"", ""unit"": ""USD"", ""value"": 67643000000}"
JPM,NetCashProvidedByUsedInFinancingActivities,2024-04-19,604,568,64,0,"[{""accession_number"": ""0000019617-24-000225"", ""filed_date"": ""2024-02-16"", ""filing_period_match_score"": 1, ""form"": ""10-K"", ""fp"": ""FY"", ""period_duration_days"": 365, ""period_end"": ""2023-12-31"", ""period_start"": ""2023-01-01""}]",AVAILABLE,latest PIT-safe economic period; filing-period duration preference applied,"{""accession_number"": ""0000019617-24-000225"", ""concept"": ""NetCashProvidedByUsedInFinancingActivities"", ""filed_date"": ""2024-02-16"", ""form"": ""10-K"", ""fp"": ""FY"", ""fy"": 2023, ""period_duration_class"": ""annual"", ""period_duration_days"": 365, ""period_end"": ""2023-12-31"", ""period_start"": ""2023-01-01"", ""source_member"": ""financial_reports/jpm/condensed_consolidated_statement_of_cash_flows.json"", ""source_provenance_hash"": ""f549ed634eae0ab6181ce41c4e551ed0c21cfbecbb5dff56a45b0994240c1ab9"", ""taxonomy"": ""us-gaap"", ""unit"": ""USD"", ""value"": -25571000000}"
AAPL,Assets,2024-04-26,5628,5292,60,0,"[{""accession_number"": ""0000320193-24-000006"", ""filed_date"": ""2024-02-02"", ""filing_period_match_score"": 0, ""form"": ""10-Q"", ""fp"": ""Q1"", ""period_duration_days"": null, ""period_end"": ""2023-12-30"", ""period_start"": """"}]",AVAILABLE,latest PIT-safe economic period; filing-period duration preference applied,"{""accession_number"": ""0000320193-24-000006"", ""concept"": ""Assets"", ""filed_date"": ""2024-02-02"", ""form"": ""10-Q"", ""fp"": ""Q1"", ""fy"": 2024, ""period_duration_class"": ""point_in_time"", ""period_duration_days"": null, ""period_end"": ""2023-12-30"", ""period_start"": """", ""source_member"": ""financial_reports/aapl/condensed_consolidated_balance_sheets.json"", ""source_provenance_hash"": ""1db0ab33a515a943af29566e05a55b0a1a9ad8f25c25080751ee7d1985c252eb"", ""taxonomy"": ""us-gaap"", ""unit"": ""USD"", ""value"": 353514000000}"
AAPL,Liabilities,2024-04-26,5544,5208,60,0,"[{""accession_number"": ""0000320193-24-000006"", ""filed_date"": ""2024-02-02"", ""filing_period_match_score"": 0, ""form"": ""10-Q"", ""fp"": ""Q1"", ""period_duration_days"": null, ""period_end"": ""2023-12-30"", ""period_start"": """"}]",AVAILABLE,latest PIT-safe economic period; filing-period duration preference applied,"{""accession_number"": ""0000320193-24-000006"", ""concept"": ""Liabilities"", ""filed_date"": ""2024-02-02"", ""form"": ""10-Q"", ""fp"": ""Q1"", ""fy"": 2024, ""period_duration_class"": ""point_in_time"", ""period_duration_days"": null, ""period_end"": ""2023-12-30"", ""period_start"": """", ""source_member"": ""financial_reports/aapl/condensed_consolidated_balance_sheets.json"", ""source_provenance_hash"": ""07916b3164ccf25841337d7262abdf3bf4862e4454dc97e7e39c3c39d863993a"", ""taxonomy"": ""us-gaap"", ""unit"": ""USD"", ""value"": 279414000000}"
AAPL,StockholdersEquity,2024-04-26,9744,8904,62,0,"[{""accession_number"": ""0000320193-24-000006"", ""filed_date"": ""2024-02-02"", ""filing_period_match_score"": 0, ""form"": ""10-Q"", ""fp"": ""Q1"", ""period_duration_days"": null, ""period_end"": ""2023-12-30"", ""period_start"": """"}]",AVAILABLE,latest PIT-safe economic period; filing-period duration preference applied,"{""accession_number"": ""0000320193-24-000006"", ""concept"": ""StockholdersEquity"", ""filed_date"": ""2024-02-02"", ""form"": ""10-Q"", ""fp"": ""Q1"", ""fy"": 2024, ""period_duration_class"": ""point_in_time"", ""period_duration_days"": null, ""period_end"": ""2023-12-30"", ""period_start"": """", ""source_member"": ""financial_reports/aapl/condensed_consolidated_balance_sheets.json"", ""source_provenance_hash"": ""bf98f154a26a0aa129a18f7c773e208a69a7b332516ce4e2b2e8198456c791ff"", ""taxonomy"": ""us-gaap"", ""unit"": ""USD"", ""value"": 74100000000}"
AAPL,NetCashProvidedByUsedInOperatingActivities,2024-04-26,5082,4704,57,0,"[{""accession_number"": ""0000320193-24-000006"", ""filed_date"": ""2024-02-02"", ""filing_period_match_score"": 1, ""form"": ""10-Q"", ""fp"": ""Q1"", ""period_duration_days"": 91, ""period_end"": ""2023-12-30"", ""period_start"": ""2023-10-01""}]",AVAILABLE,latest PIT-safe economic period; filing-period duration preference applied,"{""accession_number"": ""0000320193-24-000006"", ""concept"": ""NetCashProvidedByUsedInOperatingActivities"", ""filed_date"": ""2024-02-02"", ""form"": ""10-Q"", ""fp"": ""Q1"", ""fy"": 2024, ""period_duration_class"": ""quarterly"", ""period_duration_days"": 91, ""period_end"": ""2023-12-30"", ""period_start"": ""2023-10-01"", ""source_member"": ""financial_reports/aapl/condensed_consolidated_statement_of_cash_flows.json"", ""source_provenance_hash"": ""fca3433c183825485a054844ab812837391876f177bccc6e85529e42a7b0ca00"", ""taxonomy"": ""us-gaap"", ""unit"": ""USD"", ""value"": 39895000000}"
AAPL,NetCashProvidedByUsedInInvestingActivities,2024-04-26,5082,4704,57,0,"[{""accession_number"": ""0000320193-24-000006"", ""filed_date"": ""2024-02-02"", ""filing_period_match_score"": 1, ""form"": ""10-Q"", ""fp"": ""Q1"", ""period_duration_days"": 91, ""period_end"": ""2023-12-30"", ""period_start"": ""2023-10-01""}]",AVAILABLE,latest PIT-safe economic period; filing-period duration preference applied,"{""accession_number"": ""0000320193-24-000006"", ""concept"": ""NetCashProvidedByUsedInInvestingActivities"", ""filed_date"": ""2024-02-02"", ""form"": ""10-Q"", ""fp"": ""Q1"", ""fy"": 2024, ""period_duration_class"": ""quarterly"", ""period_duration_days"": 91, ""period_end"": ""2023-12-30"", ""period_start"": ""2023-10-01"", ""source_member"": ""financial_reports/aapl/condensed_consolidated_statement_of_cash_flows.json"", ""source_provenance_hash"": ""06fa562e48c0fb127bac27094411d7040c7457139a825a2fa50a7d9c0305cc63"", ""taxonomy"": ""us-gaap"", ""unit"": ""USD"", ""value"": 1927000000}"
AAPL,NetCashProvidedByUsedInFinancingActivities,2024-04-26,5082,4704,57,0,"[{""accession_number"": ""0000320193-24-000006"", ""filed_date"": ""2024-02-02"", ""filing_period_match_score"": 1, ""form"": ""10-Q"", ""fp"": ""Q1"", ""period_duration_days"": 91, ""period_end"": ""2023-12-30"", ""period_start"": ""2023-10-01""}]",AVAILABLE,latest PIT-safe economic period; filing-period duration preference applied,"{""accession_number"": ""0000320193-24-000006"", ""concept"": ""NetCashProvidedByUsedInFinancingActivities"", ""filed_date"": ""2024-02-02"", ""form"": ""10-Q"", ""fp"": ""Q1"", ""fy"": 2024, ""period_duration_class"": ""quarterly"", ""period_duration_days"": 91, ""period_end"": ""2023-12-30"", ""period_start"": ""2023-10-01"", ""source_member"": ""financial_reports/aapl/condensed_consolidated_statement_of_cash_flows.json"", ""source_provenance_hash"": ""52a6eeac79ca71f796813622839c828f9d294cc1d5ab81b256eec199d21bba88"", ""taxonomy"": ""us-gaap"", ""unit"": ""USD"", ""value"": -30585000000}"
AMZN,Assets,2024-04-26,3536,3302,60,0,"[{""accession_number"": ""0001018724-24-000008"", ""filed_date"": ""2024-02-02"", ""filing_period_match_score"": 0, ""form"": ""10-K"", ""fp"": ""FY"", ""period_duration_days"": null, ""period_end"": ""2023-12-31"", ""period_start"": """"}]",AVAILABLE,latest PIT-safe economic period; filing-period duration preference applied,"{""accession_number"": ""0001018724-24-000008"", ""concept"": ""Assets"", ""filed_date"": ""2024-02-02"", ""form"": ""10-K"", ""fp"": ""FY"", ""fy"": 2023, ""period_duration_class"": ""point_in_time"", ""period_duration_days"": null, ""period_end"": ""2023-12-31"", ""period_start"": """", ""source_member"": ""financial_reports/amzn/condensed_consolidated_balance_sheets.json"", ""source_provenance_hash"": ""d6fc766d65cf3f15392fa8a0d4c385b2d540cb7c858e62b35b8e55e2a248f725"", ""taxonomy"": ""us-gaap"", ""unit"": ""USD"", ""value"": 527854000000}"
AMZN,Liabilities,2024-04-26,0,0,0,0,[],UNAVAILABLE,no PIT-safe fact with period end,
AMZN,StockholdersEquity,2024-04-26,5668,5148,62,0,"[{""accession_number"": ""0001018724-24-000008"", ""filed_date"": ""2024-02-02"", ""filing_period_match_score"": 0, ""form"": ""10-K"", ""fp"": ""FY"", ""period_duration_days"": null, ""period_end"": ""2023-12-31"", ""period_start"": """"}]",AVAILABLE,latest PIT-safe economic period; filing-period duration preference applied,"{""accession_number"": ""0001018724-24-000008"", ""concept"": ""StockholdersEquity"", ""filed_date"": ""2024-02-02"", ""form"": ""10-K"", ""fp"": ""FY"", ""fy"": 2023, ""period_duration_class"": ""point_in_time"", ""period_duration_days"": null, ""period_end"": ""2023-12-31"", ""period_start"": """", ""source_member"": ""financial_reports/amzn/condensed_consolidated_balance_sheets.json"", ""source_provenance_hash"": ""7e5e29390df6bf65962673a7d172f907f9270ad83791bd993ef2be47e44495bb"", ""taxonomy"": ""us-gaap"", ""unit"": ""USD"", ""value"": 201875000000}"
AMZN,NetCashProvidedByUsedInOperatingActivities,2024-04-26,7800,7306,143,0,"[{""accession_number"": ""0001018724-24-000008"", ""filed_date"": ""2024-02-02"", ""filing_period_match_score"": 1, ""form"": ""10-K"", ""fp"": ""FY"", ""period_duration_days"": 365, ""period_end"": ""2023-12-31"", ""period_start"": ""2023-01-01""}]",AVAILABLE,latest PIT-safe economic period; filing-period duration preference applied,"{""accession_number"": ""0001018724-24-000008"", ""concept"": ""NetCashProvidedByUsedInOperatingActivities"", ""filed_date"": ""2024-02-02"", ""form"": ""10-K"", ""fp"": ""FY"", ""fy"": 2023, ""period_duration_class"": ""annual"", ""period_duration_days"": 365, ""period_end"": ""2023-12-31"", ""period_start"": ""2023-01-01"", ""source_member"": ""financial_reports/amzn/condensed_consolidated_statement_of_cash_flows.json"", ""source_provenance_hash"": ""a60abd42cd165c5dcbf563b391a70e8043b35272fbcf84c946425607a0ff5dbd"", ""taxonomy"": ""us-gaap"", ""unit"": ""USD"", ""value"": 84946000000}"
AMZN,NetCashProvidedByUsedInInvestingActivities,2024-04-26,7800,7306,143,0,"[{""accession_number"": ""0001018724-24-000008"", ""filed_date"": ""2024-02-02"", ""filing_period_match_score"": 1, ""form"": ""10-K"", ""fp"": ""FY"", ""period_duration_days"": 365, ""period_end"": ""2023-12-31"", ""period_start"": ""2023-01-01""}]",AVAILABLE,latest PIT-safe economic period; filing-period duration preference applied,"{""accession_number"": ""0001018724-24-000008"", ""concept"": ""NetCashProvidedByUsedInInvestingActivities"", ""filed_date"": ""2024-02-02"", ""form"": ""10-K"", ""fp"": ""FY"", ""fy"": 2023, ""period_duration_class"": ""annual"", ""period_duration_days"": 365, ""period_end"": ""2023-12-31"", ""period_start"": ""2023-01-01"", ""source_member"": ""financial_reports/amzn/condensed_consolidated_statement_of_cash_flows.json"", ""source_provenance_hash"": ""c09615d1cd56dd7f1b6163ad8daa495194226cfe693cb9982ad61f6df29201ea"", ""taxonomy"": ""us-gaap"", ""unit"": ""USD"", ""value"": -49833000000}"
AMZN,NetCashProvidedByUsedInFinancingActivities,2024-04-26,7800,7306,143,0,"[{""accession_number"": ""0001018724-24-000008"", ""filed_date"": ""2024-02-02"", ""filing_period_match_score"": 1, ""form"": ""10-K"", ""fp"": ""FY"", ""period_duration_days"": 365, ""period_end"": ""2023-12-31"", ""period_start"": ""2023-01-01""}]",AVAILABLE,latest PIT-safe economic period; filing-period duration preference applied,"{""accession_number"": ""0001018724-24-000008"", ""concept"": ""NetCashProvidedByUsedInFinancingActivities"", ""filed_date"": ""2024-02-02"", ""form"": ""10-K"", ""fp"": ""FY"", ""fy"": 2023, ""period_duration_class"": ""annual"", ""period_duration_days"": 365, ""period_end"": ""2023-12-31"", ""period_start"": ""2023-01-01"", ""source_member"": ""financial_reports/amzn/condensed_consolidated_statement_of_cash_flows.json"", ""source_provenance_hash"": ""85f2866168421f41f358dd7b724ca5f820eda5ce25a1b4efe7e31ed1dad2606c"", ""taxonomy"": ""us-gaap"", ""unit"": ""USD"", ""value"": -15879000000}"
JPM,Assets,2024-04-26,752,704,60,0,"[{""accession_number"": ""0000019617-24-000225"", ""filed_date"": ""2024-02-16"", ""filing_period_match_score"": 0, ""form"": ""10-K"", ""fp"": ""FY"", ""period_duration_days"": null, ""period_end"": ""2023-12-31"", ""period_start"": """"}]",AVAILABLE,latest PIT-safe economic period; filing-period duration preference applied,"{""accession_number"": ""0000019617-24-000225"", ""concept"": ""Assets"", ""filed_date"": ""2024-02-16"", ""form"": ""10-K"", ""fp"": ""FY"", ""fy"": 2023, ""period_duration_class"": ""point_in_time"", ""period_duration_days"": null, ""period_end"": ""2023-12-31"", ""period_start"": """", ""source_member"": ""financial_reports/jpm/condensed_consolidated_balance_sheets.json"", ""source_provenance_hash"": ""785286ca695e808817468e0f35bbad600e324b7940225586ba71890c02fcb151"", ""taxonomy"": ""us-gaap"", ""unit"": ""USD"", ""value"": 3875393000000}"
JPM,Liabilities,2024-04-26,540,508,60,0,"[{""accession_number"": ""0000019617-24-000225"", ""filed_date"": ""2024-02-16"", ""filing_period_match_score"": 0, ""form"": ""10-K"", ""fp"": ""FY"", ""period_duration_days"": null, ""period_end"": ""2023-12-31"", ""period_start"": """"}]",AVAILABLE,latest PIT-safe economic period; filing-period duration preference applied,"{""accession_number"": ""0000019617-24-000225"", ""concept"": ""Liabilities"", ""filed_date"": ""2024-02-16"", ""form"": ""10-K"", ""fp"": ""FY"", ""fy"": 2023, ""period_duration_class"": ""point_in_time"", ""period_duration_days"": null, ""period_end"": ""2023-12-31"", ""period_start"": """", ""source_member"": ""financial_reports/jpm/condensed_consolidated_balance_sheets.json"", ""source_provenance_hash"": ""54615bfb9cdbe1c99b9c84940fd23fba86aa24803437a6e68b46171a5855b6b1"", ""taxonomy"": ""us-gaap"", ""unit"": ""USD"", ""value"": 3547515000000}"
JPM,StockholdersEquity,2024-04-26,688,640,61,0,"[{""accession_number"": ""0000019617-24-000225"", ""filed_date"": ""2024-02-16"", ""filing_period_match_score"": 0, ""form"": ""10-K"", ""fp"": ""FY"", ""period_duration_days"": null, ""period_end"": ""2023-12-31"", ""period_start"": """"}]",AVAILABLE,latest PIT-safe economic period; filing-period duration preference applied,"{""accession_number"": ""0000019617-24-000225"", ""concept"": ""StockholdersEquity"", ""filed_date"": ""2024-02-16"", ""form"": ""10-K"", ""fp"": ""FY"", ""fy"": 2023, ""period_duration_class"": ""point_in_time"", ""period_duration_days"": null, ""period_end"": ""2023-12-31"", ""period_start"": """", ""source_member"": ""financial_reports/jpm/condensed_consolidated_balance_sheets.json"", ""source_provenance_hash"": ""c90bba9edf9c9d44d440f7b69ef951d85b00ca9e332d19b886f97d1de4037adb"", ""taxonomy"": ""us-gaap"", ""unit"": ""USD"", ""value"": 327878000000}"
JPM,NetCashProvidedByUsedInOperatingActivities,2024-04-26,604,568,64,0,"[{""accession_number"": ""0000019617-24-000225"", ""filed_date"": ""2024-02-16"", ""filing_period_match_score"": 1, ""form"": ""10-K"", ""fp"": ""FY"", ""period_duration_days"": 365, ""period_end"": ""2023-12-31"", ""period_start"": ""2023-01-01""}]",AVAILABLE,latest PIT-safe economic period; filing-period duration preference applied,"{""accession_number"": ""0000019617-24-000225"", ""concept"": ""NetCashProvidedByUsedInOperatingActivities"", ""filed_date"": ""2024-02-16"", ""form"": ""10-K"", ""fp"": ""FY"", ""fy"": 2023, ""period_duration_class"": ""annual"", ""period_duration_days"": 365, ""period_end"": ""2023-12-31"", ""period_start"": ""2023-01-01"", ""source_member"": ""financial_reports/jpm/condensed_consolidated_statement_of_cash_flows.json"", ""source_provenance_hash"": ""d1b2bf0507b6591bc62ca3d5bf07afa51f2f9cde0b1f574dc0a805e82f834aac"", ""taxonomy"": ""us-gaap"", ""unit"": ""USD"", ""value"": 12974000000}"
JPM,NetCashProvidedByUsedInInvestingActivities,2024-04-26,604,568,64,0,"[{""accession_number"": ""0000019617-24-000225"", ""filed_date"": ""2024-02-16"", ""filing_period_match_score"": 1, ""form"": ""10-K"", ""fp"": ""FY"", ""period_duration_days"": 365, ""period_end"": ""2023-12-31"", ""period_start"": ""2023-01-01""}]",AVAILABLE,latest PIT-safe economic period; filing-period duration preference applied,"{""accession_number"": ""0000019617-24-000225"", ""concept"": ""NetCashProvidedByUsedInInvestingActivities"", ""filed_date"": ""2024-02-16"", ""form"": ""10-K"", ""fp"": ""FY"", ""fy"": 2023, ""period_duration_class"": ""annual"", ""period_duration_days"": 365, ""period_end"": ""2023-12-31"", ""period_start"": ""2023-01-01"", ""source_member"": ""financial_reports/jpm/condensed_consolidated_statement_of_cash_flows.json"", ""source_provenance_hash"": ""64c59a5c23ca96348afa7013a57ef58b4162b9b8223f39820e594239b5aee6a6"", ""taxonomy"": ""us-gaap"", ""unit"": ""USD"", ""value"": 67643000000}"
JPM,NetCashProvidedByUsedInFinancingActivities,2024-04-26,604,568,64,0,"[{""accession_number"": ""0000019617-24-000225"", ""filed_date"": ""2024-02-16"", ""filing_period_match_score"": 1, ""form"": ""10-K"", ""fp"": ""FY"", ""period_duration_days"": 365, ""period_end"": ""2023-12-31"", ""period_start"": ""2023-01-01""}]",AVAILABLE,latest PIT-safe economic period; filing-period duration preference applied,"{""accession_number"": ""0000019617-24-000225"", ""concept"": ""NetCashProvidedByUsedInFinancingActivities"", ""filed_date"": ""2024-02-16"", ""form"": ""10-K"", ""fp"": ""FY"", ""fy"": 2023, ""period_duration_class"": ""annual"", ""period_duration_days"": 365, ""period_end"": ""2023-12-31"", ""period_start"": ""2023-01-01"", ""source_member"": ""financial_reports/jpm/condensed_consolidated_statement_of_cash_flows.json"", ""source_provenance_hash"": ""f549ed634eae0ab6181ce41c4e551ed0c21cfbecbb5dff56a45b0994240c1ab9"", ""taxonomy"": ""us-gaap"", ""unit"": ""USD"", ""value"": -25571000000}"
AAPL,Assets,2024-05-03,5628,5292,60,84,"[{""accession_number"": ""0000320193-24-000006"", ""filed_date"": ""2024-02-02"", ""filing_period_match_score"": 0, ""form"": ""10-Q"", ""fp"": ""Q1"", ""period_duration_days"": null, ""period_end"": ""2023-12-30"", ""period_start"": """"}]",AVAILABLE,latest PIT-safe economic period; filing-period duration preference applied,"{""accession_number"": ""0000320193-24-000006"", ""concept"": ""Assets"", ""filed_date"": ""2024-02-02"", ""form"": ""10-Q"", ""fp"": ""Q1"", ""fy"": 2024, ""period_duration_class"": ""point_in_time"", ""period_duration_days"": null, ""period_end"": ""2023-12-30"", ""period_start"": """", ""source_member"": ""financial_reports/aapl/condensed_consolidated_balance_sheets.json"", ""source_provenance_hash"": ""1db0ab33a515a943af29566e05a55b0a1a9ad8f25c25080751ee7d1985c252eb"", ""taxonomy"": ""us-gaap"", ""unit"": ""USD"", ""value"": 353514000000}"
AAPL,Liabilities,2024-05-03,5544,5208,60,84,"[{""accession_number"": ""0000320193-24-000006"", ""filed_date"": ""2024-02-02"", ""filing_period_match_score"": 0, ""form"": ""10-Q"", ""fp"": ""Q1"", ""period_duration_days"": null, ""period_end"": ""2023-12-30"", ""period_start"": """"}]",AVAILABLE,latest PIT-safe economic period; filing-period duration preference applied,"{""accession_number"": ""0000320193-24-000006"", ""concept"": ""Liabilities"", ""filed_date"": ""2024-02-02"", ""form"": ""10-Q"", ""fp"": ""Q1"", ""fy"": 2024, ""period_duration_class"": ""point_in_time"", ""period_duration_days"": null, ""period_end"": ""2023-12-30"", ""period_start"": """", ""source_member"": ""financial_reports/aapl/condensed_consolidated_balance_sheets.json"", ""source_provenance_hash"": ""07916b3164ccf25841337d7262abdf3bf4862e4454dc97e7e39c3c39d863993a"", ""taxonomy"": ""us-gaap"", ""unit"": ""USD"", ""value"": 279414000000}"
AAPL,StockholdersEquity,2024-05-03,9744,8904,62,252,"[{""accession_number"": ""0000320193-24-000006"", ""filed_date"": ""2024-02-02"", ""filing_period_match_score"": 0, ""form"": ""10-Q"", ""fp"": ""Q1"", ""period_duration_days"": null, ""period_end"": ""2023-12-30"", ""period_start"": """"}]",AVAILABLE,latest PIT-safe economic period; filing-period duration preference applied,"{""accession_number"": ""0000320193-24-000006"", ""concept"": ""StockholdersEquity"", ""filed_date"": ""2024-02-02"", ""form"": ""10-Q"", ""fp"": ""Q1"", ""fy"": 2024, ""period_duration_class"": ""point_in_time"", ""period_duration_days"": null, ""period_end"": ""2023-12-30"", ""period_start"": """", ""source_member"": ""financial_reports/aapl/condensed_consolidated_balance_sheets.json"", ""source_provenance_hash"": ""bf98f154a26a0aa129a18f7c773e208a69a7b332516ce4e2b2e8198456c791ff"", ""taxonomy"": ""us-gaap"", ""unit"": ""USD"", ""value"": 74100000000}"
AAPL,NetCashProvidedByUsedInOperatingActivities,2024-05-03,5082,4704,57,84,"[{""accession_number"": ""0000320193-24-000006"", ""filed_date"": ""2024-02-02"", ""filing_period_match_score"": 1, ""form"": ""10-Q"", ""fp"": ""Q1"", ""period_duration_days"": 91, ""period_end"": ""2023-12-30"", ""period_start"": ""2023-10-01""}]",AVAILABLE,latest PIT-safe economic period; filing-period duration preference applied,"{""accession_number"": ""0000320193-24-000006"", ""concept"": ""NetCashProvidedByUsedInOperatingActivities"", ""filed_date"": ""2024-02-02"", ""form"": ""10-Q"", ""fp"": ""Q1"", ""fy"": 2024, ""period_duration_class"": ""quarterly"", ""period_duration_days"": 91, ""period_end"": ""2023-12-30"", ""period_start"": ""2023-10-01"", ""source_member"": ""financial_reports/aapl/condensed_consolidated_statement_of_cash_flows.json"", ""source_provenance_hash"": ""fca3433c183825485a054844ab812837391876f177bccc6e85529e42a7b0ca00"", ""taxonomy"": ""us-gaap"", ""unit"": ""USD"", ""value"": 39895000000}"
AAPL,NetCashProvidedByUsedInInvestingActivities,2024-05-03,5082,4704,57,84,"[{""accession_number"": ""0000320193-24-000006"", ""filed_date"": ""2024-02-02"", ""filing_period_match_score"": 1, ""form"": ""10-Q"", ""fp"": ""Q1"", ""period_duration_days"": 91, ""period_end"": ""2023-12-30"", ""period_start"": ""2023-10-01""}]",AVAILABLE,latest PIT-safe economic period; filing-period duration preference applied,"{""accession_number"": ""0000320193-24-000006"", ""concept"": ""NetCashProvidedByUsedInInvestingActivities"", ""filed_date"": ""2024-02-02"", ""form"": ""10-Q"", ""fp"": ""Q1"", ""fy"": 2024, ""period_duration_class"": ""quarterly"", ""period_duration_days"": 91, ""period_end"": ""2023-12-30"", ""period_start"": ""2023-10-01"", ""source_member"": ""financial_reports/aapl/condensed_consolidated_statement_of_cash_flows.json"", ""source_provenance_hash"": ""06fa562e48c0fb127bac27094411d7040c7457139a825a2fa50a7d9c0305cc63"", ""taxonomy"": ""us-gaap"", ""unit"": ""USD"", ""value"": 1927000000}"
AAPL,NetCashProvidedByUsedInFinancingActivities,2024-05-03,5082,4704,57,84,"[{""accession_number"": ""0000320193-24-000006"", ""filed_date"": ""2024-02-02"", ""filing_period_match_score"": 1, ""form"": ""10-Q"", ""fp"": ""Q1"", ""period_duration_days"": 91, ""period_end"": ""2023-12-30"", ""period_start"": ""2023-10-01""}]",AVAILABLE,latest PIT-safe economic period; filing-period duration preference applied,"{""accession_number"": ""0000320193-24-000006"", ""concept"": ""NetCashProvidedByUsedInFinancingActivities"", ""filed_date"": ""2024-02-02"", ""form"": ""10-Q"", ""fp"": ""Q1"", ""fy"": 2024, ""period_duration_class"": ""quarterly"", ""period_duration_days"": 91, ""period_end"": ""2023-12-30"", ""period_start"": ""2023-10-01"", ""source_member"": ""financial_reports/aapl/condensed_consolidated_statement_of_cash_flows.json"", ""source_provenance_hash"": ""52a6eeac79ca71f796813622839c828f9d294cc1d5ab81b256eec199d21bba88"", ""taxonomy"": ""us-gaap"", ""unit"": ""USD"", ""value"": -30585000000}"
AMZN,Assets,2024-05-03,3536,3354,61,0,"[{""accession_number"": ""0001018724-24-000083"", ""filed_date"": ""2024-05-01"", ""filing_period_match_score"": 0, ""form"": ""10-Q"", ""fp"": ""Q1"", ""period_duration_days"": null, ""period_end"": ""2024-03-31"", ""period_start"": """"}]",AVAILABLE,latest PIT-safe economic period; filing-period duration preference applied,"{""accession_number"": ""0001018724-24-000083"", ""concept"": ""Assets"", ""filed_date"": ""2024-05-01"", ""form"": ""10-Q"", ""fp"": ""Q1"", ""fy"": 2024, ""period_duration_class"": ""point_in_time"", ""period_duration_days"": null, ""period_end"": ""2024-03-31"", ""period_start"": """", ""source_member"": ""financial_reports/amzn/condensed_consolidated_balance_sheets.json"", ""source_provenance_hash"": ""aeb8877dd37a86cab9e9d52e136c7cd34247c2c5ad9165934cdba3fb22501a09"", ""taxonomy"": ""us-gaap"", ""unit"": ""USD"", ""value"": 530969000000}"
AMZN,Liabilities,2024-05-03,0,0,0,0,[],UNAVAILABLE,no PIT-safe fact with period end,
AMZN,StockholdersEquity,2024-05-03,5668,5252,63,0,"[{""accession_number"": ""0001018724-24-000083"", ""filed_date"": ""2024-05-01"", ""filing_period_match_score"": 0, ""form"": ""10-Q"", ""fp"": ""Q1"", ""period_duration_days"": null, ""period_end"": ""2024-03-31"", ""period_start"": """"}]",AVAILABLE,latest PIT-safe economic period; filing-period duration preference applied,"{""accession_number"": ""0001018724-24-000083"", ""concept"": ""StockholdersEquity"", ""filed_date"": ""2024-05-01"", ""form"": ""10-Q"", ""fp"": ""Q1"", ""fy"": 2024, ""period_duration_class"": ""point_in_time"", ""period_duration_days"": null, ""period_end"": ""2024-03-31"", ""period_start"": """", ""source_member"": ""financial_reports/amzn/condensed_consolidated_balance_sheets.json"", ""source_provenance_hash"": ""81fe52fba45367880009bdde192447fa28ce5a851dc57775fcbb041794086c9b"", ""taxonomy"": ""us-gaap"", ""unit"": ""USD"", ""value"": 216661000000}"
AMZN,NetCashProvidedByUsedInOperatingActivities,2024-05-03,7800,7410,145,0,"[{""accession_number"": ""0001018724-24-000083"", ""filed_date"": ""2024-05-01"", ""filing_period_match_score"": 0, ""form"": ""10-Q"", ""fp"": ""Q1"", ""period_duration_days"": 366, ""period_end"": ""2024-03-31"", ""period_start"": ""2023-04-01""}, {""accession_number"": ""0001018724-24-000083"", ""filed_date"": ""2024-05-01"", ""filing_period_match_score"": 1, ""form"": ""10-Q"", ""fp"": ""Q1"", ""period_duration_days"": 91, ""period_end"": ""2024-03-31"", ""period_start"": ""2024-01-01""}]",AVAILABLE,latest PIT-safe economic period; filing-period duration preference applied,"{""accession_number"": ""0001018724-24-000083"", ""concept"": ""NetCashProvidedByUsedInOperatingActivities"", ""filed_date"": ""2024-05-01"", ""form"": ""10-Q"", ""fp"": ""Q1"", ""fy"": 2024, ""period_duration_class"": ""quarterly"", ""period_duration_days"": 91, ""period_end"": ""2024-03-31"", ""period_start"": ""2024-01-01"", ""source_member"": ""financial_reports/amzn/condensed_consolidated_statement_of_cash_flows.json"", ""source_provenance_hash"": ""3731cfee772c0a51185dbf62e77efdb15b7be1eadc8bc4d01202035120dd73b9"", ""taxonomy"": ""us-gaap"", ""unit"": ""USD"", ""value"": 18989000000}"
AMZN,NetCashProvidedByUsedInInvestingActivities,2024-05-03,7800,7410,145,0,"[{""accession_number"": ""0001018724-24-000083"", ""filed_date"": ""2024-05-01"", ""filing_period_match_score"": 0, ""form"": ""10-Q"", ""fp"": ""Q1"", ""period_duration_days"": 366, ""period_end"": ""2024-03-31"", ""period_start"": ""2023-04-01""}, {""accession_number"": ""0001018724-24-000083"", ""filed_date"": ""2024-05-01"", ""filing_period_match_score"": 1, ""form"": ""10-Q"", ""fp"": ""Q1"", ""period_duration_days"": 91, ""period_end"": ""2024-03-31"", ""period_start"": ""2024-01-01""}]",AVAILABLE,latest PIT-safe economic period; filing-period duration preference applied,"{""accession_number"": ""0001018724-24-000083"", ""concept"": ""NetCashProvidedByUsedInInvestingActivities"", ""filed_date"": ""2024-05-01"", ""form"": ""10-Q"", ""fp"": ""Q1"", ""fy"": 2024, ""period_duration_class"": ""quarterly"", ""period_duration_days"": 91, ""period_end"": ""2024-03-31"", ""period_start"": ""2024-01-01"", ""source_member"": ""financial_reports/amzn/condensed_consolidated_statement_of_cash_flows.json"", ""source_provenance_hash"": ""b56cdbd41edf055dffd276bbc8f71875219e58d62d4889d85cbf2bc85641eace"", ""taxonomy"": ""us-gaap"", ""unit"": ""USD"", ""value"": -17862000000}"
AMZN,NetCashProvidedByUsedInFinancingActivities,2024-05-03,7800,7410,145,0,"[{""accession_number"": ""0001018724-24-000083"", ""filed_date"": ""2024-05-01"", ""filing_period_match_score"": 0, ""form"": ""10-Q"", ""fp"": ""Q1"", ""period_duration_days"": 366, ""period_end"": ""2024-03-31"", ""period_start"": ""2023-04-01""}, {""accession_number"": ""0001018724-24-000083"", ""filed_date"": ""2024-05-01"", ""filing_period_match_score"": 1, ""form"": ""10-Q"", ""fp"": ""Q1"", ""period_duration_days"": 91, ""period_end"": ""2024-03-31"", ""period_start"": ""2024-01-01""}]",AVAILABLE,latest PIT-safe economic period; filing-period duration preference applied,"{""accession_number"": ""0001018724-24-000083"", ""concept"": ""NetCashProvidedByUsedInFinancingActivities"", ""filed_date"": ""2024-05-01"", ""form"": ""10-Q"", ""fp"": ""Q1"", ""fy"": 2024, ""period_duration_class"": ""quarterly"", ""period_duration_days"": 91, ""period_end"": ""2024-03-31"", ""period_start"": ""2024-01-01"", ""source_member"": ""financial_reports/amzn/condensed_consolidated_statement_of_cash_flows.json"", ""source_provenance_hash"": ""9bd4280fabe04706001cf28c5d46d8086945a9e0bb792bab834e25b5ce66fc72"", ""taxonomy"": ""us-gaap"", ""unit"": ""USD"", ""value"": -1256000000}"
JPM,Assets,2024-05-03,752,716,61,0,"[{""accession_number"": ""0000019617-24-000326"", ""filed_date"": ""2024-05-01"", ""filing_period_match_score"": 0, ""form"": ""10-Q"", ""fp"": ""Q1"", ""period_duration_days"": null, ""period_end"": ""2024-03-31"", ""period_start"": """"}]",AVAILABLE,latest PIT-safe economic period; filing-period duration preference applied,"{""accession_number"": ""0000019617-24-000326"", ""concept"": ""Assets"", ""filed_date"": ""2024-05-01"", ""form"": ""10-Q"", ""fp"": ""Q1"", ""fy"": 2024, ""period_duration_class"": ""point_in_time"", ""period_duration_days"": null, ""period_end"": ""2024-03-31"", ""period_start"": """", ""source_member"": ""financial_reports/jpm/condensed_consolidated_balance_sheets.json"", ""source_provenance_hash"": ""397b17c10f393c35e70975434c3d27fa74b4f2d668bf94f277c346d4152ce95e"", ""taxonomy"": ""us-gaap"", ""unit"": ""USD"", ""value"": 4090727000000}"
JPM,Liabilities,2024-05-03,540,516,61,0,"[{""accession_number"": ""0000019617-24-000326"", ""filed_date"": ""2024-05-01"", ""filing_period_match_score"": 0, ""form"": ""10-Q"", ""fp"": ""Q1"", ""period_duration_days"": null, ""period_end"": ""2024-03-31"", ""period_start"": """"}]",AVAILABLE,latest PIT-safe economic period; filing-period duration preference applied,"{""accession_number"": ""0000019617-24-000326"", ""concept"": ""Liabilities"", ""filed_date"": ""2024-05-01"", ""form"": ""10-Q"", ""fp"": ""Q1"", ""fy"": 2024, ""period_duration_class"": ""point_in_time"", ""period_duration_days"": null, ""period_end"": ""2024-03-31"", ""period_start"": """", ""source_member"": ""financial_reports/jpm/condensed_consolidated_balance_sheets.json"", ""source_provenance_hash"": ""d73ed3cb27dba0e233b929f59fac1e65fe510292ddb7f62b88e3f86ef4312ad4"", ""taxonomy"": ""us-gaap"", ""unit"": ""USD"", ""value"": 3754090000000}"
JPM,StockholdersEquity,2024-05-03,688,652,62,0,"[{""accession_number"": ""0000019617-24-000326"", ""filed_date"": ""2024-05-01"", ""filing_period_match_score"": 0, ""form"": ""10-Q"", ""fp"": ""Q1"", ""period_duration_days"": null, ""period_end"": ""2024-03-31"", ""period_start"": """"}]",AVAILABLE,latest PIT-safe economic period; filing-period duration preference applied,"{""accession_number"": ""0000019617-24-000326"", ""concept"": ""StockholdersEquity"", ""filed_date"": ""2024-05-01"", ""form"": ""10-Q"", ""fp"": ""Q1"", ""fy"": 2024, ""period_duration_class"": ""point_in_time"", ""period_duration_days"": null, ""period_end"": ""2024-03-31"", ""period_start"": """", ""source_member"": ""financial_reports/jpm/condensed_consolidated_balance_sheets.json"", ""source_provenance_hash"": ""9c80bcc53d7efb6c136d7d04c06d93cc40b539aa3a8593abf712e2def3a8aa3e"", ""taxonomy"": ""us-gaap"", ""unit"": ""USD"", ""value"": 336637000000}"
JPM,NetCashProvidedByUsedInOperatingActivities,2024-05-03,604,576,65,0,"[{""accession_number"": ""0000019617-24-000326"", ""filed_date"": ""2024-05-01"", ""filing_period_match_score"": 1, ""form"": ""10-Q"", ""fp"": ""Q1"", ""period_duration_days"": 91, ""period_end"": ""2024-03-31"", ""period_start"": ""2024-01-01""}]",AVAILABLE,latest PIT-safe economic period; filing-period duration preference applied,"{""accession_number"": ""0000019617-24-000326"", ""concept"": ""NetCashProvidedByUsedInOperatingActivities"", ""filed_date"": ""2024-05-01"", ""form"": ""10-Q"", ""fp"": ""Q1"", ""fy"": 2024, ""period_duration_class"": ""quarterly"", ""period_duration_days"": 91, ""period_end"": ""2024-03-31"", ""period_start"": ""2024-01-01"", ""source_member"": ""financial_reports/jpm/condensed_consolidated_statement_of_cash_flows.json"", ""source_provenance_hash"": ""b9a43fef787f1dd3c86173f23d6a6c9ab1212e5f3e84a7b13b4049c4eb98af1a"", ""taxonomy"": ""us-gaap"", ""unit"": ""USD"", ""value"": -154158000000}"
JPM,NetCashProvidedByUsedInInvestingActivities,2024-05-03,604,576,65,0,"[{""accession_number"": ""0000019617-24-000326"", ""filed_date"": ""2024-05-01"", ""filing_period_match_score"": 1, ""form"": ""10-Q"", ""fp"": ""Q1"", ""period_duration_days"": 91, ""period_end"": ""2024-03-31"", ""period_start"": ""2024-01-01""}]",AVAILABLE,latest PIT-safe economic period; filing-period duration preference applied,"{""accession_number"": ""0000019617-24-000326"", ""concept"": ""NetCashProvidedByUsedInInvestingActivities"", ""filed_date"": ""2024-05-01"", ""form"": ""10-Q"", ""fp"": ""Q1"", ""fy"": 2024, ""period_duration_class"": ""quarterly"", ""period_duration_days"": 91, ""period_end"": ""2024-03-31"", ""period_start"": ""2024-01-01"", ""source_member"": ""financial_reports/jpm/condensed_consolidated_statement_of_cash_flows.json"", ""source_provenance_hash"": ""ca12ab736a2b772ea7da8832549a7ff9107f97eee50d9875f9c4088507aede34"", ""taxonomy"": ""us-gaap"", ""unit"": ""USD"", ""value"": -43379000000}"
JPM,NetCashProvidedByUsedInFinancingActivities,2024-05-03,604,576,65,0,"[{""accession_number"": ""0000019617-24-000326"", ""filed_date"": ""2024-05-01"", ""filing_period_match_score"": 1, ""form"": ""10-Q"", ""fp"": ""Q1"", ""period_duration_days"": 91, ""period_end"": ""2024-03-31"", ""period_start"": ""2024-01-01""}]",AVAILABLE,latest PIT-safe economic period; filing-period duration preference applied,"{""accession_number"": ""0000019617-24-000326"", ""concept"": ""NetCashProvidedByUsedInFinancingActivities"", ""filed_date"": ""2024-05-01"", ""form"": ""10-Q"", ""fp"": ""Q1"", ""fy"": 2024, ""period_duration_class"": ""quarterly"", ""period_duration_days"": 91, ""period_end"": ""2024-03-31"", ""period_start"": ""2024-01-01"", ""source_member"": ""financial_reports/jpm/condensed_consolidated_statement_of_cash_flows.json"", ""source_provenance_hash"": ""c76f6a506cf265e8d29f579b10fd49cdbbc5964465391b5832262a0bddf0631d"", ""taxonomy"": ""us-gaap"", ""unit"": ""USD"", ""value"": 141168000000}"
AAPL,Assets,2024-05-10,5628,5376,61,0,"[{""accession_number"": ""0000320193-24-000069"", ""filed_date"": ""2024-05-03"", ""filing_period_match_score"": 0, ""form"": ""10-Q"", ""fp"": ""Q2"", ""period_duration_days"": null, ""period_end"": ""2024-03-30"", ""period_start"": """"}]",AVAILABLE,latest PIT-safe economic period; filing-period duration preference applied,"{""accession_number"": ""0000320193-24-000069"", ""concept"": ""Assets"", ""filed_date"": ""2024-05-03"", ""form"": ""10-Q"", ""fp"": ""Q2"", ""fy"": 2024, ""period_duration_class"": ""point_in_time"", ""period_duration_days"": null, ""period_end"": ""2024-03-30"", ""period_start"": """", ""source_member"": ""financial_reports/aapl/condensed_consolidated_balance_sheets.json"", ""source_provenance_hash"": ""cba252b96f0085bd9e2cafde217a9e50e871879768adb0c58ef075d88aae2c69"", ""taxonomy"": ""us-gaap"", ""unit"": ""USD"", ""value"": 337411000000}"
AAPL,Liabilities,2024-05-10,5544,5292,61,0,"[{""accession_number"": ""0000320193-24-000069"", ""filed_date"": ""2024-05-03"", ""filing_period_match_score"": 0, ""form"": ""10-Q"", ""fp"": ""Q2"", ""period_duration_days"": null, ""period_end"": ""2024-03-30"", ""period_start"": """"}]",AVAILABLE,latest PIT-safe economic period; filing-period duration preference applied,"{""accession_number"": ""0000320193-24-000069"", ""concept"": ""Liabilities"", ""filed_date"": ""2024-05-03"", ""form"": ""10-Q"", ""fp"": ""Q2"", ""fy"": 2024, ""period_duration_class"": ""point_in_time"", ""period_duration_days"": null, ""period_end"": ""2024-03-30"", ""period_start"": """", ""source_member"": ""financial_reports/aapl/condensed_consolidated_balance_sheets.json"", ""source_provenance_hash"": ""36b48c3c5ef87f365f656d78017043ec6da3d1fa7faf7076c8c8c14393b53a00"", ""taxonomy"": ""us-gaap"", ""unit"": ""USD"", ""value"": 263217000000}"
AAPL,StockholdersEquity,2024-05-10,9744,9156,63,0,"[{""accession_number"": ""0000320193-24-000069"", ""filed_date"": ""2024-05-03"", ""filing_period_match_score"": 0, ""form"": ""10-Q"", ""fp"": ""Q2"", ""period_duration_days"": null, ""period_end"": ""2024-03-30"", ""period_start"": """"}]",AVAILABLE,latest PIT-safe economic period; filing-period duration preference applied,"{""accession_number"": ""0000320193-24-000069"", ""concept"": ""StockholdersEquity"", ""filed_date"": ""2024-05-03"", ""form"": ""10-Q"", ""fp"": ""Q2"", ""fy"": 2024, ""period_duration_class"": ""point_in_time"", ""period_duration_days"": null, ""period_end"": ""2024-03-30"", ""period_start"": """", ""source_member"": ""financial_reports/aapl/condensed_consolidated_balance_sheets.json"", ""source_provenance_hash"": ""8adf9d7079a89b218208d382a2360dd7d647ee7814c358bbfc78d02dfff531fd"", ""taxonomy"": ""us-gaap"", ""unit"": ""USD"", ""value"": 74194000000}"
AAPL,NetCashProvidedByUsedInOperatingActivities,2024-05-10,5082,4788,58,0,"[{""accession_number"": ""0000320193-24-000069"", ""filed_date"": ""2024-05-03"", ""filing_period_match_score"": 1, ""form"": ""10-Q"", ""fp"": ""Q2"", ""period_duration_days"": 182, ""period_end"": ""2024-03-30"", ""period_start"": ""2023-10-01""}]",AVAILABLE,latest PIT-safe economic period; filing-period duration preference applied,"{""accession_number"": ""0000320193-24-000069"", ""concept"": ""NetCashProvidedByUsedInOperatingActivities"", ""filed_date"": ""2024-05-03"", ""form"": ""10-Q"", ""fp"": ""Q2"", ""fy"": 2024, ""period_duration_class"": ""year_to_date_h1"", ""period_duration_days"": 182, ""period_end"": ""2024-03-30"", ""period_start"": ""2023-10-01"", ""source_member"": ""financial_reports/aapl/condensed_consolidated_statement_of_cash_flows.json"", ""source_provenance_hash"": ""123ff8cb4903973fe21f35d3b3ce990a91ecf0e8f2e33fee3b0e2f2c8cff8301"", ""taxonomy"": ""us-gaap"", ""unit"": ""USD"", ""value"": 62585000000}"
AAPL,NetCashProvidedByUsedInInvestingActivities,2024-05-10,5082,4788,58,0,"[{""accession_number"": ""0000320193-24-000069"", ""filed_date"": ""2024-05-03"", ""filing_period_match_score"": 1, ""form"": ""10-Q"", ""fp"": ""Q2"", ""period_duration_days"": 182, ""period_end"": ""2024-03-30"", ""period_start"": ""2023-10-01""}]",AVAILABLE,latest PIT-safe economic period; filing-period duration preference applied,"{""accession_number"": ""0000320193-24-000069"", ""concept"": ""NetCashProvidedByUsedInInvestingActivities"", ""filed_date"": ""2024-05-03"", ""form"": ""10-Q"", ""fp"": ""Q2"", ""fy"": 2024, ""period_duration_class"": ""year_to_date_h1"", ""period_duration_days"": 182, ""period_end"": ""2024-03-30"", ""period_start"": ""2023-10-01"", ""source_member"": ""financial_reports/aapl/condensed_consolidated_statement_of_cash_flows.json"", ""source_provenance_hash"": ""9bd3cf75524877c2b648657373f595c073df39a17c9df87b5433dc67d27bf327"", ""taxonomy"": ""us-gaap"", ""unit"": ""USD"", ""value"": 1617000000}"
AAPL,NetCashProvidedByUsedInFinancingActivities,2024-05-10,5082,4788,58,0,"[{""accession_number"": ""0000320193-24-000069"", ""filed_date"": ""2024-05-03"", ""filing_period_match_score"": 1, ""form"": ""10-Q"", ""fp"": ""Q2"", ""period_duration_days"": 182, ""period_end"": ""2024-03-30"", ""period_start"": ""2023-10-01""}]",AVAILABLE,latest PIT-safe economic period; filing-period duration preference applied,"{""accession_number"": ""0000320193-24-000069"", ""concept"": ""NetCashProvidedByUsedInFinancingActivities"", ""filed_date"": ""2024-05-03"", ""form"": ""10-Q"", ""fp"": ""Q2"", ""fy"": 2024, ""period_duration_class"": ""year_to_date_h1"", ""period_duration_days"": 182, ""period_end"": ""2024-03-30"", ""period_start"": ""2023-10-01"", ""source_member"": ""financial_reports/aapl/condensed_consolidated_statement_of_cash_flows.json"", ""source_provenance_hash"": ""f933a8c210b6c4944b1e0d64c554c598f729e72a5a33dc7211fc326427ff752a"", ""taxonomy"": ""us-gaap"", ""unit"": ""USD"", ""value"": -61018000000}"
AMZN,Assets,2024-05-10,3536,3354,61,0,"[{""accession_number"": ""0001018724-24-000083"", ""filed_date"": ""2024-05-01"", ""filing_period_match_score"": 0, ""form"": ""10-Q"", ""fp"": ""Q1"", ""period_duration_days"": null, ""period_end"": ""2024-03-31"", ""period_start"": """"}]",AVAILABLE,latest PIT-safe economic period; filing-period duration preference applied,"{""accession_number"": ""0001018724-24-000083"", ""concept"": ""Assets"", ""filed_date"": ""2024-05-01"", ""form"": ""10-Q"", ""fp"": ""Q1"", ""fy"": 2024, ""period_duration_class"": ""point_in_time"", ""period_duration_days"": null, ""period_end"": ""2024-03-31"", ""period_start"": """", ""source_member"": ""financial_reports/amzn/condensed_consolidated_balance_sheets.json"", ""source_provenance_hash"": ""aeb8877dd37a86cab9e9d52e136c7cd34247c2c5ad9165934cdba3fb22501a09"", ""taxonomy"": ""us-gaap"", ""unit"": ""USD"", ""value"": 530969000000}"
AMZN,Liabilities,2024-05-10,0,0,0,0,[],UNAVAILABLE,no PIT-safe fact with period end,
AMZN,StockholdersEquity,2024-05-10,5668,5252,63,0,"[{""accession_number"": ""0001018724-24-000083"", ""filed_date"": ""2024-05-01"", ""filing_period_match_score"": 0, ""form"": ""10-Q"", ""fp"": ""Q1"", ""period_duration_days"": null, ""period_end"": ""2024-03-31"", ""period_start"": """"}]",AVAILABLE,latest PIT-safe economic period; filing-period duration preference applied,"{""accession_number"": ""0001018724-24-000083"", ""concept"": ""StockholdersEquity"", ""filed_date"": ""2024-05-01"", ""form"": ""10-Q"", ""fp"": ""Q1"", ""fy"": 2024, ""period_duration_class"": ""point_in_time"", ""period_duration_days"": null, ""period_end"": ""2024-03-31"", ""period_start"": """", ""source_member"": ""financial_reports/amzn/condensed_consolidated_balance_sheets.json"", ""source_provenance_hash"": ""81fe52fba45367880009bdde192447fa28ce5a851dc57775fcbb041794086c9b"", ""taxonomy"": ""us-gaap"", ""unit"": ""USD"", ""value"": 216661000000}"
AMZN,NetCashProvidedByUsedInOperatingActivities,2024-05-10,7800,7410,145,0,"[{""accession_number"": ""0001018724-24-000083"", ""filed_date"": ""2024-05-01"", ""filing_period_match_score"": 0, ""form"": ""10-Q"", ""fp"": ""Q1"", ""period_duration_days"": 366, ""period_end"": ""2024-03-31"", ""period_start"": ""2023-04-01""}, {""accession_number"": ""0001018724-24-000083"", ""filed_date"": ""2024-05-01"", ""filing_period_match_score"": 1, ""form"": ""10-Q"", ""fp"": ""Q1"", ""period_duration_days"": 91, ""period_end"": ""2024-03-31"", ""period_start"": ""2024-01-01""}]",AVAILABLE,latest PIT-safe economic period; filing-period duration preference applied,"{""accession_number"": ""0001018724-24-000083"", ""concept"": ""NetCashProvidedByUsedInOperatingActivities"", ""filed_date"": ""2024-05-01"", ""form"": ""10-Q"", ""fp"": ""Q1"", ""fy"": 2024, ""period_duration_class"": ""quarterly"", ""period_duration_days"": 91, ""period_end"": ""2024-03-31"", ""period_start"": ""2024-01-01"", ""source_member"": ""financial_reports/amzn/condensed_consolidated_statement_of_cash_flows.json"", ""source_provenance_hash"": ""3731cfee772c0a51185dbf62e77efdb15b7be1eadc8bc4d01202035120dd73b9"", ""taxonomy"": ""us-gaap"", ""unit"": ""USD"", ""value"": 18989000000}"
AMZN,NetCashProvidedByUsedInInvestingActivities,2024-05-10,7800,7410,145,0,"[{""accession_number"": ""0001018724-24-000083"", ""filed_date"": ""2024-05-01"", ""filing_period_match_score"": 0, ""form"": ""10-Q"", ""fp"": ""Q1"", ""period_duration_days"": 366, ""period_end"": ""2024-03-31"", ""period_start"": ""2023-04-01""}, {""accession_number"": ""0001018724-24-000083"", ""filed_date"": ""2024-05-01"", ""filing_period_match_score"": 1, ""form"": ""10-Q"", ""fp"": ""Q1"", ""period_duration_days"": 91, ""period_end"": ""2024-03-31"", ""period_start"": ""2024-01-01""}]",AVAILABLE,latest PIT-safe economic period; filing-period duration preference applied,"{""accession_number"": ""0001018724-24-000083"", ""concept"": ""NetCashProvidedByUsedInInvestingActivities"", ""filed_date"": ""2024-05-01"", ""form"": ""10-Q"", ""fp"": ""Q1"", ""fy"": 2024, ""period_duration_class"": ""quarterly"", ""period_duration_days"": 91, ""period_end"": ""2024-03-31"", ""period_start"": ""2024-01-01"", ""source_member"": ""financial_reports/amzn/condensed_consolidated_statement_of_cash_flows.json"", ""source_provenance_hash"": ""b56cdbd41edf055dffd276bbc8f71875219e58d62d4889d85cbf2bc85641eace"", ""taxonomy"": ""us-gaap"", ""unit"": ""USD"", ""value"": -17862000000}"
AMZN,NetCashProvidedByUsedInFinancingActivities,2024-05-10,7800,7410,145,0,"[{""accession_number"": ""0001018724-24-000083"", ""filed_date"": ""2024-05-01"", ""filing_period_match_score"": 0, ""form"": ""10-Q"", ""fp"": ""Q1"", ""period_duration_days"": 366, ""period_end"": ""2024-03-31"", ""period_start"": ""2023-04-01""}, {""accession_number"": ""0001018724-24-000083"", ""filed_date"": ""2024-05-01"", ""filing_period_match_score"": 1, ""form"": ""10-Q"", ""fp"": ""Q1"", ""period_duration_days"": 91, ""period_end"": ""2024-03-31"", ""period_start"": ""2024-01-01""}]",AVAILABLE,latest PIT-safe economic period; filing-period duration preference applied,"{""accession_number"": ""0001018724-24-000083"", ""concept"": ""NetCashProvidedByUsedInFinancingActivities"", ""filed_date"": ""2024-05-01"", ""form"": ""10-Q"", ""fp"": ""Q1"", ""fy"": 2024, ""period_duration_class"": ""quarterly"", ""period_duration_days"": 91, ""period_end"": ""2024-03-31"", ""period_start"": ""2024-01-01"", ""source_member"": ""financial_reports/amzn/condensed_consolidated_statement_of_cash_flows.json"", ""source_provenance_hash"": ""9bd4280fabe04706001cf28c5d46d8086945a9e0bb792bab834e25b5ce66fc72"", ""taxonomy"": ""us-gaap"", ""unit"": ""USD"", ""value"": -1256000000}"
JPM,Assets,2024-05-10,752,716,61,0,"[{""accession_number"": ""0000019617-24-000326"", ""filed_date"": ""2024-05-01"", ""filing_period_match_score"": 0, ""form"": ""10-Q"", ""fp"": ""Q1"", ""period_duration_days"": null, ""period_end"": ""2024-03-31"", ""period_start"": """"}]",AVAILABLE,latest PIT-safe economic period; filing-period duration preference applied,"{""accession_number"": ""0000019617-24-000326"", ""concept"": ""Assets"", ""filed_date"": ""2024-05-01"", ""form"": ""10-Q"", ""fp"": ""Q1"", ""fy"": 2024, ""period_duration_class"": ""point_in_time"", ""period_duration_days"": null, ""period_end"": ""2024-03-31"", ""period_start"": """", ""source_member"": ""financial_reports/jpm/condensed_consolidated_balance_sheets.json"", ""source_provenance_hash"": ""397b17c10f393c35e70975434c3d27fa74b4f2d668bf94f277c346d4152ce95e"", ""taxonomy"": ""us-gaap"", ""unit"": ""USD"", ""value"": 4090727000000}"
JPM,Liabilities,2024-05-10,540,516,61,0,"[{""accession_number"": ""0000019617-24-000326"", ""filed_date"": ""2024-05-01"", ""filing_period_match_score"": 0, ""form"": ""10-Q"", ""fp"": ""Q1"", ""period_duration_days"": null, ""period_end"": ""2024-03-31"", ""period_start"": """"}]",AVAILABLE,latest PIT-safe economic period; filing-period duration preference applied,"{""accession_number"": ""0000019617-24-000326"", ""concept"": ""Liabilities"", ""filed_date"": ""2024-05-01"", ""form"": ""10-Q"", ""fp"": ""Q1"", ""fy"": 2024, ""period_duration_class"": ""point_in_time"", ""period_duration_days"": null, ""period_end"": ""2024-03-31"", ""period_start"": """", ""source_member"": ""financial_reports/jpm/condensed_consolidated_balance_sheets.json"", ""source_provenance_hash"": ""d73ed3cb27dba0e233b929f59fac1e65fe510292ddb7f62b88e3f86ef4312ad4"", ""taxonomy"": ""us-gaap"", ""unit"": ""USD"", ""value"": 3754090000000}"
JPM,StockholdersEquity,2024-05-10,688,652,62,0,"[{""accession_number"": ""0000019617-24-000326"", ""filed_date"": ""2024-05-01"", ""filing_period_match_score"": 0, ""form"": ""10-Q"", ""fp"": ""Q1"", ""period_duration_days"": null, ""period_end"": ""2024-03-31"", ""period_start"": """"}]",AVAILABLE,latest PIT-safe economic period; filing-period duration preference applied,"{""accession_number"": ""0000019617-24-000326"", ""concept"": ""StockholdersEquity"", ""filed_date"": ""2024-05-01"", ""form"": ""10-Q"", ""fp"": ""Q1"", ""fy"": 2024, ""period_duration_class"": ""point_in_time"", ""period_duration_days"": null, ""period_end"": ""2024-03-31"", ""period_start"": """", ""source_member"": ""financial_reports/jpm/condensed_consolidated_balance_sheets.json"", ""source_provenance_hash"": ""9c80bcc53d7efb6c136d7d04c06d93cc40b539aa3a8593abf712e2def3a8aa3e"", ""taxonomy"": ""us-gaap"", ""unit"": ""USD"", ""value"": 336637000000}"
JPM,NetCashProvidedByUsedInOperatingActivities,2024-05-10,604,576,65,0,"[{""accession_number"": ""0000019617-24-000326"", ""filed_date"": ""2024-05-01"", ""filing_period_match_score"": 1, ""form"": ""10-Q"", ""fp"": ""Q1"", ""period_duration_days"": 91, ""period_end"": ""2024-03-31"", ""period_start"": ""2024-01-01""}]",AVAILABLE,latest PIT-safe economic period; filing-period duration preference applied,"{""accession_number"": ""0000019617-24-000326"", ""concept"": ""NetCashProvidedByUsedInOperatingActivities"", ""filed_date"": ""2024-05-01"", ""form"": ""10-Q"", ""fp"": ""Q1"", ""fy"": 2024, ""period_duration_class"": ""quarterly"", ""period_duration_days"": 91, ""period_end"": ""2024-03-31"", ""period_start"": ""2024-01-01"", ""source_member"": ""financial_reports/jpm/condensed_consolidated_statement_of_cash_flows.json"", ""source_provenance_hash"": ""b9a43fef787f1dd3c86173f23d6a6c9ab1212e5f3e84a7b13b4049c4eb98af1a"", ""taxonomy"": ""us-gaap"", ""unit"": ""USD"", ""value"": -154158000000}"
JPM,NetCashProvidedByUsedInInvestingActivities,2024-05-10,604,576,65,0,"[{""accession_number"": ""0000019617-24-000326"", ""filed_date"": ""2024-05-01"", ""filing_period_match_score"": 1, ""form"": ""10-Q"", ""fp"": ""Q1"", ""period_duration_days"": 91, ""period_end"": ""2024-03-31"", ""period_start"": ""2024-01-01""}]",AVAILABLE,latest PIT-safe economic period; filing-period duration preference applied,"{""accession_number"": ""0000019617-24-000326"", ""concept"": ""NetCashProvidedByUsedInInvestingActivities"", ""filed_date"": ""2024-05-01"", ""form"": ""10-Q"", ""fp"": ""Q1"", ""fy"": 2024, ""period_duration_class"": ""quarterly"", ""period_duration_days"": 91, ""period_end"": ""2024-03-31"", ""period_start"": ""2024-01-01"", ""source_member"": ""financial_reports/jpm/condensed_consolidated_statement_of_cash_flows.json"", ""source_provenance_hash"": ""ca12ab736a2b772ea7da8832549a7ff9107f97eee50d9875f9c4088507aede34"", ""taxonomy"": ""us-gaap"", ""unit"": ""USD"", ""value"": -43379000000}"
JPM,NetCashProvidedByUsedInFinancingActivities,2024-05-10,604,576,65,0,"[{""accession_number"": ""0000019617-24-000326"", ""filed_date"": ""2024-05-01"", ""filing_period_match_score"": 1, ""form"": ""10-Q"", ""fp"": ""Q1"", ""period_duration_days"": 91, ""period_end"": ""2024-03-31"", ""period_start"": ""2024-01-01""}]",AVAILABLE,latest PIT-safe economic period; filing-period duration preference applied,"{""accession_number"": ""0000019617-24-000326"", ""concept"": ""NetCashProvidedByUsedInFinancingActivities"", ""filed_date"": ""2024-05-01"", ""form"": ""10-Q"", ""fp"": ""Q1"", ""fy"": 2024, ""period_duration_class"": ""quarterly"", ""period_duration_days"": 91, ""period_end"": ""2024-03-31"", ""period_start"": ""2024-01-01"", ""source_member"": ""financial_reports/jpm/condensed_consolidated_statement_of_cash_flows.json"", ""source_provenance_hash"": ""c76f6a506cf265e8d29f579b10fd49cdbbc5964465391b5832262a0bddf0631d"", ""taxonomy"": ""us-gaap"", ""unit"": ""USD"", ""value"": 141168000000}"
AAPL,Assets,2024-05-17,5628,5376,61,0,"[{""accession_number"": ""0000320193-24-000069"", ""filed_date"": ""2024-05-03"", ""filing_period_match_score"": 0, ""form"": ""10-Q"", ""fp"": ""Q2"", ""period_duration_days"": null, ""period_end"": ""2024-03-30"", ""period_start"": """"}]",AVAILABLE,latest PIT-safe economic period; filing-period duration preference applied,"{""accession_number"": ""0000320193-24-000069"", ""concept"": ""Assets"", ""filed_date"": ""2024-05-03"", ""form"": ""10-Q"", ""fp"": ""Q2"", ""fy"": 2024, ""period_duration_class"": ""point_in_time"", ""period_duration_days"": null, ""period_end"": ""2024-03-30"", ""period_start"": """", ""source_member"": ""financial_reports/aapl/condensed_consolidated_balance_sheets.json"", ""source_provenance_hash"": ""cba252b96f0085bd9e2cafde217a9e50e871879768adb0c58ef075d88aae2c69"", ""taxonomy"": ""us-gaap"", ""unit"": ""USD"", ""value"": 337411000000}"
AAPL,Liabilities,2024-05-17,5544,5292,61,0,"[{""accession_number"": ""0000320193-24-000069"", ""filed_date"": ""2024-05-03"", ""filing_period_match_score"": 0, ""form"": ""10-Q"", ""fp"": ""Q2"", ""period_duration_days"": null, ""period_end"": ""2024-03-30"", ""period_start"": """"}]",AVAILABLE,latest PIT-safe economic period; filing-period duration preference applied,"{""accession_number"": ""0000320193-24-000069"", ""concept"": ""Liabilities"", ""filed_date"": ""2024-05-03"", ""form"": ""10-Q"", ""fp"": ""Q2"", ""fy"": 2024, ""period_duration_class"": ""point_in_time"", ""period_duration_days"": null, ""period_end"": ""2024-03-30"", ""period_start"": """", ""source_member"": ""financial_reports/aapl/condensed_consolidated_balance_sheets.json"", ""source_provenance_hash"": ""36b48c3c5ef87f365f656d78017043ec6da3d1fa7faf7076c8c8c14393b53a00"", ""taxonomy"": ""us-gaap"", ""unit"": ""USD"", ""value"": 263217000000}"
AAPL,StockholdersEquity,2024-05-17,9744,9156,63,0,"[{""accession_number"": ""0000320193-24-000069"", ""filed_date"": ""2024-05-03"", ""filing_period_match_score"": 0, ""form"": ""10-Q"", ""fp"": ""Q2"", ""period_duration_days"": null, ""period_end"": ""2024-03-30"", ""period_start"": """"}]",AVAILABLE,latest PIT-safe economic period; filing-period duration preference applied,"{""accession_number"": ""0000320193-24-000069"", ""concept"": ""StockholdersEquity"", ""filed_date"": ""2024-05-03"", ""form"": ""10-Q"", ""fp"": ""Q2"", ""fy"": 2024, ""period_duration_class"": ""point_in_time"", ""period_duration_days"": null, ""period_end"": ""2024-03-30"", ""period_start"": """", ""source_member"": ""financial_reports/aapl/condensed_consolidated_balance_sheets.json"", ""source_provenance_hash"": ""8adf9d7079a89b218208d382a2360dd7d647ee7814c358bbfc78d02dfff531fd"", ""taxonomy"": ""us-gaap"", ""unit"": ""USD"", ""value"": 74194000000}"
AAPL,NetCashProvidedByUsedInOperatingActivities,2024-05-17,5082,4788,58,0,"[{""accession_number"": ""0000320193-24-000069"", ""filed_date"": ""2024-05-03"", ""filing_period_match_score"": 1, ""form"": ""10-Q"", ""fp"": ""Q2"", ""period_duration_days"": 182, ""period_end"": ""2024-03-30"", ""period_start"": ""2023-10-01""}]",AVAILABLE,latest PIT-safe economic period; filing-period duration preference applied,"{""accession_number"": ""0000320193-24-000069"", ""concept"": ""NetCashProvidedByUsedInOperatingActivities"", ""filed_date"": ""2024-05-03"", ""form"": ""10-Q"", ""fp"": ""Q2"", ""fy"": 2024, ""period_duration_class"": ""year_to_date_h1"", ""period_duration_days"": 182, ""period_end"": ""2024-03-30"", ""period_start"": ""2023-10-01"", ""source_member"": ""financial_reports/aapl/condensed_consolidated_statement_of_cash_flows.json"", ""source_provenance_hash"": ""123ff8cb4903973fe21f35d3b3ce990a91ecf0e8f2e33fee3b0e2f2c8cff8301"", ""taxonomy"": ""us-gaap"", ""unit"": ""USD"", ""value"": 62585000000}"
AAPL,NetCashProvidedByUsedInInvestingActivities,2024-05-17,5082,4788,58,0,"[{""accession_number"": ""0000320193-24-000069"", ""filed_date"": ""2024-05-03"", ""filing_period_match_score"": 1, ""form"": ""10-Q"", ""fp"": ""Q2"", ""period_duration_days"": 182, ""period_end"": ""2024-03-30"", ""period_start"": ""2023-10-01""}]",AVAILABLE,latest PIT-safe economic period; filing-period duration preference applied,"{""accession_number"": ""0000320193-24-000069"", ""concept"": ""NetCashProvidedByUsedInInvestingActivities"", ""filed_date"": ""2024-05-03"", ""form"": ""10-Q"", ""fp"": ""Q2"", ""fy"": 2024, ""period_duration_class"": ""year_to_date_h1"", ""period_duration_days"": 182, ""period_end"": ""2024-03-30"", ""period_start"": ""2023-10-01"", ""source_member"": ""financial_reports/aapl/condensed_consolidated_statement_of_cash_flows.json"", ""source_provenance_hash"": ""9bd3cf75524877c2b648657373f595c073df39a17c9df87b5433dc67d27bf327"", ""taxonomy"": ""us-gaap"", ""unit"": ""USD"", ""value"": 1617000000}"
AAPL,NetCashProvidedByUsedInFinancingActivities,2024-05-17,5082,4788,58,0,"[{""accession_number"": ""0000320193-24-000069"", ""filed_date"": ""2024-05-03"", ""filing_period_match_score"": 1, ""form"": ""10-Q"", ""fp"": ""Q2"", ""period_duration_days"": 182, ""period_end"": ""2024-03-30"", ""period_start"": ""2023-10-01""}]",AVAILABLE,latest PIT-safe economic period; filing-period duration preference applied,"{""accession_number"": ""0000320193-24-000069"", ""concept"": ""NetCashProvidedByUsedInFinancingActivities"", ""filed_date"": ""2024-05-03"", ""form"": ""10-Q"", ""fp"": ""Q2"", ""fy"": 2024, ""period_duration_class"": ""year_to_date_h1"", ""period_duration_days"": 182, ""period_end"": ""2024-03-30"", ""period_start"": ""2023-10-01"", ""source_member"": ""financial_reports/aapl/condensed_consolidated_statement_of_cash_flows.json"", ""source_provenance_hash"": ""f933a8c210b6c4944b1e0d64c554c598f729e72a5a33dc7211fc326427ff752a"", ""taxonomy"": ""us-gaap"", ""unit"": ""USD"", ""value"": -61018000000}"
AMZN,Assets,2024-05-17,3536,3354,61,0,"[{""accession_number"": ""0001018724-24-000083"", ""filed_date"": ""2024-05-01"", ""filing_period_match_score"": 0, ""form"": ""10-Q"", ""fp"": ""Q1"", ""period_duration_days"": null, ""period_end"": ""2024-03-31"", ""period_start"": """"}]",AVAILABLE,latest PIT-safe economic period; filing-period duration preference applied,"{""accession_number"": ""0001018724-24-000083"", ""concept"": ""Assets"", ""filed_date"": ""2024-05-01"", ""form"": ""10-Q"", ""fp"": ""Q1"", ""fy"": 2024, ""period_duration_class"": ""point_in_time"", ""period_duration_days"": null, ""period_end"": ""2024-03-31"", ""period_start"": """", ""source_member"": ""financial_reports/amzn/condensed_consolidated_balance_sheets.json"", ""source_provenance_hash"": ""aeb8877dd37a86cab9e9d52e136c7cd34247c2c5ad9165934cdba3fb22501a09"", ""taxonomy"": ""us-gaap"", ""unit"": ""USD"", ""value"": 530969000000}"
AMZN,Liabilities,2024-05-17,0,0,0,0,[],UNAVAILABLE,no PIT-safe fact with period end,
AMZN,StockholdersEquity,2024-05-17,5668,5252,63,0,"[{""accession_number"": ""0001018724-24-000083"", ""filed_date"": ""2024-05-01"", ""filing_period_match_score"": 0, ""form"": ""10-Q"", ""fp"": ""Q1"", ""period_duration_days"": null, ""period_end"": ""2024-03-31"", ""period_start"": """"}]",AVAILABLE,latest PIT-safe economic period; filing-period duration preference applied,"{""accession_number"": ""0001018724-24-000083"", ""concept"": ""StockholdersEquity"", ""filed_date"": ""2024-05-01"", ""form"": ""10-Q"", ""fp"": ""Q1"", ""fy"": 2024, ""period_duration_class"": ""point_in_time"", ""period_duration_days"": null, ""period_end"": ""2024-03-31"", ""period_start"": """", ""source_member"": ""financial_reports/amzn/condensed_consolidated_balance_sheets.json"", ""source_provenance_hash"": ""81fe52fba45367880009bdde192447fa28ce5a851dc57775fcbb041794086c9b"", ""taxonomy"": ""us-gaap"", ""unit"": ""USD"", ""value"": 216661000000}"
AMZN,NetCashProvidedByUsedInOperatingActivities,2024-05-17,7800,7410,145,0,"[{""accession_number"": ""0001018724-24-000083"", ""filed_date"": ""2024-05-01"", ""filing_period_match_score"": 0, ""form"": ""10-Q"", ""fp"": ""Q1"", ""period_duration_days"": 366, ""period_end"": ""2024-03-31"", ""period_start"": ""2023-04-01""}, {""accession_number"": ""0001018724-24-000083"", ""filed_date"": ""2024-05-01"", ""filing_period_match_score"": 1, ""form"": ""10-Q"", ""fp"": ""Q1"", ""period_duration_days"": 91, ""period_end"": ""2024-03-31"", ""period_start"": ""2024-01-01""}]",AVAILABLE,latest PIT-safe economic period; filing-period duration preference applied,"{""accession_number"": ""0001018724-24-000083"", ""concept"": ""NetCashProvidedByUsedInOperatingActivities"", ""filed_date"": ""2024-05-01"", ""form"": ""10-Q"", ""fp"": ""Q1"", ""fy"": 2024, ""period_duration_class"": ""quarterly"", ""period_duration_days"": 91, ""period_end"": ""2024-03-31"", ""period_start"": ""2024-01-01"", ""source_member"": ""financial_reports/amzn/condensed_consolidated_statement_of_cash_flows.json"", ""source_provenance_hash"": ""3731cfee772c0a51185dbf62e77efdb15b7be1eadc8bc4d01202035120dd73b9"", ""taxonomy"": ""us-gaap"", ""unit"": ""USD"", ""value"": 18989000000}"
AMZN,NetCashProvidedByUsedInInvestingActivities,2024-05-17,7800,7410,145,0,"[{""accession_number"": ""0001018724-24-000083"", ""filed_date"": ""2024-05-01"", ""filing_period_match_score"": 0, ""form"": ""10-Q"", ""fp"": ""Q1"", ""period_duration_days"": 366, ""period_end"": ""2024-03-31"", ""period_start"": ""2023-04-01""}, {""accession_number"": ""0001018724-24-000083"", ""filed_date"": ""2024-05-01"", ""filing_period_match_score"": 1, ""form"": ""10-Q"", ""fp"": ""Q1"", ""period_duration_days"": 91, ""period_end"": ""2024-03-31"", ""period_start"": ""2024-01-01""}]",AVAILABLE,latest PIT-safe economic period; filing-period duration preference applied,"{""accession_number"": ""0001018724-24-000083"", ""concept"": ""NetCashProvidedByUsedInInvestingActivities"", ""filed_date"": ""2024-05-01"", ""form"": ""10-Q"", ""fp"": ""Q1"", ""fy"": 2024, ""period_duration_class"": ""quarterly"", ""period_duration_days"": 91, ""period_end"": ""2024-03-31"", ""period_start"": ""2024-01-01"", ""source_member"": ""financial_reports/amzn/condensed_consolidated_statement_of_cash_flows.json"", ""source_provenance_hash"": ""b56cdbd41edf055dffd276bbc8f71875219e58d62d4889d85cbf2bc85641eace"", ""taxonomy"": ""us-gaap"", ""unit"": ""USD"", ""value"": -17862000000}"
AMZN,NetCashProvidedByUsedInFinancingActivities,2024-05-17,7800,7410,145,0,"[{""accession_number"": ""0001018724-24-000083"", ""filed_date"": ""2024-05-01"", ""filing_period_match_score"": 0, ""form"": ""10-Q"", ""fp"": ""Q1"", ""period_duration_days"": 366, ""period_end"": ""2024-03-31"", ""period_start"": ""2023-04-01""}, {""accession_number"": ""0001018724-24-000083"", ""filed_date"": ""2024-05-01"", ""filing_period_match_score"": 1, ""form"": ""10-Q"", ""fp"": ""Q1"", ""period_duration_days"": 91, ""period_end"": ""2024-03-31"", ""period_start"": ""2024-01-01""}]",AVAILABLE,latest PIT-safe economic period; filing-period duration preference applied,"{""accession_number"": ""0001018724-24-000083"", ""concept"": ""NetCashProvidedByUsedInFinancingActivities"", ""filed_date"": ""2024-05-01"", ""form"": ""10-Q"", ""fp"": ""Q1"", ""fy"": 2024, ""period_duration_class"": ""quarterly"", ""period_duration_days"": 91, ""period_end"": ""2024-03-31"", ""period_start"": ""2024-01-01"", ""source_member"": ""financial_reports/amzn/condensed_consolidated_statement_of_cash_flows.json"", ""source_provenance_hash"": ""9bd4280fabe04706001cf28c5d46d8086945a9e0bb792bab834e25b5ce66fc72"", ""taxonomy"": ""us-gaap"", ""unit"": ""USD"", ""value"": -1256000000}"
JPM,Assets,2024-05-17,752,716,61,0,"[{""accession_number"": ""0000019617-24-000326"", ""filed_date"": ""2024-05-01"", ""filing_period_match_score"": 0, ""form"": ""10-Q"", ""fp"": ""Q1"", ""period_duration_days"": null, ""period_end"": ""2024-03-31"", ""period_start"": """"}]",AVAILABLE,latest PIT-safe economic period; filing-period duration preference applied,"{""accession_number"": ""0000019617-24-000326"", ""concept"": ""Assets"", ""filed_date"": ""2024-05-01"", ""form"": ""10-Q"", ""fp"": ""Q1"", ""fy"": 2024, ""period_duration_class"": ""point_in_time"", ""period_duration_days"": null, ""period_end"": ""2024-03-31"", ""period_start"": """", ""source_member"": ""financial_reports/jpm/condensed_consolidated_balance_sheets.json"", ""source_provenance_hash"": ""397b17c10f393c35e70975434c3d27fa74b4f2d668bf94f277c346d4152ce95e"", ""taxonomy"": ""us-gaap"", ""unit"": ""USD"", ""value"": 4090727000000}"
JPM,Liabilities,2024-05-17,540,516,61,0,"[{""accession_number"": ""0000019617-24-000326"", ""filed_date"": ""2024-05-01"", ""filing_period_match_score"": 0, ""form"": ""10-Q"", ""fp"": ""Q1"", ""period_duration_days"": null, ""period_end"": ""2024-03-31"", ""period_start"": """"}]",AVAILABLE,latest PIT-safe economic period; filing-period duration preference applied,"{""accession_number"": ""0000019617-24-000326"", ""concept"": ""Liabilities"", ""filed_date"": ""2024-05-01"", ""form"": ""10-Q"", ""fp"": ""Q1"", ""fy"": 2024, ""period_duration_class"": ""point_in_time"", ""period_duration_days"": null, ""period_end"": ""2024-03-31"", ""period_start"": """", ""source_member"": ""financial_reports/jpm/condensed_consolidated_balance_sheets.json"", ""source_provenance_hash"": ""d73ed3cb27dba0e233b929f59fac1e65fe510292ddb7f62b88e3f86ef4312ad4"", ""taxonomy"": ""us-gaap"", ""unit"": ""USD"", ""value"": 3754090000000}"
JPM,StockholdersEquity,2024-05-17,688,652,62,0,"[{""accession_number"": ""0000019617-24-000326"", ""filed_date"": ""2024-05-01"", ""filing_period_match_score"": 0, ""form"": ""10-Q"", ""fp"": ""Q1"", ""period_duration_days"": null, ""period_end"": ""2024-03-31"", ""period_start"": """"}]",AVAILABLE,latest PIT-safe economic period; filing-period duration preference applied,"{""accession_number"": ""0000019617-24-000326"", ""concept"": ""StockholdersEquity"", ""filed_date"": ""2024-05-01"", ""form"": ""10-Q"", ""fp"": ""Q1"", ""fy"": 2024, ""period_duration_class"": ""point_in_time"", ""period_duration_days"": null, ""period_end"": ""2024-03-31"", ""period_start"": """", ""source_member"": ""financial_reports/jpm/condensed_consolidated_balance_sheets.json"", ""source_provenance_hash"": ""9c80bcc53d7efb6c136d7d04c06d93cc40b539aa3a8593abf712e2def3a8aa3e"", ""taxonomy"": ""us-gaap"", ""unit"": ""USD"", ""value"": 336637000000}"
JPM,NetCashProvidedByUsedInOperatingActivities,2024-05-17,604,576,65,0,"[{""accession_number"": ""0000019617-24-000326"", ""filed_date"": ""2024-05-01"", ""filing_period_match_score"": 1, ""form"": ""10-Q"", ""fp"": ""Q1"", ""period_duration_days"": 91, ""period_end"": ""2024-03-31"", ""period_start"": ""2024-01-01""}]",AVAILABLE,latest PIT-safe economic period; filing-period duration preference applied,"{""accession_number"": ""0000019617-24-000326"", ""concept"": ""NetCashProvidedByUsedInOperatingActivities"", ""filed_date"": ""2024-05-01"", ""form"": ""10-Q"", ""fp"": ""Q1"", ""fy"": 2024, ""period_duration_class"": ""quarterly"", ""period_duration_days"": 91, ""period_end"": ""2024-03-31"", ""period_start"": ""2024-01-01"", ""source_member"": ""financial_reports/jpm/condensed_consolidated_statement_of_cash_flows.json"", ""source_provenance_hash"": ""b9a43fef787f1dd3c86173f23d6a6c9ab1212e5f3e84a7b13b4049c4eb98af1a"", ""taxonomy"": ""us-gaap"", ""unit"": ""USD"", ""value"": -154158000000}"
JPM,NetCashProvidedByUsedInInvestingActivities,2024-05-17,604,576,65,0,"[{""accession_number"": ""0000019617-24-000326"", ""filed_date"": ""2024-05-01"", ""filing_period_match_score"": 1, ""form"": ""10-Q"", ""fp"": ""Q1"", ""period_duration_days"": 91, ""period_end"": ""2024-03-31"", ""period_start"": ""2024-01-01""}]",AVAILABLE,latest PIT-safe economic period; filing-period duration preference applied,"{""accession_number"": ""0000019617-24-000326"", ""concept"": ""NetCashProvidedByUsedInInvestingActivities"", ""filed_date"": ""2024-05-01"", ""form"": ""10-Q"", ""fp"": ""Q1"", ""fy"": 2024, ""period_duration_class"": ""quarterly"", ""period_duration_days"": 91, ""period_end"": ""2024-03-31"", ""period_start"": ""2024-01-01"", ""source_member"": ""financial_reports/jpm/condensed_consolidated_statement_of_cash_flows.json"", ""source_provenance_hash"": ""ca12ab736a2b772ea7da8832549a7ff9107f97eee50d9875f9c4088507aede34"", ""taxonomy"": ""us-gaap"", ""unit"": ""USD"", ""value"": -43379000000}"
JPM,NetCashProvidedByUsedInFinancingActivities,2024-05-17,604,576,65,0,"[{""accession_number"": ""0000019617-24-000326"", ""filed_date"": ""2024-05-01"", ""filing_period_match_score"": 1, ""form"": ""10-Q"", ""fp"": ""Q1"", ""period_duration_days"": 91, ""period_end"": ""2024-03-31"", ""period_start"": ""2024-01-01""}]",AVAILABLE,latest PIT-safe economic period; filing-period duration preference applied,"{""accession_number"": ""0000019617-24-000326"", ""concept"": ""NetCashProvidedByUsedInFinancingActivities"", ""filed_date"": ""2024-05-01"", ""form"": ""10-Q"", ""fp"": ""Q1"", ""fy"": 2024, ""period_duration_class"": ""quarterly"", ""period_duration_days"": 91, ""period_end"": ""2024-03-31"", ""period_start"": ""2024-01-01"", ""source_member"": ""financial_reports/jpm/condensed_consolidated_statement_of_cash_flows.json"", ""source_provenance_hash"": ""c76f6a506cf265e8d29f579b10fd49cdbbc5964465391b5832262a0bddf0631d"", ""taxonomy"": ""us-gaap"", ""unit"": ""USD"", ""value"": 141168000000}"
AAPL,Assets,2024-05-24,5628,5376,61,0,"[{""accession_number"": ""0000320193-24-000069"", ""filed_date"": ""2024-05-03"", ""filing_period_match_score"": 0, ""form"": ""10-Q"", ""fp"": ""Q2"", ""period_duration_days"": null, ""period_end"": ""2024-03-30"", ""period_start"": """"}]",AVAILABLE,latest PIT-safe economic period; filing-period duration preference applied,"{""accession_number"": ""0000320193-24-000069"", ""concept"": ""Assets"", ""filed_date"": ""2024-05-03"", ""form"": ""10-Q"", ""fp"": ""Q2"", ""fy"": 2024, ""period_duration_class"": ""point_in_time"", ""period_duration_days"": null, ""period_end"": ""2024-03-30"", ""period_start"": """", ""source_member"": ""financial_reports/aapl/condensed_consolidated_balance_sheets.json"", ""source_provenance_hash"": ""cba252b96f0085bd9e2cafde217a9e50e871879768adb0c58ef075d88aae2c69"", ""taxonomy"": ""us-gaap"", ""unit"": ""USD"", ""value"": 337411000000}"
AAPL,Liabilities,2024-05-24,5544,5292,61,0,"[{""accession_number"": ""0000320193-24-000069"", ""filed_date"": ""2024-05-03"", ""filing_period_match_score"": 0, ""form"": ""10-Q"", ""fp"": ""Q2"", ""period_duration_days"": null, ""period_end"": ""2024-03-30"", ""period_start"": """"}]",AVAILABLE,latest PIT-safe economic period; filing-period duration preference applied,"{""accession_number"": ""0000320193-24-000069"", ""concept"": ""Liabilities"", ""filed_date"": ""2024-05-03"", ""form"": ""10-Q"", ""fp"": ""Q2"", ""fy"": 2024, ""period_duration_class"": ""point_in_time"", ""period_duration_days"": null, ""period_end"": ""2024-03-30"", ""period_start"": """", ""source_member"": ""financial_reports/aapl/condensed_consolidated_balance_sheets.json"", ""source_provenance_hash"": ""36b48c3c5ef87f365f656d78017043ec6da3d1fa7faf7076c8c8c14393b53a00"", ""taxonomy"": ""us-gaap"", ""unit"": ""USD"", ""value"": 263217000000}"
AAPL,StockholdersEquity,2024-05-24,9744,9156,63,0,"[{""accession_number"": ""0000320193-24-000069"", ""filed_date"": ""2024-05-03"", ""filing_period_match_score"": 0, ""form"": ""10-Q"", ""fp"": ""Q2"", ""period_duration_days"": null, ""period_end"": ""2024-03-30"", ""period_start"": """"}]",AVAILABLE,latest PIT-safe economic period; filing-period duration preference applied,"{""accession_number"": ""0000320193-24-000069"", ""concept"": ""StockholdersEquity"", ""filed_date"": ""2024-05-03"", ""form"": ""10-Q"", ""fp"": ""Q2"", ""fy"": 2024, ""period_duration_class"": ""point_in_time"", ""period_duration_days"": null, ""period_end"": ""2024-03-30"", ""period_start"": """", ""source_member"": ""financial_reports/aapl/condensed_consolidated_balance_sheets.json"", ""source_provenance_hash"": ""8adf9d7079a89b218208d382a2360dd7d647ee7814c358bbfc78d02dfff531fd"", ""taxonomy"": ""us-gaap"", ""unit"": ""USD"", ""value"": 74194000000}"
AAPL,NetCashProvidedByUsedInOperatingActivities,2024-05-24,5082,4788,58,0,"[{""accession_number"": ""0000320193-24-000069"", ""filed_date"": ""2024-05-03"", ""filing_period_match_score"": 1, ""form"": ""10-Q"", ""fp"": ""Q2"", ""period_duration_days"": 182, ""period_end"": ""2024-03-30"", ""period_start"": ""2023-10-01""}]",AVAILABLE,latest PIT-safe economic period; filing-period duration preference applied,"{""accession_number"": ""0000320193-24-000069"", ""concept"": ""NetCashProvidedByUsedInOperatingActivities"", ""filed_date"": ""2024-05-03"", ""form"": ""10-Q"", ""fp"": ""Q2"", ""fy"": 2024, ""period_duration_class"": ""year_to_date_h1"", ""period_duration_days"": 182, ""period_end"": ""2024-03-30"", ""period_start"": ""2023-10-01"", ""source_member"": ""financial_reports/aapl/condensed_consolidated_statement_of_cash_flows.json"", ""source_provenance_hash"": ""123ff8cb4903973fe21f35d3b3ce990a91ecf0e8f2e33fee3b0e2f2c8cff8301"", ""taxonomy"": ""us-gaap"", ""unit"": ""USD"", ""value"": 62585000000}"
AAPL,NetCashProvidedByUsedInInvestingActivities,2024-05-24,5082,4788,58,0,"[{""accession_number"": ""0000320193-24-000069"", ""filed_date"": ""2024-05-03"", ""filing_period_match_score"": 1, ""form"": ""10-Q"", ""fp"": ""Q2"", ""period_duration_days"": 182, ""period_end"": ""2024-03-30"", ""period_start"": ""2023-10-01""}]",AVAILABLE,latest PIT-safe economic period; filing-period duration preference applied,"{""accession_number"": ""0000320193-24-000069"", ""concept"": ""NetCashProvidedByUsedInInvestingActivities"", ""filed_date"": ""2024-05-03"", ""form"": ""10-Q"", ""fp"": ""Q2"", ""fy"": 2024, ""period_duration_class"": ""year_to_date_h1"", ""period_duration_days"": 182, ""period_end"": ""2024-03-30"", ""period_start"": ""2023-10-01"", ""source_member"": ""financial_reports/aapl/condensed_consolidated_statement_of_cash_flows.json"", ""source_provenance_hash"": ""9bd3cf75524877c2b648657373f595c073df39a17c9df87b5433dc67d27bf327"", ""taxonomy"": ""us-gaap"", ""unit"": ""USD"", ""value"": 1617000000}"
AAPL,NetCashProvidedByUsedInFinancingActivities,2024-05-24,5082,4788,58,0,"[{""accession_number"": ""0000320193-24-000069"", ""filed_date"": ""2024-05-03"", ""filing_period_match_score"": 1, ""form"": ""10-Q"", ""fp"": ""Q2"", ""period_duration_days"": 182, ""period_end"": ""2024-03-30"", ""period_start"": ""2023-10-01""}]",AVAILABLE,latest PIT-safe economic period; filing-period duration preference applied,"{""accession_number"": ""0000320193-24-000069"", ""concept"": ""NetCashProvidedByUsedInFinancingActivities"", ""filed_date"": ""2024-05-03"", ""form"": ""10-Q"", ""fp"": ""Q2"", ""fy"": 2024, ""period_duration_class"": ""year_to_date_h1"", ""period_duration_days"": 182, ""period_end"": ""2024-03-30"", ""period_start"": ""2023-10-01"", ""source_member"": ""financial_reports/aapl/condensed_consolidated_statement_of_cash_flows.json"", ""source_provenance_hash"": ""f933a8c210b6c4944b1e0d64c554c598f729e72a5a33dc7211fc326427ff752a"", ""taxonomy"": ""us-gaap"", ""unit"": ""USD"", ""value"": -61018000000}"
AMZN,Assets,2024-05-24,3536,3354,61,0,"[{""accession_number"": ""0001018724-24-000083"", ""filed_date"": ""2024-05-01"", ""filing_period_match_score"": 0, ""form"": ""10-Q"", ""fp"": ""Q1"", ""period_duration_days"": null, ""period_end"": ""2024-03-31"", ""period_start"": """"}]",AVAILABLE,latest PIT-safe economic period; filing-period duration preference applied,"{""accession_number"": ""0001018724-24-000083"", ""concept"": ""Assets"", ""filed_date"": ""2024-05-01"", ""form"": ""10-Q"", ""fp"": ""Q1"", ""fy"": 2024, ""period_duration_class"": ""point_in_time"", ""period_duration_days"": null, ""period_end"": ""2024-03-31"", ""period_start"": """", ""source_member"": ""financial_reports/amzn/condensed_consolidated_balance_sheets.json"", ""source_provenance_hash"": ""aeb8877dd37a86cab9e9d52e136c7cd34247c2c5ad9165934cdba3fb22501a09"", ""taxonomy"": ""us-gaap"", ""unit"": ""USD"", ""value"": 530969000000}"
AMZN,Liabilities,2024-05-24,0,0,0,0,[],UNAVAILABLE,no PIT-safe fact with period end,
AMZN,StockholdersEquity,2024-05-24,5668,5252,63,0,"[{""accession_number"": ""0001018724-24-000083"", ""filed_date"": ""2024-05-01"", ""filing_period_match_score"": 0, ""form"": ""10-Q"", ""fp"": ""Q1"", ""period_duration_days"": null, ""period_end"": ""2024-03-31"", ""period_start"": """"}]",AVAILABLE,latest PIT-safe economic period; filing-period duration preference applied,"{""accession_number"": ""0001018724-24-000083"", ""concept"": ""StockholdersEquity"", ""filed_date"": ""2024-05-01"", ""form"": ""10-Q"", ""fp"": ""Q1"", ""fy"": 2024, ""period_duration_class"": ""point_in_time"", ""period_duration_days"": null, ""period_end"": ""2024-03-31"", ""period_start"": """", ""source_member"": ""financial_reports/amzn/condensed_consolidated_balance_sheets.json"", ""source_provenance_hash"": ""81fe52fba45367880009bdde192447fa28ce5a851dc57775fcbb041794086c9b"", ""taxonomy"": ""us-gaap"", ""unit"": ""USD"", ""value"": 216661000000}"
AMZN,NetCashProvidedByUsedInOperatingActivities,2024-05-24,7800,7410,145,0,"[{""accession_number"": ""0001018724-24-000083"", ""filed_date"": ""2024-05-01"", ""filing_period_match_score"": 0, ""form"": ""10-Q"", ""fp"": ""Q1"", ""period_duration_days"": 366, ""period_end"": ""2024-03-31"", ""period_start"": ""2023-04-01""}, {""accession_number"": ""0001018724-24-000083"", ""filed_date"": ""2024-05-01"", ""filing_period_match_score"": 1, ""form"": ""10-Q"", ""fp"": ""Q1"", ""period_duration_days"": 91, ""period_end"": ""2024-03-31"", ""period_start"": ""2024-01-01""}]",AVAILABLE,latest PIT-safe economic period; filing-period duration preference applied,"{""accession_number"": ""0001018724-24-000083"", ""concept"": ""NetCashProvidedByUsedInOperatingActivities"", ""filed_date"": ""2024-05-01"", ""form"": ""10-Q"", ""fp"": ""Q1"", ""fy"": 2024, ""period_duration_class"": ""quarterly"", ""period_duration_days"": 91, ""period_end"": ""2024-03-31"", ""period_start"": ""2024-01-01"", ""source_member"": ""financial_reports/amzn/condensed_consolidated_statement_of_cash_flows.json"", ""source_provenance_hash"": ""3731cfee772c0a51185dbf62e77efdb15b7be1eadc8bc4d01202035120dd73b9"", ""taxonomy"": ""us-gaap"", ""unit"": ""USD"", ""value"": 18989000000}"
AMZN,NetCashProvidedByUsedInInvestingActivities,2024-05-24,7800,7410,145,0,"[{""accession_number"": ""0001018724-24-000083"", ""filed_date"": ""2024-05-01"", ""filing_period_match_score"": 0, ""form"": ""10-Q"", ""fp"": ""Q1"", ""period_duration_days"": 366, ""period_end"": ""2024-03-31"", ""period_start"": ""2023-04-01""}, {""accession_number"": ""0001018724-24-000083"", ""filed_date"": ""2024-05-01"", ""filing_period_match_score"": 1, ""form"": ""10-Q"", ""fp"": ""Q1"", ""period_duration_days"": 91, ""period_end"": ""2024-03-31"", ""period_start"": ""2024-01-01""}]",AVAILABLE,latest PIT-safe economic period; filing-period duration preference applied,"{""accession_number"": ""0001018724-24-000083"", ""concept"": ""NetCashProvidedByUsedInInvestingActivities"", ""filed_date"": ""2024-05-01"", ""form"": ""10-Q"", ""fp"": ""Q1"", ""fy"": 2024, ""period_duration_class"": ""quarterly"", ""period_duration_days"": 91, ""period_end"": ""2024-03-31"", ""period_start"": ""2024-01-01"", ""source_member"": ""financial_reports/amzn/condensed_consolidated_statement_of_cash_flows.json"", ""source_provenance_hash"": ""b56cdbd41edf055dffd276bbc8f71875219e58d62d4889d85cbf2bc85641eace"", ""taxonomy"": ""us-gaap"", ""unit"": ""USD"", ""value"": -17862000000}"
AMZN,NetCashProvidedByUsedInFinancingActivities,2024-05-24,7800,7410,145,0,"[{""accession_number"": ""0001018724-24-000083"", ""filed_date"": ""2024-05-01"", ""filing_period_match_score"": 0, ""form"": ""10-Q"", ""fp"": ""Q1"", ""period_duration_days"": 366, ""period_end"": ""2024-03-31"", ""period_start"": ""2023-04-01""}, {""accession_number"": ""0001018724-24-000083"", ""filed_date"": ""2024-05-01"", ""filing_period_match_score"": 1, ""form"": ""10-Q"", ""fp"": ""Q1"", ""period_duration_days"": 91, ""period_end"": ""2024-03-31"", ""period_start"": ""2024-01-01""}]",AVAILABLE,latest PIT-safe economic period; filing-period duration preference applied,"{""accession_number"": ""0001018724-24-000083"", ""concept"": ""NetCashProvidedByUsedInFinancingActivities"", ""filed_date"": ""2024-05-01"", ""form"": ""10-Q"", ""fp"": ""Q1"", ""fy"": 2024, ""period_duration_class"": ""quarterly"", ""period_duration_days"": 91, ""period_end"": ""2024-03-31"", ""period_start"": ""2024-01-01"", ""source_member"": ""financial_reports/amzn/condensed_consolidated_statement_of_cash_flows.json"", ""source_provenance_hash"": ""9bd4280fabe04706001cf28c5d46d8086945a9e0bb792bab834e25b5ce66fc72"", ""taxonomy"": ""us-gaap"", ""unit"": ""USD"", ""value"": -1256000000}"
JPM,Assets,2024-05-24,752,716,61,0,"[{""accession_number"": ""0000019617-24-000326"", ""filed_date"": ""2024-05-01"", ""filing_period_match_score"": 0, ""form"": ""10-Q"", ""fp"": ""Q1"", ""period_duration_days"": null, ""period_end"": ""2024-03-31"", ""period_start"": """"}]",AVAILABLE,latest PIT-safe economic period; filing-period duration preference applied,"{""accession_number"": ""0000019617-24-000326"", ""concept"": ""Assets"", ""filed_date"": ""2024-05-01"", ""form"": ""10-Q"", ""fp"": ""Q1"", ""fy"": 2024, ""period_duration_class"": ""point_in_time"", ""period_duration_days"": null, ""period_end"": ""2024-03-31"", ""period_start"": """", ""source_member"": ""financial_reports/jpm/condensed_consolidated_balance_sheets.json"", ""source_provenance_hash"": ""397b17c10f393c35e70975434c3d27fa74b4f2d668bf94f277c346d4152ce95e"", ""taxonomy"": ""us-gaap"", ""unit"": ""USD"", ""value"": 4090727000000}"
JPM,Liabilities,2024-05-24,540,516,61,0,"[{""accession_number"": ""0000019617-24-000326"", ""filed_date"": ""2024-05-01"", ""filing_period_match_score"": 0, ""form"": ""10-Q"", ""fp"": ""Q1"", ""period_duration_days"": null, ""period_end"": ""2024-03-31"", ""period_start"": """"}]",AVAILABLE,latest PIT-safe economic period; filing-period duration preference applied,"{""accession_number"": ""0000019617-24-000326"", ""concept"": ""Liabilities"", ""filed_date"": ""2024-05-01"", ""form"": ""10-Q"", ""fp"": ""Q1"", ""fy"": 2024, ""period_duration_class"": ""point_in_time"", ""period_duration_days"": null, ""period_end"": ""2024-03-31"", ""period_start"": """", ""source_member"": ""financial_reports/jpm/condensed_consolidated_balance_sheets.json"", ""source_provenance_hash"": ""d73ed3cb27dba0e233b929f59fac1e65fe510292ddb7f62b88e3f86ef4312ad4"", ""taxonomy"": ""us-gaap"", ""unit"": ""USD"", ""value"": 3754090000000}"
JPM,StockholdersEquity,2024-05-24,688,652,62,0,"[{""accession_number"": ""0000019617-24-000326"", ""filed_date"": ""2024-05-01"", ""filing_period_match_score"": 0, ""form"": ""10-Q"", ""fp"": ""Q1"", ""period_duration_days"": null, ""period_end"": ""2024-03-31"", ""period_start"": """"}]",AVAILABLE,latest PIT-safe economic period; filing-period duration preference applied,"{""accession_number"": ""0000019617-24-000326"", ""concept"": ""StockholdersEquity"", ""filed_date"": ""2024-05-01"", ""form"": ""10-Q"", ""fp"": ""Q1"", ""fy"": 2024, ""period_duration_class"": ""point_in_time"", ""period_duration_days"": null, ""period_end"": ""2024-03-31"", ""period_start"": """", ""source_member"": ""financial_reports/jpm/condensed_consolidated_balance_sheets.json"", ""source_provenance_hash"": ""9c80bcc53d7efb6c136d7d04c06d93cc40b539aa3a8593abf712e2def3a8aa3e"", ""taxonomy"": ""us-gaap"", ""unit"": ""USD"", ""value"": 336637000000}"
JPM,NetCashProvidedByUsedInOperatingActivities,2024-05-24,604,576,65,0,"[{""accession_number"": ""0000019617-24-000326"", ""filed_date"": ""2024-05-01"", ""filing_period_match_score"": 1, ""form"": ""10-Q"", ""fp"": ""Q1"", ""period_duration_days"": 91, ""period_end"": ""2024-03-31"", ""period_start"": ""2024-01-01""}]",AVAILABLE,latest PIT-safe economic period; filing-period duration preference applied,"{""accession_number"": ""0000019617-24-000326"", ""concept"": ""NetCashProvidedByUsedInOperatingActivities"", ""filed_date"": ""2024-05-01"", ""form"": ""10-Q"", ""fp"": ""Q1"", ""fy"": 2024, ""period_duration_class"": ""quarterly"", ""period_duration_days"": 91, ""period_end"": ""2024-03-31"", ""period_start"": ""2024-01-01"", ""source_member"": ""financial_reports/jpm/condensed_consolidated_statement_of_cash_flows.json"", ""source_provenance_hash"": ""b9a43fef787f1dd3c86173f23d6a6c9ab1212e5f3e84a7b13b4049c4eb98af1a"", ""taxonomy"": ""us-gaap"", ""unit"": ""USD"", ""value"": -154158000000}"
JPM,NetCashProvidedByUsedInInvestingActivities,2024-05-24,604,576,65,0,"[{""accession_number"": ""0000019617-24-000326"", ""filed_date"": ""2024-05-01"", ""filing_period_match_score"": 1, ""form"": ""10-Q"", ""fp"": ""Q1"", ""period_duration_days"": 91, ""period_end"": ""2024-03-31"", ""period_start"": ""2024-01-01""}]",AVAILABLE,latest PIT-safe economic period; filing-period duration preference applied,"{""accession_number"": ""0000019617-24-000326"", ""concept"": ""NetCashProvidedByUsedInInvestingActivities"", ""filed_date"": ""2024-05-01"", ""form"": ""10-Q"", ""fp"": ""Q1"", ""fy"": 2024, ""period_duration_class"": ""quarterly"", ""period_duration_days"": 91, ""period_end"": ""2024-03-31"", ""period_start"": ""2024-01-01"", ""source_member"": ""financial_reports/jpm/condensed_consolidated_statement_of_cash_flows.json"", ""source_provenance_hash"": ""ca12ab736a2b772ea7da8832549a7ff9107f97eee50d9875f9c4088507aede34"", ""taxonomy"": ""us-gaap"", ""unit"": ""USD"", ""value"": -43379000000}"
JPM,NetCashProvidedByUsedInFinancingActivities,2024-05-24,604,576,65,0,"[{""accession_number"": ""0000019617-24-000326"", ""filed_date"": ""2024-05-01"", ""filing_period_match_score"": 1, ""form"": ""10-Q"", ""fp"": ""Q1"", ""period_duration_days"": 91, ""period_end"": ""2024-03-31"", ""period_start"": ""2024-01-01""}]",AVAILABLE,latest PIT-safe economic period; filing-period duration preference applied,"{""accession_number"": ""0000019617-24-000326"", ""concept"": ""NetCashProvidedByUsedInFinancingActivities"", ""filed_date"": ""2024-05-01"", ""form"": ""10-Q"", ""fp"": ""Q1"", ""fy"": 2024, ""period_duration_class"": ""quarterly"", ""period_duration_days"": 91, ""period_end"": ""2024-03-31"", ""period_start"": ""2024-01-01"", ""source_member"": ""financial_reports/jpm/condensed_consolidated_statement_of_cash_flows.json"", ""source_provenance_hash"": ""c76f6a506cf265e8d29f579b10fd49cdbbc5964465391b5832262a0bddf0631d"", ""taxonomy"": ""us-gaap"", ""unit"": ""USD"", ""value"": 141168000000}"
AAPL,Assets,2024-05-31,5628,5376,61,0,"[{""accession_number"": ""0000320193-24-000069"", ""filed_date"": ""2024-05-03"", ""filing_period_match_score"": 0, ""form"": ""10-Q"", ""fp"": ""Q2"", ""period_duration_days"": null, ""period_end"": ""2024-03-30"", ""period_start"": """"}]",AVAILABLE,latest PIT-safe economic period; filing-period duration preference applied,"{""accession_number"": ""0000320193-24-000069"", ""concept"": ""Assets"", ""filed_date"": ""2024-05-03"", ""form"": ""10-Q"", ""fp"": ""Q2"", ""fy"": 2024, ""period_duration_class"": ""point_in_time"", ""period_duration_days"": null, ""period_end"": ""2024-03-30"", ""period_start"": """", ""source_member"": ""financial_reports/aapl/condensed_consolidated_balance_sheets.json"", ""source_provenance_hash"": ""cba252b96f0085bd9e2cafde217a9e50e871879768adb0c58ef075d88aae2c69"", ""taxonomy"": ""us-gaap"", ""unit"": ""USD"", ""value"": 337411000000}"
AAPL,Liabilities,2024-05-31,5544,5292,61,0,"[{""accession_number"": ""0000320193-24-000069"", ""filed_date"": ""2024-05-03"", ""filing_period_match_score"": 0, ""form"": ""10-Q"", ""fp"": ""Q2"", ""period_duration_days"": null, ""period_end"": ""2024-03-30"", ""period_start"": """"}]",AVAILABLE,latest PIT-safe economic period; filing-period duration preference applied,"{""accession_number"": ""0000320193-24-000069"", ""concept"": ""Liabilities"", ""filed_date"": ""2024-05-03"", ""form"": ""10-Q"", ""fp"": ""Q2"", ""fy"": 2024, ""period_duration_class"": ""point_in_time"", ""period_duration_days"": null, ""period_end"": ""2024-03-30"", ""period_start"": """", ""source_member"": ""financial_reports/aapl/condensed_consolidated_balance_sheets.json"", ""source_provenance_hash"": ""36b48c3c5ef87f365f656d78017043ec6da3d1fa7faf7076c8c8c14393b53a00"", ""taxonomy"": ""us-gaap"", ""unit"": ""USD"", ""value"": 263217000000}"
AAPL,StockholdersEquity,2024-05-31,9744,9156,63,0,"[{""accession_number"": ""0000320193-24-000069"", ""filed_date"": ""2024-05-03"", ""filing_period_match_score"": 0, ""form"": ""10-Q"", ""fp"": ""Q2"", ""period_duration_days"": null, ""period_end"": ""2024-03-30"", ""period_start"": """"}]",AVAILABLE,latest PIT-safe economic period; filing-period duration preference applied,"{""accession_number"": ""0000320193-24-000069"", ""concept"": ""StockholdersEquity"", ""filed_date"": ""2024-05-03"", ""form"": ""10-Q"", ""fp"": ""Q2"", ""fy"": 2024, ""period_duration_class"": ""point_in_time"", ""period_duration_days"": null, ""period_end"": ""2024-03-30"", ""period_start"": """", ""source_member"": ""financial_reports/aapl/condensed_consolidated_balance_sheets.json"", ""source_provenance_hash"": ""8adf9d7079a89b218208d382a2360dd7d647ee7814c358bbfc78d02dfff531fd"", ""taxonomy"": ""us-gaap"", ""unit"": ""USD"", ""value"": 74194000000}"
AAPL,NetCashProvidedByUsedInOperatingActivities,2024-05-31,5082,4788,58,0,"[{""accession_number"": ""0000320193-24-000069"", ""filed_date"": ""2024-05-03"", ""filing_period_match_score"": 1, ""form"": ""10-Q"", ""fp"": ""Q2"", ""period_duration_days"": 182, ""period_end"": ""2024-03-30"", ""period_start"": ""2023-10-01""}]",AVAILABLE,latest PIT-safe economic period; filing-period duration preference applied,"{""accession_number"": ""0000320193-24-000069"", ""concept"": ""NetCashProvidedByUsedInOperatingActivities"", ""filed_date"": ""2024-05-03"", ""form"": ""10-Q"", ""fp"": ""Q2"", ""fy"": 2024, ""period_duration_class"": ""year_to_date_h1"", ""period_duration_days"": 182, ""period_end"": ""2024-03-30"", ""period_start"": ""2023-10-01"", ""source_member"": ""financial_reports/aapl/condensed_consolidated_statement_of_cash_flows.json"", ""source_provenance_hash"": ""123ff8cb4903973fe21f35d3b3ce990a91ecf0e8f2e33fee3b0e2f2c8cff8301"", ""taxonomy"": ""us-gaap"", ""unit"": ""USD"", ""value"": 62585000000}"
AAPL,NetCashProvidedByUsedInInvestingActivities,2024-05-31,5082,4788,58,0,"[{""accession_number"": ""0000320193-24-000069"", ""filed_date"": ""2024-05-03"", ""filing_period_match_score"": 1, ""form"": ""10-Q"", ""fp"": ""Q2"", ""period_duration_days"": 182, ""period_end"": ""2024-03-30"", ""period_start"": ""2023-10-01""}]",AVAILABLE,latest PIT-safe economic period; filing-period duration preference applied,"{""accession_number"": ""0000320193-24-000069"", ""concept"": ""NetCashProvidedByUsedInInvestingActivities"", ""filed_date"": ""2024-05-03"", ""form"": ""10-Q"", ""fp"": ""Q2"", ""fy"": 2024, ""period_duration_class"": ""year_to_date_h1"", ""period_duration_days"": 182, ""period_end"": ""2024-03-30"", ""period_start"": ""2023-10-01"", ""source_member"": ""financial_reports/aapl/condensed_consolidated_statement_of_cash_flows.json"", ""source_provenance_hash"": ""9bd3cf75524877c2b648657373f595c073df39a17c9df87b5433dc67d27bf327"", ""taxonomy"": ""us-gaap"", ""unit"": ""USD"", ""value"": 1617000000}"
AAPL,NetCashProvidedByUsedInFinancingActivities,2024-05-31,5082,4788,58,0,"[{""accession_number"": ""0000320193-24-000069"", ""filed_date"": ""2024-05-03"", ""filing_period_match_score"": 1, ""form"": ""10-Q"", ""fp"": ""Q2"", ""period_duration_days"": 182, ""period_end"": ""2024-03-30"", ""period_start"": ""2023-10-01""}]",AVAILABLE,latest PIT-safe economic period; filing-period duration preference applied,"{""accession_number"": ""0000320193-24-000069"", ""concept"": ""NetCashProvidedByUsedInFinancingActivities"", ""filed_date"": ""2024-05-03"", ""form"": ""10-Q"", ""fp"": ""Q2"", ""fy"": 2024, ""period_duration_class"": ""year_to_date_h1"", ""period_duration_days"": 182, ""period_end"": ""2024-03-30"", ""period_start"": ""2023-10-01"", ""source_member"": ""financial_reports/aapl/condensed_consolidated_statement_of_cash_flows.json"", ""source_provenance_hash"": ""f933a8c210b6c4944b1e0d64c554c598f729e72a5a33dc7211fc326427ff752a"", ""taxonomy"": ""us-gaap"", ""unit"": ""USD"", ""value"": -61018000000}"
AMZN,Assets,2024-05-31,3536,3354,61,0,"[{""accession_number"": ""0001018724-24-000083"", ""filed_date"": ""2024-05-01"", ""filing_period_match_score"": 0, ""form"": ""10-Q"", ""fp"": ""Q1"", ""period_duration_days"": null, ""period_end"": ""2024-03-31"", ""period_start"": """"}]",AVAILABLE,latest PIT-safe economic period; filing-period duration preference applied,"{""accession_number"": ""0001018724-24-000083"", ""concept"": ""Assets"", ""filed_date"": ""2024-05-01"", ""form"": ""10-Q"", ""fp"": ""Q1"", ""fy"": 2024, ""period_duration_class"": ""point_in_time"", ""period_duration_days"": null, ""period_end"": ""2024-03-31"", ""period_start"": """", ""source_member"": ""financial_reports/amzn/condensed_consolidated_balance_sheets.json"", ""source_provenance_hash"": ""aeb8877dd37a86cab9e9d52e136c7cd34247c2c5ad9165934cdba3fb22501a09"", ""taxonomy"": ""us-gaap"", ""unit"": ""USD"", ""value"": 530969000000}"
AMZN,Liabilities,2024-05-31,0,0,0,0,[],UNAVAILABLE,no PIT-safe fact with period end,
AMZN,StockholdersEquity,2024-05-31,5668,5252,63,0,"[{""accession_number"": ""0001018724-24-000083"", ""filed_date"": ""2024-05-01"", ""filing_period_match_score"": 0, ""form"": ""10-Q"", ""fp"": ""Q1"", ""period_duration_days"": null, ""period_end"": ""2024-03-31"", ""period_start"": """"}]",AVAILABLE,latest PIT-safe economic period; filing-period duration preference applied,"{""accession_number"": ""0001018724-24-000083"", ""concept"": ""StockholdersEquity"", ""filed_date"": ""2024-05-01"", ""form"": ""10-Q"", ""fp"": ""Q1"", ""fy"": 2024, ""period_duration_class"": ""point_in_time"", ""period_duration_days"": null, ""period_end"": ""2024-03-31"", ""period_start"": """", ""source_member"": ""financial_reports/amzn/condensed_consolidated_balance_sheets.json"", ""source_provenance_hash"": ""81fe52fba45367880009bdde192447fa28ce5a851dc57775fcbb041794086c9b"", ""taxonomy"": ""us-gaap"", ""unit"": ""USD"", ""value"": 216661000000}"
AMZN,NetCashProvidedByUsedInOperatingActivities,2024-05-31,7800,7410,145,0,"[{""accession_number"": ""0001018724-24-000083"", ""filed_date"": ""2024-05-01"", ""filing_period_match_score"": 0, ""form"": ""10-Q"", ""fp"": ""Q1"", ""period_duration_days"": 366, ""period_end"": ""2024-03-31"", ""period_start"": ""2023-04-01""}, {""accession_number"": ""0001018724-24-000083"", ""filed_date"": ""2024-05-01"", ""filing_period_match_score"": 1, ""form"": ""10-Q"", ""fp"": ""Q1"", ""period_duration_days"": 91, ""period_end"": ""2024-03-31"", ""period_start"": ""2024-01-01""}]",AVAILABLE,latest PIT-safe economic period; filing-period duration preference applied,"{""accession_number"": ""0001018724-24-000083"", ""concept"": ""NetCashProvidedByUsedInOperatingActivities"", ""filed_date"": ""2024-05-01"", ""form"": ""10-Q"", ""fp"": ""Q1"", ""fy"": 2024, ""period_duration_class"": ""quarterly"", ""period_duration_days"": 91, ""period_end"": ""2024-03-31"", ""period_start"": ""2024-01-01"", ""source_member"": ""financial_reports/amzn/condensed_consolidated_statement_of_cash_flows.json"", ""source_provenance_hash"": ""3731cfee772c0a51185dbf62e77efdb15b7be1eadc8bc4d01202035120dd73b9"", ""taxonomy"": ""us-gaap"", ""unit"": ""USD"", ""value"": 18989000000}"
AMZN,NetCashProvidedByUsedInInvestingActivities,2024-05-31,7800,7410,145,0,"[{""accession_number"": ""0001018724-24-000083"", ""filed_date"": ""2024-05-01"", ""filing_period_match_score"": 0, ""form"": ""10-Q"", ""fp"": ""Q1"", ""period_duration_days"": 366, ""period_end"": ""2024-03-31"", ""period_start"": ""2023-04-01""}, {""accession_number"": ""0001018724-24-000083"", ""filed_date"": ""2024-05-01"", ""filing_period_match_score"": 1, ""form"": ""10-Q"", ""fp"": ""Q1"", ""period_duration_days"": 91, ""period_end"": ""2024-03-31"", ""period_start"": ""2024-01-01""}]",AVAILABLE,latest PIT-safe economic period; filing-period duration preference applied,"{""accession_number"": ""0001018724-24-000083"", ""concept"": ""NetCashProvidedByUsedInInvestingActivities"", ""filed_date"": ""2024-05-01"", ""form"": ""10-Q"", ""fp"": ""Q1"", ""fy"": 2024, ""period_duration_class"": ""quarterly"", ""period_duration_days"": 91, ""period_end"": ""2024-03-31"", ""period_start"": ""2024-01-01"", ""source_member"": ""financial_reports/amzn/condensed_consolidated_statement_of_cash_flows.json"", ""source_provenance_hash"": ""b56cdbd41edf055dffd276bbc8f71875219e58d62d4889d85cbf2bc85641eace"", ""taxonomy"": ""us-gaap"", ""unit"": ""USD"", ""value"": -17862000000}"
AMZN,NetCashProvidedByUsedInFinancingActivities,2024-05-31,7800,7410,145,0,"[{""accession_number"": ""0001018724-24-000083"", ""filed_date"": ""2024-05-01"", ""filing_period_match_score"": 0, ""form"": ""10-Q"", ""fp"": ""Q1"", ""period_duration_days"": 366, ""period_end"": ""2024-03-31"", ""period_start"": ""2023-04-01""}, {""accession_number"": ""0001018724-24-000083"", ""filed_date"": ""2024-05-01"", ""filing_period_match_score"": 1, ""form"": ""10-Q"", ""fp"": ""Q1"", ""period_duration_days"": 91, ""period_end"": ""2024-03-31"", ""period_start"": ""2024-01-01""}]",AVAILABLE,latest PIT-safe economic period; filing-period duration preference applied,"{""accession_number"": ""0001018724-24-000083"", ""concept"": ""NetCashProvidedByUsedInFinancingActivities"", ""filed_date"": ""2024-05-01"", ""form"": ""10-Q"", ""fp"": ""Q1"", ""fy"": 2024, ""period_duration_class"": ""quarterly"", ""period_duration_days"": 91, ""period_end"": ""2024-03-31"", ""period_start"": ""2024-01-01"", ""source_member"": ""financial_reports/amzn/condensed_consolidated_statement_of_cash_flows.json"", ""source_provenance_hash"": ""9bd4280fabe04706001cf28c5d46d8086945a9e0bb792bab834e25b5ce66fc72"", ""taxonomy"": ""us-gaap"", ""unit"": ""USD"", ""value"": -1256000000}"
JPM,Assets,2024-05-31,752,716,61,0,"[{""accession_number"": ""0000019617-24-000326"", ""filed_date"": ""2024-05-01"", ""filing_period_match_score"": 0, ""form"": ""10-Q"", ""fp"": ""Q1"", ""period_duration_days"": null, ""period_end"": ""2024-03-31"", ""period_start"": """"}]",AVAILABLE,latest PIT-safe economic period; filing-period duration preference applied,"{""accession_number"": ""0000019617-24-000326"", ""concept"": ""Assets"", ""filed_date"": ""2024-05-01"", ""form"": ""10-Q"", ""fp"": ""Q1"", ""fy"": 2024, ""period_duration_class"": ""point_in_time"", ""period_duration_days"": null, ""period_end"": ""2024-03-31"", ""period_start"": """", ""source_member"": ""financial_reports/jpm/condensed_consolidated_balance_sheets.json"", ""source_provenance_hash"": ""397b17c10f393c35e70975434c3d27fa74b4f2d668bf94f277c346d4152ce95e"", ""taxonomy"": ""us-gaap"", ""unit"": ""USD"", ""value"": 4090727000000}"
JPM,Liabilities,2024-05-31,540,516,61,0,"[{""accession_number"": ""0000019617-24-000326"", ""filed_date"": ""2024-05-01"", ""filing_period_match_score"": 0, ""form"": ""10-Q"", ""fp"": ""Q1"", ""period_duration_days"": null, ""period_end"": ""2024-03-31"", ""period_start"": """"}]",AVAILABLE,latest PIT-safe economic period; filing-period duration preference applied,"{""accession_number"": ""0000019617-24-000326"", ""concept"": ""Liabilities"", ""filed_date"": ""2024-05-01"", ""form"": ""10-Q"", ""fp"": ""Q1"", ""fy"": 2024, ""period_duration_class"": ""point_in_time"", ""period_duration_days"": null, ""period_end"": ""2024-03-31"", ""period_start"": """", ""source_member"": ""financial_reports/jpm/condensed_consolidated_balance_sheets.json"", ""source_provenance_hash"": ""d73ed3cb27dba0e233b929f59fac1e65fe510292ddb7f62b88e3f86ef4312ad4"", ""taxonomy"": ""us-gaap"", ""unit"": ""USD"", ""value"": 3754090000000}"
JPM,StockholdersEquity,2024-05-31,688,652,62,0,"[{""accession_number"": ""0000019617-24-000326"", ""filed_date"": ""2024-05-01"", ""filing_period_match_score"": 0, ""form"": ""10-Q"", ""fp"": ""Q1"", ""period_duration_days"": null, ""period_end"": ""2024-03-31"", ""period_start"": """"}]",AVAILABLE,latest PIT-safe economic period; filing-period duration preference applied,"{""accession_number"": ""0000019617-24-000326"", ""concept"": ""StockholdersEquity"", ""filed_date"": ""2024-05-01"", ""form"": ""10-Q"", ""fp"": ""Q1"", ""fy"": 2024, ""period_duration_class"": ""point_in_time"", ""period_duration_days"": null, ""period_end"": ""2024-03-31"", ""period_start"": """", ""source_member"": ""financial_reports/jpm/condensed_consolidated_balance_sheets.json"", ""source_provenance_hash"": ""9c80bcc53d7efb6c136d7d04c06d93cc40b539aa3a8593abf712e2def3a8aa3e"", ""taxonomy"": ""us-gaap"", ""unit"": ""USD"", ""value"": 336637000000}"
JPM,NetCashProvidedByUsedInOperatingActivities,2024-05-31,604,576,65,0,"[{""accession_number"": ""0000019617-24-000326"", ""filed_date"": ""2024-05-01"", ""filing_period_match_score"": 1, ""form"": ""10-Q"", ""fp"": ""Q1"", ""period_duration_days"": 91, ""period_end"": ""2024-03-31"", ""period_start"": ""2024-01-01""}]",AVAILABLE,latest PIT-safe economic period; filing-period duration preference applied,"{""accession_number"": ""0000019617-24-000326"", ""concept"": ""NetCashProvidedByUsedInOperatingActivities"", ""filed_date"": ""2024-05-01"", ""form"": ""10-Q"", ""fp"": ""Q1"", ""fy"": 2024, ""period_duration_class"": ""quarterly"", ""period_duration_days"": 91, ""period_end"": ""2024-03-31"", ""period_start"": ""2024-01-01"", ""source_member"": ""financial_reports/jpm/condensed_consolidated_statement_of_cash_flows.json"", ""source_provenance_hash"": ""b9a43fef787f1dd3c86173f23d6a6c9ab1212e5f3e84a7b13b4049c4eb98af1a"", ""taxonomy"": ""us-gaap"", ""unit"": ""USD"", ""value"": -154158000000}"
JPM,NetCashProvidedByUsedInInvestingActivities,2024-05-31,604,576,65,0,"[{""accession_number"": ""0000019617-24-000326"", ""filed_date"": ""2024-05-01"", ""filing_period_match_score"": 1, ""form"": ""10-Q"", ""fp"": ""Q1"", ""period_duration_days"": 91, ""period_end"": ""2024-03-31"", ""period_start"": ""2024-01-01""}]",AVAILABLE,latest PIT-safe economic period; filing-period duration preference applied,"{""accession_number"": ""0000019617-24-000326"", ""concept"": ""NetCashProvidedByUsedInInvestingActivities"", ""filed_date"": ""2024-05-01"", ""form"": ""10-Q"", ""fp"": ""Q1"", ""fy"": 2024, ""period_duration_class"": ""quarterly"", ""period_duration_days"": 91, ""period_end"": ""2024-03-31"", ""period_start"": ""2024-01-01"", ""source_member"": ""financial_reports/jpm/condensed_consolidated_statement_of_cash_flows.json"", ""source_provenance_hash"": ""ca12ab736a2b772ea7da8832549a7ff9107f97eee50d9875f9c4088507aede34"", ""taxonomy"": ""us-gaap"", ""unit"": ""USD"", ""value"": -43379000000}"
JPM,NetCashProvidedByUsedInFinancingActivities,2024-05-31,604,576,65,0,"[{""accession_number"": ""0000019617-24-000326"", ""filed_date"": ""2024-05-01"", ""filing_period_match_score"": 1, ""form"": ""10-Q"", ""fp"": ""Q1"", ""period_duration_days"": 91, ""period_end"": ""2024-03-31"", ""period_start"": ""2024-01-01""}]",AVAILABLE,latest PIT-safe economic period; filing-period duration preference applied,"{""accession_number"": ""0000019617-24-000326"", ""concept"": ""NetCashProvidedByUsedInFinancingActivities"", ""filed_date"": ""2024-05-01"", ""form"": ""10-Q"", ""fp"": ""Q1"", ""fy"": 2024, ""period_duration_class"": ""quarterly"", ""period_duration_days"": 91, ""period_end"": ""2024-03-31"", ""period_start"": ""2024-01-01"", ""source_member"": ""financial_reports/jpm/condensed_consolidated_statement_of_cash_flows.json"", ""source_provenance_hash"": ""c76f6a506cf265e8d29f579b10fd49cdbbc5964465391b5832262a0bddf0631d"", ""taxonomy"": ""us-gaap"", ""unit"": ""USD"", ""value"": 141168000000}"
AAPL,Assets,2024-06-07,5628,5376,61,0,"[{""accession_number"": ""0000320193-24-000069"", ""filed_date"": ""2024-05-03"", ""filing_period_match_score"": 0, ""form"": ""10-Q"", ""fp"": ""Q2"", ""period_duration_days"": null, ""period_end"": ""2024-03-30"", ""period_start"": """"}]",AVAILABLE,latest PIT-safe economic period; filing-period duration preference applied,"{""accession_number"": ""0000320193-24-000069"", ""concept"": ""Assets"", ""filed_date"": ""2024-05-03"", ""form"": ""10-Q"", ""fp"": ""Q2"", ""fy"": 2024, ""period_duration_class"": ""point_in_time"", ""period_duration_days"": null, ""period_end"": ""2024-03-30"", ""period_start"": """", ""source_member"": ""financial_reports/aapl/condensed_consolidated_balance_sheets.json"", ""source_provenance_hash"": ""cba252b96f0085bd9e2cafde217a9e50e871879768adb0c58ef075d88aae2c69"", ""taxonomy"": ""us-gaap"", ""unit"": ""USD"", ""value"": 337411000000}"
AAPL,Liabilities,2024-06-07,5544,5292,61,0,"[{""accession_number"": ""0000320193-24-000069"", ""filed_date"": ""2024-05-03"", ""filing_period_match_score"": 0, ""form"": ""10-Q"", ""fp"": ""Q2"", ""period_duration_days"": null, ""period_end"": ""2024-03-30"", ""period_start"": """"}]",AVAILABLE,latest PIT-safe economic period; filing-period duration preference applied,"{""accession_number"": ""0000320193-24-000069"", ""concept"": ""Liabilities"", ""filed_date"": ""2024-05-03"", ""form"": ""10-Q"", ""fp"": ""Q2"", ""fy"": 2024, ""period_duration_class"": ""point_in_time"", ""period_duration_days"": null, ""period_end"": ""2024-03-30"", ""period_start"": """", ""source_member"": ""financial_reports/aapl/condensed_consolidated_balance_sheets.json"", ""source_provenance_hash"": ""36b48c3c5ef87f365f656d78017043ec6da3d1fa7faf7076c8c8c14393b53a00"", ""taxonomy"": ""us-gaap"", ""unit"": ""USD"", ""value"": 263217000000}"
AAPL,StockholdersEquity,2024-06-07,9744,9156,63,0,"[{""accession_number"": ""0000320193-24-000069"", ""filed_date"": ""2024-05-03"", ""filing_period_match_score"": 0, ""form"": ""10-Q"", ""fp"": ""Q2"", ""period_duration_days"": null, ""period_end"": ""2024-03-30"", ""period_start"": """"}]",AVAILABLE,latest PIT-safe economic period; filing-period duration preference applied,"{""accession_number"": ""0000320193-24-000069"", ""concept"": ""StockholdersEquity"", ""filed_date"": ""2024-05-03"", ""form"": ""10-Q"", ""fp"": ""Q2"", ""fy"": 2024, ""period_duration_class"": ""point_in_time"", ""period_duration_days"": null, ""period_end"": ""2024-03-30"", ""period_start"": """", ""source_member"": ""financial_reports/aapl/condensed_consolidated_balance_sheets.json"", ""source_provenance_hash"": ""8adf9d7079a89b218208d382a2360dd7d647ee7814c358bbfc78d02dfff531fd"", ""taxonomy"": ""us-gaap"", ""unit"": ""USD"", ""value"": 74194000000}"
AAPL,NetCashProvidedByUsedInOperatingActivities,2024-06-07,5082,4788,58,0,"[{""accession_number"": ""0000320193-24-000069"", ""filed_date"": ""2024-05-03"", ""filing_period_match_score"": 1, ""form"": ""10-Q"", ""fp"": ""Q2"", ""period_duration_days"": 182, ""period_end"": ""2024-03-30"", ""period_start"": ""2023-10-01""}]",AVAILABLE,latest PIT-safe economic period; filing-period duration preference applied,"{""accession_number"": ""0000320193-24-000069"", ""concept"": ""NetCashProvidedByUsedInOperatingActivities"", ""filed_date"": ""2024-05-03"", ""form"": ""10-Q"", ""fp"": ""Q2"", ""fy"": 2024, ""period_duration_class"": ""year_to_date_h1"", ""period_duration_days"": 182, ""period_end"": ""2024-03-30"", ""period_start"": ""2023-10-01"", ""source_member"": ""financial_reports/aapl/condensed_consolidated_statement_of_cash_flows.json"", ""source_provenance_hash"": ""123ff8cb4903973fe21f35d3b3ce990a91ecf0e8f2e33fee3b0e2f2c8cff8301"", ""taxonomy"": ""us-gaap"", ""unit"": ""USD"", ""value"": 62585000000}"
AAPL,NetCashProvidedByUsedInInvestingActivities,2024-06-07,5082,4788,58,0,"[{""accession_number"": ""0000320193-24-000069"", ""filed_date"": ""2024-05-03"", ""filing_period_match_score"": 1, ""form"": ""10-Q"", ""fp"": ""Q2"", ""period_duration_days"": 182, ""period_end"": ""2024-03-30"", ""period_start"": ""2023-10-01""}]",AVAILABLE,latest PIT-safe economic period; filing-period duration preference applied,"{""accession_number"": ""0000320193-24-000069"", ""concept"": ""NetCashProvidedByUsedInInvestingActivities"", ""filed_date"": ""2024-05-03"", ""form"": ""10-Q"", ""fp"": ""Q2"", ""fy"": 2024, ""period_duration_class"": ""year_to_date_h1"", ""period_duration_days"": 182, ""period_end"": ""2024-03-30"", ""period_start"": ""2023-10-01"", ""source_member"": ""financial_reports/aapl/condensed_consolidated_statement_of_cash_flows.json"", ""source_provenance_hash"": ""9bd3cf75524877c2b648657373f595c073df39a17c9df87b5433dc67d27bf327"", ""taxonomy"": ""us-gaap"", ""unit"": ""USD"", ""value"": 1617000000}"
AAPL,NetCashProvidedByUsedInFinancingActivities,2024-06-07,5082,4788,58,0,"[{""accession_number"": ""0000320193-24-000069"", ""filed_date"": ""2024-05-03"", ""filing_period_match_score"": 1, ""form"": ""10-Q"", ""fp"": ""Q2"", ""period_duration_days"": 182, ""period_end"": ""2024-03-30"", ""period_start"": ""2023-10-01""}]",AVAILABLE,latest PIT-safe economic period; filing-period duration preference applied,"{""accession_number"": ""0000320193-24-000069"", ""concept"": ""NetCashProvidedByUsedInFinancingActivities"", ""filed_date"": ""2024-05-03"", ""form"": ""10-Q"", ""fp"": ""Q2"", ""fy"": 2024, ""period_duration_class"": ""year_to_date_h1"", ""period_duration_days"": 182, ""period_end"": ""2024-03-30"", ""period_start"": ""2023-10-01"", ""source_member"": ""financial_reports/aapl/condensed_consolidated_statement_of_cash_flows.json"", ""source_provenance_hash"": ""f933a8c210b6c4944b1e0d64c554c598f729e72a5a33dc7211fc326427ff752a"", ""taxonomy"": ""us-gaap"", ""unit"": ""USD"", ""value"": -61018000000}"
AMZN,Assets,2024-06-07,3536,3354,61,0,"[{""accession_number"": ""0001018724-24-000083"", ""filed_date"": ""2024-05-01"", ""filing_period_match_score"": 0, ""form"": ""10-Q"", ""fp"": ""Q1"", ""period_duration_days"": null, ""period_end"": ""2024-03-31"", ""period_start"": """"}]",AVAILABLE,latest PIT-safe economic period; filing-period duration preference applied,"{""accession_number"": ""0001018724-24-000083"", ""concept"": ""Assets"", ""filed_date"": ""2024-05-01"", ""form"": ""10-Q"", ""fp"": ""Q1"", ""fy"": 2024, ""period_duration_class"": ""point_in_time"", ""period_duration_days"": null, ""period_end"": ""2024-03-31"", ""period_start"": """", ""source_member"": ""financial_reports/amzn/condensed_consolidated_balance_sheets.json"", ""source_provenance_hash"": ""aeb8877dd37a86cab9e9d52e136c7cd34247c2c5ad9165934cdba3fb22501a09"", ""taxonomy"": ""us-gaap"", ""unit"": ""USD"", ""value"": 530969000000}"
AMZN,Liabilities,2024-06-07,0,0,0,0,[],UNAVAILABLE,no PIT-safe fact with period end,
AMZN,StockholdersEquity,2024-06-07,5668,5252,63,0,"[{""accession_number"": ""0001018724-24-000083"", ""filed_date"": ""2024-05-01"", ""filing_period_match_score"": 0, ""form"": ""10-Q"", ""fp"": ""Q1"", ""period_duration_days"": null, ""period_end"": ""2024-03-31"", ""period_start"": """"}]",AVAILABLE,latest PIT-safe economic period; filing-period duration preference applied,"{""accession_number"": ""0001018724-24-000083"", ""concept"": ""StockholdersEquity"", ""filed_date"": ""2024-05-01"", ""form"": ""10-Q"", ""fp"": ""Q1"", ""fy"": 2024, ""period_duration_class"": ""point_in_time"", ""period_duration_days"": null, ""period_end"": ""2024-03-31"", ""period_start"": """", ""source_member"": ""financial_reports/amzn/condensed_consolidated_balance_sheets.json"", ""source_provenance_hash"": ""81fe52fba45367880009bdde192447fa28ce5a851dc57775fcbb041794086c9b"", ""taxonomy"": ""us-gaap"", ""unit"": ""USD"", ""value"": 216661000000}"
AMZN,NetCashProvidedByUsedInOperatingActivities,2024-06-07,7800,7410,145,0,"[{""accession_number"": ""0001018724-24-000083"", ""filed_date"": ""2024-05-01"", ""filing_period_match_score"": 0, ""form"": ""10-Q"", ""fp"": ""Q1"", ""period_duration_days"": 366, ""period_end"": ""2024-03-31"", ""period_start"": ""2023-04-01""}, {""accession_number"": ""0001018724-24-000083"", ""filed_date"": ""2024-05-01"", ""filing_period_match_score"": 1, ""form"": ""10-Q"", ""fp"": ""Q1"", ""period_duration_days"": 91, ""period_end"": ""2024-03-31"", ""period_start"": ""2024-01-01""}]",AVAILABLE,latest PIT-safe economic period; filing-period duration preference applied,"{""accession_number"": ""0001018724-24-000083"", ""concept"": ""NetCashProvidedByUsedInOperatingActivities"", ""filed_date"": ""2024-05-01"", ""form"": ""10-Q"", ""fp"": ""Q1"", ""fy"": 2024, ""period_duration_class"": ""quarterly"", ""period_duration_days"": 91, ""period_end"": ""2024-03-31"", ""period_start"": ""2024-01-01"", ""source_member"": ""financial_reports/amzn/condensed_consolidated_statement_of_cash_flows.json"", ""source_provenance_hash"": ""3731cfee772c0a51185dbf62e77efdb15b7be1eadc8bc4d01202035120dd73b9"", ""taxonomy"": ""us-gaap"", ""unit"": ""USD"", ""value"": 18989000000}"
AMZN,NetCashProvidedByUsedInInvestingActivities,2024-06-07,7800,7410,145,0,"[{""accession_number"": ""0001018724-24-000083"", ""filed_date"": ""2024-05-01"", ""filing_period_match_score"": 0, ""form"": ""10-Q"", ""fp"": ""Q1"", ""period_duration_days"": 366, ""period_end"": ""2024-03-31"", ""period_start"": ""2023-04-01""}, {""accession_number"": ""0001018724-24-000083"", ""filed_date"": ""2024-05-01"", ""filing_period_match_score"": 1, ""form"": ""10-Q"", ""fp"": ""Q1"", ""period_duration_days"": 91, ""period_end"": ""2024-03-31"", ""period_start"": ""2024-01-01""}]",AVAILABLE,latest PIT-safe economic period; filing-period duration preference applied,"{""accession_number"": ""0001018724-24-000083"", ""concept"": ""NetCashProvidedByUsedInInvestingActivities"", ""filed_date"": ""2024-05-01"", ""form"": ""10-Q"", ""fp"": ""Q1"", ""fy"": 2024, ""period_duration_class"": ""quarterly"", ""period_duration_days"": 91, ""period_end"": ""2024-03-31"", ""period_start"": ""2024-01-01"", ""source_member"": ""financial_reports/amzn/condensed_consolidated_statement_of_cash_flows.json"", ""source_provenance_hash"": ""b56cdbd41edf055dffd276bbc8f71875219e58d62d4889d85cbf2bc85641eace"", ""taxonomy"": ""us-gaap"", ""unit"": ""USD"", ""value"": -17862000000}"
AMZN,NetCashProvidedByUsedInFinancingActivities,2024-06-07,7800,7410,145,0,"[{""accession_number"": ""0001018724-24-000083"", ""filed_date"": ""2024-05-01"", ""filing_period_match_score"": 0, ""form"": ""10-Q"", ""fp"": ""Q1"", ""period_duration_days"": 366, ""period_end"": ""2024-03-31"", ""period_start"": ""2023-04-01""}, {""accession_number"": ""0001018724-24-000083"", ""filed_date"": ""2024-05-01"", ""filing_period_match_score"": 1, ""form"": ""10-Q"", ""fp"": ""Q1"", ""period_duration_days"": 91, ""period_end"": ""2024-03-31"", ""period_start"": ""2024-01-01""}]",AVAILABLE,latest PIT-safe economic period; filing-period duration preference applied,"{""accession_number"": ""0001018724-24-000083"", ""concept"": ""NetCashProvidedByUsedInFinancingActivities"", ""filed_date"": ""2024-05-01"", ""form"": ""10-Q"", ""fp"": ""Q1"", ""fy"": 2024, ""period_duration_class"": ""quarterly"", ""period_duration_days"": 91, ""period_end"": ""2024-03-31"", ""period_start"": ""2024-01-01"", ""source_member"": ""financial_reports/amzn/condensed_consolidated_statement_of_cash_flows.json"", ""source_provenance_hash"": ""9bd4280fabe04706001cf28c5d46d8086945a9e0bb792bab834e25b5ce66fc72"", ""taxonomy"": ""us-gaap"", ""unit"": ""USD"", ""value"": -1256000000}"
JPM,Assets,2024-06-07,752,716,61,0,"[{""accession_number"": ""0000019617-24-000326"", ""filed_date"": ""2024-05-01"", ""filing_period_match_score"": 0, ""form"": ""10-Q"", ""fp"": ""Q1"", ""period_duration_days"": null, ""period_end"": ""2024-03-31"", ""period_start"": """"}]",AVAILABLE,latest PIT-safe economic period; filing-period duration preference applied,"{""accession_number"": ""0000019617-24-000326"", ""concept"": ""Assets"", ""filed_date"": ""2024-05-01"", ""form"": ""10-Q"", ""fp"": ""Q1"", ""fy"": 2024, ""period_duration_class"": ""point_in_time"", ""period_duration_days"": null, ""period_end"": ""2024-03-31"", ""period_start"": """", ""source_member"": ""financial_reports/jpm/condensed_consolidated_balance_sheets.json"", ""source_provenance_hash"": ""397b17c10f393c35e70975434c3d27fa74b4f2d668bf94f277c346d4152ce95e"", ""taxonomy"": ""us-gaap"", ""unit"": ""USD"", ""value"": 4090727000000}"
JPM,Liabilities,2024-06-07,540,516,61,0,"[{""accession_number"": ""0000019617-24-000326"", ""filed_date"": ""2024-05-01"", ""filing_period_match_score"": 0, ""form"": ""10-Q"", ""fp"": ""Q1"", ""period_duration_days"": null, ""period_end"": ""2024-03-31"", ""period_start"": """"}]",AVAILABLE,latest PIT-safe economic period; filing-period duration preference applied,"{""accession_number"": ""0000019617-24-000326"", ""concept"": ""Liabilities"", ""filed_date"": ""2024-05-01"", ""form"": ""10-Q"", ""fp"": ""Q1"", ""fy"": 2024, ""period_duration_class"": ""point_in_time"", ""period_duration_days"": null, ""period_end"": ""2024-03-31"", ""period_start"": """", ""source_member"": ""financial_reports/jpm/condensed_consolidated_balance_sheets.json"", ""source_provenance_hash"": ""d73ed3cb27dba0e233b929f59fac1e65fe510292ddb7f62b88e3f86ef4312ad4"", ""taxonomy"": ""us-gaap"", ""unit"": ""USD"", ""value"": 3754090000000}"
JPM,StockholdersEquity,2024-06-07,688,652,62,0,"[{""accession_number"": ""0000019617-24-000326"", ""filed_date"": ""2024-05-01"", ""filing_period_match_score"": 0, ""form"": ""10-Q"", ""fp"": ""Q1"", ""period_duration_days"": null, ""period_end"": ""2024-03-31"", ""period_start"": """"}]",AVAILABLE,latest PIT-safe economic period; filing-period duration preference applied,"{""accession_number"": ""0000019617-24-000326"", ""concept"": ""StockholdersEquity"", ""filed_date"": ""2024-05-01"", ""form"": ""10-Q"", ""fp"": ""Q1"", ""fy"": 2024, ""period_duration_class"": ""point_in_time"", ""period_duration_days"": null, ""period_end"": ""2024-03-31"", ""period_start"": """", ""source_member"": ""financial_reports/jpm/condensed_consolidated_balance_sheets.json"", ""source_provenance_hash"": ""9c80bcc53d7efb6c136d7d04c06d93cc40b539aa3a8593abf712e2def3a8aa3e"", ""taxonomy"": ""us-gaap"", ""unit"": ""USD"", ""value"": 336637000000}"
JPM,NetCashProvidedByUsedInOperatingActivities,2024-06-07,604,576,65,0,"[{""accession_number"": ""0000019617-24-000326"", ""filed_date"": ""2024-05-01"", ""filing_period_match_score"": 1, ""form"": ""10-Q"", ""fp"": ""Q1"", ""period_duration_days"": 91, ""period_end"": ""2024-03-31"", ""period_start"": ""2024-01-01""}]",AVAILABLE,latest PIT-safe economic period; filing-period duration preference applied,"{""accession_number"": ""0000019617-24-000326"", ""concept"": ""NetCashProvidedByUsedInOperatingActivities"", ""filed_date"": ""2024-05-01"", ""form"": ""10-Q"", ""fp"": ""Q1"", ""fy"": 2024, ""period_duration_class"": ""quarterly"", ""period_duration_days"": 91, ""period_end"": ""2024-03-31"", ""period_start"": ""2024-01-01"", ""source_member"": ""financial_reports/jpm/condensed_consolidated_statement_of_cash_flows.json"", ""source_provenance_hash"": ""b9a43fef787f1dd3c86173f23d6a6c9ab1212e5f3e84a7b13b4049c4eb98af1a"", ""taxonomy"": ""us-gaap"", ""unit"": ""USD"", ""value"": -154158000000}"
JPM,NetCashProvidedByUsedInInvestingActivities,2024-06-07,604,576,65,0,"[{""accession_number"": ""0000019617-24-000326"", ""filed_date"": ""2024-05-01"", ""filing_period_match_score"": 1, ""form"": ""10-Q"", ""fp"": ""Q1"", ""period_duration_days"": 91, ""period_end"": ""2024-03-31"", ""period_start"": ""2024-01-01""}]",AVAILABLE,latest PIT-safe economic period; filing-period duration preference applied,"{""accession_number"": ""0000019617-24-000326"", ""concept"": ""NetCashProvidedByUsedInInvestingActivities"", ""filed_date"": ""2024-05-01"", ""form"": ""10-Q"", ""fp"": ""Q1"", ""fy"": 2024, ""period_duration_class"": ""quarterly"", ""period_duration_days"": 91, ""period_end"": ""2024-03-31"", ""period_start"": ""2024-01-01"", ""source_member"": ""financial_reports/jpm/condensed_consolidated_statement_of_cash_flows.json"", ""source_provenance_hash"": ""ca12ab736a2b772ea7da8832549a7ff9107f97eee50d9875f9c4088507aede34"", ""taxonomy"": ""us-gaap"", ""unit"": ""USD"", ""value"": -43379000000}"
JPM,NetCashProvidedByUsedInFinancingActivities,2024-06-07,604,576,65,0,"[{""accession_number"": ""0000019617-24-000326"", ""filed_date"": ""2024-05-01"", ""filing_period_match_score"": 1, ""form"": ""10-Q"", ""fp"": ""Q1"", ""period_duration_days"": 91, ""period_end"": ""2024-03-31"", ""period_start"": ""2024-01-01""}]",AVAILABLE,latest PIT-safe economic period; filing-period duration preference applied,"{""accession_number"": ""0000019617-24-000326"", ""concept"": ""NetCashProvidedByUsedInFinancingActivities"", ""filed_date"": ""2024-05-01"", ""form"": ""10-Q"", ""fp"": ""Q1"", ""fy"": 2024, ""period_duration_class"": ""quarterly"", ""period_duration_days"": 91, ""period_end"": ""2024-03-31"", ""period_start"": ""2024-01-01"", ""source_member"": ""financial_reports/jpm/condensed_consolidated_statement_of_cash_flows.json"", ""source_provenance_hash"": ""c76f6a506cf265e8d29f579b10fd49cdbbc5964465391b5832262a0bddf0631d"", ""taxonomy"": ""us-gaap"", ""unit"": ""USD"", ""value"": 141168000000}"
AAPL,Assets,2024-06-14,5628,5376,61,0,"[{""accession_number"": ""0000320193-24-000069"", ""filed_date"": ""2024-05-03"", ""filing_period_match_score"": 0, ""form"": ""10-Q"", ""fp"": ""Q2"", ""period_duration_days"": null, ""period_end"": ""2024-03-30"", ""period_start"": """"}]",AVAILABLE,latest PIT-safe economic period; filing-period duration preference applied,"{""accession_number"": ""0000320193-24-000069"", ""concept"": ""Assets"", ""filed_date"": ""2024-05-03"", ""form"": ""10-Q"", ""fp"": ""Q2"", ""fy"": 2024, ""period_duration_class"": ""point_in_time"", ""period_duration_days"": null, ""period_end"": ""2024-03-30"", ""period_start"": """", ""source_member"": ""financial_reports/aapl/condensed_consolidated_balance_sheets.json"", ""source_provenance_hash"": ""cba252b96f0085bd9e2cafde217a9e50e871879768adb0c58ef075d88aae2c69"", ""taxonomy"": ""us-gaap"", ""unit"": ""USD"", ""value"": 337411000000}"
AAPL,Liabilities,2024-06-14,5544,5292,61,0,"[{""accession_number"": ""0000320193-24-000069"", ""filed_date"": ""2024-05-03"", ""filing_period_match_score"": 0, ""form"": ""10-Q"", ""fp"": ""Q2"", ""period_duration_days"": null, ""period_end"": ""2024-03-30"", ""period_start"": """"}]",AVAILABLE,latest PIT-safe economic period; filing-period duration preference applied,"{""accession_number"": ""0000320193-24-000069"", ""concept"": ""Liabilities"", ""filed_date"": ""2024-05-03"", ""form"": ""10-Q"", ""fp"": ""Q2"", ""fy"": 2024, ""period_duration_class"": ""point_in_time"", ""period_duration_days"": null, ""period_end"": ""2024-03-30"", ""period_start"": """", ""source_member"": ""financial_reports/aapl/condensed_consolidated_balance_sheets.json"", ""source_provenance_hash"": ""36b48c3c5ef87f365f656d78017043ec6da3d1fa7faf7076c8c8c14393b53a00"", ""taxonomy"": ""us-gaap"", ""unit"": ""USD"", ""value"": 263217000000}"
AAPL,StockholdersEquity,2024-06-14,9744,9156,63,0,"[{""accession_number"": ""0000320193-24-000069"", ""filed_date"": ""2024-05-03"", ""filing_period_match_score"": 0, ""form"": ""10-Q"", ""fp"": ""Q2"", ""period_duration_days"": null, ""period_end"": ""2024-03-30"", ""period_start"": """"}]",AVAILABLE,latest PIT-safe economic period; filing-period duration preference applied,"{""accession_number"": ""0000320193-24-000069"", ""concept"": ""StockholdersEquity"", ""filed_date"": ""2024-05-03"", ""form"": ""10-Q"", ""fp"": ""Q2"", ""fy"": 2024, ""period_duration_class"": ""point_in_time"", ""period_duration_days"": null, ""period_end"": ""2024-03-30"", ""period_start"": """", ""source_member"": ""financial_reports/aapl/condensed_consolidated_balance_sheets.json"", ""source_provenance_hash"": ""8adf9d7079a89b218208d382a2360dd7d647ee7814c358bbfc78d02dfff531fd"", ""taxonomy"": ""us-gaap"", ""unit"": ""USD"", ""value"": 74194000000}"
AAPL,NetCashProvidedByUsedInOperatingActivities,2024-06-14,5082,4788,58,0,"[{""accession_number"": ""0000320193-24-000069"", ""filed_date"": ""2024-05-03"", ""filing_period_match_score"": 1, ""form"": ""10-Q"", ""fp"": ""Q2"", ""period_duration_days"": 182, ""period_end"": ""2024-03-30"", ""period_start"": ""2023-10-01""}]",AVAILABLE,latest PIT-safe economic period; filing-period duration preference applied,"{""accession_number"": ""0000320193-24-000069"", ""concept"": ""NetCashProvidedByUsedInOperatingActivities"", ""filed_date"": ""2024-05-03"", ""form"": ""10-Q"", ""fp"": ""Q2"", ""fy"": 2024, ""period_duration_class"": ""year_to_date_h1"", ""period_duration_days"": 182, ""period_end"": ""2024-03-30"", ""period_start"": ""2023-10-01"", ""source_member"": ""financial_reports/aapl/condensed_consolidated_statement_of_cash_flows.json"", ""source_provenance_hash"": ""123ff8cb4903973fe21f35d3b3ce990a91ecf0e8f2e33fee3b0e2f2c8cff8301"", ""taxonomy"": ""us-gaap"", ""unit"": ""USD"", ""value"": 62585000000}"
AAPL,NetCashProvidedByUsedInInvestingActivities,2024-06-14,5082,4788,58,0,"[{""accession_number"": ""0000320193-24-000069"", ""filed_date"": ""2024-05-03"", ""filing_period_match_score"": 1, ""form"": ""10-Q"", ""fp"": ""Q2"", ""period_duration_days"": 182, ""period_end"": ""2024-03-30"", ""period_start"": ""2023-10-01""}]",AVAILABLE,latest PIT-safe economic period; filing-period duration preference applied,"{""accession_number"": ""0000320193-24-000069"", ""concept"": ""NetCashProvidedByUsedInInvestingActivities"", ""filed_date"": ""2024-05-03"", ""form"": ""10-Q"", ""fp"": ""Q2"", ""fy"": 2024, ""period_duration_class"": ""year_to_date_h1"", ""period_duration_days"": 182, ""period_end"": ""2024-03-30"", ""period_start"": ""2023-10-01"", ""source_member"": ""financial_reports/aapl/condensed_consolidated_statement_of_cash_flows.json"", ""source_provenance_hash"": ""9bd3cf75524877c2b648657373f595c073df39a17c9df87b5433dc67d27bf327"", ""taxonomy"": ""us-gaap"", ""unit"": ""USD"", ""value"": 1617000000}"
AAPL,NetCashProvidedByUsedInFinancingActivities,2024-06-14,5082,4788,58,0,"[{""accession_number"": ""0000320193-24-000069"", ""filed_date"": ""2024-05-03"", ""filing_period_match_score"": 1, ""form"": ""10-Q"", ""fp"": ""Q2"", ""period_duration_days"": 182, ""period_end"": ""2024-03-30"", ""period_start"": ""2023-10-01""}]",AVAILABLE,latest PIT-safe economic period; filing-period duration preference applied,"{""accession_number"": ""0000320193-24-000069"", ""concept"": ""NetCashProvidedByUsedInFinancingActivities"", ""filed_date"": ""2024-05-03"", ""form"": ""10-Q"", ""fp"": ""Q2"", ""fy"": 2024, ""period_duration_class"": ""year_to_date_h1"", ""period_duration_days"": 182, ""period_end"": ""2024-03-30"", ""period_start"": ""2023-10-01"", ""source_member"": ""financial_reports/aapl/condensed_consolidated_statement_of_cash_flows.json"", ""source_provenance_hash"": ""f933a8c210b6c4944b1e0d64c554c598f729e72a5a33dc7211fc326427ff752a"", ""taxonomy"": ""us-gaap"", ""unit"": ""USD"", ""value"": -61018000000}"
AMZN,Assets,2024-06-14,3536,3354,61,0,"[{""accession_number"": ""0001018724-24-000083"", ""filed_date"": ""2024-05-01"", ""filing_period_match_score"": 0, ""form"": ""10-Q"", ""fp"": ""Q1"", ""period_duration_days"": null, ""period_end"": ""2024-03-31"", ""period_start"": """"}]",AVAILABLE,latest PIT-safe economic period; filing-period duration preference applied,"{""accession_number"": ""0001018724-24-000083"", ""concept"": ""Assets"", ""filed_date"": ""2024-05-01"", ""form"": ""10-Q"", ""fp"": ""Q1"", ""fy"": 2024, ""period_duration_class"": ""point_in_time"", ""period_duration_days"": null, ""period_end"": ""2024-03-31"", ""period_start"": """", ""source_member"": ""financial_reports/amzn/condensed_consolidated_balance_sheets.json"", ""source_provenance_hash"": ""aeb8877dd37a86cab9e9d52e136c7cd34247c2c5ad9165934cdba3fb22501a09"", ""taxonomy"": ""us-gaap"", ""unit"": ""USD"", ""value"": 530969000000}"
AMZN,Liabilities,2024-06-14,0,0,0,0,[],UNAVAILABLE,no PIT-safe fact with period end,
AMZN,StockholdersEquity,2024-06-14,5668,5252,63,0,"[{""accession_number"": ""0001018724-24-000083"", ""filed_date"": ""2024-05-01"", ""filing_period_match_score"": 0, ""form"": ""10-Q"", ""fp"": ""Q1"", ""period_duration_days"": null, ""period_end"": ""2024-03-31"", ""period_start"": """"}]",AVAILABLE,latest PIT-safe economic period; filing-period duration preference applied,"{""accession_number"": ""0001018724-24-000083"", ""concept"": ""StockholdersEquity"", ""filed_date"": ""2024-05-01"", ""form"": ""10-Q"", ""fp"": ""Q1"", ""fy"": 2024, ""period_duration_class"": ""point_in_time"", ""period_duration_days"": null, ""period_end"": ""2024-03-31"", ""period_start"": """", ""source_member"": ""financial_reports/amzn/condensed_consolidated_balance_sheets.json"", ""source_provenance_hash"": ""81fe52fba45367880009bdde192447fa28ce5a851dc57775fcbb041794086c9b"", ""taxonomy"": ""us-gaap"", ""unit"": ""USD"", ""value"": 216661000000}"
AMZN,NetCashProvidedByUsedInOperatingActivities,2024-06-14,7800,7410,145,0,"[{""accession_number"": ""0001018724-24-000083"", ""filed_date"": ""2024-05-01"", ""filing_period_match_score"": 0, ""form"": ""10-Q"", ""fp"": ""Q1"", ""period_duration_days"": 366, ""period_end"": ""2024-03-31"", ""period_start"": ""2023-04-01""}, {""accession_number"": ""0001018724-24-000083"", ""filed_date"": ""2024-05-01"", ""filing_period_match_score"": 1, ""form"": ""10-Q"", ""fp"": ""Q1"", ""period_duration_days"": 91, ""period_end"": ""2024-03-31"", ""period_start"": ""2024-01-01""}]",AVAILABLE,latest PIT-safe economic period; filing-period duration preference applied,"{""accession_number"": ""0001018724-24-000083"", ""concept"": ""NetCashProvidedByUsedInOperatingActivities"", ""filed_date"": ""2024-05-01"", ""form"": ""10-Q"", ""fp"": ""Q1"", ""fy"": 2024, ""period_duration_class"": ""quarterly"", ""period_duration_days"": 91, ""period_end"": ""2024-03-31"", ""period_start"": ""2024-01-01"", ""source_member"": ""financial_reports/amzn/condensed_consolidated_statement_of_cash_flows.json"", ""source_provenance_hash"": ""3731cfee772c0a51185dbf62e77efdb15b7be1eadc8bc4d01202035120dd73b9"", ""taxonomy"": ""us-gaap"", ""unit"": ""USD"", ""value"": 18989000000}"
AMZN,NetCashProvidedByUsedInInvestingActivities,2024-06-14,7800,7410,145,0,"[{""accession_number"": ""0001018724-24-000083"", ""filed_date"": ""2024-05-01"", ""filing_period_match_score"": 0, ""form"": ""10-Q"", ""fp"": ""Q1"", ""period_duration_days"": 366, ""period_end"": ""2024-03-31"", ""period_start"": ""2023-04-01""}, {""accession_number"": ""0001018724-24-000083"", ""filed_date"": ""2024-05-01"", ""filing_period_match_score"": 1, ""form"": ""10-Q"", ""fp"": ""Q1"", ""period_duration_days"": 91, ""period_end"": ""2024-03-31"", ""period_start"": ""2024-01-01""}]",AVAILABLE,latest PIT-safe economic period; filing-period duration preference applied,"{""accession_number"": ""0001018724-24-000083"", ""concept"": ""NetCashProvidedByUsedInInvestingActivities"", ""filed_date"": ""2024-05-01"", ""form"": ""10-Q"", ""fp"": ""Q1"", ""fy"": 2024, ""period_duration_class"": ""quarterly"", ""period_duration_days"": 91, ""period_end"": ""2024-03-31"", ""period_start"": ""2024-01-01"", ""source_member"": ""financial_reports/amzn/condensed_consolidated_statement_of_cash_flows.json"", ""source_provenance_hash"": ""b56cdbd41edf055dffd276bbc8f71875219e58d62d4889d85cbf2bc85641eace"", ""taxonomy"": ""us-gaap"", ""unit"": ""USD"", ""value"": -17862000000}"
AMZN,NetCashProvidedByUsedInFinancingActivities,2024-06-14,7800,7410,145,0,"[{""accession_number"": ""0001018724-24-000083"", ""filed_date"": ""2024-05-01"", ""filing_period_match_score"": 0, ""form"": ""10-Q"", ""fp"": ""Q1"", ""period_duration_days"": 366, ""period_end"": ""2024-03-31"", ""period_start"": ""2023-04-01""}, {""accession_number"": ""0001018724-24-000083"", ""filed_date"": ""2024-05-01"", ""filing_period_match_score"": 1, ""form"": ""10-Q"", ""fp"": ""Q1"", ""period_duration_days"": 91, ""period_end"": ""2024-03-31"", ""period_start"": ""2024-01-01""}]",AVAILABLE,latest PIT-safe economic period; filing-period duration preference applied,"{""accession_number"": ""0001018724-24-000083"", ""concept"": ""NetCashProvidedByUsedInFinancingActivities"", ""filed_date"": ""2024-05-01"", ""form"": ""10-Q"", ""fp"": ""Q1"", ""fy"": 2024, ""period_duration_class"": ""quarterly"", ""period_duration_days"": 91, ""period_end"": ""2024-03-31"", ""period_start"": ""2024-01-01"", ""source_member"": ""financial_reports/amzn/condensed_consolidated_statement_of_cash_flows.json"", ""source_provenance_hash"": ""9bd4280fabe04706001cf28c5d46d8086945a9e0bb792bab834e25b5ce66fc72"", ""taxonomy"": ""us-gaap"", ""unit"": ""USD"", ""value"": -1256000000}"
JPM,Assets,2024-06-14,752,716,61,0,"[{""accession_number"": ""0000019617-24-000326"", ""filed_date"": ""2024-05-01"", ""filing_period_match_score"": 0, ""form"": ""10-Q"", ""fp"": ""Q1"", ""period_duration_days"": null, ""period_end"": ""2024-03-31"", ""period_start"": """"}]",AVAILABLE,latest PIT-safe economic period; filing-period duration preference applied,"{""accession_number"": ""0000019617-24-000326"", ""concept"": ""Assets"", ""filed_date"": ""2024-05-01"", ""form"": ""10-Q"", ""fp"": ""Q1"", ""fy"": 2024, ""period_duration_class"": ""point_in_time"", ""period_duration_days"": null, ""period_end"": ""2024-03-31"", ""period_start"": """", ""source_member"": ""financial_reports/jpm/condensed_consolidated_balance_sheets.json"", ""source_provenance_hash"": ""397b17c10f393c35e70975434c3d27fa74b4f2d668bf94f277c346d4152ce95e"", ""taxonomy"": ""us-gaap"", ""unit"": ""USD"", ""value"": 4090727000000}"
JPM,Liabilities,2024-06-14,540,516,61,0,"[{""accession_number"": ""0000019617-24-000326"", ""filed_date"": ""2024-05-01"", ""filing_period_match_score"": 0, ""form"": ""10-Q"", ""fp"": ""Q1"", ""period_duration_days"": null, ""period_end"": ""2024-03-31"", ""period_start"": """"}]",AVAILABLE,latest PIT-safe economic period; filing-period duration preference applied,"{""accession_number"": ""0000019617-24-000326"", ""concept"": ""Liabilities"", ""filed_date"": ""2024-05-01"", ""form"": ""10-Q"", ""fp"": ""Q1"", ""fy"": 2024, ""period_duration_class"": ""point_in_time"", ""period_duration_days"": null, ""period_end"": ""2024-03-31"", ""period_start"": """", ""source_member"": ""financial_reports/jpm/condensed_consolidated_balance_sheets.json"", ""source_provenance_hash"": ""d73ed3cb27dba0e233b929f59fac1e65fe510292ddb7f62b88e3f86ef4312ad4"", ""taxonomy"": ""us-gaap"", ""unit"": ""USD"", ""value"": 3754090000000}"
JPM,StockholdersEquity,2024-06-14,688,652,62,0,"[{""accession_number"": ""0000019617-24-000326"", ""filed_date"": ""2024-05-01"", ""filing_period_match_score"": 0, ""form"": ""10-Q"", ""fp"": ""Q1"", ""period_duration_days"": null, ""period_end"": ""2024-03-31"", ""period_start"": """"}]",AVAILABLE,latest PIT-safe economic period; filing-period duration preference applied,"{""accession_number"": ""0000019617-24-000326"", ""concept"": ""StockholdersEquity"", ""filed_date"": ""2024-05-01"", ""form"": ""10-Q"", ""fp"": ""Q1"", ""fy"": 2024, ""period_duration_class"": ""point_in_time"", ""period_duration_days"": null, ""period_end"": ""2024-03-31"", ""period_start"": """", ""source_member"": ""financial_reports/jpm/condensed_consolidated_balance_sheets.json"", ""source_provenance_hash"": ""9c80bcc53d7efb6c136d7d04c06d93cc40b539aa3a8593abf712e2def3a8aa3e"", ""taxonomy"": ""us-gaap"", ""unit"": ""USD"", ""value"": 336637000000}"
JPM,NetCashProvidedByUsedInOperatingActivities,2024-06-14,604,576,65,0,"[{""accession_number"": ""0000019617-24-000326"", ""filed_date"": ""2024-05-01"", ""filing_period_match_score"": 1, ""form"": ""10-Q"", ""fp"": ""Q1"", ""period_duration_days"": 91, ""period_end"": ""2024-03-31"", ""period_start"": ""2024-01-01""}]",AVAILABLE,latest PIT-safe economic period; filing-period duration preference applied,"{""accession_number"": ""0000019617-24-000326"", ""concept"": ""NetCashProvidedByUsedInOperatingActivities"", ""filed_date"": ""2024-05-01"", ""form"": ""10-Q"", ""fp"": ""Q1"", ""fy"": 2024, ""period_duration_class"": ""quarterly"", ""period_duration_days"": 91, ""period_end"": ""2024-03-31"", ""period_start"": ""2024-01-01"", ""source_member"": ""financial_reports/jpm/condensed_consolidated_statement_of_cash_flows.json"", ""source_provenance_hash"": ""b9a43fef787f1dd3c86173f23d6a6c9ab1212e5f3e84a7b13b4049c4eb98af1a"", ""taxonomy"": ""us-gaap"", ""unit"": ""USD"", ""value"": -154158000000}"
JPM,NetCashProvidedByUsedInInvestingActivities,2024-06-14,604,576,65,0,"[{""accession_number"": ""0000019617-24-000326"", ""filed_date"": ""2024-05-01"", ""filing_period_match_score"": 1, ""form"": ""10-Q"", ""fp"": ""Q1"", ""period_duration_days"": 91, ""period_end"": ""2024-03-31"", ""period_start"": ""2024-01-01""}]",AVAILABLE,latest PIT-safe economic period; filing-period duration preference applied,"{""accession_number"": ""0000019617-24-000326"", ""concept"": ""NetCashProvidedByUsedInInvestingActivities"", ""filed_date"": ""2024-05-01"", ""form"": ""10-Q"", ""fp"": ""Q1"", ""fy"": 2024, ""period_duration_class"": ""quarterly"", ""period_duration_days"": 91, ""period_end"": ""2024-03-31"", ""period_start"": ""2024-01-01"", ""source_member"": ""financial_reports/jpm/condensed_consolidated_statement_of_cash_flows.json"", ""source_provenance_hash"": ""ca12ab736a2b772ea7da8832549a7ff9107f97eee50d9875f9c4088507aede34"", ""taxonomy"": ""us-gaap"", ""unit"": ""USD"", ""value"": -43379000000}"
JPM,NetCashProvidedByUsedInFinancingActivities,2024-06-14,604,576,65,0,"[{""accession_number"": ""0000019617-24-000326"", ""filed_date"": ""2024-05-01"", ""filing_period_match_score"": 1, ""form"": ""10-Q"", ""fp"": ""Q1"", ""period_duration_days"": 91, ""period_end"": ""2024-03-31"", ""period_start"": ""2024-01-01""}]",AVAILABLE,latest PIT-safe economic period; filing-period duration preference applied,"{""accession_number"": ""0000019617-24-000326"", ""concept"": ""NetCashProvidedByUsedInFinancingActivities"", ""filed_date"": ""2024-05-01"", ""form"": ""10-Q"", ""fp"": ""Q1"", ""fy"": 2024, ""period_duration_class"": ""quarterly"", ""period_duration_days"": 91, ""period_end"": ""2024-03-31"", ""period_start"": ""2024-01-01"", ""source_member"": ""financial_reports/jpm/condensed_consolidated_statement_of_cash_flows.json"", ""source_provenance_hash"": ""c76f6a506cf265e8d29f579b10fd49cdbbc5964465391b5832262a0bddf0631d"", ""taxonomy"": ""us-gaap"", ""unit"": ""USD"", ""value"": 141168000000}"
AAPL,Assets,2024-06-21,5628,5376,61,0,"[{""accession_number"": ""0000320193-24-000069"", ""filed_date"": ""2024-05-03"", ""filing_period_match_score"": 0, ""form"": ""10-Q"", ""fp"": ""Q2"", ""period_duration_days"": null, ""period_end"": ""2024-03-30"", ""period_start"": """"}]",AVAILABLE,latest PIT-safe economic period; filing-period duration preference applied,"{""accession_number"": ""0000320193-24-000069"", ""concept"": ""Assets"", ""filed_date"": ""2024-05-03"", ""form"": ""10-Q"", ""fp"": ""Q2"", ""fy"": 2024, ""period_duration_class"": ""point_in_time"", ""period_duration_days"": null, ""period_end"": ""2024-03-30"", ""period_start"": """", ""source_member"": ""financial_reports/aapl/condensed_consolidated_balance_sheets.json"", ""source_provenance_hash"": ""cba252b96f0085bd9e2cafde217a9e50e871879768adb0c58ef075d88aae2c69"", ""taxonomy"": ""us-gaap"", ""unit"": ""USD"", ""value"": 337411000000}"
AAPL,Liabilities,2024-06-21,5544,5292,61,0,"[{""accession_number"": ""0000320193-24-000069"", ""filed_date"": ""2024-05-03"", ""filing_period_match_score"": 0, ""form"": ""10-Q"", ""fp"": ""Q2"", ""period_duration_days"": null, ""period_end"": ""2024-03-30"", ""period_start"": """"}]",AVAILABLE,latest PIT-safe economic period; filing-period duration preference applied,"{""accession_number"": ""0000320193-24-000069"", ""concept"": ""Liabilities"", ""filed_date"": ""2024-05-03"", ""form"": ""10-Q"", ""fp"": ""Q2"", ""fy"": 2024, ""period_duration_class"": ""point_in_time"", ""period_duration_days"": null, ""period_end"": ""2024-03-30"", ""period_start"": """", ""source_member"": ""financial_reports/aapl/condensed_consolidated_balance_sheets.json"", ""source_provenance_hash"": ""36b48c3c5ef87f365f656d78017043ec6da3d1fa7faf7076c8c8c14393b53a00"", ""taxonomy"": ""us-gaap"", ""unit"": ""USD"", ""value"": 263217000000}"
AAPL,StockholdersEquity,2024-06-21,9744,9156,63,0,"[{""accession_number"": ""0000320193-24-000069"", ""filed_date"": ""2024-05-03"", ""filing_period_match_score"": 0, ""form"": ""10-Q"", ""fp"": ""Q2"", ""period_duration_days"": null, ""period_end"": ""2024-03-30"", ""period_start"": """"}]",AVAILABLE,latest PIT-safe economic period; filing-period duration preference applied,"{""accession_number"": ""0000320193-24-000069"", ""concept"": ""StockholdersEquity"", ""filed_date"": ""2024-05-03"", ""form"": ""10-Q"", ""fp"": ""Q2"", ""fy"": 2024, ""period_duration_class"": ""point_in_time"", ""period_duration_days"": null, ""period_end"": ""2024-03-30"", ""period_start"": """", ""source_member"": ""financial_reports/aapl/condensed_consolidated_balance_sheets.json"", ""source_provenance_hash"": ""8adf9d7079a89b218208d382a2360dd7d647ee7814c358bbfc78d02dfff531fd"", ""taxonomy"": ""us-gaap"", ""unit"": ""USD"", ""value"": 74194000000}"
AAPL,NetCashProvidedByUsedInOperatingActivities,2024-06-21,5082,4788,58,0,"[{""accession_number"": ""0000320193-24-000069"", ""filed_date"": ""2024-05-03"", ""filing_period_match_score"": 1, ""form"": ""10-Q"", ""fp"": ""Q2"", ""period_duration_days"": 182, ""period_end"": ""2024-03-30"", ""period_start"": ""2023-10-01""}]",AVAILABLE,latest PIT-safe economic period; filing-period duration preference applied,"{""accession_number"": ""0000320193-24-000069"", ""concept"": ""NetCashProvidedByUsedInOperatingActivities"", ""filed_date"": ""2024-05-03"", ""form"": ""10-Q"", ""fp"": ""Q2"", ""fy"": 2024, ""period_duration_class"": ""year_to_date_h1"", ""period_duration_days"": 182, ""period_end"": ""2024-03-30"", ""period_start"": ""2023-10-01"", ""source_member"": ""financial_reports/aapl/condensed_consolidated_statement_of_cash_flows.json"", ""source_provenance_hash"": ""123ff8cb4903973fe21f35d3b3ce990a91ecf0e8f2e33fee3b0e2f2c8cff8301"", ""taxonomy"": ""us-gaap"", ""unit"": ""USD"", ""value"": 62585000000}"
AAPL,NetCashProvidedByUsedInInvestingActivities,2024-06-21,5082,4788,58,0,"[{""accession_number"": ""0000320193-24-000069"", ""filed_date"": ""2024-05-03"", ""filing_period_match_score"": 1, ""form"": ""10-Q"", ""fp"": ""Q2"", ""period_duration_days"": 182, ""period_end"": ""2024-03-30"", ""period_start"": ""2023-10-01""}]",AVAILABLE,latest PIT-safe economic period; filing-period duration preference applied,"{""accession_number"": ""0000320193-24-000069"", ""concept"": ""NetCashProvidedByUsedInInvestingActivities"", ""filed_date"": ""2024-05-03"", ""form"": ""10-Q"", ""fp"": ""Q2"", ""fy"": 2024, ""period_duration_class"": ""year_to_date_h1"", ""period_duration_days"": 182, ""period_end"": ""2024-03-30"", ""period_start"": ""2023-10-01"", ""source_member"": ""financial_reports/aapl/condensed_consolidated_statement_of_cash_flows.json"", ""source_provenance_hash"": ""9bd3cf75524877c2b648657373f595c073df39a17c9df87b5433dc67d27bf327"", ""taxonomy"": ""us-gaap"", ""unit"": ""USD"", ""value"": 1617000000}"
AAPL,NetCashProvidedByUsedInFinancingActivities,2024-06-21,5082,4788,58,0,"[{""accession_number"": ""0000320193-24-000069"", ""filed_date"": ""2024-05-03"", ""filing_period_match_score"": 1, ""form"": ""10-Q"", ""fp"": ""Q2"", ""period_duration_days"": 182, ""period_end"": ""2024-03-30"", ""period_start"": ""2023-10-01""}]",AVAILABLE,latest PIT-safe economic period; filing-period duration preference applied,"{""accession_number"": ""0000320193-24-000069"", ""concept"": ""NetCashProvidedByUsedInFinancingActivities"", ""filed_date"": ""2024-05-03"", ""form"": ""10-Q"", ""fp"": ""Q2"", ""fy"": 2024, ""period_duration_class"": ""year_to_date_h1"", ""period_duration_days"": 182, ""period_end"": ""2024-03-30"", ""period_start"": ""2023-10-01"", ""source_member"": ""financial_reports/aapl/condensed_consolidated_statement_of_cash_flows.json"", ""source_provenance_hash"": ""f933a8c210b6c4944b1e0d64c554c598f729e72a5a33dc7211fc326427ff752a"", ""taxonomy"": ""us-gaap"", ""unit"": ""USD"", ""value"": -61018000000}"
AMZN,Assets,2024-06-21,3536,3354,61,0,"[{""accession_number"": ""0001018724-24-000083"", ""filed_date"": ""2024-05-01"", ""filing_period_match_score"": 0, ""form"": ""10-Q"", ""fp"": ""Q1"", ""period_duration_days"": null, ""period_end"": ""2024-03-31"", ""period_start"": """"}]",AVAILABLE,latest PIT-safe economic period; filing-period duration preference applied,"{""accession_number"": ""0001018724-24-000083"", ""concept"": ""Assets"", ""filed_date"": ""2024-05-01"", ""form"": ""10-Q"", ""fp"": ""Q1"", ""fy"": 2024, ""period_duration_class"": ""point_in_time"", ""period_duration_days"": null, ""period_end"": ""2024-03-31"", ""period_start"": """", ""source_member"": ""financial_reports/amzn/condensed_consolidated_balance_sheets.json"", ""source_provenance_hash"": ""aeb8877dd37a86cab9e9d52e136c7cd34247c2c5ad9165934cdba3fb22501a09"", ""taxonomy"": ""us-gaap"", ""unit"": ""USD"", ""value"": 530969000000}"
AMZN,Liabilities,2024-06-21,0,0,0,0,[],UNAVAILABLE,no PIT-safe fact with period end,
AMZN,StockholdersEquity,2024-06-21,5668,5252,63,0,"[{""accession_number"": ""0001018724-24-000083"", ""filed_date"": ""2024-05-01"", ""filing_period_match_score"": 0, ""form"": ""10-Q"", ""fp"": ""Q1"", ""period_duration_days"": null, ""period_end"": ""2024-03-31"", ""period_start"": """"}]",AVAILABLE,latest PIT-safe economic period; filing-period duration preference applied,"{""accession_number"": ""0001018724-24-000083"", ""concept"": ""StockholdersEquity"", ""filed_date"": ""2024-05-01"", ""form"": ""10-Q"", ""fp"": ""Q1"", ""fy"": 2024, ""period_duration_class"": ""point_in_time"", ""period_duration_days"": null, ""period_end"": ""2024-03-31"", ""period_start"": """", ""source_member"": ""financial_reports/amzn/condensed_consolidated_balance_sheets.json"", ""source_provenance_hash"": ""81fe52fba45367880009bdde192447fa28ce5a851dc57775fcbb041794086c9b"", ""taxonomy"": ""us-gaap"", ""unit"": ""USD"", ""value"": 216661000000}"
AMZN,NetCashProvidedByUsedInOperatingActivities,2024-06-21,7800,7410,145,0,"[{""accession_number"": ""0001018724-24-000083"", ""filed_date"": ""2024-05-01"", ""filing_period_match_score"": 0, ""form"": ""10-Q"", ""fp"": ""Q1"", ""period_duration_days"": 366, ""period_end"": ""2024-03-31"", ""period_start"": ""2023-04-01""}, {""accession_number"": ""0001018724-24-000083"", ""filed_date"": ""2024-05-01"", ""filing_period_match_score"": 1, ""form"": ""10-Q"", ""fp"": ""Q1"", ""period_duration_days"": 91, ""period_end"": ""2024-03-31"", ""period_start"": ""2024-01-01""}]",AVAILABLE,latest PIT-safe economic period; filing-period duration preference applied,"{""accession_number"": ""0001018724-24-000083"", ""concept"": ""NetCashProvidedByUsedInOperatingActivities"", ""filed_date"": ""2024-05-01"", ""form"": ""10-Q"", ""fp"": ""Q1"", ""fy"": 2024, ""period_duration_class"": ""quarterly"", ""period_duration_days"": 91, ""period_end"": ""2024-03-31"", ""period_start"": ""2024-01-01"", ""source_member"": ""financial_reports/amzn/condensed_consolidated_statement_of_cash_flows.json"", ""source_provenance_hash"": ""3731cfee772c0a51185dbf62e77efdb15b7be1eadc8bc4d01202035120dd73b9"", ""taxonomy"": ""us-gaap"", ""unit"": ""USD"", ""value"": 18989000000}"
AMZN,NetCashProvidedByUsedInInvestingActivities,2024-06-21,7800,7410,145,0,"[{""accession_number"": ""0001018724-24-000083"", ""filed_date"": ""2024-05-01"", ""filing_period_match_score"": 0, ""form"": ""10-Q"", ""fp"": ""Q1"", ""period_duration_days"": 366, ""period_end"": ""2024-03-31"", ""period_start"": ""2023-04-01""}, {""accession_number"": ""0001018724-24-000083"", ""filed_date"": ""2024-05-01"", ""filing_period_match_score"": 1, ""form"": ""10-Q"", ""fp"": ""Q1"", ""period_duration_days"": 91, ""period_end"": ""2024-03-31"", ""period_start"": ""2024-01-01""}]",AVAILABLE,latest PIT-safe economic period; filing-period duration preference applied,"{""accession_number"": ""0001018724-24-000083"", ""concept"": ""NetCashProvidedByUsedInInvestingActivities"", ""filed_date"": ""2024-05-01"", ""form"": ""10-Q"", ""fp"": ""Q1"", ""fy"": 2024, ""period_duration_class"": ""quarterly"", ""period_duration_days"": 91, ""period_end"": ""2024-03-31"", ""period_start"": ""2024-01-01"", ""source_member"": ""financial_reports/amzn/condensed_consolidated_statement_of_cash_flows.json"", ""source_provenance_hash"": ""b56cdbd41edf055dffd276bbc8f71875219e58d62d4889d85cbf2bc85641eace"", ""taxonomy"": ""us-gaap"", ""unit"": ""USD"", ""value"": -17862000000}"
AMZN,NetCashProvidedByUsedInFinancingActivities,2024-06-21,7800,7410,145,0,"[{""accession_number"": ""0001018724-24-000083"", ""filed_date"": ""2024-05-01"", ""filing_period_match_score"": 0, ""form"": ""10-Q"", ""fp"": ""Q1"", ""period_duration_days"": 366, ""period_end"": ""2024-03-31"", ""period_start"": ""2023-04-01""}, {""accession_number"": ""0001018724-24-000083"", ""filed_date"": ""2024-05-01"", ""filing_period_match_score"": 1, ""form"": ""10-Q"", ""fp"": ""Q1"", ""period_duration_days"": 91, ""period_end"": ""2024-03-31"", ""period_start"": ""2024-01-01""}]",AVAILABLE,latest PIT-safe economic period; filing-period duration preference applied,"{""accession_number"": ""0001018724-24-000083"", ""concept"": ""NetCashProvidedByUsedInFinancingActivities"", ""filed_date"": ""2024-05-01"", ""form"": ""10-Q"", ""fp"": ""Q1"", ""fy"": 2024, ""period_duration_class"": ""quarterly"", ""period_duration_days"": 91, ""period_end"": ""2024-03-31"", ""period_start"": ""2024-01-01"", ""source_member"": ""financial_reports/amzn/condensed_consolidated_statement_of_cash_flows.json"", ""source_provenance_hash"": ""9bd4280fabe04706001cf28c5d46d8086945a9e0bb792bab834e25b5ce66fc72"", ""taxonomy"": ""us-gaap"", ""unit"": ""USD"", ""value"": -1256000000}"
JPM,Assets,2024-06-21,752,716,61,0,"[{""accession_number"": ""0000019617-24-000326"", ""filed_date"": ""2024-05-01"", ""filing_period_match_score"": 0, ""form"": ""10-Q"", ""fp"": ""Q1"", ""period_duration_days"": null, ""period_end"": ""2024-03-31"", ""period_start"": """"}]",AVAILABLE,latest PIT-safe economic period; filing-period duration preference applied,"{""accession_number"": ""0000019617-24-000326"", ""concept"": ""Assets"", ""filed_date"": ""2024-05-01"", ""form"": ""10-Q"", ""fp"": ""Q1"", ""fy"": 2024, ""period_duration_class"": ""point_in_time"", ""period_duration_days"": null, ""period_end"": ""2024-03-31"", ""period_start"": """", ""source_member"": ""financial_reports/jpm/condensed_consolidated_balance_sheets.json"", ""source_provenance_hash"": ""397b17c10f393c35e70975434c3d27fa74b4f2d668bf94f277c346d4152ce95e"", ""taxonomy"": ""us-gaap"", ""unit"": ""USD"", ""value"": 4090727000000}"
JPM,Liabilities,2024-06-21,540,516,61,0,"[{""accession_number"": ""0000019617-24-000326"", ""filed_date"": ""2024-05-01"", ""filing_period_match_score"": 0, ""form"": ""10-Q"", ""fp"": ""Q1"", ""period_duration_days"": null, ""period_end"": ""2024-03-31"", ""period_start"": """"}]",AVAILABLE,latest PIT-safe economic period; filing-period duration preference applied,"{""accession_number"": ""0000019617-24-000326"", ""concept"": ""Liabilities"", ""filed_date"": ""2024-05-01"", ""form"": ""10-Q"", ""fp"": ""Q1"", ""fy"": 2024, ""period_duration_class"": ""point_in_time"", ""period_duration_days"": null, ""period_end"": ""2024-03-31"", ""period_start"": """", ""source_member"": ""financial_reports/jpm/condensed_consolidated_balance_sheets.json"", ""source_provenance_hash"": ""d73ed3cb27dba0e233b929f59fac1e65fe510292ddb7f62b88e3f86ef4312ad4"", ""taxonomy"": ""us-gaap"", ""unit"": ""USD"", ""value"": 3754090000000}"
JPM,StockholdersEquity,2024-06-21,688,652,62,0,"[{""accession_number"": ""0000019617-24-000326"", ""filed_date"": ""2024-05-01"", ""filing_period_match_score"": 0, ""form"": ""10-Q"", ""fp"": ""Q1"", ""period_duration_days"": null, ""period_end"": ""2024-03-31"", ""period_start"": """"}]",AVAILABLE,latest PIT-safe economic period; filing-period duration preference applied,"{""accession_number"": ""0000019617-24-000326"", ""concept"": ""StockholdersEquity"", ""filed_date"": ""2024-05-01"", ""form"": ""10-Q"", ""fp"": ""Q1"", ""fy"": 2024, ""period_duration_class"": ""point_in_time"", ""period_duration_days"": null, ""period_end"": ""2024-03-31"", ""period_start"": """", ""source_member"": ""financial_reports/jpm/condensed_consolidated_balance_sheets.json"", ""source_provenance_hash"": ""9c80bcc53d7efb6c136d7d04c06d93cc40b539aa3a8593abf712e2def3a8aa3e"", ""taxonomy"": ""us-gaap"", ""unit"": ""USD"", ""value"": 336637000000}"
JPM,NetCashProvidedByUsedInOperatingActivities,2024-06-21,604,576,65,0,"[{""accession_number"": ""0000019617-24-000326"", ""filed_date"": ""2024-05-01"", ""filing_period_match_score"": 1, ""form"": ""10-Q"", ""fp"": ""Q1"", ""period_duration_days"": 91, ""period_end"": ""2024-03-31"", ""period_start"": ""2024-01-01""}]",AVAILABLE,latest PIT-safe economic period; filing-period duration preference applied,"{""accession_number"": ""0000019617-24-000326"", ""concept"": ""NetCashProvidedByUsedInOperatingActivities"", ""filed_date"": ""2024-05-01"", ""form"": ""10-Q"", ""fp"": ""Q1"", ""fy"": 2024, ""period_duration_class"": ""quarterly"", ""period_duration_days"": 91, ""period_end"": ""2024-03-31"", ""period_start"": ""2024-01-01"", ""source_member"": ""financial_reports/jpm/condensed_consolidated_statement_of_cash_flows.json"", ""source_provenance_hash"": ""b9a43fef787f1dd3c86173f23d6a6c9ab1212e5f3e84a7b13b4049c4eb98af1a"", ""taxonomy"": ""us-gaap"", ""unit"": ""USD"", ""value"": -154158000000}"
JPM,NetCashProvidedByUsedInInvestingActivities,2024-06-21,604,576,65,0,"[{""accession_number"": ""0000019617-24-000326"", ""filed_date"": ""2024-05-01"", ""filing_period_match_score"": 1, ""form"": ""10-Q"", ""fp"": ""Q1"", ""period_duration_days"": 91, ""period_end"": ""2024-03-31"", ""period_start"": ""2024-01-01""}]",AVAILABLE,latest PIT-safe economic period; filing-period duration preference applied,"{""accession_number"": ""0000019617-24-000326"", ""concept"": ""NetCashProvidedByUsedInInvestingActivities"", ""filed_date"": ""2024-05-01"", ""form"": ""10-Q"", ""fp"": ""Q1"", ""fy"": 2024, ""period_duration_class"": ""quarterly"", ""period_duration_days"": 91, ""period_end"": ""2024-03-31"", ""period_start"": ""2024-01-01"", ""source_member"": ""financial_reports/jpm/condensed_consolidated_statement_of_cash_flows.json"", ""source_provenance_hash"": ""ca12ab736a2b772ea7da8832549a7ff9107f97eee50d9875f9c4088507aede34"", ""taxonomy"": ""us-gaap"", ""unit"": ""USD"", ""value"": -43379000000}"
JPM,NetCashProvidedByUsedInFinancingActivities,2024-06-21,604,576,65,0,"[{""accession_number"": ""0000019617-24-000326"", ""filed_date"": ""2024-05-01"", ""filing_period_match_score"": 1, ""form"": ""10-Q"", ""fp"": ""Q1"", ""period_duration_days"": 91, ""period_end"": ""2024-03-31"", ""period_start"": ""2024-01-01""}]",AVAILABLE,latest PIT-safe economic period; filing-period duration preference applied,"{""accession_number"": ""0000019617-24-000326"", ""concept"": ""NetCashProvidedByUsedInFinancingActivities"", ""filed_date"": ""2024-05-01"", ""form"": ""10-Q"", ""fp"": ""Q1"", ""fy"": 2024, ""period_duration_class"": ""quarterly"", ""period_duration_days"": 91, ""period_end"": ""2024-03-31"", ""period_start"": ""2024-01-01"", ""source_member"": ""financial_reports/jpm/condensed_consolidated_statement_of_cash_flows.json"", ""source_provenance_hash"": ""c76f6a506cf265e8d29f579b10fd49cdbbc5964465391b5832262a0bddf0631d"", ""taxonomy"": ""us-gaap"", ""unit"": ""USD"", ""value"": 141168000000}"
AAPL,Assets,2024-06-28,5628,5376,61,0,"[{""accession_number"": ""0000320193-24-000069"", ""filed_date"": ""2024-05-03"", ""filing_period_match_score"": 0, ""form"": ""10-Q"", ""fp"": ""Q2"", ""period_duration_days"": null, ""period_end"": ""2024-03-30"", ""period_start"": """"}]",AVAILABLE,latest PIT-safe economic period; filing-period duration preference applied,"{""accession_number"": ""0000320193-24-000069"", ""concept"": ""Assets"", ""filed_date"": ""2024-05-03"", ""form"": ""10-Q"", ""fp"": ""Q2"", ""fy"": 2024, ""period_duration_class"": ""point_in_time"", ""period_duration_days"": null, ""period_end"": ""2024-03-30"", ""period_start"": """", ""source_member"": ""financial_reports/aapl/condensed_consolidated_balance_sheets.json"", ""source_provenance_hash"": ""cba252b96f0085bd9e2cafde217a9e50e871879768adb0c58ef075d88aae2c69"", ""taxonomy"": ""us-gaap"", ""unit"": ""USD"", ""value"": 337411000000}"
AAPL,Liabilities,2024-06-28,5544,5292,61,0,"[{""accession_number"": ""0000320193-24-000069"", ""filed_date"": ""2024-05-03"", ""filing_period_match_score"": 0, ""form"": ""10-Q"", ""fp"": ""Q2"", ""period_duration_days"": null, ""period_end"": ""2024-03-30"", ""period_start"": """"}]",AVAILABLE,latest PIT-safe economic period; filing-period duration preference applied,"{""accession_number"": ""0000320193-24-000069"", ""concept"": ""Liabilities"", ""filed_date"": ""2024-05-03"", ""form"": ""10-Q"", ""fp"": ""Q2"", ""fy"": 2024, ""period_duration_class"": ""point_in_time"", ""period_duration_days"": null, ""period_end"": ""2024-03-30"", ""period_start"": """", ""source_member"": ""financial_reports/aapl/condensed_consolidated_balance_sheets.json"", ""source_provenance_hash"": ""36b48c3c5ef87f365f656d78017043ec6da3d1fa7faf7076c8c8c14393b53a00"", ""taxonomy"": ""us-gaap"", ""unit"": ""USD"", ""value"": 263217000000}"
AAPL,StockholdersEquity,2024-06-28,9744,9156,63,0,"[{""accession_number"": ""0000320193-24-000069"", ""filed_date"": ""2024-05-03"", ""filing_period_match_score"": 0, ""form"": ""10-Q"", ""fp"": ""Q2"", ""period_duration_days"": null, ""period_end"": ""2024-03-30"", ""period_start"": """"}]",AVAILABLE,latest PIT-safe economic period; filing-period duration preference applied,"{""accession_number"": ""0000320193-24-000069"", ""concept"": ""StockholdersEquity"", ""filed_date"": ""2024-05-03"", ""form"": ""10-Q"", ""fp"": ""Q2"", ""fy"": 2024, ""period_duration_class"": ""point_in_time"", ""period_duration_days"": null, ""period_end"": ""2024-03-30"", ""period_start"": """", ""source_member"": ""financial_reports/aapl/condensed_consolidated_balance_sheets.json"", ""source_provenance_hash"": ""8adf9d7079a89b218208d382a2360dd7d647ee7814c358bbfc78d02dfff531fd"", ""taxonomy"": ""us-gaap"", ""unit"": ""USD"", ""value"": 74194000000}"
AAPL,NetCashProvidedByUsedInOperatingActivities,2024-06-28,5082,4788,58,0,"[{""accession_number"": ""0000320193-24-000069"", ""filed_date"": ""2024-05-03"", ""filing_period_match_score"": 1, ""form"": ""10-Q"", ""fp"": ""Q2"", ""period_duration_days"": 182, ""period_end"": ""2024-03-30"", ""period_start"": ""2023-10-01""}]",AVAILABLE,latest PIT-safe economic period; filing-period duration preference applied,"{""accession_number"": ""0000320193-24-000069"", ""concept"": ""NetCashProvidedByUsedInOperatingActivities"", ""filed_date"": ""2024-05-03"", ""form"": ""10-Q"", ""fp"": ""Q2"", ""fy"": 2024, ""period_duration_class"": ""year_to_date_h1"", ""period_duration_days"": 182, ""period_end"": ""2024-03-30"", ""period_start"": ""2023-10-01"", ""source_member"": ""financial_reports/aapl/condensed_consolidated_statement_of_cash_flows.json"", ""source_provenance_hash"": ""123ff8cb4903973fe21f35d3b3ce990a91ecf0e8f2e33fee3b0e2f2c8cff8301"", ""taxonomy"": ""us-gaap"", ""unit"": ""USD"", ""value"": 62585000000}"
AAPL,NetCashProvidedByUsedInInvestingActivities,2024-06-28,5082,4788,58,0,"[{""accession_number"": ""0000320193-24-000069"", ""filed_date"": ""2024-05-03"", ""filing_period_match_score"": 1, ""form"": ""10-Q"", ""fp"": ""Q2"", ""period_duration_days"": 182, ""period_end"": ""2024-03-30"", ""period_start"": ""2023-10-01""}]",AVAILABLE,latest PIT-safe economic period; filing-period duration preference applied,"{""accession_number"": ""0000320193-24-000069"", ""concept"": ""NetCashProvidedByUsedInInvestingActivities"", ""filed_date"": ""2024-05-03"", ""form"": ""10-Q"", ""fp"": ""Q2"", ""fy"": 2024, ""period_duration_class"": ""year_to_date_h1"", ""period_duration_days"": 182, ""period_end"": ""2024-03-30"", ""period_start"": ""2023-10-01"", ""source_member"": ""financial_reports/aapl/condensed_consolidated_statement_of_cash_flows.json"", ""source_provenance_hash"": ""9bd3cf75524877c2b648657373f595c073df39a17c9df87b5433dc67d27bf327"", ""taxonomy"": ""us-gaap"", ""unit"": ""USD"", ""value"": 1617000000}"
AAPL,NetCashProvidedByUsedInFinancingActivities,2024-06-28,5082,4788,58,0,"[{""accession_number"": ""0000320193-24-000069"", ""filed_date"": ""2024-05-03"", ""filing_period_match_score"": 1, ""form"": ""10-Q"", ""fp"": ""Q2"", ""period_duration_days"": 182, ""period_end"": ""2024-03-30"", ""period_start"": ""2023-10-01""}]",AVAILABLE,latest PIT-safe economic period; filing-period duration preference applied,"{""accession_number"": ""0000320193-24-000069"", ""concept"": ""NetCashProvidedByUsedInFinancingActivities"", ""filed_date"": ""2024-05-03"", ""form"": ""10-Q"", ""fp"": ""Q2"", ""fy"": 2024, ""period_duration_class"": ""year_to_date_h1"", ""period_duration_days"": 182, ""period_end"": ""2024-03-30"", ""period_start"": ""2023-10-01"", ""source_member"": ""financial_reports/aapl/condensed_consolidated_statement_of_cash_flows.json"", ""source_provenance_hash"": ""f933a8c210b6c4944b1e0d64c554c598f729e72a5a33dc7211fc326427ff752a"", ""taxonomy"": ""us-gaap"", ""unit"": ""USD"", ""value"": -61018000000}"
AMZN,Assets,2024-06-28,3536,3354,61,0,"[{""accession_number"": ""0001018724-24-000083"", ""filed_date"": ""2024-05-01"", ""filing_period_match_score"": 0, ""form"": ""10-Q"", ""fp"": ""Q1"", ""period_duration_days"": null, ""period_end"": ""2024-03-31"", ""period_start"": """"}]",AVAILABLE,latest PIT-safe economic period; filing-period duration preference applied,"{""accession_number"": ""0001018724-24-000083"", ""concept"": ""Assets"", ""filed_date"": ""2024-05-01"", ""form"": ""10-Q"", ""fp"": ""Q1"", ""fy"": 2024, ""period_duration_class"": ""point_in_time"", ""period_duration_days"": null, ""period_end"": ""2024-03-31"", ""period_start"": """", ""source_member"": ""financial_reports/amzn/condensed_consolidated_balance_sheets.json"", ""source_provenance_hash"": ""aeb8877dd37a86cab9e9d52e136c7cd34247c2c5ad9165934cdba3fb22501a09"", ""taxonomy"": ""us-gaap"", ""unit"": ""USD"", ""value"": 530969000000}"
AMZN,Liabilities,2024-06-28,0,0,0,0,[],UNAVAILABLE,no PIT-safe fact with period end,
AMZN,StockholdersEquity,2024-06-28,5668,5252,63,0,"[{""accession_number"": ""0001018724-24-000083"", ""filed_date"": ""2024-05-01"", ""filing_period_match_score"": 0, ""form"": ""10-Q"", ""fp"": ""Q1"", ""period_duration_days"": null, ""period_end"": ""2024-03-31"", ""period_start"": """"}]",AVAILABLE,latest PIT-safe economic period; filing-period duration preference applied,"{""accession_number"": ""0001018724-24-000083"", ""concept"": ""StockholdersEquity"", ""filed_date"": ""2024-05-01"", ""form"": ""10-Q"", ""fp"": ""Q1"", ""fy"": 2024, ""period_duration_class"": ""point_in_time"", ""period_duration_days"": null, ""period_end"": ""2024-03-31"", ""period_start"": """", ""source_member"": ""financial_reports/amzn/condensed_consolidated_balance_sheets.json"", ""source_provenance_hash"": ""81fe52fba45367880009bdde192447fa28ce5a851dc57775fcbb041794086c9b"", ""taxonomy"": ""us-gaap"", ""unit"": ""USD"", ""value"": 216661000000}"
AMZN,NetCashProvidedByUsedInOperatingActivities,2024-06-28,7800,7410,145,0,"[{""accession_number"": ""0001018724-24-000083"", ""filed_date"": ""2024-05-01"", ""filing_period_match_score"": 0, ""form"": ""10-Q"", ""fp"": ""Q1"", ""period_duration_days"": 366, ""period_end"": ""2024-03-31"", ""period_start"": ""2023-04-01""}, {""accession_number"": ""0001018724-24-000083"", ""filed_date"": ""2024-05-01"", ""filing_period_match_score"": 1, ""form"": ""10-Q"", ""fp"": ""Q1"", ""period_duration_days"": 91, ""period_end"": ""2024-03-31"", ""period_start"": ""2024-01-01""}]",AVAILABLE,latest PIT-safe economic period; filing-period duration preference applied,"{""accession_number"": ""0001018724-24-000083"", ""concept"": ""NetCashProvidedByUsedInOperatingActivities"", ""filed_date"": ""2024-05-01"", ""form"": ""10-Q"", ""fp"": ""Q1"", ""fy"": 2024, ""period_duration_class"": ""quarterly"", ""period_duration_days"": 91, ""period_end"": ""2024-03-31"", ""period_start"": ""2024-01-01"", ""source_member"": ""financial_reports/amzn/condensed_consolidated_statement_of_cash_flows.json"", ""source_provenance_hash"": ""3731cfee772c0a51185dbf62e77efdb15b7be1eadc8bc4d01202035120dd73b9"", ""taxonomy"": ""us-gaap"", ""unit"": ""USD"", ""value"": 18989000000}"
AMZN,NetCashProvidedByUsedInInvestingActivities,2024-06-28,7800,7410,145,0,"[{""accession_number"": ""0001018724-24-000083"", ""filed_date"": ""2024-05-01"", ""filing_period_match_score"": 0, ""form"": ""10-Q"", ""fp"": ""Q1"", ""period_duration_days"": 366, ""period_end"": ""2024-03-31"", ""period_start"": ""2023-04-01""}, {""accession_number"": ""0001018724-24-000083"", ""filed_date"": ""2024-05-01"", ""filing_period_match_score"": 1, ""form"": ""10-Q"", ""fp"": ""Q1"", ""period_duration_days"": 91, ""period_end"": ""2024-03-31"", ""period_start"": ""2024-01-01""}]",AVAILABLE,latest PIT-safe economic period; filing-period duration preference applied,"{""accession_number"": ""0001018724-24-000083"", ""concept"": ""NetCashProvidedByUsedInInvestingActivities"", ""filed_date"": ""2024-05-01"", ""form"": ""10-Q"", ""fp"": ""Q1"", ""fy"": 2024, ""period_duration_class"": ""quarterly"", ""period_duration_days"": 91, ""period_end"": ""2024-03-31"", ""period_start"": ""2024-01-01"", ""source_member"": ""financial_reports/amzn/condensed_consolidated_statement_of_cash_flows.json"", ""source_provenance_hash"": ""b56cdbd41edf055dffd276bbc8f71875219e58d62d4889d85cbf2bc85641eace"", ""taxonomy"": ""us-gaap"", ""unit"": ""USD"", ""value"": -17862000000}"
AMZN,NetCashProvidedByUsedInFinancingActivities,2024-06-28,7800,7410,145,0,"[{""accession_number"": ""0001018724-24-000083"", ""filed_date"": ""2024-05-01"", ""filing_period_match_score"": 0, ""form"": ""10-Q"", ""fp"": ""Q1"", ""period_duration_days"": 366, ""period_end"": ""2024-03-31"", ""period_start"": ""2023-04-01""}, {""accession_number"": ""0001018724-24-000083"", ""filed_date"": ""2024-05-01"", ""filing_period_match_score"": 1, ""form"": ""10-Q"", ""fp"": ""Q1"", ""period_duration_days"": 91, ""period_end"": ""2024-03-31"", ""period_start"": ""2024-01-01""}]",AVAILABLE,latest PIT-safe economic period; filing-period duration preference applied,"{""accession_number"": ""0001018724-24-000083"", ""concept"": ""NetCashProvidedByUsedInFinancingActivities"", ""filed_date"": ""2024-05-01"", ""form"": ""10-Q"", ""fp"": ""Q1"", ""fy"": 2024, ""period_duration_class"": ""quarterly"", ""period_duration_days"": 91, ""period_end"": ""2024-03-31"", ""period_start"": ""2024-01-01"", ""source_member"": ""financial_reports/amzn/condensed_consolidated_statement_of_cash_flows.json"", ""source_provenance_hash"": ""9bd4280fabe04706001cf28c5d46d8086945a9e0bb792bab834e25b5ce66fc72"", ""taxonomy"": ""us-gaap"", ""unit"": ""USD"", ""value"": -1256000000}"
JPM,Assets,2024-06-28,752,716,61,0,"[{""accession_number"": ""0000019617-24-000326"", ""filed_date"": ""2024-05-01"", ""filing_period_match_score"": 0, ""form"": ""10-Q"", ""fp"": ""Q1"", ""period_duration_days"": null, ""period_end"": ""2024-03-31"", ""period_start"": """"}]",AVAILABLE,latest PIT-safe economic period; filing-period duration preference applied,"{""accession_number"": ""0000019617-24-000326"", ""concept"": ""Assets"", ""filed_date"": ""2024-05-01"", ""form"": ""10-Q"", ""fp"": ""Q1"", ""fy"": 2024, ""period_duration_class"": ""point_in_time"", ""period_duration_days"": null, ""period_end"": ""2024-03-31"", ""period_start"": """", ""source_member"": ""financial_reports/jpm/condensed_consolidated_balance_sheets.json"", ""source_provenance_hash"": ""397b17c10f393c35e70975434c3d27fa74b4f2d668bf94f277c346d4152ce95e"", ""taxonomy"": ""us-gaap"", ""unit"": ""USD"", ""value"": 4090727000000}"
JPM,Liabilities,2024-06-28,540,516,61,0,"[{""accession_number"": ""0000019617-24-000326"", ""filed_date"": ""2024-05-01"", ""filing_period_match_score"": 0, ""form"": ""10-Q"", ""fp"": ""Q1"", ""period_duration_days"": null, ""period_end"": ""2024-03-31"", ""period_start"": """"}]",AVAILABLE,latest PIT-safe economic period; filing-period duration preference applied,"{""accession_number"": ""0000019617-24-000326"", ""concept"": ""Liabilities"", ""filed_date"": ""2024-05-01"", ""form"": ""10-Q"", ""fp"": ""Q1"", ""fy"": 2024, ""period_duration_class"": ""point_in_time"", ""period_duration_days"": null, ""period_end"": ""2024-03-31"", ""period_start"": """", ""source_member"": ""financial_reports/jpm/condensed_consolidated_balance_sheets.json"", ""source_provenance_hash"": ""d73ed3cb27dba0e233b929f59fac1e65fe510292ddb7f62b88e3f86ef4312ad4"", ""taxonomy"": ""us-gaap"", ""unit"": ""USD"", ""value"": 3754090000000}"
JPM,StockholdersEquity,2024-06-28,688,652,62,0,"[{""accession_number"": ""0000019617-24-000326"", ""filed_date"": ""2024-05-01"", ""filing_period_match_score"": 0, ""form"": ""10-Q"", ""fp"": ""Q1"", ""period_duration_days"": null, ""period_end"": ""2024-03-31"", ""period_start"": """"}]",AVAILABLE,latest PIT-safe economic period; filing-period duration preference applied,"{""accession_number"": ""0000019617-24-000326"", ""concept"": ""StockholdersEquity"", ""filed_date"": ""2024-05-01"", ""form"": ""10-Q"", ""fp"": ""Q1"", ""fy"": 2024, ""period_duration_class"": ""point_in_time"", ""period_duration_days"": null, ""period_end"": ""2024-03-31"", ""period_start"": """", ""source_member"": ""financial_reports/jpm/condensed_consolidated_balance_sheets.json"", ""source_provenance_hash"": ""9c80bcc53d7efb6c136d7d04c06d93cc40b539aa3a8593abf712e2def3a8aa3e"", ""taxonomy"": ""us-gaap"", ""unit"": ""USD"", ""value"": 336637000000}"
JPM,NetCashProvidedByUsedInOperatingActivities,2024-06-28,604,576,65,0,"[{""accession_number"": ""0000019617-24-000326"", ""filed_date"": ""2024-05-01"", ""filing_period_match_score"": 1, ""form"": ""10-Q"", ""fp"": ""Q1"", ""period_duration_days"": 91, ""period_end"": ""2024-03-31"", ""period_start"": ""2024-01-01""}]",AVAILABLE,latest PIT-safe economic period; filing-period duration preference applied,"{""accession_number"": ""0000019617-24-000326"", ""concept"": ""NetCashProvidedByUsedInOperatingActivities"", ""filed_date"": ""2024-05-01"", ""form"": ""10-Q"", ""fp"": ""Q1"", ""fy"": 2024, ""period_duration_class"": ""quarterly"", ""period_duration_days"": 91, ""period_end"": ""2024-03-31"", ""period_start"": ""2024-01-01"", ""source_member"": ""financial_reports/jpm/condensed_consolidated_statement_of_cash_flows.json"", ""source_provenance_hash"": ""b9a43fef787f1dd3c86173f23d6a6c9ab1212e5f3e84a7b13b4049c4eb98af1a"", ""taxonomy"": ""us-gaap"", ""unit"": ""USD"", ""value"": -154158000000}"
JPM,NetCashProvidedByUsedInInvestingActivities,2024-06-28,604,576,65,0,"[{""accession_number"": ""0000019617-24-000326"", ""filed_date"": ""2024-05-01"", ""filing_period_match_score"": 1, ""form"": ""10-Q"", ""fp"": ""Q1"", ""period_duration_days"": 91, ""period_end"": ""2024-03-31"", ""period_start"": ""2024-01-01""}]",AVAILABLE,latest PIT-safe economic period; filing-period duration preference applied,"{""accession_number"": ""0000019617-24-000326"", ""concept"": ""NetCashProvidedByUsedInInvestingActivities"", ""filed_date"": ""2024-05-01"", ""form"": ""10-Q"", ""fp"": ""Q1"", ""fy"": 2024, ""period_duration_class"": ""quarterly"", ""period_duration_days"": 91, ""period_end"": ""2024-03-31"", ""period_start"": ""2024-01-01"", ""source_member"": ""financial_reports/jpm/condensed_consolidated_statement_of_cash_flows.json"", ""source_provenance_hash"": ""ca12ab736a2b772ea7da8832549a7ff9107f97eee50d9875f9c4088507aede34"", ""taxonomy"": ""us-gaap"", ""unit"": ""USD"", ""value"": -43379000000}"
JPM,NetCashProvidedByUsedInFinancingActivities,2024-06-28,604,576,65,0,"[{""accession_number"": ""0000019617-24-000326"", ""filed_date"": ""2024-05-01"", ""filing_period_match_score"": 1, ""form"": ""10-Q"", ""fp"": ""Q1"", ""period_duration_days"": 91, ""period_end"": ""2024-03-31"", ""period_start"": ""2024-01-01""}]",AVAILABLE,latest PIT-safe economic period; filing-period duration preference applied,"{""accession_number"": ""0000019617-24-000326"", ""concept"": ""NetCashProvidedByUsedInFinancingActivities"", ""filed_date"": ""2024-05-01"", ""form"": ""10-Q"", ""fp"": ""Q1"", ""fy"": 2024, ""period_duration_class"": ""quarterly"", ""period_duration_days"": 91, ""period_end"": ""2024-03-31"", ""period_start"": ""2024-01-01"", ""source_member"": ""financial_reports/jpm/condensed_consolidated_statement_of_cash_flows.json"", ""source_provenance_hash"": ""c76f6a506cf265e8d29f579b10fd49cdbbc5964465391b5832262a0bddf0631d"", ""taxonomy"": ""us-gaap"", ""unit"": ""USD"", ""value"": 141168000000}"
