symbol,sector,formal_symbol,text_present,table_present,timeseries_present,image_present,earliest_safe_date,latest_safe_pre2024_decision,eligible_weekly_cases,pre2024_matured_reward_cases,modality_profile,data_integrity_status,structural_invalid_rows,duplicate_session_rows,non_xnys_rows,correctness_eligible,selected_in_any_tier,tie_break_rank,known_source_integrity_limitation,exclusion_reason
A,Healthcare,false,true,false,true,true,2000-03-31,2023-12-15,1240,1238,T1-B0-S1-I1,PASS_REQUIRED_WINDOWS,0,0,0,true,false,1670,TEXT_CONTENT_INTEGRITY_NOT_AUDITED_M2_02;TABLE_MEMBER_MISSING,NOT_SELECTED_BY_DETERMINISTIC_DIVERSITY_TIE_BREAK
AA,Basic Materials,false,true,true,true,true,2000-03-31,2023-12-15,1240,1238,T1-B1-S1-I1,PASS_REQUIRED_WINDOWS,0,0,0,true,false,441,TEXT_CONTENT_INTEGRITY_NOT_AUDITED_M2_02,NOT_SELECTED_BY_DETERMINISTIC_DIVERSITY_TIE_BREAK
AAAU,N/A,false,true,true,true,true,,,0,0,T1-B1-S1-I1,INVALID_HEADER,0,0,0,false,false,,TEXT_CONTENT_INTEGRITY_NOT_AUDITED_M2_02,INCOMPLETE_STRUCTURALLY_VALID_REQUIRED_WINDOWS
AACG,Consumer Defensive,false,true,true,true,true,2008-04-25,2023-12-15,819,817,T1-B1-S1-I1,PASS_REQUIRED_WINDOWS,0,0,0,true,false,1710,TEXT_CONTENT_INTEGRITY_NOT_AUDITED_M2_02,NOT_SELECTED_BY_DETERMINISTIC_DIVERSITY_TIE_BREAK
AADR,N/A,false,true,false,true,true,,,0,0,T1-B0-S1-I1,INVALID_HEADER,0,0,0,false,false,,TEXT_CONTENT_INTEGRITY_NOT_AUDITED_M2_02;TABLE_MEMBER_MISSING,INCOMPLETE_STRUCTURALLY_VALID_REQUIRED_WINDOWS
AAL,Industrials,false,true,true,true,true,2005-12-23,2023-12-15,941,939,T1-B1-S1-I1,PASS_REQUIRED_WINDOWS,0,0,0,true,false,592,TEXT_CONTENT_INTEGRITY_NOT_AUDITED_M2_02,NOT_SELECTED_BY_DETERMINISTIC_DIVERSITY_TIE_BREAK
AAME,Financial Services,false,true,true,true,true,2000-03-31,2023-12-15,1240,1238,T1-B1-S1-I1,PASS_REQUIRED_WINDOWS,0,0,0,true,false,2454,TEXT_CONTENT_INTEGRITY_NOT_AUDITED_M2_02,NOT_SELECTED_BY_DETERMINISTIC_DIVERSITY_TIE_BREAK
AAOI,Technology,false,true,true,true,true,2013-12-20,2023-12-15,524,522,T1-B1-S1-I1,PASS_REQUIRED_WINDOWS,0,0,0,true,false,1649,TEXT_CONTENT_INTEGRITY_NOT_AUDITED_M2_02,NOT_SELECTED_BY_DETERMINISTIC_DIVERSITY_TIE_BREAK
AAON,Industrials,false,true,true,true,true,2000-03-31,2023-12-15,1240,1238,T1-B1-S1-I1,PASS_REQUIRED_WINDOWS,0,0,0,true,false,87,TEXT_CONTENT_INTEGRITY_NOT_AUDITED_M2_02,NOT_SELECTED_BY_DETERMINISTIC_DIVERSITY_TIE_BREAK
AAP,Consumer Cyclical,false,true,true,true,true,2002-03-01,2023-12-15,1140,1138,T1-B1-S1-I1,PASS_REQUIRED_WINDOWS,0,0,0,true,false,2243,TEXT_CONTENT_INTEGRITY_NOT_AUDITED_M2_02,NOT_SELECTED_BY_DETERMINISTIC_DIVERSITY_TIE_BREAK
AAPL,Technology,true,true,true,true,true,2000-03-31,2023-12-15,1240,1238,T1-B1-S1-I1,PASS_REQUIRED_WINDOWS,0,0,0,true,true,,TEXT_FAIL_CLOSED_M1_VERIFIED_SOURCE_CORRUPTION;IMAGE_FROZEN_UNAVAILABLE_BY_M1_CONTRACT,
AAT,Real Estate,false,true,true,true,true,2011-04-15,2023-12-15,664,662,T1-B1-S1-I1,PASS_REQUIRED_WINDOWS,0,0,0,true,false,1604,TEXT_CONTENT_INTEGRITY_NOT_AUDITED_M2_02,NOT_SELECTED_BY_DETERMINISTIC_DIVERSITY_TIE_BREAK
AAXJ,N/A,false,true,false,true,true,,,0,0,T1-B0-S1-I1,INVALID_HEADER,0,0,0,false,false,,TEXT_CONTENT_INTEGRITY_NOT_AUDITED_M2_02;TABLE_MEMBER_MISSING,INCOMPLETE_STRUCTURALLY_VALID_REQUIRED_WINDOWS
AB,Financial Services,false,true,true,true,true,2000-03-31,2023-12-15,1240,1238,T1-B1-S1-I1,PASS_REQUIRED_WINDOWS,0,0,0,true,false,1686,TEXT_CONTENT_INTEGRITY_NOT_AUDITED_M2_02,NOT_SELECTED_BY_DETERMINISTIC_DIVERSITY_TIE_BREAK
ABBV,Healthcare,false,true,true,true,true,2013-04-05,2023-12-15,561,559,T1-B1-S1-I1,PASS_REQUIRED_WINDOWS,0,0,0,true,false,2589,TEXT_CONTENT_INTEGRITY_NOT_AUDITED_M2_02,NOT_SELECTED_BY_DETERMINISTIC_DIVERSITY_TIE_BREAK
ABCB,Financial Services,false,true,true,true,true,2000-03-31,2023-12-15,1240,1238,T1-B1-S1-I1,PASS_REQUIRED_WINDOWS,0,0,0,true,false,1503,TEXT_CONTENT_INTEGRITY_NOT_AUDITED_M2_02,NOT_SELECTED_BY_DETERMINISTIC_DIVERSITY_TIE_BREAK
ABEO,Healthcare,false,true,true,true,true,2000-03-31,2023-12-15,1240,1238,T1-B1-S1-I1,PASS_REQUIRED_WINDOWS,0,0,0,true,false,2636,TEXT_CONTENT_INTEGRITY_NOT_AUDITED_M2_02,NOT_SELECTED_BY_DETERMINISTIC_DIVERSITY_TIE_BREAK
ABEQ,N/A,false,true,false,true,true,,,0,0,T1-B0-S1-I1,INVALID_HEADER,0,0,0,false,false,,TEXT_CONTENT_INTEGRITY_NOT_AUDITED_M2_02;TABLE_MEMBER_MISSING,INCOMPLETE_STRUCTURALLY_VALID_REQUIRED_WINDOWS
ABEV,Consumer Defensive,false,true,true,true,true,2000-03-31,2023-12-15,1240,1238,T1-B1-S1-I1,PASS_REQUIRED_WINDOWS,0,0,0,true,false,2907,TEXT_CONTENT_INTEGRITY_NOT_AUDITED_M2_02,NOT_SELECTED_BY_DETERMINISTIC_DIVERSITY_TIE_BREAK
ABG,Consumer Cyclical,false,true,true,true,true,2002-06-21,2023-12-15,1124,1122,T1-B1-S1-I1,PASS_REQUIRED_WINDOWS,0,0,0,true,false,2862,TEXT_CONTENT_INTEGRITY_NOT_AUDITED_M2_02,NOT_SELECTED_BY_DETERMINISTIC_DIVERSITY_TIE_BREAK
ABM,Industrials,false,true,true,true,true,2000-03-31,2023-12-15,1240,1238,T1-B1-S1-I1,PASS_REQUIRED_WINDOWS,0,0,0,true,false,1627,TEXT_CONTENT_INTEGRITY_NOT_AUDITED_M2_02,NOT_SELECTED_BY_DETERMINISTIC_DIVERSITY_TIE_BREAK
ABR,Real Estate,false,true,true,true,true,2004-07-09,2023-12-15,1017,1015,T1-B1-S1-I1,PASS_REQUIRED_WINDOWS,0,0,0,true,false,2552,TEXT_CONTENT_INTEGRITY_NOT_AUDITED_M2_02,NOT_SELECTED_BY_DETERMINISTIC_DIVERSITY_TIE_BREAK
ABT,Healthcare,false,true,true,true,true,2000-03-31,2023-12-15,1240,1238,T1-B1-S1-I1,PASS_REQUIRED_WINDOWS,0,0,0,true,false,932,TEXT_CONTENT_INTEGRITY_NOT_AUDITED_M2_02,NOT_SELECTED_BY_DETERMINISTIC_DIVERSITY_TIE_BREAK
ABUS,Healthcare,false,true,true,true,true,2007-10-19,2023-12-15,846,844,T1-B1-S1-I1,PASS_REQUIRED_WINDOWS,0,0,0,true,false,1650,TEXT_CONTENT_INTEGRITY_NOT_AUDITED_M2_02,NOT_SELECTED_BY_DETERMINISTIC_DIVERSITY_TIE_BREAK
AC,Financial Services,false,true,true,true,true,2016-02-12,2023-12-15,412,410,T1-B1-S1-I1,PASS_REQUIRED_WINDOWS,0,0,0,true,false,24,TEXT_CONTENT_INTEGRITY_NOT_AUDITED_M2_02,NOT_SELECTED_BY_DETERMINISTIC_DIVERSITY_TIE_BREAK
ACA,Industrials,false,true,true,true,true,2019-02-08,2023-12-15,256,254,T1-B1-S1-I1,PASS_REQUIRED_WINDOWS,0,0,0,true,false,1932,TEXT_CONTENT_INTEGRITY_NOT_AUDITED_M2_02,NOT_SELECTED_BY_DETERMINISTIC_DIVERSITY_TIE_BREAK
ACAD,Healthcare,false,true,true,true,true,2004-08-27,2023-12-15,1010,1008,T1-B1-S1-I1,PASS_REQUIRED_WINDOWS,0,0,0,true,false,252,TEXT_CONTENT_INTEGRITY_NOT_AUDITED_M2_02,NOT_SELECTED_BY_DETERMINISTIC_DIVERSITY_TIE_BREAK
ACB,Healthcare,false,true,true,true,true,2014-10-10,2023-12-15,482,480,T1-B1-S1-I1,PASS_REQUIRED_WINDOWS,0,0,0,true,false,2196,TEXT_CONTENT_INTEGRITY_NOT_AUDITED_M2_02,NOT_SELECTED_BY_DETERMINISTIC_DIVERSITY_TIE_BREAK
ACCO,Industrials,false,true,true,true,true,2005-11-11,2023-12-15,947,945,T1-B1-S1-I1,PASS_REQUIRED_WINDOWS,0,0,0,true,false,1334,TEXT_CONTENT_INTEGRITY_NOT_AUDITED_M2_02,NOT_SELECTED_BY_DETERMINISTIC_DIVERSITY_TIE_BREAK
ACEL,Consumer Cyclical,false,true,true,true,true,2017-11-17,2023-12-15,320,318,T1-B1-S1-I1,PASS_REQUIRED_WINDOWS,0,0,0,true,false,2694,TEXT_CONTENT_INTEGRITY_NOT_AUDITED_M2_02,NOT_SELECTED_BY_DETERMINISTIC_DIVERSITY_TIE_BREAK
ACES,N/A,false,true,false,true,true,,,0,0,T1-B0-S1-I1,INVALID_HEADER,0,0,0,false,false,,TEXT_CONTENT_INTEGRITY_NOT_AUDITED_M2_02;TABLE_MEMBER_MISSING,INCOMPLETE_STRUCTURALLY_VALID_REQUIRED_WINDOWS
ACGL,Financial Services,false,true,true,true,true,2000-03-31,2023-12-15,1240,1238,T1-B1-S1-I1,PASS_REQUIRED_WINDOWS,0,0,0,true,false,1726,TEXT_CONTENT_INTEGRITY_NOT_AUDITED_M2_02,NOT_SELECTED_BY_DETERMINISTIC_DIVERSITY_TIE_BREAK
ACGLO,Financial Services,false,true,true,true,true,2017-11-17,2023-12-15,320,318,T1-B1-S1-I1,PASS_REQUIRED_WINDOWS,0,0,0,true,false,2216,TEXT_CONTENT_INTEGRITY_NOT_AUDITED_M2_02,NOT_SELECTED_BY_DETERMINISTIC_DIVERSITY_TIE_BREAK
ACHC,Healthcare,false,true,true,true,true,2000-03-31,2023-12-15,1240,1238,T1-B1-S1-I1,PASS_REQUIRED_WINDOWS,0,0,0,true,false,2459,TEXT_CONTENT_INTEGRITY_NOT_AUDITED_M2_02,NOT_SELECTED_BY_DETERMINISTIC_DIVERSITY_TIE_BREAK
ACHV,Healthcare,false,true,true,true,true,2000-03-31,2023-12-15,1240,1238,T1-B1-S1-I1,PASS_REQUIRED_WINDOWS,0,0,0,true,false,2051,TEXT_CONTENT_INTEGRITY_NOT_AUDITED_M2_02,NOT_SELECTED_BY_DETERMINISTIC_DIVERSITY_TIE_BREAK
ACI,Consumer Defensive,false,true,true,true,true,2020-09-25,2023-12-15,171,169,T1-B1-S1-I1,PASS_REQUIRED_WINDOWS,0,0,0,true,false,365,TEXT_CONTENT_INTEGRITY_NOT_AUDITED_M2_02,NOT_SELECTED_BY_DETERMINISTIC_DIVERSITY_TIE_BREAK
ACIO,N/A,false,true,false,true,true,,,0,0,T1-B0-S1-I1,INVALID_HEADER,0,0,0,false,false,,TEXT_CONTENT_INTEGRITY_NOT_AUDITED_M2_02;TABLE_MEMBER_MISSING,INCOMPLETE_STRUCTURALLY_VALID_REQUIRED_WINDOWS
ACIU,Healthcare,false,true,true,true,true,2016-12-23,2023-12-15,367,365,T1-B1-S1-I1,PASS_REQUIRED_WINDOWS,0,0,0,true,false,792,TEXT_CONTENT_INTEGRITY_NOT_AUDITED_M2_02,NOT_SELECTED_BY_DETERMINISTIC_DIVERSITY_TIE_BREAK
ACIW,Technology,false,true,true,true,true,2000-03-31,2023-12-15,1240,1238,T1-B1-S1-I1,PASS_REQUIRED_WINDOWS,0,0,0,true,false,360,TEXT_CONTENT_INTEGRITY_NOT_AUDITED_M2_02,NOT_SELECTED_BY_DETERMINISTIC_DIVERSITY_TIE_BREAK
ACLS,Technology,false,true,true,true,true,2000-10-06,2023-12-15,1213,1211,T1-B1-S1-I1,PASS_REQUIRED_WINDOWS,0,0,0,true,false,215,TEXT_CONTENT_INTEGRITY_NOT_AUDITED_M2_02,NOT_SELECTED_BY_DETERMINISTIC_DIVERSITY_TIE_BREAK
ACM,Industrials,false,true,true,true,true,2007-08-10,2023-12-15,856,854,T1-B1-S1-I1,PASS_REQUIRED_WINDOWS,0,0,0,true,false,1831,TEXT_CONTENT_INTEGRITY_NOT_AUDITED_M2_02,NOT_SELECTED_BY_DETERMINISTIC_DIVERSITY_TIE_BREAK
ACMR,Technology,false,true,true,true,true,2018-02-02,2023-12-15,309,307,T1-B1-S1-I1,PASS_REQUIRED_WINDOWS,0,0,0,true,false,93,TEXT_CONTENT_INTEGRITY_NOT_AUDITED_M2_02,NOT_SELECTED_BY_DETERMINISTIC_DIVERSITY_TIE_BREAK
ACN,Technology,false,true,true,true,true,2001-10-19,2023-12-15,1159,1157,T1-B1-S1-I1,PASS_REQUIRED_WINDOWS,0,0,0,true,false,2600,TEXT_CONTENT_INTEGRITY_NOT_AUDITED_M2_02,NOT_SELECTED_BY_DETERMINISTIC_DIVERSITY_TIE_BREAK
ACNB,Financial Services,false,true,true,true,true,2000-03-31,2023-12-15,1240,1238,T1-B1-S1-I1,PASS_REQUIRED_WINDOWS,0,0,0,true,false,280,TEXT_CONTENT_INTEGRITY_NOT_AUDITED_M2_02,NOT_SELECTED_BY_DETERMINISTIC_DIVERSITY_TIE_BREAK
ACP,Financial Services,false,true,false,true,true,2011-04-29,2023-12-15,662,660,T1-B0-S1-I1,PASS_REQUIRED_WINDOWS,0,0,0,true,false,129,TEXT_CONTENT_INTEGRITY_NOT_AUDITED_M2_02;TABLE_MEMBER_MISSING,NOT_SELECTED_BY_DETERMINISTIC_DIVERSITY_TIE_BREAK
ACRE,Real Estate,false,true,true,true,true,2012-07-27,2023-12-15,597,595,T1-B1-S1-I1,PASS_REQUIRED_WINDOWS,0,0,0,true,false,1643,TEXT_CONTENT_INTEGRITY_NOT_AUDITED_M2_02,NOT_SELECTED_BY_DETERMINISTIC_DIVERSITY_TIE_BREAK
ACRS,Healthcare,false,true,true,true,true,2015-12-31,2023-12-15,418,416,T1-B1-S1-I1,PASS_REQUIRED_WINDOWS,0,0,0,true,false,131,TEXT_CONTENT_INTEGRITY_NOT_AUDITED_M2_02,NOT_SELECTED_BY_DETERMINISTIC_DIVERSITY_TIE_BREAK
ACSI,N/A,false,true,false,true,true,,,0,0,T1-B0-S1-I1,INVALID_HEADER,0,0,0,false,false,,TEXT_CONTENT_INTEGRITY_NOT_AUDITED_M2_02;TABLE_MEMBER_MISSING,INCOMPLETE_STRUCTURALLY_VALID_REQUIRED_WINDOWS
ACT,Financial Services,false,true,true,true,true,2021-12-10,2023-12-15,108,106,T1-B1-S1-I1,PASS_REQUIRED_WINDOWS,0,0,0,true,false,2368,TEXT_CONTENT_INTEGRITY_NOT_AUDITED_M2_02,NOT_SELECTED_BY_DETERMINISTIC_DIVERSITY_TIE_BREAK
ACTG,Industrials,false,true,true,true,true,2003-03-14,2023-12-15,1086,1084,T1-B1-S1-I1,PASS_REQUIRED_WINDOWS,0,0,0,true,false,863,TEXT_CONTENT_INTEGRITY_NOT_AUDITED_M2_02,NOT_SELECTED_BY_DETERMINISTIC_DIVERSITY_TIE_BREAK
ACU,Consumer Defensive,false,true,true,true,true,2000-03-31,2023-12-15,1240,1238,T1-B1-S1-I1,PASS_REQUIRED_WINDOWS,0,0,0,true,false,1727,TEXT_CONTENT_INTEGRITY_NOT_AUDITED_M2_02,NOT_SELECTED_BY_DETERMINISTIC_DIVERSITY_TIE_BREAK
ACV,Financial Services,false,true,false,true,true,2015-08-21,2023-12-15,437,435,T1-B0-S1-I1,PASS_REQUIRED_WINDOWS,0,0,0,true,false,2655,TEXT_CONTENT_INTEGRITY_NOT_AUDITED_M2_02;TABLE_MEMBER_MISSING,NOT_SELECTED_BY_DETERMINISTIC_DIVERSITY_TIE_BREAK
ACWI,N/A,false,true,false,true,true,,,0,0,T1-B0-S1-I1,INVALID_HEADER,0,0,0,false,false,,TEXT_CONTENT_INTEGRITY_NOT_AUDITED_M2_02;TABLE_MEMBER_MISSING,INCOMPLETE_STRUCTURALLY_VALID_REQUIRED_WINDOWS
ACWV,N/A,false,true,false,true,true,,,0,0,T1-B0-S1-I1,INVALID_HEADER,0,0,0,false,false,,TEXT_CONTENT_INTEGRITY_NOT_AUDITED_M2_02;TABLE_MEMBER_MISSING,INCOMPLETE_STRUCTURALLY_VALID_REQUIRED_WINDOWS
ACWX,N/A,false,true,false,true,true,,,0,0,T1-B0-S1-I1,INVALID_HEADER,0,0,0,false,false,,TEXT_CONTENT_INTEGRITY_NOT_AUDITED_M2_02;TABLE_MEMBER_MISSING,INCOMPLETE_STRUCTURALLY_VALID_REQUIRED_WINDOWS
ADAP,Healthcare,false,true,true,true,true,2015-07-31,2023-12-15,440,438,T1-B1-S1-I1,PASS_REQUIRED_WINDOWS,0,0,0,true,false,1251,TEXT_CONTENT_INTEGRITY_NOT_AUDITED_M2_02,NOT_SELECTED_BY_DETERMINISTIC_DIVERSITY_TIE_BREAK
ADBE,Technology,false,true,true,true,true,2000-03-31,2023-12-15,1240,1238,T1-B1-S1-I1,PASS_REQUIRED_WINDOWS,0,0,0,true,false,1373,TEXT_CONTENT_INTEGRITY_NOT_AUDITED_M2_02,NOT_SELECTED_BY_DETERMINISTIC_DIVERSITY_TIE_BREAK
ADC,Real Estate,false,true,true,true,true,2000-03-31,2023-12-15,1240,1238,T1-B1-S1-I1,PASS_REQUIRED_WINDOWS,0,0,0,true,false,1538,TEXT_CONTENT_INTEGRITY_NOT_AUDITED_M2_02,NOT_SELECTED_BY_DETERMINISTIC_DIVERSITY_TIE_BREAK
ADCT,Healthcare,false,true,true,true,true,2020-08-14,2023-12-15,177,175,T1-B1-S1-I1,PASS_REQUIRED_WINDOWS,0,0,0,true,false,1096,TEXT_CONTENT_INTEGRITY_NOT_AUDITED_M2_02,NOT_SELECTED_BY_DETERMINISTIC_DIVERSITY_TIE_BREAK
ADI,Technology,false,true,true,true,true,2000-03-31,2023-12-15,1240,1238,T1-B1-S1-I1,PASS_REQUIRED_WINDOWS,0,0,0,true,false,449,TEXT_CONTENT_INTEGRITY_NOT_AUDITED_M2_02,NOT_SELECTED_BY_DETERMINISTIC_DIVERSITY_TIE_BREAK
ADIL,Healthcare,false,true,true,true,true,2018-10-26,2023-12-15,271,269,T1-B1-S1-I1,PASS_REQUIRED_WINDOWS,0,0,0,true,false,1993,TEXT_CONTENT_INTEGRITY_NOT_AUDITED_M2_02,NOT_SELECTED_BY_DETERMINISTIC_DIVERSITY_TIE_BREAK
ADM,Consumer Defensive,false,true,true,true,true,2000-03-31,2023-12-15,1240,1238,T1-B1-S1-I1,PASS_REQUIRED_WINDOWS,0,0,0,true,false,257,TEXT_CONTENT_INTEGRITY_NOT_AUDITED_M2_02,NOT_SELECTED_BY_DETERMINISTIC_DIVERSITY_TIE_BREAK
ADMA,Healthcare,false,true,true,true,true,2014-01-17,2023-12-15,520,518,T1-B1-S1-I1,PASS_REQUIRED_WINDOWS,0,0,0,true,false,2015,TEXT_CONTENT_INTEGRITY_NOT_AUDITED_M2_02,NOT_SELECTED_BY_DETERMINISTIC_DIVERSITY_TIE_BREAK
ADME,N/A,false,true,false,true,true,,,0,0,T1-B0-S1-I1,INVALID_HEADER,0,0,0,false,false,,TEXT_CONTENT_INTEGRITY_NOT_AUDITED_M2_02;TABLE_MEMBER_MISSING,INCOMPLETE_STRUCTURALLY_VALID_REQUIRED_WINDOWS
ADNT,Consumer Cyclical,false,true,true,true,true,2017-01-13,2023-12-15,364,362,T1-B1-S1-I1,PASS_REQUIRED_WINDOWS,0,0,0,true,false,2645,TEXT_CONTENT_INTEGRITY_NOT_AUDITED_M2_02,NOT_SELECTED_BY_DETERMINISTIC_DIVERSITY_TIE_BREAK
ADP,Technology,false,true,true,true,true,2000-03-31,2023-12-15,1240,1238,T1-B1-S1-I1,PASS_REQUIRED_WINDOWS,0,0,0,true,false,995,TEXT_CONTENT_INTEGRITY_NOT_AUDITED_M2_02,NOT_SELECTED_BY_DETERMINISTIC_DIVERSITY_TIE_BREAK
ADPT,Healthcare,false,true,true,true,true,2019-09-27,2023-12-15,223,221,T1-B1-S1-I1,PASS_REQUIRED_WINDOWS,0,0,0,true,false,1283,TEXT_CONTENT_INTEGRITY_NOT_AUDITED_M2_02,NOT_SELECTED_BY_DETERMINISTIC_DIVERSITY_TIE_BREAK
ADSK,Technology,false,true,true,true,true,2000-03-31,2023-12-15,1240,1238,T1-B1-S1-I1,PASS_REQUIRED_WINDOWS,0,0,0,true,false,78,TEXT_CONTENT_INTEGRITY_NOT_AUDITED_M2_02,NOT_SELECTED_BY_DETERMINISTIC_DIVERSITY_TIE_BREAK
ADT,Industrials,false,true,true,true,true,2018-04-20,2023-12-15,298,296,T1-B1-S1-I1,PASS_REQUIRED_WINDOWS,0,0,0,true,false,2893,TEXT_CONTENT_INTEGRITY_NOT_AUDITED_M2_02,NOT_SELECTED_BY_DETERMINISTIC_DIVERSITY_TIE_BREAK
ADTN,Technology,false,true,true,true,true,2000-03-31,2023-12-15,1240,1238,T1-B1-S1-I1,PASS_REQUIRED_WINDOWS,0,0,0,true,false,554,TEXT_CONTENT_INTEGRITY_NOT_AUDITED_M2_02,NOT_SELECTED_BY_DETERMINISTIC_DIVERSITY_TIE_BREAK
ADTX,Healthcare,false,true,true,true,true,2020-09-25,2023-12-15,171,169,T1-B1-S1-I1,PASS_REQUIRED_WINDOWS,0,0,0,true,false,273,TEXT_CONTENT_INTEGRITY_NOT_AUDITED_M2_02,NOT_SELECTED_BY_DETERMINISTIC_DIVERSITY_TIE_BREAK
ADUS,Healthcare,false,true,true,true,true,2010-01-29,2023-12-15,727,725,T1-B1-S1-I1,PASS_REQUIRED_WINDOWS,0,0,0,true,false,463,TEXT_CONTENT_INTEGRITY_NOT_AUDITED_M2_02,NOT_SELECTED_BY_DETERMINISTIC_DIVERSITY_TIE_BREAK
ADVM,Healthcare,false,true,true,true,true,2014-10-24,2023-12-15,480,478,T1-B1-S1-I1,PASS_REQUIRED_WINDOWS,0,0,0,true,false,2719,TEXT_CONTENT_INTEGRITY_NOT_AUDITED_M2_02,NOT_SELECTED_BY_DETERMINISTIC_DIVERSITY_TIE_BREAK
ADX,Financial Services,false,true,false,true,true,2000-03-31,2023-12-15,1240,1238,T1-B0-S1-I1,PASS_REQUIRED_WINDOWS,0,0,0,true,false,2437,TEXT_CONTENT_INTEGRITY_NOT_AUDITED_M2_02;TABLE_MEMBER_MISSING,NOT_SELECTED_BY_DETERMINISTIC_DIVERSITY_TIE_BREAK
ADXN,Healthcare,false,true,true,true,true,2020-05-08,2023-12-15,191,189,T1-B1-S1-I1,PASS_REQUIRED_WINDOWS,0,0,0,true,false,575,TEXT_CONTENT_INTEGRITY_NOT_AUDITED_M2_02,NOT_SELECTED_BY_DETERMINISTIC_DIVERSITY_TIE_BREAK
ADXS,Healthcare,false,true,false,true,true,2020-08-07,2023-12-15,178,176,T1-B0-S1-I1,PASS_REQUIRED_WINDOWS,0,0,0,true,false,250,TEXT_CONTENT_INTEGRITY_NOT_AUDITED_M2_02;TABLE_MEMBER_MISSING,NOT_SELECTED_BY_DETERMINISTIC_DIVERSITY_TIE_BREAK
AEE,Utilities,false,true,true,true,true,2000-03-31,2023-12-15,1240,1238,T1-B1-S1-I1,PASS_REQUIRED_WINDOWS,0,0,0,true,false,914,TEXT_CONTENT_INTEGRITY_NOT_AUDITED_M2_02,NOT_SELECTED_BY_DETERMINISTIC_DIVERSITY_TIE_BREAK
AEF,Financial Services,false,true,false,true,true,2000-03-31,2023-12-15,1240,1238,T1-B0-S1-I1,PASS_REQUIRED_WINDOWS,0,0,0,true,false,2568,TEXT_CONTENT_INTEGRITY_NOT_AUDITED_M2_02;TABLE_MEMBER_MISSING,NOT_SELECTED_BY_DETERMINISTIC_DIVERSITY_TIE_BREAK
AEFC,N/A,false,true,true,true,true,2020-01-24,2023-12-15,206,204,T1-B1-S1-I1,PASS_REQUIRED_WINDOWS,0,0,0,true,false,1502,TEXT_CONTENT_INTEGRITY_NOT_AUDITED_M2_02,NOT_SELECTED_BY_DETERMINISTIC_DIVERSITY_TIE_BREAK
AEG,Financial Services,false,true,true,true,true,2000-03-31,2023-12-15,1240,1238,T1-B1-S1-I1,PASS_REQUIRED_WINDOWS,0,0,0,true,false,85,TEXT_CONTENT_INTEGRITY_NOT_AUDITED_M2_02,NOT_SELECTED_BY_DETERMINISTIC_DIVERSITY_TIE_BREAK
AEHR,Technology,false,true,true,true,true,2000-03-31,2023-12-15,1240,1238,T1-B1-S1-I1,PASS_REQUIRED_WINDOWS,0,0,0,true,false,2951,TEXT_CONTENT_INTEGRITY_NOT_AUDITED_M2_02,NOT_SELECTED_BY_DETERMINISTIC_DIVERSITY_TIE_BREAK
AEIS,Industrials,false,true,true,true,true,2000-03-31,2023-12-15,1240,1238,T1-B1-S1-I1,PASS_REQUIRED_WINDOWS,0,0,0,true,false,1178,TEXT_CONTENT_INTEGRITY_NOT_AUDITED_M2_02,NOT_SELECTED_BY_DETERMINISTIC_DIVERSITY_TIE_BREAK
AEM,Basic Materials,false,true,true,true,true,2000-03-31,2023-12-15,1240,1238,T1-B1-S1-I1,PASS_REQUIRED_WINDOWS,0,0,0,true,false,1778,TEXT_CONTENT_INTEGRITY_NOT_AUDITED_M2_02,NOT_SELECTED_BY_DETERMINISTIC_DIVERSITY_TIE_BREAK
AEMD,Healthcare,false,true,true,true,true,2000-03-31,2023-12-15,1240,1238,T1-B1-S1-I1,PASS_REQUIRED_WINDOWS,0,0,0,true,true,11,TEXT_CONTENT_INTEGRITY_NOT_AUDITED_M2_02,
AEO,Consumer Cyclical,false,true,true,true,true,2000-03-31,2023-12-15,1240,1238,T1-B1-S1-I1,PASS_REQUIRED_WINDOWS,0,0,0,true,false,254,TEXT_CONTENT_INTEGRITY_NOT_AUDITED_M2_02,NOT_SELECTED_BY_DETERMINISTIC_DIVERSITY_TIE_BREAK
AEP,Utilities,false,true,true,true,true,2000-03-31,2023-12-15,1240,1238,T1-B1-S1-I1,PASS_REQUIRED_WINDOWS,0,0,0,true,false,582,TEXT_CONTENT_INTEGRITY_NOT_AUDITED_M2_02,NOT_SELECTED_BY_DETERMINISTIC_DIVERSITY_TIE_BREAK
AER,Industrials,false,true,true,true,true,2007-02-23,2023-12-15,880,878,T1-B1-S1-I1,PASS_REQUIRED_WINDOWS,0,0,0,true,false,204,TEXT_CONTENT_INTEGRITY_NOT_AUDITED_M2_02,NOT_SELECTED_BY_DETERMINISTIC_DIVERSITY_TIE_BREAK
AES,Utilities,false,true,true,true,true,2000-03-31,2023-12-15,1240,1238,T1-B1-S1-I1,PASS_REQUIRED_WINDOWS,0,0,0,true,false,1384,TEXT_CONTENT_INTEGRITY_NOT_AUDITED_M2_02,NOT_SELECTED_BY_DETERMINISTIC_DIVERSITY_TIE_BREAK
AESR,N/A,false,true,false,true,true,,,0,0,T1-B0-S1-I1,INVALID_HEADER,0,0,0,false,false,,TEXT_CONTENT_INTEGRITY_NOT_AUDITED_M2_02;TABLE_MEMBER_MISSING,INCOMPLETE_STRUCTURALLY_VALID_REQUIRED_WINDOWS
AEYE,Technology,false,true,true,true,true,2013-07-26,2023-12-15,545,543,T1-B1-S1-I1,PASS_REQUIRED_WINDOWS,0,0,0,true,false,512,TEXT_CONTENT_INTEGRITY_NOT_AUDITED_M2_02,NOT_SELECTED_BY_DETERMINISTIC_DIVERSITY_TIE_BREAK
AFB,Financial Services,false,true,false,true,true,2002-04-26,2023-12-15,1132,1130,T1-B0-S1-I1,PASS_REQUIRED_WINDOWS,0,0,0,true,false,1141,TEXT_CONTENT_INTEGRITY_NOT_AUDITED_M2_02;TABLE_MEMBER_MISSING,NOT_SELECTED_BY_DETERMINISTIC_DIVERSITY_TIE_BREAK
AFG,Financial Services,false,true,true,true,true,2000-03-31,2023-12-15,1240,1238,T1-B1-S1-I1,PASS_REQUIRED_WINDOWS,0,0,0,true,false,501,TEXT_CONTENT_INTEGRITY_NOT_AUDITED_M2_02,NOT_SELECTED_BY_DETERMINISTIC_DIVERSITY_TIE_BREAK
AFGB,N/A,false,true,true,true,true,2020-06-26,2023-12-15,184,182,T1-B1-S1-I1,PASS_REQUIRED_WINDOWS,0,0,0,true,false,1584,TEXT_CONTENT_INTEGRITY_NOT_AUDITED_M2_02,NOT_SELECTED_BY_DETERMINISTIC_DIVERSITY_TIE_BREAK
AFGC,N/A,false,true,true,true,true,2020-04-17,2023-12-15,194,192,T1-B1-S1-I1,PASS_REQUIRED_WINDOWS,0,0,0,true,false,487,TEXT_CONTENT_INTEGRITY_NOT_AUDITED_M2_02,NOT_SELECTED_BY_DETERMINISTIC_DIVERSITY_TIE_BREAK
AFGD,N/A,false,true,true,true,true,2020-08-28,2023-12-15,175,173,T1-B1-S1-I1,PASS_REQUIRED_WINDOWS,0,0,0,true,false,720,TEXT_CONTENT_INTEGRITY_NOT_AUDITED_M2_02,NOT_SELECTED_BY_DETERMINISTIC_DIVERSITY_TIE_BREAK
AFIF,N/A,false,true,false,true,true,,,0,0,T1-B0-S1-I1,INVALID_HEADER,0,0,0,false,false,,TEXT_CONTENT_INTEGRITY_NOT_AUDITED_M2_02;TABLE_MEMBER_MISSING,INCOMPLETE_STRUCTURALLY_VALID_REQUIRED_WINDOWS
AFK,N/A,false,true,false,true,true,,,0,0,T1-B0-S1-I1,INVALID_HEADER,0,0,0,false,false,,TEXT_CONTENT_INTEGRITY_NOT_AUDITED_M2_02;TABLE_MEMBER_MISSING,INCOMPLETE_STRUCTURALLY_VALID_REQUIRED_WINDOWS
AFL,Financial Services,false,true,true,true,true,2000-03-31,2023-12-15,1240,1238,T1-B1-S1-I1,PASS_REQUIRED_WINDOWS,0,0,0,true,false,113,TEXT_CONTENT_INTEGRITY_NOT_AUDITED_M2_02,NOT_SELECTED_BY_DETERMINISTIC_DIVERSITY_TIE_BREAK
AFLG,N/A,false,true,false,true,true,,,0,0,T1-B0-S1-I1,INVALID_HEADER,0,0,0,false,false,,TEXT_CONTENT_INTEGRITY_NOT_AUDITED_M2_02;TABLE_MEMBER_MISSING,INCOMPLETE_STRUCTURALLY_VALID_REQUIRED_WINDOWS
AFMC,N/A,false,true,false,true,true,,,0,0,T1-B0-S1-I1,INVALID_HEADER,0,0,0,false,false,,TEXT_CONTENT_INTEGRITY_NOT_AUDITED_M2_02;TABLE_MEMBER_MISSING,INCOMPLETE_STRUCTURALLY_VALID_REQUIRED_WINDOWS
AFMD,Healthcare,false,true,true,true,true,2014-12-12,2023-12-15,473,471,T1-B1-S1-I1,PASS_REQUIRED_WINDOWS,0,0,0,true,false,1591,TEXT_CONTENT_INTEGRITY_NOT_AUDITED_M2_02,NOT_SELECTED_BY_DETERMINISTIC_DIVERSITY_TIE_BREAK
AFSM,N/A,false,true,false,true,true,,,0,0,T1-B0-S1-I1,INVALID_HEADER,0,0,0,false,false,,TEXT_CONTENT_INTEGRITY_NOT_AUDITED_M2_02;TABLE_MEMBER_MISSING,INCOMPLETE_STRUCTURALLY_VALID_REQUIRED_WINDOWS
AFTY,N/A,false,true,false,true,true,,,0,0,T1-B0-S1-I1,INVALID_HEADER,0,0,0,false,false,,TEXT_CONTENT_INTEGRITY_NOT_AUDITED_M2_02;TABLE_MEMBER_MISSING,INCOMPLETE_STRUCTURALLY_VALID_REQUIRED_WINDOWS
AFYA,Consumer Defensive,false,true,true,true,true,2019-10-18,2023-12-15,220,218,T1-B1-S1-I1,PASS_REQUIRED_WINDOWS,0,0,0,true,false,989,TEXT_CONTENT_INTEGRITY_NOT_AUDITED_M2_02,NOT_SELECTED_BY_DETERMINISTIC_DIVERSITY_TIE_BREAK
AG,Basic Materials,false,true,true,true,true,2007-03-02,2023-12-15,879,877,T1-B1-S1-I1,PASS_REQUIRED_WINDOWS,0,0,0,true,false,931,TEXT_CONTENT_INTEGRITY_NOT_AUDITED_M2_02,NOT_SELECTED_BY_DETERMINISTIC_DIVERSITY_TIE_BREAK
AGCO,Industrials,false,true,true,true,true,2000-03-31,2023-12-15,1240,1238,T1-B1-S1-I1,PASS_REQUIRED_WINDOWS,0,0,0,true,false,2223,TEXT_CONTENT_INTEGRITY_NOT_AUDITED_M2_02,NOT_SELECTED_BY_DETERMINISTIC_DIVERSITY_TIE_BREAK
AGD,N/A,false,true,false,true,true,2006-10-20,2023-12-15,898,896,T1-B0-S1-I1,PASS_REQUIRED_WINDOWS,0,0,0,true,false,1081,TEXT_CONTENT_INTEGRITY_NOT_AUDITED_M2_02;TABLE_MEMBER_MISSING,NOT_SELECTED_BY_DETERMINISTIC_DIVERSITY_TIE_BREAK
AGEN,Healthcare,false,true,true,true,true,2000-05-05,2023-12-15,1235,1233,T1-B1-S1-I1,PASS_REQUIRED_WINDOWS,0,0,0,true,false,498,TEXT_CONTENT_INTEGRITY_NOT_AUDITED_M2_02,NOT_SELECTED_BY_DETERMINISTIC_DIVERSITY_TIE_BREAK
AGG,N/A,false,true,false,true,true,,,0,0,T1-B0-S1-I1,INVALID_HEADER,0,0,0,false,false,,TEXT_CONTENT_INTEGRITY_NOT_AUDITED_M2_02;TABLE_MEMBER_MISSING,INCOMPLETE_STRUCTURALLY_VALID_REQUIRED_WINDOWS
AGGY,N/A,false,true,false,true,true,,,0,0,T1-B0-S1-I1,INVALID_HEADER,0,0,0,false,false,,TEXT_CONTENT_INTEGRITY_NOT_AUDITED_M2_02;TABLE_MEMBER_MISSING,INCOMPLETE_STRUCTURALLY_VALID_REQUIRED_WINDOWS
AGI,Basic Materials,false,true,true,true,true,2003-08-01,2023-12-15,791,789,T1-B1-S1-I1,PASS_REQUIRED_WINDOWS,565,0,0,true,true,5,TEXT_CONTENT_INTEGRITY_NOT_AUDITED_M2_02,
AGIO,Healthcare,false,true,true,true,true,2013-10-18,2023-12-15,533,531,T1-B1-S1-I1,PASS_REQUIRED_WINDOWS,0,0,0,true,false,761,TEXT_CONTENT_INTEGRITY_NOT_AUDITED_M2_02,NOT_SELECTED_BY_DETERMINISTIC_DIVERSITY_TIE_BREAK
AGM,Financial Services,false,true,true,true,true,2000-03-31,2023-12-15,1240,1238,T1-B1-S1-I1,PASS_REQUIRED_WINDOWS,0,0,0,true,false,1338,TEXT_CONTENT_INTEGRITY_NOT_AUDITED_M2_02,NOT_SELECTED_BY_DETERMINISTIC_DIVERSITY_TIE_BREAK
AGM-A,Financial Services,false,true,true,true,true,2000-03-31,2023-12-15,1240,1238,T1-B1-S1-I1,PASS_REQUIRED_WINDOWS,0,0,0,true,false,884,TEXT_CONTENT_INTEGRITY_NOT_AUDITED_M2_02,NOT_SELECTED_BY_DETERMINISTIC_DIVERSITY_TIE_BREAK
AGMH,Technology,false,true,true,true,true,2018-07-13,2023-12-15,286,284,T1-B1-S1-I1,PASS_REQUIRED_WINDOWS,0,0,0,true,false,2217,TEXT_CONTENT_INTEGRITY_NOT_AUDITED_M2_02,NOT_SELECTED_BY_DETERMINISTIC_DIVERSITY_TIE_BREAK
AGNC,Real Estate,false,true,true,true,true,2008-08-15,2023-12-15,803,801,T1-B1-S1-I1,PASS_REQUIRED_WINDOWS,0,0,0,true,false,1155,TEXT_CONTENT_INTEGRITY_NOT_AUDITED_M2_02,NOT_SELECTED_BY_DETERMINISTIC_DIVERSITY_TIE_BREAK
AGNCM,Real Estate,false,true,true,true,true,2019-05-31,2023-12-15,240,238,T1-B1-S1-I1,PASS_REQUIRED_WINDOWS,0,0,0,true,false,847,TEXT_CONTENT_INTEGRITY_NOT_AUDITED_M2_02,NOT_SELECTED_BY_DETERMINISTIC_DIVERSITY_TIE_BREAK
AGNCN,Real Estate,false,true,true,true,true,2017-11-10,2023-12-15,321,319,T1-B1-S1-I1,PASS_REQUIRED_WINDOWS,0,0,0,true,false,2371,TEXT_CONTENT_INTEGRITY_NOT_AUDITED_M2_02,NOT_SELECTED_BY_DETERMINISTIC_DIVERSITY_TIE_BREAK
AGNCO,Real Estate,false,true,true,true,true,2019-12-27,2023-12-15,210,208,T1-B1-S1-I1,PASS_REQUIRED_WINDOWS,0,0,0,true,false,472,TEXT_CONTENT_INTEGRITY_NOT_AUDITED_M2_02,NOT_SELECTED_BY_DETERMINISTIC_DIVERSITY_TIE_BREAK
AGNCP,Real Estate,false,true,true,true,true,2020-05-01,2023-12-15,192,190,T1-B1-S1-I1,PASS_REQUIRED_WINDOWS,0,0,0,true,false,1947,TEXT_CONTENT_INTEGRITY_NOT_AUDITED_M2_02,NOT_SELECTED_BY_DETERMINISTIC_DIVERSITY_TIE_BREAK
AGO,Financial Services,false,true,true,true,true,2004-07-23,2023-12-15,1015,1013,T1-B1-S1-I1,PASS_REQUIRED_WINDOWS,0,0,0,true,false,1672,TEXT_CONTENT_INTEGRITY_NOT_AUDITED_M2_02,NOT_SELECTED_BY_DETERMINISTIC_DIVERSITY_TIE_BREAK
AGQ,N/A,false,true,true,true,true,,,0,0,T1-B1-S1-I1,INVALID_HEADER,0,0,0,false,false,,TEXT_CONTENT_INTEGRITY_NOT_AUDITED_M2_02,INCOMPLETE_STRUCTURALLY_VALID_REQUIRED_WINDOWS
AGRO,Consumer Defensive,false,true,true,true,true,2011-04-29,2023-12-15,662,660,T1-B1-S1-I1,PASS_REQUIRED_WINDOWS,0,0,0,true,false,8,TEXT_CONTENT_INTEGRITY_NOT_AUDITED_M2_02,NOT_SELECTED_BY_DETERMINISTIC_DIVERSITY_TIE_BREAK
AGS,Consumer Cyclical,false,true,true,true,true,2018-04-27,2023-12-15,297,295,T1-B1-S1-I1,PASS_REQUIRED_WINDOWS,0,0,0,true,false,2127,TEXT_CONTENT_INTEGRITY_NOT_AUDITED_M2_02,NOT_SELECTED_BY_DETERMINISTIC_DIVERSITY_TIE_BREAK
AGX,Industrials,false,true,true,true,true,2000-03-31,2023-12-15,1240,1238,T1-B1-S1-I1,PASS_REQUIRED_WINDOWS,0,0,0,true,false,2415,TEXT_CONTENT_INTEGRITY_NOT_AUDITED_M2_02,NOT_SELECTED_BY_DETERMINISTIC_DIVERSITY_TIE_BREAK
AGYS,Technology,false,true,true,true,true,2000-03-31,2023-12-15,1240,1238,T1-B1-S1-I1,PASS_REQUIRED_WINDOWS,0,0,0,true,false,1256,TEXT_CONTENT_INTEGRITY_NOT_AUDITED_M2_02,NOT_SELECTED_BY_DETERMINISTIC_DIVERSITY_TIE_BREAK
AGZ,N/A,false,true,false,true,true,,,0,0,T1-B0-S1-I1,INVALID_HEADER,0,0,0,false,false,,TEXT_CONTENT_INTEGRITY_NOT_AUDITED_M2_02;TABLE_MEMBER_MISSING,INCOMPLETE_STRUCTURALLY_VALID_REQUIRED_WINDOWS
AGZD,N/A,false,true,false,true,true,,,0,0,T1-B0-S1-I1,INVALID_HEADER,0,0,0,false,false,,TEXT_CONTENT_INTEGRITY_NOT_AUDITED_M2_02;TABLE_MEMBER_MISSING,INCOMPLETE_STRUCTURALLY_VALID_REQUIRED_WINDOWS
AHCO,Healthcare,false,true,true,true,true,2018-08-24,2023-12-15,280,278,T1-B1-S1-I1,PASS_REQUIRED_WINDOWS,0,0,0,true,false,1593,TEXT_CONTENT_INTEGRITY_NOT_AUDITED_M2_02,NOT_SELECTED_BY_DETERMINISTIC_DIVERSITY_TIE_BREAK
AHH,Real Estate,false,true,true,true,true,2013-08-02,2023-12-15,544,542,T1-B1-S1-I1,PASS_REQUIRED_WINDOWS,0,0,0,true,false,345,TEXT_CONTENT_INTEGRITY_NOT_AUDITED_M2_02,NOT_SELECTED_BY_DETERMINISTIC_DIVERSITY_TIE_BREAK
AHT,Real Estate,false,true,true,true,true,2003-11-21,2023-12-15,1050,1048,T1-B1-S1-I1,PASS_REQUIRED_WINDOWS,0,0,0,true,false,635,TEXT_CONTENT_INTEGRITY_NOT_AUDITED_M2_02,NOT_SELECTED_BY_DETERMINISTIC_DIVERSITY_TIE_BREAK
AI,Technology,false,true,true,true,true,2021-03-12,2023-12-15,147,145,T1-B1-S1-I1,PASS_REQUIRED_WINDOWS,0,0,0,true,false,300,TEXT_CONTENT_INTEGRITY_NOT_AUDITED_M2_02,NOT_SELECTED_BY_DETERMINISTIC_DIVERSITY_TIE_BREAK
AIA,N/A,false,true,false,true,true,,,0,0,T1-B0-S1-I1,INVALID_HEADER,0,0,0,false,false,,TEXT_CONTENT_INTEGRITY_NOT_AUDITED_M2_02;TABLE_MEMBER_MISSING,INCOMPLETE_STRUCTURALLY_VALID_REQUIRED_WINDOWS
AIEQ,N/A,false,true,false,true,true,,,0,0,T1-B0-S1-I1,INVALID_HEADER,0,0,0,false,false,,TEXT_CONTENT_INTEGRITY_NOT_AUDITED_M2_02;TABLE_MEMBER_MISSING,INCOMPLETE_STRUCTURALLY_VALID_REQUIRED_WINDOWS
AIG,Financial Services,false,true,true,true,true,2000-03-31,2023-12-15,1240,1238,T1-B1-S1-I1,PASS_REQUIRED_WINDOWS,0,0,0,true,false,2505,TEXT_CONTENT_INTEGRITY_NOT_AUDITED_M2_02,NOT_SELECTED_BY_DETERMINISTIC_DIVERSITY_TIE_BREAK
AIHS,Financial Services,false,true,true,true,true,2018-06-15,2023-12-15,290,288,T1-B1-S1-I1,PASS_REQUIRED_WINDOWS,0,0,0,true,false,1002,TEXT_CONTENT_INTEGRITY_NOT_AUDITED_M2_02,NOT_SELECTED_BY_DETERMINISTIC_DIVERSITY_TIE_BREAK
AIM,Healthcare,false,true,false,true,true,2000-03-31,2023-12-15,1212,1210,T1-B0-S1-I1,INCOMPLETE_REQUIRED_WINDOWS,2,0,0,false,false,,TEXT_CONTENT_INTEGRITY_NOT_AUDITED_M2_02;TABLE_MEMBER_MISSING,INCOMPLETE_STRUCTURALLY_VALID_REQUIRED_WINDOWS
AIN,Consumer Cyclical,false,true,true,true,true,2000-03-31,2023-12-15,1240,1238,T1-B1-S1-I1,PASS_REQUIRED_WINDOWS,0,0,0,true,false,121,TEXT_CONTENT_INTEGRITY_NOT_AUDITED_M2_02,NOT_SELECTED_BY_DETERMINISTIC_DIVERSITY_TIE_BREAK
AIO,N/A,false,true,false,true,true,2020-01-31,2023-12-15,205,203,T1-B0-S1-I1,PASS_REQUIRED_WINDOWS,0,0,0,true,false,926,TEXT_CONTENT_INTEGRITY_NOT_AUDITED_M2_02;TABLE_MEMBER_MISSING,NOT_SELECTED_BY_DETERMINISTIC_DIVERSITY_TIE_BREAK
AIQ,N/A,false,true,false,true,true,,,0,0,T1-B0-S1-I1,INVALID_HEADER,0,0,0,false,false,,TEXT_CONTENT_INTEGRITY_NOT_AUDITED_M2_02;TABLE_MEMBER_MISSING,INCOMPLETE_STRUCTURALLY_VALID_REQUIRED_WINDOWS
AIR,Industrials,false,true,true,true,true,2000-03-31,2023-12-15,1240,1238,T1-B1-S1-I1,PASS_REQUIRED_WINDOWS,0,0,0,true,false,2315,TEXT_CONTENT_INTEGRITY_NOT_AUDITED_M2_02,NOT_SELECTED_BY_DETERMINISTIC_DIVERSITY_TIE_BREAK
AIRG,Technology,false,true,true,true,true,2016-11-11,2023-12-15,373,371,T1-B1-S1-I1,PASS_REQUIRED_WINDOWS,0,0,0,true,false,2496,TEXT_CONTENT_INTEGRITY_NOT_AUDITED_M2_02,NOT_SELECTED_BY_DETERMINISTIC_DIVERSITY_TIE_BREAK
AIRR,N/A,false,true,false,true,true,,,0,0,T1-B0-S1-I1,INVALID_HEADER,0,0,0,false,false,,TEXT_CONTENT_INTEGRITY_NOT_AUDITED_M2_02;TABLE_MEMBER_MISSING,INCOMPLETE_STRUCTURALLY_VALID_REQUIRED_WINDOWS
AIRT,Industrials,false,true,true,true,true,2000-03-31,2023-12-15,1240,1238,T1-B1-S1-I1,PASS_REQUIRED_WINDOWS,0,0,0,true,false,1607,TEXT_CONTENT_INTEGRITY_NOT_AUDITED_M2_02,NOT_SELECTED_BY_DETERMINISTIC_DIVERSITY_TIE_BREAK
AIT,Industrials,false,true,true,true,true,2000-03-31,2023-12-15,1240,1238,T1-B1-S1-I1,PASS_REQUIRED_WINDOWS,0,0,0,true,false,1899,TEXT_CONTENT_INTEGRITY_NOT_AUDITED_M2_02,NOT_SELECTED_BY_DETERMINISTIC_DIVERSITY_TIE_BREAK
AIV,Real Estate,false,true,true,true,true,2000-03-31,2023-12-15,1240,1238,T1-B1-S1-I1,PASS_REQUIRED_WINDOWS,0,0,0,true,false,17,TEXT_CONTENT_INTEGRITY_NOT_AUDITED_M2_02,NOT_SELECTED_BY_DETERMINISTIC_DIVERSITY_TIE_BREAK
AIZ,Financial Services,false,true,true,true,true,2004-05-07,2023-12-15,1026,1024,T1-B1-S1-I1,PASS_REQUIRED_WINDOWS,0,0,0,true,false,1053,TEXT_CONTENT_INTEGRITY_NOT_AUDITED_M2_02,NOT_SELECTED_BY_DETERMINISTIC_DIVERSITY_TIE_BREAK
AJG,Financial Services,false,true,true,true,true,2000-03-31,2023-12-15,1240,1238,T1-B1-S1-I1,PASS_REQUIRED_WINDOWS,0,0,0,true,false,1103,TEXT_CONTENT_INTEGRITY_NOT_AUDITED_M2_02,NOT_SELECTED_BY_DETERMINISTIC_DIVERSITY_TIE_BREAK
AJXA,N/A,false,true,false,true,true,2017-07-28,2023-12-15,336,334,T1-B0-S1-I1,PASS_REQUIRED_WINDOWS,0,0,0,true,false,1108,TEXT_CONTENT_INTEGRITY_NOT_AUDITED_M2_02;TABLE_MEMBER_MISSING,NOT_SELECTED_BY_DETERMINISTIC_DIVERSITY_TIE_BREAK
AKAM,Technology,false,true,true,true,true,2000-03-31,2023-12-15,1240,1238,T1-B1-S1-I1,PASS_REQUIRED_WINDOWS,0,0,0,true,false,1299,TEXT_CONTENT_INTEGRITY_NOT_AUDITED_M2_02,NOT_SELECTED_BY_DETERMINISTIC_DIVERSITY_TIE_BREAK
AKBA,Healthcare,false,true,true,true,true,2014-06-20,2023-12-15,498,496,T1-B1-S1-I1,PASS_REQUIRED_WINDOWS,0,0,0,true,false,716,TEXT_CONTENT_INTEGRITY_NOT_AUDITED_M2_02,NOT_SELECTED_BY_DETERMINISTIC_DIVERSITY_TIE_BREAK
AKO-A,Consumer Defensive,false,true,true,true,true,2000-03-31,2023-12-15,1240,1238,T1-B1-S1-I1,PASS_REQUIRED_WINDOWS,0,0,0,true,false,2724,TEXT_CONTENT_INTEGRITY_NOT_AUDITED_M2_02,NOT_SELECTED_BY_DETERMINISTIC_DIVERSITY_TIE_BREAK
AKO-B,Consumer Defensive,false,true,true,true,true,2000-03-31,2023-12-15,1240,1238,T1-B1-S1-I1,PASS_REQUIRED_WINDOWS,0,0,0,true,false,1263,TEXT_CONTENT_INTEGRITY_NOT_AUDITED_M2_02,NOT_SELECTED_BY_DETERMINISTIC_DIVERSITY_TIE_BREAK
AKR,Real Estate,false,true,true,true,true,2000-03-31,2023-12-15,1240,1238,T1-B1-S1-I1,PASS_REQUIRED_WINDOWS,0,0,0,true,false,49,TEXT_CONTENT_INTEGRITY_NOT_AUDITED_M2_02,NOT_SELECTED_BY_DETERMINISTIC_DIVERSITY_TIE_BREAK
AKRO,Healthcare,false,true,true,true,true,2019-09-20,2023-12-15,224,222,T1-B1-S1-I1,PASS_REQUIRED_WINDOWS,0,0,0,true,false,1978,TEXT_CONTENT_INTEGRITY_NOT_AUDITED_M2_02,NOT_SELECTED_BY_DETERMINISTIC_DIVERSITY_TIE_BREAK
AKTS,Technology,false,true,false,true,true,2015-08-21,2023-12-15,437,435,T1-B0-S1-I1,PASS_REQUIRED_WINDOWS,0,0,0,true,false,2236,TEXT_CONTENT_INTEGRITY_NOT_AUDITED_M2_02;TABLE_MEMBER_MISSING,NOT_SELECTED_BY_DETERMINISTIC_DIVERSITY_TIE_BREAK
AKTX,Healthcare,false,true,true,true,true,2014-04-04,2023-12-15,509,507,T1-B1-S1-I1,PASS_REQUIRED_WINDOWS,0,0,0,true,false,2705,TEXT_CONTENT_INTEGRITY_NOT_AUDITED_M2_02,NOT_SELECTED_BY_DETERMINISTIC_DIVERSITY_TIE_BREAK
AL,Industrials,false,true,true,true,true,2011-07-15,2023-12-15,651,649,T1-B1-S1-I1,PASS_REQUIRED_WINDOWS,0,0,0,true,false,1736,TEXT_CONTENT_INTEGRITY_NOT_AUDITED_M2_02,NOT_SELECTED_BY_DETERMINISTIC_DIVERSITY_TIE_BREAK
ALB,Basic Materials,false,true,true,true,true,2000-03-31,2023-12-15,1240,1238,T1-B1-S1-I1,PASS_REQUIRED_WINDOWS,0,0,0,true,false,170,TEXT_CONTENT_INTEGRITY_NOT_AUDITED_M2_02,NOT_SELECTED_BY_DETERMINISTIC_DIVERSITY_TIE_BREAK
ALC,Healthcare,false,true,true,true,true,2019-07-05,2023-12-15,235,233,T1-B1-S1-I1,PASS_REQUIRED_WINDOWS,0,0,0,true,false,1275,TEXT_CONTENT_INTEGRITY_NOT_AUDITED_M2_02,NOT_SELECTED_BY_DETERMINISTIC_DIVERSITY_TIE_BREAK
ALCO,Consumer Defensive,false,true,true,true,true,2000-03-31,2023-12-15,1240,1238,T1-B1-S1-I1,PASS_REQUIRED_WINDOWS,0,0,0,true,false,2170,TEXT_CONTENT_INTEGRITY_NOT_AUDITED_M2_02,NOT_SELECTED_BY_DETERMINISTIC_DIVERSITY_TIE_BREAK
ALDX,Healthcare,false,true,true,true,true,2014-08-01,2023-12-15,492,490,T1-B1-S1-I1,PASS_REQUIRED_WINDOWS,0,0,0,true,false,169,TEXT_CONTENT_INTEGRITY_NOT_AUDITED_M2_02,NOT_SELECTED_BY_DETERMINISTIC_DIVERSITY_TIE_BREAK
ALE,Utilities,false,true,true,true,true,2000-03-31,2023-12-15,1240,1238,T1-B1-S1-I1,PASS_REQUIRED_WINDOWS,0,0,0,true,false,1544,TEXT_CONTENT_INTEGRITY_NOT_AUDITED_M2_02,NOT_SELECTED_BY_DETERMINISTIC_DIVERSITY_TIE_BREAK
ALEC,Healthcare,false,true,true,true,true,2019-05-10,2023-12-15,243,241,T1-B1-S1-I1,PASS_REQUIRED_WINDOWS,0,0,0,true,false,718,TEXT_CONTENT_INTEGRITY_NOT_AUDITED_M2_02,NOT_SELECTED_BY_DETERMINISTIC_DIVERSITY_TIE_BREAK
ALEX,Real Estate,false,true,true,true,true,2012-09-14,2023-12-15,590,588,T1-B1-S1-I1,PASS_REQUIRED_WINDOWS,0,0,0,true,false,76,TEXT_CONTENT_INTEGRITY_NOT_AUDITED_M2_02,NOT_SELECTED_BY_DETERMINISTIC_DIVERSITY_TIE_BREAK
ALG,Industrials,false,true,true,true,true,2000-03-31,2023-12-15,1240,1238,T1-B1-S1-I1,PASS_REQUIRED_WINDOWS,0,0,0,true,false,902,TEXT_CONTENT_INTEGRITY_NOT_AUDITED_M2_02,NOT_SELECTED_BY_DETERMINISTIC_DIVERSITY_TIE_BREAK
ALGN,Healthcare,false,true,true,true,true,2001-04-27,2023-12-15,1184,1182,T1-B1-S1-I1,PASS_REQUIRED_WINDOWS,0,0,0,true,false,2274,TEXT_CONTENT_INTEGRITY_NOT_AUDITED_M2_02,NOT_SELECTED_BY_DETERMINISTIC_DIVERSITY_TIE_BREAK
ALGT,Industrials,false,true,true,true,true,2007-03-09,2023-12-15,878,876,T1-B1-S1-I1,PASS_REQUIRED_WINDOWS,0,0,0,true,false,139,TEXT_CONTENT_INTEGRITY_NOT_AUDITED_M2_02,NOT_SELECTED_BY_DETERMINISTIC_DIVERSITY_TIE_BREAK
ALK,Industrials,false,true,true,true,true,2000-03-31,2023-12-15,1240,1238,T1-B1-S1-I1,PASS_REQUIRED_WINDOWS,0,0,0,true,false,2884,TEXT_CONTENT_INTEGRITY_NOT_AUDITED_M2_02,NOT_SELECTED_BY_DETERMINISTIC_DIVERSITY_TIE_BREAK
ALKS,Healthcare,false,true,true,true,true,2000-03-31,2023-12-15,1240,1238,T1-B1-S1-I1,PASS_REQUIRED_WINDOWS,0,0,0,true,false,2104,TEXT_CONTENT_INTEGRITY_NOT_AUDITED_M2_02,NOT_SELECTED_BY_DETERMINISTIC_DIVERSITY_TIE_BREAK
ALL,Financial Services,false,true,true,true,true,2000-03-31,2023-12-15,1240,1238,T1-B1-S1-I1,PASS_REQUIRED_WINDOWS,0,0,0,true,false,2018,TEXT_CONTENT_INTEGRITY_NOT_AUDITED_M2_02,NOT_SELECTED_BY_DETERMINISTIC_DIVERSITY_TIE_BREAK
ALLE,Industrials,false,true,true,true,true,2014-02-14,2023-12-15,516,514,T1-B1-S1-I1,PASS_REQUIRED_WINDOWS,0,0,0,true,false,2729,TEXT_CONTENT_INTEGRITY_NOT_AUDITED_M2_02,NOT_SELECTED_BY_DETERMINISTIC_DIVERSITY_TIE_BREAK
ALLK,Healthcare,false,true,true,true,true,2018-10-12,2023-12-15,273,271,T1-B1-S1-I1,PASS_REQUIRED_WINDOWS,0,0,0,true,false,612,TEXT_CONTENT_INTEGRITY_NOT_AUDITED_M2_02,NOT_SELECTED_BY_DETERMINISTIC_DIVERSITY_TIE_BREAK
ALLO,Healthcare,false,true,true,true,true,2019-01-11,2023-12-15,260,258,T1-B1-S1-I1,PASS_REQUIRED_WINDOWS,0,0,0,true,false,1642,TEXT_CONTENT_INTEGRITY_NOT_AUDITED_M2_02,NOT_SELECTED_BY_DETERMINISTIC_DIVERSITY_TIE_BREAK
ALLT,Technology,false,true,true,true,true,2007-02-16,2023-12-15,881,879,T1-B1-S1-I1,PASS_REQUIRED_WINDOWS,0,0,0,true,false,1061,TEXT_CONTENT_INTEGRITY_NOT_AUDITED_M2_02,NOT_SELECTED_BY_DETERMINISTIC_DIVERSITY_TIE_BREAK
ALNY,Healthcare,false,true,true,true,true,2004-08-27,2023-12-15,1010,1008,T1-B1-S1-I1,PASS_REQUIRED_WINDOWS,0,0,0,true,false,2325,TEXT_CONTENT_INTEGRITY_NOT_AUDITED_M2_02,NOT_SELECTED_BY_DETERMINISTIC_DIVERSITY_TIE_BREAK
ALOT,Technology,false,true,true,true,true,2000-03-31,2023-12-15,1240,1238,T1-B1-S1-I1,PASS_REQUIRED_WINDOWS,0,0,0,true,false,1909,TEXT_CONTENT_INTEGRITY_NOT_AUDITED_M2_02,NOT_SELECTED_BY_DETERMINISTIC_DIVERSITY_TIE_BREAK
ALRM,Technology,false,true,true,true,true,2015-09-25,2023-12-15,432,430,T1-B1-S1-I1,PASS_REQUIRED_WINDOWS,0,0,0,true,false,2244,TEXT_CONTENT_INTEGRITY_NOT_AUDITED_M2_02,NOT_SELECTED_BY_DETERMINISTIC_DIVERSITY_TIE_BREAK
ALRS,Financial Services,false,true,true,true,true,2003-06-20,2023-12-15,1072,1070,T1-B1-S1-I1,PASS_REQUIRED_WINDOWS,0,0,0,true,false,619,TEXT_CONTENT_INTEGRITY_NOT_AUDITED_M2_02,NOT_SELECTED_BY_DETERMINISTIC_DIVERSITY_TIE_BREAK
ALSN,Consumer Cyclical,false,true,true,true,true,2012-06-15,2023-12-15,603,601,T1-B1-S1-I1,PASS_REQUIRED_WINDOWS,0,0,0,true,false,632,TEXT_CONTENT_INTEGRITY_NOT_AUDITED_M2_02,NOT_SELECTED_BY_DETERMINISTIC_DIVERSITY_TIE_BREAK
ALT,Healthcare,false,true,true,true,true,2017-08-25,2023-12-15,332,330,T1-B1-S1-I1,PASS_REQUIRED_WINDOWS,0,0,0,true,false,1587,TEXT_CONTENT_INTEGRITY_NOT_AUDITED_M2_02,NOT_SELECTED_BY_DETERMINISTIC_DIVERSITY_TIE_BREAK
ALTG,Industrials,false,true,true,true,true,2019-07-26,2023-12-15,232,230,T1-B1-S1-I1,PASS_REQUIRED_WINDOWS,0,0,0,true,false,2671,TEXT_CONTENT_INTEGRITY_NOT_AUDITED_M2_02,NOT_SELECTED_BY_DETERMINISTIC_DIVERSITY_TIE_BREAK
ALTR,Technology,false,true,false,true,true,2018-02-02,2023-12-15,309,307,T1-B0-S1-I1,PASS_REQUIRED_WINDOWS,0,0,0,true,false,1907,TEXT_CONTENT_INTEGRITY_NOT_AUDITED_M2_02;TABLE_MEMBER_MISSING,NOT_SELECTED_BY_DETERMINISTIC_DIVERSITY_TIE_BREAK
ALTY,N/A,false,true,false,true,true,,,0,0,T1-B0-S1-I1,INVALID_HEADER,0,0,0,false,false,,TEXT_CONTENT_INTEGRITY_NOT_AUDITED_M2_02;TABLE_MEMBER_MISSING,INCOMPLETE_STRUCTURALLY_VALID_REQUIRED_WINDOWS
ALV,Consumer Cyclical,false,true,true,true,true,2000-03-31,2023-12-15,1240,1238,T1-B1-S1-I1,PASS_REQUIRED_WINDOWS,0,0,0,true,false,1692,TEXT_CONTENT_INTEGRITY_NOT_AUDITED_M2_02,NOT_SELECTED_BY_DETERMINISTIC_DIVERSITY_TIE_BREAK
ALX,Real Estate,false,true,true,true,true,2000-03-31,2023-12-15,1240,1238,T1-B1-S1-I1,PASS_REQUIRED_WINDOWS,0,0,0,true,false,1363,TEXT_CONTENT_INTEGRITY_NOT_AUDITED_M2_02,NOT_SELECTED_BY_DETERMINISTIC_DIVERSITY_TIE_BREAK
AM,Energy,false,true,true,true,true,2017-08-04,2023-12-15,335,333,T1-B1-S1-I1,PASS_REQUIRED_WINDOWS,0,0,0,true,false,772,TEXT_CONTENT_INTEGRITY_NOT_AUDITED_M2_02,NOT_SELECTED_BY_DETERMINISTIC_DIVERSITY_TIE_BREAK
AMAL,Financial Services,false,true,true,true,true,2018-11-02,2023-12-15,270,268,T1-B1-S1-I1,PASS_REQUIRED_WINDOWS,0,0,0,true,false,2798,TEXT_CONTENT_INTEGRITY_NOT_AUDITED_M2_02,NOT_SELECTED_BY_DETERMINISTIC_DIVERSITY_TIE_BREAK
AMAT,Technology,false,true,true,true,true,2000-03-31,2023-12-15,1240,1238,T1-B1-S1-I1,PASS_REQUIRED_WINDOWS,0,0,0,true,false,1839,TEXT_CONTENT_INTEGRITY_NOT_AUDITED_M2_02,NOT_SELECTED_BY_DETERMINISTIC_DIVERSITY_TIE_BREAK
AMBA,Technology,false,true,true,true,true,2013-01-11,2023-12-15,573,571,T1-B1-S1-I1,PASS_REQUIRED_WINDOWS,0,0,0,true,false,1131,TEXT_CONTENT_INTEGRITY_NOT_AUDITED_M2_02,NOT_SELECTED_BY_DETERMINISTIC_DIVERSITY_TIE_BREAK
AMBC,Financial Services,false,true,true,true,true,2013-07-26,2023-12-15,545,543,T1-B1-S1-I1,PASS_REQUIRED_WINDOWS,0,0,0,true,false,1782,TEXT_CONTENT_INTEGRITY_NOT_AUDITED_M2_02,NOT_SELECTED_BY_DETERMINISTIC_DIVERSITY_TIE_BREAK
AMBO,Consumer Defensive,false,true,true,true,true,2018-09-07,2023-12-15,278,276,T1-B1-S1-I1,PASS_REQUIRED_WINDOWS,0,0,0,true,false,1223,TEXT_CONTENT_INTEGRITY_NOT_AUDITED_M2_02,NOT_SELECTED_BY_DETERMINISTIC_DIVERSITY_TIE_BREAK
AMC,Communication Services,false,true,true,true,true,2014-03-21,2023-12-15,511,509,T1-B1-S1-I1,PASS_REQUIRED_WINDOWS,0,0,0,true,false,1811,TEXT_CONTENT_INTEGRITY_NOT_AUDITED_M2_02,NOT_SELECTED_BY_DETERMINISTIC_DIVERSITY_TIE_BREAK
AMD,Technology,false,true,true,true,true,2000-03-31,2023-12-15,1240,1238,T1-B1-S1-I1,PASS_REQUIRED_WINDOWS,0,0,0,true,false,235,TEXT_CONTENT_INTEGRITY_NOT_AUDITED_M2_02,NOT_SELECTED_BY_DETERMINISTIC_DIVERSITY_TIE_BREAK
AME,Industrials,false,true,true,true,true,2000-03-31,2023-12-15,1240,1238,T1-B1-S1-I1,PASS_REQUIRED_WINDOWS,0,0,0,true,false,981,TEXT_CONTENT_INTEGRITY_NOT_AUDITED_M2_02,NOT_SELECTED_BY_DETERMINISTIC_DIVERSITY_TIE_BREAK
AMED,Healthcare,false,true,true,true,true,2000-03-31,2023-12-15,1240,1238,T1-B1-S1-I1,PASS_REQUIRED_WINDOWS,0,0,0,true,false,1890,TEXT_CONTENT_INTEGRITY_NOT_AUDITED_M2_02,NOT_SELECTED_BY_DETERMINISTIC_DIVERSITY_TIE_BREAK
AMG,Financial Services,false,true,true,true,true,2000-03-31,2023-12-15,1240,1238,T1-B1-S1-I1,PASS_REQUIRED_WINDOWS,0,0,0,true,false,2957,TEXT_CONTENT_INTEGRITY_NOT_AUDITED_M2_02,NOT_SELECTED_BY_DETERMINISTIC_DIVERSITY_TIE_BREAK
AMGN,Healthcare,false,true,true,true,true,2000-03-31,2023-12-15,1240,1238,T1-B1-S1-I1,PASS_REQUIRED_WINDOWS,0,0,0,true,false,1329,TEXT_CONTENT_INTEGRITY_NOT_AUDITED_M2_02,NOT_SELECTED_BY_DETERMINISTIC_DIVERSITY_TIE_BREAK
AMH,Real Estate,false,true,true,true,true,2013-10-25,2023-12-15,532,530,T1-B1-S1-I1,PASS_REQUIRED_WINDOWS,0,0,0,true,false,1076,TEXT_CONTENT_INTEGRITY_NOT_AUDITED_M2_02,NOT_SELECTED_BY_DETERMINISTIC_DIVERSITY_TIE_BREAK
AMJ,N/A,false,true,false,true,true,,,0,0,T1-B0-S1-I1,INVALID_HEADER,0,0,0,false,false,,TEXT_CONTENT_INTEGRITY_NOT_AUDITED_M2_02;TABLE_MEMBER_MISSING,INCOMPLETE_STRUCTURALLY_VALID_REQUIRED_WINDOWS
AMKR,Technology,false,true,true,true,true,2000-03-31,2023-12-15,1240,1238,T1-B1-S1-I1,PASS_REQUIRED_WINDOWS,0,0,0,true,false,1013,TEXT_CONTENT_INTEGRITY_NOT_AUDITED_M2_02,NOT_SELECTED_BY_DETERMINISTIC_DIVERSITY_TIE_BREAK
AMLP,N/A,false,true,false,true,true,,,0,0,T1-B0-S1-I1,INVALID_HEADER,0,0,0,false,false,,TEXT_CONTENT_INTEGRITY_NOT_AUDITED_M2_02;TABLE_MEMBER_MISSING,INCOMPLETE_STRUCTURALLY_VALID_REQUIRED_WINDOWS
AMN,Healthcare,false,true,true,true,true,2002-02-15,2023-12-15,1142,1140,T1-B1-S1-I1,PASS_REQUIRED_WINDOWS,0,0,0,true,false,160,TEXT_CONTENT_INTEGRITY_NOT_AUDITED_M2_02,NOT_SELECTED_BY_DETERMINISTIC_DIVERSITY_TIE_BREAK
AMNA,N/A,false,true,false,true,true,,,0,0,T1-B0-S1-I1,INVALID_HEADER,0,0,0,false,false,,TEXT_CONTENT_INTEGRITY_NOT_AUDITED_M2_02;TABLE_MEMBER_MISSING,INCOMPLETE_STRUCTURALLY_VALID_REQUIRED_WINDOWS
AMOM,N/A,false,true,false,true,true,,,0,0,T1-B0-S1-I1,INVALID_HEADER,0,0,0,false,false,,TEXT_CONTENT_INTEGRITY_NOT_AUDITED_M2_02;TABLE_MEMBER_MISSING,INCOMPLETE_STRUCTURALLY_VALID_REQUIRED_WINDOWS
AMPE,Healthcare,false,true,false,true,true,2008-10-24,2023-12-15,760,758,T1-B0-S1-I1,INCOMPLETE_REQUIRED_WINDOWS,1,0,0,false,false,,TEXT_CONTENT_INTEGRITY_NOT_AUDITED_M2_02;TABLE_MEMBER_MISSING,INCOMPLETE_STRUCTURALLY_VALID_REQUIRED_WINDOWS
AMPH,Healthcare,false,true,true,true,true,2014-09-19,2023-12-15,485,483,T1-B1-S1-I1,PASS_REQUIRED_WINDOWS,0,0,0,true,false,2616,TEXT_CONTENT_INTEGRITY_NOT_AUDITED_M2_02,NOT_SELECTED_BY_DETERMINISTIC_DIVERSITY_TIE_BREAK
AMPY,Energy,false,true,true,true,true,2012-07-20,2023-12-15,598,596,T1-B1-S1-I1,PASS_REQUIRED_WINDOWS,0,0,0,true,false,2509,TEXT_CONTENT_INTEGRITY_NOT_AUDITED_M2_02,NOT_SELECTED_BY_DETERMINISTIC_DIVERSITY_TIE_BREAK
AMRC,Industrials,false,true,true,true,true,2010-10-15,2023-12-15,690,688,T1-B1-S1-I1,PASS_REQUIRED_WINDOWS,0,0,0,true,false,2053,TEXT_CONTENT_INTEGRITY_NOT_AUDITED_M2_02,NOT_SELECTED_BY_DETERMINISTIC_DIVERSITY_TIE_BREAK
AMRK,Financial Services,false,true,true,true,true,2014-06-13,2023-12-15,499,497,T1-B1-S1-I1,PASS_REQUIRED_WINDOWS,0,0,0,true,false,2962,TEXT_CONTENT_INTEGRITY_NOT_AUDITED_M2_02,NOT_SELECTED_BY_DETERMINISTIC_DIVERSITY_TIE_BREAK
AMRN,Healthcare,false,true,true,true,true,2000-03-31,2023-12-15,1240,1238,T1-B1-S1-I1,PASS_REQUIRED_WINDOWS,0,0,0,true,false,1872,TEXT_CONTENT_INTEGRITY_NOT_AUDITED_M2_02,NOT_SELECTED_BY_DETERMINISTIC_DIVERSITY_TIE_BREAK
AMS,Healthcare,false,true,true,true,true,2000-03-31,2023-12-15,1240,1238,T1-B1-S1-I1,PASS_REQUIRED_WINDOWS,0,0,0,true,false,1303,TEXT_CONTENT_INTEGRITY_NOT_AUDITED_M2_02,NOT_SELECTED_BY_DETERMINISTIC_DIVERSITY_TIE_BREAK
AMSC,Industrials,false,true,true,true,true,2000-03-31,2023-12-15,1240,1238,T1-B1-S1-I1,PASS_REQUIRED_WINDOWS,0,0,0,true,false,2947,TEXT_CONTENT_INTEGRITY_NOT_AUDITED_M2_02,NOT_SELECTED_BY_DETERMINISTIC_DIVERSITY_TIE_BREAK
AMSF,Financial Services,false,true,true,true,true,2006-02-17,2023-12-15,933,931,T1-B1-S1-I1,PASS_REQUIRED_WINDOWS,0,0,0,true,false,2664,TEXT_CONTENT_INTEGRITY_NOT_AUDITED_M2_02,NOT_SELECTED_BY_DETERMINISTIC_DIVERSITY_TIE_BREAK
AMT,Real Estate,false,true,true,true,true,2000-03-31,2023-12-15,1240,1238,T1-B1-S1-I1,PASS_REQUIRED_WINDOWS,0,0,0,true,false,1332,TEXT_CONTENT_INTEGRITY_NOT_AUDITED_M2_02,NOT_SELECTED_BY_DETERMINISTIC_DIVERSITY_TIE_BREAK
AMTB,Financial Services,false,true,true,true,true,2019-01-18,2023-12-15,259,257,T1-B1-S1-I1,PASS_REQUIRED_WINDOWS,0,0,0,true,false,1766,TEXT_CONTENT_INTEGRITY_NOT_AUDITED_M2_02,NOT_SELECTED_BY_DETERMINISTIC_DIVERSITY_TIE_BREAK
AMTD,Financial Services,false,true,true,true,true,2019-11-01,2023-12-15,218,216,T1-B1-S1-I1,PASS_REQUIRED_WINDOWS,0,0,0,true,false,2768,TEXT_CONTENT_INTEGRITY_NOT_AUDITED_M2_02,NOT_SELECTED_BY_DETERMINISTIC_DIVERSITY_TIE_BREAK
AMTX,Energy,false,true,true,true,true,2006-09-22,2023-12-15,902,900,T1-B1-S1-I1,PASS_REQUIRED_WINDOWS,0,0,0,true,false,2617,TEXT_CONTENT_INTEGRITY_NOT_AUDITED_M2_02,NOT_SELECTED_BY_DETERMINISTIC_DIVERSITY_TIE_BREAK
AMUB,N/A,false,true,true,true,true,,,0,0,T1-B1-S1-I1,INVALID_HEADER,0,0,0,false,false,,TEXT_CONTENT_INTEGRITY_NOT_AUDITED_M2_02,INCOMPLETE_STRUCTURALLY_VALID_REQUIRED_WINDOWS
AMWD,Consumer Cyclical,false,true,true,true,true,2000-03-31,2023-12-15,1240,1238,T1-B1-S1-I1,PASS_REQUIRED_WINDOWS,0,0,0,true,false,1772,TEXT_CONTENT_INTEGRITY_NOT_AUDITED_M2_02,NOT_SELECTED_BY_DETERMINISTIC_DIVERSITY_TIE_BREAK
AMX,Communication Services,false,true,true,true,true,2001-05-11,2023-12-15,1182,1180,T1-B1-S1-I1,PASS_REQUIRED_WINDOWS,0,0,0,true,false,56,TEXT_CONTENT_INTEGRITY_NOT_AUDITED_M2_02,NOT_SELECTED_BY_DETERMINISTIC_DIVERSITY_TIE_BREAK
AMZA,N/A,false,true,false,true,true,,,0,0,T1-B0-S1-I1,INVALID_HEADER,0,0,0,false,false,,TEXT_CONTENT_INTEGRITY_NOT_AUDITED_M2_02;TABLE_MEMBER_MISSING,INCOMPLETE_STRUCTURALLY_VALID_REQUIRED_WINDOWS
AMZN,Consumer Cyclical,true,true,true,true,true,2000-03-31,2023-12-15,1240,1238,T1-B1-S1-I1,PASS_REQUIRED_WINDOWS,0,0,0,true,true,,TEXT_M1_FORMAL_SOURCE_POLICY_VERIFIED_MATCH;IMAGE_WINDOW_INFERRED,
AN,Consumer Cyclical,false,true,true,true,true,2000-03-31,2023-12-15,1240,1238,T1-B1-S1-I1,PASS_REQUIRED_WINDOWS,0,0,0,true,false,2977,TEXT_CONTENT_INTEGRITY_NOT_AUDITED_M2_02,NOT_SELECTED_BY_DETERMINISTIC_DIVERSITY_TIE_BREAK
ANAB,Healthcare,false,true,true,true,true,2017-04-28,2023-12-15,349,347,T1-B1-S1-I1,PASS_REQUIRED_WINDOWS,0,0,0,true,false,1951,TEXT_CONTENT_INTEGRITY_NOT_AUDITED_M2_02,NOT_SELECTED_BY_DETERMINISTIC_DIVERSITY_TIE_BREAK
ANDE,Consumer Defensive,false,true,true,true,true,2000-03-31,2023-12-15,1240,1238,T1-B1-S1-I1,PASS_REQUIRED_WINDOWS,0,0,0,true,false,2772,TEXT_CONTENT_INTEGRITY_NOT_AUDITED_M2_02,NOT_SELECTED_BY_DETERMINISTIC_DIVERSITY_TIE_BREAK
ANET,Technology,false,true,true,true,true,2014-09-05,2023-12-15,487,485,T1-B1-S1-I1,PASS_REQUIRED_WINDOWS,0,0,0,true,false,1062,TEXT_CONTENT_INTEGRITY_NOT_AUDITED_M2_02,NOT_SELECTED_BY_DETERMINISTIC_DIVERSITY_TIE_BREAK
ANF,Consumer Cyclical,false,true,true,true,true,2000-03-31,2023-12-15,1240,1238,T1-B1-S1-I1,PASS_REQUIRED_WINDOWS,0,0,0,true,false,2171,TEXT_CONTENT_INTEGRITY_NOT_AUDITED_M2_02,NOT_SELECTED_BY_DETERMINISTIC_DIVERSITY_TIE_BREAK
ANGI,Communication Services,false,true,true,true,true,2012-02-17,2023-12-15,620,618,T1-B1-S1-I1,PASS_REQUIRED_WINDOWS,0,0,0,true,false,2438,TEXT_CONTENT_INTEGRITY_NOT_AUDITED_M2_02,NOT_SELECTED_BY_DETERMINISTIC_DIVERSITY_TIE_BREAK
ANGL,N/A,false,true,false,true,true,,,0,0,T1-B0-S1-I1,INVALID_HEADER,0,0,0,false,false,,TEXT_CONTENT_INTEGRITY_NOT_AUDITED_M2_02;TABLE_MEMBER_MISSING,INCOMPLETE_STRUCTURALLY_VALID_REQUIRED_WINDOWS
ANIK,Healthcare,false,true,true,true,true,2000-03-31,2023-12-15,1240,1238,T1-B1-S1-I1,PASS_REQUIRED_WINDOWS,0,0,0,true,false,1610,TEXT_CONTENT_INTEGRITY_NOT_AUDITED_M2_02,NOT_SELECTED_BY_DETERMINISTIC_DIVERSITY_TIE_BREAK
ANIP,Healthcare,false,true,true,true,true,2000-08-04,2023-12-15,1222,1220,T1-B1-S1-I1,PASS_REQUIRED_WINDOWS,0,0,0,true,false,2595,TEXT_CONTENT_INTEGRITY_NOT_AUDITED_M2_02,NOT_SELECTED_BY_DETERMINISTIC_DIVERSITY_TIE_BREAK
ANSS,Technology,false,true,true,true,true,2000-03-31,2023-12-15,1240,1238,T1-B1-S1-I1,PASS_REQUIRED_WINDOWS,0,0,0,true,false,1088,TEXT_CONTENT_INTEGRITY_NOT_AUDITED_M2_02,NOT_SELECTED_BY_DETERMINISTIC_DIVERSITY_TIE_BREAK
ANTE,Communication Services,false,true,true,true,true,2008-02-08,2023-12-15,830,828,T1-B1-S1-I1,PASS_REQUIRED_WINDOWS,0,0,0,true,false,1049,TEXT_CONTENT_INTEGRITY_NOT_AUDITED_M2_02,NOT_SELECTED_BY_DETERMINISTIC_DIVERSITY_TIE_BREAK
ANVS,Healthcare,false,true,true,true,true,2020-04-24,2023-12-15,193,191,T1-B1-S1-I1,PASS_REQUIRED_WINDOWS,0,0,0,true,false,851,TEXT_CONTENT_INTEGRITY_NOT_AUDITED_M2_02,NOT_SELECTED_BY_DETERMINISTIC_DIVERSITY_TIE_BREAK
ANY,Financial Services,false,true,true,true,true,2013-11-08,2023-12-15,530,528,T1-B1-S1-I1,PASS_REQUIRED_WINDOWS,0,0,0,true,false,1520,TEXT_CONTENT_INTEGRITY_NOT_AUDITED_M2_02,NOT_SELECTED_BY_DETERMINISTIC_DIVERSITY_TIE_BREAK
AOA,N/A,false,true,false,true,true,,,0,0,T1-B0-S1-I1,INVALID_HEADER,0,0,0,false,false,,TEXT_CONTENT_INTEGRITY_NOT_AUDITED_M2_02;TABLE_MEMBER_MISSING,INCOMPLETE_STRUCTURALLY_VALID_REQUIRED_WINDOWS
AOK,N/A,false,true,false,true,true,,,0,0,T1-B0-S1-I1,INVALID_HEADER,0,0,0,false,false,,TEXT_CONTENT_INTEGRITY_NOT_AUDITED_M2_02;TABLE_MEMBER_MISSING,INCOMPLETE_STRUCTURALLY_VALID_REQUIRED_WINDOWS
AOM,N/A,false,true,false,true,true,,,0,0,T1-B0-S1-I1,INVALID_HEADER,0,0,0,false,false,,TEXT_CONTENT_INTEGRITY_NOT_AUDITED_M2_02;TABLE_MEMBER_MISSING,INCOMPLETE_STRUCTURALLY_VALID_REQUIRED_WINDOWS
AON,Financial Services,false,true,true,true,true,2000-03-31,2023-12-15,1240,1238,T1-B1-S1-I1,PASS_REQUIRED_WINDOWS,0,0,0,true,false,1425,TEXT_CONTENT_INTEGRITY_NOT_AUDITED_M2_02,NOT_SELECTED_BY_DETERMINISTIC_DIVERSITY_TIE_BREAK
AOR,N/A,false,true,false,true,true,,,0,0,T1-B0-S1-I1,INVALID_HEADER,0,0,0,false,false,,TEXT_CONTENT_INTEGRITY_NOT_AUDITED_M2_02;TABLE_MEMBER_MISSING,INCOMPLETE_STRUCTURALLY_VALID_REQUIRED_WINDOWS
AOS,Industrials,false,true,true,true,true,2000-03-31,2023-12-15,1240,1238,T1-B1-S1-I1,PASS_REQUIRED_WINDOWS,0,0,0,true,false,807,TEXT_CONTENT_INTEGRITY_NOT_AUDITED_M2_02,NOT_SELECTED_BY_DETERMINISTIC_DIVERSITY_TIE_BREAK
AOSL,Technology,false,true,true,true,true,2010-07-30,2023-12-15,701,699,T1-B1-S1-I1,PASS_REQUIRED_WINDOWS,0,0,0,true,false,2815,TEXT_CONTENT_INTEGRITY_NOT_AUDITED_M2_02,NOT_SELECTED_BY_DETERMINISTIC_DIVERSITY_TIE_BREAK
AP,Industrials,false,true,true,true,true,2000-03-31,2023-12-15,1240,1238,T1-B1-S1-I1,PASS_REQUIRED_WINDOWS,0,0,0,true,false,240,TEXT_CONTENT_INTEGRITY_NOT_AUDITED_M2_02,NOT_SELECTED_BY_DETERMINISTIC_DIVERSITY_TIE_BREAK
APA,Energy,false,true,true,true,true,2000-03-31,2023-12-15,1240,1238,T1-B1-S1-I1,PASS_REQUIRED_WINDOWS,0,0,0,true,false,357,TEXT_CONTENT_INTEGRITY_NOT_AUDITED_M2_02,NOT_SELECTED_BY_DETERMINISTIC_DIVERSITY_TIE_BREAK
APAM,Financial Services,false,true,true,true,true,2013-06-07,2023-12-15,552,550,T1-B1-S1-I1,PASS_REQUIRED_WINDOWS,0,0,0,true,false,2557,TEXT_CONTENT_INTEGRITY_NOT_AUDITED_M2_02,NOT_SELECTED_BY_DETERMINISTIC_DIVERSITY_TIE_BREAK
APD,Basic Materials,false,true,true,true,true,2000-03-31,2023-12-15,1240,1238,T1-B1-S1-I1,PASS_REQUIRED_WINDOWS,0,0,0,true,false,2937,TEXT_CONTENT_INTEGRITY_NOT_AUDITED_M2_02,NOT_SELECTED_BY_DETERMINISTIC_DIVERSITY_TIE_BREAK
APDN,Healthcare,false,true,true,true,true,2003-10-10,2023-12-15,1056,1054,T1-B1-S1-I1,PASS_REQUIRED_WINDOWS,0,0,0,true,false,1342,TEXT_CONTENT_INTEGRITY_NOT_AUDITED_M2_02,NOT_SELECTED_BY_DETERMINISTIC_DIVERSITY_TIE_BREAK
APEI,Consumer Defensive,false,true,true,true,true,2008-02-08,2023-12-15,830,828,T1-B1-S1-I1,PASS_REQUIRED_WINDOWS,0,0,0,true,false,918,TEXT_CONTENT_INTEGRITY_NOT_AUDITED_M2_02,NOT_SELECTED_BY_DETERMINISTIC_DIVERSITY_TIE_BREAK
APG,Industrials,false,true,true,true,true,2020-07-24,2023-12-15,180,178,T1-B1-S1-I1,PASS_REQUIRED_WINDOWS,0,0,0,true,false,432,TEXT_CONTENT_INTEGRITY_NOT_AUDITED_M2_02,NOT_SELECTED_BY_DETERMINISTIC_DIVERSITY_TIE_BREAK
APH,Technology,false,true,true,true,true,2000-03-31,2023-12-15,1240,1238,T1-B1-S1-I1,PASS_REQUIRED_WINDOWS,0,0,0,true,false,2052,TEXT_CONTENT_INTEGRITY_NOT_AUDITED_M2_02,NOT_SELECTED_BY_DETERMINISTIC_DIVERSITY_TIE_BREAK
API,Technology,false,true,true,true,true,2020-09-25,2023-12-15,171,169,T1-B1-S1-I1,PASS_REQUIRED_WINDOWS,0,0,0,true,false,724,TEXT_CONTENT_INTEGRITY_NOT_AUDITED_M2_02,NOT_SELECTED_BY_DETERMINISTIC_DIVERSITY_TIE_BREAK
APLE,Real Estate,false,true,true,true,true,2015-08-14,2023-12-15,438,436,T1-B1-S1-I1,PASS_REQUIRED_WINDOWS,0,0,0,true,false,2522,TEXT_CONTENT_INTEGRITY_NOT_AUDITED_M2_02,NOT_SELECTED_BY_DETERMINISTIC_DIVERSITY_TIE_BREAK
APLS,Healthcare,false,true,true,true,true,2018-02-09,2023-12-15,308,306,T1-B1-S1-I1,PASS_REQUIRED_WINDOWS,0,0,0,true,false,2025,TEXT_CONTENT_INTEGRITY_NOT_AUDITED_M2_02,NOT_SELECTED_BY_DETERMINISTIC_DIVERSITY_TIE_BREAK
APLT,Healthcare,false,true,true,true,true,2019-08-09,2023-12-15,230,228,T1-B1-S1-I1,PASS_REQUIRED_WINDOWS,0,0,0,true,false,1980,TEXT_CONTENT_INTEGRITY_NOT_AUDITED_M2_02,NOT_SELECTED_BY_DETERMINISTIC_DIVERSITY_TIE_BREAK
APM,Healthcare,false,true,true,true,true,2019-03-22,2023-12-15,250,248,T1-B1-S1-I1,PASS_REQUIRED_WINDOWS,0,0,0,true,false,974,TEXT_CONTENT_INTEGRITY_NOT_AUDITED_M2_02,NOT_SELECTED_BY_DETERMINISTIC_DIVERSITY_TIE_BREAK
APO,Financial Services,false,true,true,true,true,2011-06-24,2023-12-15,654,652,T1-B1-S1-I1,PASS_REQUIRED_WINDOWS,0,0,0,true,false,2079,TEXT_CONTENT_INTEGRITY_NOT_AUDITED_M2_02,NOT_SELECTED_BY_DETERMINISTIC_DIVERSITY_TIE_BREAK
APOG,Industrials,false,true,true,true,true,2000-03-31,2023-12-15,1240,1238,T1-B1-S1-I1,PASS_REQUIRED_WINDOWS,0,0,0,true,false,1279,TEXT_CONTENT_INTEGRITY_NOT_AUDITED_M2_02,NOT_SELECTED_BY_DETERMINISTIC_DIVERSITY_TIE_BREAK
APPF,Technology,false,true,true,true,true,2015-09-25,2023-12-15,432,430,T1-B1-S1-I1,PASS_REQUIRED_WINDOWS,0,0,0,true,false,1596,TEXT_CONTENT_INTEGRITY_NOT_AUDITED_M2_02,NOT_SELECTED_BY_DETERMINISTIC_DIVERSITY_TIE_BREAK
APPN,Technology,false,true,true,true,true,2017-08-25,2023-12-15,332,330,T1-B1-S1-I1,PASS_REQUIRED_WINDOWS,0,0,0,true,false,1528,TEXT_CONTENT_INTEGRITY_NOT_AUDITED_M2_02,NOT_SELECTED_BY_DETERMINISTIC_DIVERSITY_TIE_BREAK
APPS,Technology,false,true,true,true,true,2006-09-29,2023-12-15,901,899,T1-B1-S1-I1,PASS_REQUIRED_WINDOWS,0,0,0,true,false,2192,TEXT_CONTENT_INTEGRITY_NOT_AUDITED_M2_02,NOT_SELECTED_BY_DETERMINISTIC_DIVERSITY_TIE_BREAK
APRE,Healthcare,false,true,true,true,true,2020-01-03,2023-12-15,209,207,T1-B1-S1-I1,PASS_REQUIRED_WINDOWS,0,0,0,true,false,2295,TEXT_CONTENT_INTEGRITY_NOT_AUDITED_M2_02,NOT_SELECTED_BY_DETERMINISTIC_DIVERSITY_TIE_BREAK
APT,Industrials,false,true,true,true,true,2000-03-31,2023-12-15,1240,1238,T1-B1-S1-I1,PASS_REQUIRED_WINDOWS,0,0,0,true,false,1440,TEXT_CONTENT_INTEGRITY_NOT_AUDITED_M2_02,NOT_SELECTED_BY_DETERMINISTIC_DIVERSITY_TIE_BREAK
APTO,Healthcare,false,true,false,true,true,2000-03-31,2023-12-15,1240,1238,T1-B0-S1-I1,PASS_REQUIRED_WINDOWS,0,0,0,true,false,867,TEXT_CONTENT_INTEGRITY_NOT_AUDITED_M2_02;TABLE_MEMBER_MISSING,NOT_SELECTED_BY_DETERMINISTIC_DIVERSITY_TIE_BREAK
APTV,Consumer Cyclical,false,true,true,true,true,2012-02-17,2023-12-15,620,618,T1-B1-S1-I1,PASS_REQUIRED_WINDOWS,0,0,0,true,false,223,TEXT_CONTENT_INTEGRITY_NOT_AUDITED_M2_02,NOT_SELECTED_BY_DETERMINISTIC_DIVERSITY_TIE_BREAK
APVO,Healthcare,false,true,true,true,true,2016-10-14,2023-12-15,377,375,T1-B1-S1-I1,PASS_REQUIRED_WINDOWS,0,0,0,true,false,2639,TEXT_CONTENT_INTEGRITY_NOT_AUDITED_M2_02,NOT_SELECTED_BY_DETERMINISTIC_DIVERSITY_TIE_BREAK
APWC,Industrials,false,true,true,true,true,2003-10-10,2023-12-15,1056,1054,T1-B1-S1-I1,PASS_REQUIRED_WINDOWS,0,0,0,true,false,2667,TEXT_CONTENT_INTEGRITY_NOT_AUDITED_M2_02,NOT_SELECTED_BY_DETERMINISTIC_DIVERSITY_TIE_BREAK
APYX,Healthcare,false,true,true,true,true,2019-03-29,2023-12-15,249,247,T1-B1-S1-I1,PASS_REQUIRED_WINDOWS,0,0,0,true,false,2500,TEXT_CONTENT_INTEGRITY_NOT_AUDITED_M2_02,NOT_SELECTED_BY_DETERMINISTIC_DIVERSITY_TIE_BREAK
AQB,Consumer Defensive,false,true,true,true,true,2017-04-07,2023-12-15,352,350,T1-B1-S1-I1,PASS_REQUIRED_WINDOWS,0,0,0,true,false,846,TEXT_CONTENT_INTEGRITY_NOT_AUDITED_M2_02,NOT_SELECTED_BY_DETERMINISTIC_DIVERSITY_TIE_BREAK
AQMS,Industrials,false,true,true,true,true,2015-10-30,2023-12-15,427,425,T1-B1-S1-I1,PASS_REQUIRED_WINDOWS,0,0,0,true,false,2061,TEXT_CONTENT_INTEGRITY_NOT_AUDITED_M2_02,NOT_SELECTED_BY_DETERMINISTIC_DIVERSITY_TIE_BREAK
AQNB,N/A,false,true,true,true,true,2019-08-23,2023-12-15,228,226,T1-B1-S1-I1,PASS_REQUIRED_WINDOWS,0,0,0,true,false,445,TEXT_CONTENT_INTEGRITY_NOT_AUDITED_M2_02,NOT_SELECTED_BY_DETERMINISTIC_DIVERSITY_TIE_BREAK
AQST,Healthcare,false,true,true,true,true,2018-10-19,2023-12-15,272,270,T1-B1-S1-I1,PASS_REQUIRED_WINDOWS,0,0,0,true,false,561,TEXT_CONTENT_INTEGRITY_NOT_AUDITED_M2_02,NOT_SELECTED_BY_DETERMINISTIC_DIVERSITY_TIE_BREAK
AR,Energy,false,true,true,true,true,2014-01-10,2023-12-15,521,519,T1-B1-S1-I1,PASS_REQUIRED_WINDOWS,0,0,0,true,false,450,TEXT_CONTENT_INTEGRITY_NOT_AUDITED_M2_02,NOT_SELECTED_BY_DETERMINISTIC_DIVERSITY_TIE_BREAK
ARAY,Healthcare,false,true,true,true,true,2007-05-11,2023-12-15,869,867,T1-B1-S1-I1,PASS_REQUIRED_WINDOWS,0,0,0,true,false,1428,TEXT_CONTENT_INTEGRITY_NOT_AUDITED_M2_02,NOT_SELECTED_BY_DETERMINISTIC_DIVERSITY_TIE_BREAK
ARB,N/A,false,true,false,true,true,,,0,0,T1-B0-S1-I1,INVALID_HEADER,0,0,0,false,false,,TEXT_CONTENT_INTEGRITY_NOT_AUDITED_M2_02;TABLE_MEMBER_MISSING,INCOMPLETE_STRUCTURALLY_VALID_REQUIRED_WINDOWS
ARCB,Industrials,false,true,true,true,true,2000-03-31,2023-12-15,1240,1238,T1-B1-S1-I1,PASS_REQUIRED_WINDOWS,0,0,0,true,false,2220,TEXT_CONTENT_INTEGRITY_NOT_AUDITED_M2_02,NOT_SELECTED_BY_DETERMINISTIC_DIVERSITY_TIE_BREAK
ARCC,Financial Services,false,true,true,true,true,2004-12-31,2023-12-15,992,990,T1-B1-S1-I1,PASS_REQUIRED_WINDOWS,0,0,0,true,false,1213,TEXT_CONTENT_INTEGRITY_NOT_AUDITED_M2_02,NOT_SELECTED_BY_DETERMINISTIC_DIVERSITY_TIE_BREAK
ARCO,Consumer Cyclical,false,true,true,true,true,2011-07-15,2023-12-15,651,649,T1-B1-S1-I1,PASS_REQUIRED_WINDOWS,0,0,0,true,false,2967,TEXT_CONTENT_INTEGRITY_NOT_AUDITED_M2_02,NOT_SELECTED_BY_DETERMINISTIC_DIVERSITY_TIE_BREAK
ARCT,Healthcare,false,true,true,true,true,2013-08-16,2023-12-15,542,540,T1-B1-S1-I1,PASS_REQUIRED_WINDOWS,0,0,0,true,false,672,TEXT_CONTENT_INTEGRITY_NOT_AUDITED_M2_02,NOT_SELECTED_BY_DETERMINISTIC_DIVERSITY_TIE_BREAK
ARDC,Financial Services,false,true,false,true,true,2013-03-01,2023-12-15,566,564,T1-B0-S1-I1,PASS_REQUIRED_WINDOWS,0,0,0,true,false,2282,TEXT_CONTENT_INTEGRITY_NOT_AUDITED_M2_02;TABLE_MEMBER_MISSING,NOT_SELECTED_BY_DETERMINISTIC_DIVERSITY_TIE_BREAK
ARDX,Healthcare,false,true,true,true,true,2014-09-19,2023-12-15,485,483,T1-B1-S1-I1,PASS_REQUIRED_WINDOWS,0,0,0,true,false,1669,TEXT_CONTENT_INTEGRITY_NOT_AUDITED_M2_02,NOT_SELECTED_BY_DETERMINISTIC_DIVERSITY_TIE_BREAK
ARE,Real Estate,false,true,true,true,true,2000-03-31,2023-12-15,1240,1238,T1-B1-S1-I1,PASS_REQUIRED_WINDOWS,0,0,0,true,false,2191,TEXT_CONTENT_INTEGRITY_NOT_AUDITED_M2_02,NOT_SELECTED_BY_DETERMINISTIC_DIVERSITY_TIE_BREAK
AREC,Basic Materials,false,true,true,true,true,2017-09-29,2023-12-15,327,325,T1-B1-S1-I1,PASS_REQUIRED_WINDOWS,0,0,0,true,false,2383,TEXT_CONTENT_INTEGRITY_NOT_AUDITED_M2_02,NOT_SELECTED_BY_DETERMINISTIC_DIVERSITY_TIE_BREAK
ARES,Financial Services,false,true,true,true,true,2014-08-01,2023-12-15,492,490,T1-B1-S1-I1,PASS_REQUIRED_WINDOWS,0,0,0,true,false,678,TEXT_CONTENT_INTEGRITY_NOT_AUDITED_M2_02,NOT_SELECTED_BY_DETERMINISTIC_DIVERSITY_TIE_BREAK
ARGD,N/A,false,true,true,true,true,2012-12-21,2023-12-15,576,574,T1-B1-S1-I1,PASS_REQUIRED_WINDOWS,0,0,0,true,false,2336,TEXT_CONTENT_INTEGRITY_NOT_AUDITED_M2_02,NOT_SELECTED_BY_DETERMINISTIC_DIVERSITY_TIE_BREAK
ARGT,N/A,false,true,false,true,true,,,0,0,T1-B0-S1-I1,INVALID_HEADER,0,0,0,false,false,,TEXT_CONTENT_INTEGRITY_NOT_AUDITED_M2_02;TABLE_MEMBER_MISSING,INCOMPLETE_STRUCTURALLY_VALID_REQUIRED_WINDOWS
ARGX,Healthcare,false,true,true,true,true,2017-08-18,2023-12-15,333,331,T1-B1-S1-I1,PASS_REQUIRED_WINDOWS,0,0,0,true,false,823,TEXT_CONTENT_INTEGRITY_NOT_AUDITED_M2_02,NOT_SELECTED_BY_DETERMINISTIC_DIVERSITY_TIE_BREAK
ARI,Real Estate,false,true,true,true,true,2009-12-18,2023-12-15,733,731,T1-B1-S1-I1,PASS_REQUIRED_WINDOWS,0,0,0,true,false,1797,TEXT_CONTENT_INTEGRITY_NOT_AUDITED_M2_02,NOT_SELECTED_BY_DETERMINISTIC_DIVERSITY_TIE_BREAK
ARKF,N/A,false,true,false,true,true,,,0,0,T1-B0-S1-I1,INVALID_HEADER,0,0,0,false,false,,TEXT_CONTENT_INTEGRITY_NOT_AUDITED_M2_02;TABLE_MEMBER_MISSING,INCOMPLETE_STRUCTURALLY_VALID_REQUIRED_WINDOWS
ARKG,N/A,false,true,false,true,true,,,0,0,T1-B0-S1-I1,INVALID_HEADER,0,0,0,false,false,,TEXT_CONTENT_INTEGRITY_NOT_AUDITED_M2_02;TABLE_MEMBER_MISSING,INCOMPLETE_STRUCTURALLY_VALID_REQUIRED_WINDOWS
ARKK,N/A,false,true,false,true,true,,,0,0,T1-B0-S1-I1,INVALID_HEADER,0,0,0,false,false,,TEXT_CONTENT_INTEGRITY_NOT_AUDITED_M2_02;TABLE_MEMBER_MISSING,INCOMPLETE_STRUCTURALLY_VALID_REQUIRED_WINDOWS
ARKQ,N/A,false,true,false,true,true,,,0,0,T1-B0-S1-I1,INVALID_HEADER,0,0,0,false,false,,TEXT_CONTENT_INTEGRITY_NOT_AUDITED_M2_02;TABLE_MEMBER_MISSING,INCOMPLETE_STRUCTURALLY_VALID_REQUIRED_WINDOWS
ARKR,Consumer Cyclical,false,true,true,true,true,2000-03-31,2023-12-15,1240,1238,T1-B1-S1-I1,PASS_REQUIRED_WINDOWS,0,0,0,true,false,725,TEXT_CONTENT_INTEGRITY_NOT_AUDITED_M2_02,NOT_SELECTED_BY_DETERMINISTIC_DIVERSITY_TIE_BREAK
ARLO,Industrials,false,true,true,true,true,2018-11-02,2023-12-15,270,268,T1-B1-S1-I1,PASS_REQUIRED_WINDOWS,0,0,0,true,false,392,TEXT_CONTENT_INTEGRITY_NOT_AUDITED_M2_02,NOT_SELECTED_BY_DETERMINISTIC_DIVERSITY_TIE_BREAK
ARLP,Energy,false,true,true,true,true,2000-03-31,2023-12-15,1240,1238,T1-B1-S1-I1,PASS_REQUIRED_WINDOWS,0,0,0,true,false,1472,TEXT_CONTENT_INTEGRITY_NOT_AUDITED_M2_02,NOT_SELECTED_BY_DETERMINISTIC_DIVERSITY_TIE_BREAK
ARMK,Industrials,false,true,true,true,true,2014-03-14,2023-12-15,512,510,T1-B1-S1-I1,PASS_REQUIRED_WINDOWS,0,0,0,true,false,978,TEXT_CONTENT_INTEGRITY_NOT_AUDITED_M2_02,NOT_SELECTED_BY_DETERMINISTIC_DIVERSITY_TIE_BREAK
ARMP,Healthcare,false,true,true,true,true,2000-03-31,2023-12-15,1240,1238,T1-B1-S1-I1,PASS_REQUIRED_WINDOWS,0,0,0,true,false,1449,TEXT_CONTENT_INTEGRITY_NOT_AUDITED_M2_02,NOT_SELECTED_BY_DETERMINISTIC_DIVERSITY_TIE_BREAK
ARMR,N/A,false,true,false,true,true,,,0,0,T1-B0-S1-I1,INVALID_HEADER,0,0,0,false,false,,TEXT_CONTENT_INTEGRITY_NOT_AUDITED_M2_02;TABLE_MEMBER_MISSING,INCOMPLETE_STRUCTURALLY_VALID_REQUIRED_WINDOWS
AROC,Energy,false,true,true,true,true,2007-11-16,2023-12-15,842,840,T1-B1-S1-I1,PASS_REQUIRED_WINDOWS,0,0,0,true,false,1098,TEXT_CONTENT_INTEGRITY_NOT_AUDITED_M2_02,NOT_SELECTED_BY_DETERMINISTIC_DIVERSITY_TIE_BREAK
AROW,Financial Services,false,true,true,true,true,2000-03-31,2023-12-15,1240,1238,T1-B1-S1-I1,PASS_REQUIRED_WINDOWS,0,0,0,true,false,2189,TEXT_CONTENT_INTEGRITY_NOT_AUDITED_M2_02,NOT_SELECTED_BY_DETERMINISTIC_DIVERSITY_TIE_BREAK
ARQT,Healthcare,false,true,true,true,true,2020-05-01,2023-12-15,192,190,T1-B1-S1-I1,PASS_REQUIRED_WINDOWS,0,0,0,true,false,2407,TEXT_CONTENT_INTEGRITY_NOT_AUDITED_M2_02,NOT_SELECTED_BY_DETERMINISTIC_DIVERSITY_TIE_BREAK
ARR,Real Estate,false,true,true,true,true,2008-02-29,2023-12-15,827,825,T1-B1-S1-I1,PASS_REQUIRED_WINDOWS,0,0,0,true,true,7,TEXT_CONTENT_INTEGRITY_NOT_AUDITED_M2_02,
ARTL,Healthcare,false,true,true,true,true,2019-09-20,2023-12-15,224,222,T1-B1-S1-I1,PASS_REQUIRED_WINDOWS,0,0,0,true,false,1424,TEXT_CONTENT_INTEGRITY_NOT_AUDITED_M2_02,NOT_SELECTED_BY_DETERMINISTIC_DIVERSITY_TIE_BREAK
ARTW,Industrials,false,true,true,true,true,2000-03-31,2023-12-15,1240,1238,T1-B1-S1-I1,PASS_REQUIRED_WINDOWS,0,0,0,true,false,103,TEXT_CONTENT_INTEGRITY_NOT_AUDITED_M2_02,NOT_SELECTED_BY_DETERMINISTIC_DIVERSITY_TIE_BREAK
ARVN,Healthcare,false,true,true,true,true,2018-12-28,2023-12-15,262,260,T1-B1-S1-I1,PASS_REQUIRED_WINDOWS,0,0,0,true,false,260,TEXT_CONTENT_INTEGRITY_NOT_AUDITED_M2_02,NOT_SELECTED_BY_DETERMINISTIC_DIVERSITY_TIE_BREAK
ARW,Technology,false,true,true,true,true,2000-03-31,2023-12-15,1240,1238,T1-B1-S1-I1,PASS_REQUIRED_WINDOWS,0,0,0,true,false,2666,TEXT_CONTENT_INTEGRITY_NOT_AUDITED_M2_02,NOT_SELECTED_BY_DETERMINISTIC_DIVERSITY_TIE_BREAK
ARWR,Healthcare,false,true,true,true,true,2000-03-31,2023-12-15,1240,1238,T1-B1-S1-I1,PASS_REQUIRED_WINDOWS,0,0,0,true,false,1631,TEXT_CONTENT_INTEGRITY_NOT_AUDITED_M2_02,NOT_SELECTED_BY_DETERMINISTIC_DIVERSITY_TIE_BREAK
ASA,Financial Services,false,true,false,true,true,2000-03-31,2023-12-15,1240,1238,T1-B0-S1-I1,PASS_REQUIRED_WINDOWS,0,0,0,true,false,1133,TEXT_CONTENT_INTEGRITY_NOT_AUDITED_M2_02;TABLE_MEMBER_MISSING,NOT_SELECTED_BY_DETERMINISTIC_DIVERSITY_TIE_BREAK
ASB,Financial Services,false,true,true,true,true,2000-03-31,2023-12-15,1240,1238,T1-B1-S1-I1,PASS_REQUIRED_WINDOWS,0,0,0,true,false,194,TEXT_CONTENT_INTEGRITY_NOT_AUDITED_M2_02,NOT_SELECTED_BY_DETERMINISTIC_DIVERSITY_TIE_BREAK
ASC,Industrials,false,true,true,true,true,2013-10-25,2023-12-15,532,530,T1-B1-S1-I1,PASS_REQUIRED_WINDOWS,0,0,0,true,false,2686,TEXT_CONTENT_INTEGRITY_NOT_AUDITED_M2_02,NOT_SELECTED_BY_DETERMINISTIC_DIVERSITY_TIE_BREAK
ASET,N/A,false,true,false,true,true,,,0,0,T1-B0-S1-I1,INVALID_HEADER,0,0,0,false,false,,TEXT_CONTENT_INTEGRITY_NOT_AUDITED_M2_02;TABLE_MEMBER_MISSING,INCOMPLETE_STRUCTURALLY_VALID_REQUIRED_WINDOWS
ASG,Financial Services,false,true,false,true,true,2000-03-31,2023-12-15,1240,1238,T1-B0-S1-I1,PASS_REQUIRED_WINDOWS,0,0,0,true,false,762,TEXT_CONTENT_INTEGRITY_NOT_AUDITED_M2_02;TABLE_MEMBER_MISSING,NOT_SELECTED_BY_DETERMINISTIC_DIVERSITY_TIE_BREAK
ASGN,Technology,false,true,true,true,true,2000-03-31,2023-12-15,1240,1238,T1-B1-S1-I1,PASS_REQUIRED_WINDOWS,0,0,0,true,false,2103,TEXT_CONTENT_INTEGRITY_NOT_AUDITED_M2_02,NOT_SELECTED_BY_DETERMINISTIC_DIVERSITY_TIE_BREAK
ASH,Basic Materials,false,true,true,true,true,2000-03-31,2023-12-15,1240,1238,T1-B1-S1-I1,PASS_REQUIRED_WINDOWS,0,0,0,true,false,1973,TEXT_CONTENT_INTEGRITY_NOT_AUDITED_M2_02,NOT_SELECTED_BY_DETERMINISTIC_DIVERSITY_TIE_BREAK
ASHR,N/A,false,true,false,true,true,,,0,0,T1-B0-S1-I1,INVALID_HEADER,0,0,0,false,false,,TEXT_CONTENT_INTEGRITY_NOT_AUDITED_M2_02;TABLE_MEMBER_MISSING,INCOMPLETE_STRUCTURALLY_VALID_REQUIRED_WINDOWS
ASHS,N/A,false,true,false,true,true,,,0,0,T1-B0-S1-I1,INVALID_HEADER,0,0,0,false,false,,TEXT_CONTENT_INTEGRITY_NOT_AUDITED_M2_02;TABLE_MEMBER_MISSING,INCOMPLETE_STRUCTURALLY_VALID_REQUIRED_WINDOWS
ASHX,N/A,false,true,false,true,true,,,0,0,T1-B0-S1-I1,INVALID_HEADER,0,0,0,false,false,,TEXT_CONTENT_INTEGRITY_NOT_AUDITED_M2_02;TABLE_MEMBER_MISSING,INCOMPLETE_STRUCTURALLY_VALID_REQUIRED_WINDOWS
ASIX,Basic Materials,false,true,true,true,true,2016-12-09,2023-12-15,369,367,T1-B1-S1-I1,PASS_REQUIRED_WINDOWS,0,0,0,true,false,2702,TEXT_CONTENT_INTEGRITY_NOT_AUDITED_M2_02,NOT_SELECTED_BY_DETERMINISTIC_DIVERSITY_TIE_BREAK
ASM,Basic Materials,false,true,true,true,true,2006-02-17,2023-12-15,933,931,T1-B1-S1-I1,PASS_REQUIRED_WINDOWS,0,0,0,true,false,2896,TEXT_CONTENT_INTEGRITY_NOT_AUDITED_M2_02,NOT_SELECTED_BY_DETERMINISTIC_DIVERSITY_TIE_BREAK
ASML,Technology,false,true,true,true,true,2000-03-31,2023-12-15,1240,1238,T1-B1-S1-I1,PASS_REQUIRED_WINDOWS,0,0,0,true,false,242,TEXT_CONTENT_INTEGRITY_NOT_AUDITED_M2_02,NOT_SELECTED_BY_DETERMINISTIC_DIVERSITY_TIE_BREAK
ASPN,Industrials,false,true,true,true,true,2014-09-12,2023-12-15,486,484,T1-B1-S1-I1,PASS_REQUIRED_WINDOWS,0,0,0,true,false,1490,TEXT_CONTENT_INTEGRITY_NOT_AUDITED_M2_02,NOT_SELECTED_BY_DETERMINISTIC_DIVERSITY_TIE_BREAK
ASRT,Healthcare,false,true,true,true,true,2000-03-31,2023-12-15,1240,1238,T1-B1-S1-I1,PASS_REQUIRED_WINDOWS,0,0,0,true,false,1266,TEXT_CONTENT_INTEGRITY_NOT_AUDITED_M2_02,NOT_SELECTED_BY_DETERMINISTIC_DIVERSITY_TIE_BREAK
ASRV,Financial Services,false,true,true,true,true,2000-03-31,2023-12-15,1240,1238,T1-B1-S1-I1,PASS_REQUIRED_WINDOWS,0,0,0,true,false,964,TEXT_CONTENT_INTEGRITY_NOT_AUDITED_M2_02,NOT_SELECTED_BY_DETERMINISTIC_DIVERSITY_TIE_BREAK
ASTC,Technology,false,true,true,true,true,2000-03-31,2023-12-15,1240,1238,T1-B1-S1-I1,PASS_REQUIRED_WINDOWS,0,0,0,true,false,244,TEXT_CONTENT_INTEGRITY_NOT_AUDITED_M2_02,NOT_SELECTED_BY_DETERMINISTIC_DIVERSITY_TIE_BREAK
ASTE,Industrials,false,true,true,true,true,2000-03-31,2023-12-15,1240,1238,T1-B1-S1-I1,PASS_REQUIRED_WINDOWS,0,0,0,true,false,2904,TEXT_CONTENT_INTEGRITY_NOT_AUDITED_M2_02,NOT_SELECTED_BY_DETERMINISTIC_DIVERSITY_TIE_BREAK
ASUR,Technology,false,true,true,true,true,2000-03-31,2023-12-15,1240,1238,T1-B1-S1-I1,PASS_REQUIRED_WINDOWS,0,0,0,true,false,412,TEXT_CONTENT_INTEGRITY_NOT_AUDITED_M2_02,NOT_SELECTED_BY_DETERMINISTIC_DIVERSITY_TIE_BREAK
ASX,Technology,false,true,true,true,true,2000-12-29,2023-12-15,1201,1199,T1-B1-S1-I1,PASS_REQUIRED_WINDOWS,0,0,0,true,false,2920,TEXT_CONTENT_INTEGRITY_NOT_AUDITED_M2_02,NOT_SELECTED_BY_DETERMINISTIC_DIVERSITY_TIE_BREAK
ASYS,Technology,false,true,true,true,true,2000-03-31,2023-12-15,1240,1238,T1-B1-S1-I1,PASS_REQUIRED_WINDOWS,0,0,0,true,false,1945,TEXT_CONTENT_INTEGRITY_NOT_AUDITED_M2_02,NOT_SELECTED_BY_DETERMINISTIC_DIVERSITY_TIE_BREAK
ATEC,Healthcare,false,true,true,true,true,2006-09-08,2023-12-15,904,902,T1-B1-S1-I1,PASS_REQUIRED_WINDOWS,0,0,0,true,false,1805,TEXT_CONTENT_INTEGRITY_NOT_AUDITED_M2_02,NOT_SELECTED_BY_DETERMINISTIC_DIVERSITY_TIE_BREAK
ATEN,Technology,false,true,true,true,true,2014-06-20,2023-12-15,498,496,T1-B1-S1-I1,PASS_REQUIRED_WINDOWS,0,0,0,true,false,108,TEXT_CONTENT_INTEGRITY_NOT_AUDITED_M2_02,NOT_SELECTED_BY_DETERMINISTIC_DIVERSITY_TIE_BREAK
ATEX,Communication Services,false,true,true,true,true,2015-05-01,2023-12-15,453,451,T1-B1-S1-I1,PASS_REQUIRED_WINDOWS,0,0,0,true,false,1841,TEXT_CONTENT_INTEGRITY_NOT_AUDITED_M2_02,NOT_SELECTED_BY_DETERMINISTIC_DIVERSITY_TIE_BREAK
ATHE,Healthcare,false,true,true,true,true,2003-12-26,2023-12-15,1045,1043,T1-B1-S1-I1,PASS_REQUIRED_WINDOWS,0,0,0,true,false,1689,TEXT_CONTENT_INTEGRITY_NOT_AUDITED_M2_02,NOT_SELECTED_BY_DETERMINISTIC_DIVERSITY_TIE_BREAK
ATHM,Communication Services,false,true,true,true,true,2014-03-14,2023-12-15,512,510,T1-B1-S1-I1,PASS_REQUIRED_WINDOWS,0,0,0,true,false,2627,TEXT_CONTENT_INTEGRITY_NOT_AUDITED_M2_02,NOT_SELECTED_BY_DETERMINISTIC_DIVERSITY_TIE_BREAK
ATI,Industrials,false,true,true,true,true,2000-03-31,2023-12-15,1240,1238,T1-B1-S1-I1,PASS_REQUIRED_WINDOWS,0,0,0,true,false,2597,TEXT_CONTENT_INTEGRITY_NOT_AUDITED_M2_02,NOT_SELECTED_BY_DETERMINISTIC_DIVERSITY_TIE_BREAK
ATKR,Industrials,false,true,true,true,true,2016-09-09,2023-12-15,382,380,T1-B1-S1-I1,PASS_REQUIRED_WINDOWS,0,0,0,true,false,1318,TEXT_CONTENT_INTEGRITY_NOT_AUDITED_M2_02,NOT_SELECTED_BY_DETERMINISTIC_DIVERSITY_TIE_BREAK
ATLO,Financial Services,false,true,true,true,true,2000-05-12,2023-12-15,1234,1232,T1-B1-S1-I1,PASS_REQUIRED_WINDOWS,0,0,0,true,false,2460,TEXT_CONTENT_INTEGRITY_NOT_AUDITED_M2_02,NOT_SELECTED_BY_DETERMINISTIC_DIVERSITY_TIE_BREAK
ATMP,N/A,false,true,true,true,true,,,0,0,T1-B1-S1-I1,INVALID_HEADER,0,0,0,false,false,,TEXT_CONTENT_INTEGRITY_NOT_AUDITED_M2_02,INCOMPLETE_STRUCTURALLY_VALID_REQUIRED_WINDOWS
ATNI,Communication Services,false,true,true,true,true,2000-03-31,2023-12-15,1240,1238,T1-B1-S1-I1,PASS_REQUIRED_WINDOWS,0,0,0,true,false,2009,TEXT_CONTENT_INTEGRITY_NOT_AUDITED_M2_02,NOT_SELECTED_BY_DETERMINISTIC_DIVERSITY_TIE_BREAK
ATNM,Healthcare,false,true,true,true,true,2013-03-28,2023-12-15,562,560,T1-B1-S1-I1,PASS_REQUIRED_WINDOWS,0,0,0,true,false,2116,TEXT_CONTENT_INTEGRITY_NOT_AUDITED_M2_02,NOT_SELECTED_BY_DETERMINISTIC_DIVERSITY_TIE_BREAK
ATO,Utilities,false,true,true,true,true,2000-03-31,2023-12-15,1240,1238,T1-B1-S1-I1,PASS_REQUIRED_WINDOWS,0,0,0,true,false,1919,TEXT_CONTENT_INTEGRITY_NOT_AUDITED_M2_02,NOT_SELECTED_BY_DETERMINISTIC_DIVERSITY_TIE_BREAK
ATOM,Technology,false,true,true,true,true,2016-11-04,2023-12-15,374,372,T1-B1-S1-I1,PASS_REQUIRED_WINDOWS,0,0,0,true,false,774,TEXT_CONTENT_INTEGRITY_NOT_AUDITED_M2_02,NOT_SELECTED_BY_DETERMINISTIC_DIVERSITY_TIE_BREAK
ATOS,Healthcare,false,true,true,true,true,2013-02-08,2023-12-15,569,567,T1-B1-S1-I1,PASS_REQUIRED_WINDOWS,0,0,0,true,false,2653,TEXT_CONTENT_INTEGRITY_NOT_AUDITED_M2_02,NOT_SELECTED_BY_DETERMINISTIC_DIVERSITY_TIE_BREAK
ATR,Healthcare,false,true,true,true,true,2000-03-31,2023-12-15,1240,1238,T1-B1-S1-I1,PASS_REQUIRED_WINDOWS,0,0,0,true,false,1087,TEXT_CONTENT_INTEGRITY_NOT_AUDITED_M2_02,NOT_SELECTED_BY_DETERMINISTIC_DIVERSITY_TIE_BREAK
ATRA,Healthcare,false,true,true,true,true,2015-01-16,2023-12-15,468,466,T1-B1-S1-I1,PASS_REQUIRED_WINDOWS,0,0,0,true,false,581,TEXT_CONTENT_INTEGRITY_NOT_AUDITED_M2_02,NOT_SELECTED_BY_DETERMINISTIC_DIVERSITY_TIE_BREAK
ATRC,Healthcare,false,true,true,true,true,2005-11-04,2023-12-15,948,946,T1-B1-S1-I1,PASS_REQUIRED_WINDOWS,0,0,0,true,false,400,TEXT_CONTENT_INTEGRITY_NOT_AUDITED_M2_02,NOT_SELECTED_BY_DETERMINISTIC_DIVERSITY_TIE_BREAK
ATRO,Industrials,false,true,true,true,true,2000-03-31,2023-12-15,1240,1238,T1-B1-S1-I1,PASS_REQUIRED_WINDOWS,0,0,0,true,false,2036,TEXT_CONTENT_INTEGRITY_NOT_AUDITED_M2_02,NOT_SELECTED_BY_DETERMINISTIC_DIVERSITY_TIE_BREAK
ATSG,Industrials,false,true,true,true,true,2003-10-17,2023-12-15,1055,1053,T1-B1-S1-I1,PASS_REQUIRED_WINDOWS,0,0,0,true,false,1448,TEXT_CONTENT_INTEGRITY_NOT_AUDITED_M2_02,NOT_SELECTED_BY_DETERMINISTIC_DIVERSITY_TIE_BREAK
ATUS,Communication Services,false,true,true,true,true,2017-09-22,2023-12-15,328,326,T1-B1-S1-I1,PASS_REQUIRED_WINDOWS,0,0,0,true,false,2149,TEXT_CONTENT_INTEGRITY_NOT_AUDITED_M2_02,NOT_SELECTED_BY_DETERMINISTIC_DIVERSITY_TIE_BREAK
ATXI,Healthcare,false,true,true,true,true,2017-09-22,2023-12-15,328,326,T1-B1-S1-I1,PASS_REQUIRED_WINDOWS,0,0,0,true,false,1314,TEXT_CONTENT_INTEGRITY_NOT_AUDITED_M2_02,NOT_SELECTED_BY_DETERMINISTIC_DIVERSITY_TIE_BREAK
AUB,Financial Services,false,true,true,true,true,2000-03-31,2023-12-15,1240,1238,T1-B1-S1-I1,PASS_REQUIRED_WINDOWS,0,0,0,true,false,1091,TEXT_CONTENT_INTEGRITY_NOT_AUDITED_M2_02,NOT_SELECTED_BY_DETERMINISTIC_DIVERSITY_TIE_BREAK
AUBN,Financial Services,false,true,true,true,true,2000-03-31,2023-12-15,1240,1238,T1-B1-S1-I1,PASS_REQUIRED_WINDOWS,0,0,0,true,false,598,TEXT_CONTENT_INTEGRITY_NOT_AUDITED_M2_02,NOT_SELECTED_BY_DETERMINISTIC_DIVERSITY_TIE_BREAK
AUDC,Technology,false,true,true,true,true,2000-03-31,2023-12-15,1240,1238,T1-B1-S1-I1,PASS_REQUIRED_WINDOWS,0,0,0,true,false,2098,TEXT_CONTENT_INTEGRITY_NOT_AUDITED_M2_02,NOT_SELECTED_BY_DETERMINISTIC_DIVERSITY_TIE_BREAK
AUPH,Healthcare,false,true,true,true,true,2014-11-28,2023-12-15,475,473,T1-B1-S1-I1,PASS_REQUIRED_WINDOWS,0,0,0,true,false,88,TEXT_CONTENT_INTEGRITY_NOT_AUDITED_M2_02,NOT_SELECTED_BY_DETERMINISTIC_DIVERSITY_TIE_BREAK
AVA,Utilities,false,true,true,true,true,2000-03-31,2023-12-15,1240,1238,T1-B1-S1-I1,PASS_REQUIRED_WINDOWS,0,0,0,true,false,1795,TEXT_CONTENT_INTEGRITY_NOT_AUDITED_M2_02,NOT_SELECTED_BY_DETERMINISTIC_DIVERSITY_TIE_BREAK
AVAL,Financial Services,false,true,true,true,true,2014-12-19,2023-12-15,472,470,T1-B1-S1-I1,PASS_REQUIRED_WINDOWS,0,0,0,true,false,350,TEXT_CONTENT_INTEGRITY_NOT_AUDITED_M2_02,NOT_SELECTED_BY_DETERMINISTIC_DIVERSITY_TIE_BREAK
AVAV,Industrials,false,true,true,true,true,2007-04-20,2023-12-15,872,870,T1-B1-S1-I1,PASS_REQUIRED_WINDOWS,0,0,0,true,false,1911,TEXT_CONTENT_INTEGRITY_NOT_AUDITED_M2_02,NOT_SELECTED_BY_DETERMINISTIC_DIVERSITY_TIE_BREAK
AVB,Real Estate,false,true,true,true,true,2000-03-31,2023-12-15,1240,1238,T1-B1-S1-I1,PASS_REQUIRED_WINDOWS,0,0,0,true,false,1359,TEXT_CONTENT_INTEGRITY_NOT_AUDITED_M2_02,NOT_SELECTED_BY_DETERMINISTIC_DIVERSITY_TIE_BREAK
AVDE,N/A,false,true,false,true,true,,,0,0,T1-B0-S1-I1,INVALID_HEADER,0,0,0,false,false,,TEXT_CONTENT_INTEGRITY_NOT_AUDITED_M2_02;TABLE_MEMBER_MISSING,INCOMPLETE_STRUCTURALLY_VALID_REQUIRED_WINDOWS
AVDL,Healthcare,false,true,true,true,true,2000-03-31,2023-12-15,1240,1238,T1-B1-S1-I1,PASS_REQUIRED_WINDOWS,0,0,0,true,false,2870,TEXT_CONTENT_INTEGRITY_NOT_AUDITED_M2_02,NOT_SELECTED_BY_DETERMINISTIC_DIVERSITY_TIE_BREAK
AVDV,N/A,false,true,false,true,true,,,0,0,T1-B0-S1-I1,INVALID_HEADER,0,0,0,false,false,,TEXT_CONTENT_INTEGRITY_NOT_AUDITED_M2_02;TABLE_MEMBER_MISSING,INCOMPLETE_STRUCTURALLY_VALID_REQUIRED_WINDOWS
AVEM,N/A,false,true,false,true,true,,,0,0,T1-B0-S1-I1,INVALID_HEADER,0,0,0,false,false,,TEXT_CONTENT_INTEGRITY_NOT_AUDITED_M2_02;TABLE_MEMBER_MISSING,INCOMPLETE_STRUCTURALLY_VALID_REQUIRED_WINDOWS
AVGO,Technology,false,true,true,true,true,2009-10-30,2023-12-15,740,738,T1-B1-S1-I1,PASS_REQUIRED_WINDOWS,0,0,0,true,false,801,TEXT_CONTENT_INTEGRITY_NOT_AUDITED_M2_02,NOT_SELECTED_BY_DETERMINISTIC_DIVERSITY_TIE_BREAK
AVGR,Healthcare,false,true,false,true,true,2015-05-01,2023-12-15,453,451,T1-B0-S1-I1,PASS_REQUIRED_WINDOWS,0,0,0,true,false,1578,TEXT_CONTENT_INTEGRITY_NOT_AUDITED_M2_02;TABLE_MEMBER_MISSING,NOT_SELECTED_BY_DETERMINISTIC_DIVERSITY_TIE_BREAK
AVK,Financial Services,false,true,false,true,true,2003-07-25,2023-12-15,1067,1065,T1-B0-S1-I1,PASS_REQUIRED_WINDOWS,0,0,0,true,false,2828,TEXT_CONTENT_INTEGRITY_NOT_AUDITED_M2_02;TABLE_MEMBER_MISSING,NOT_SELECTED_BY_DETERMINISTIC_DIVERSITY_TIE_BREAK
AVNS,Healthcare,false,true,true,true,true,2015-01-16,2023-12-15,468,466,T1-B1-S1-I1,PASS_REQUIRED_WINDOWS,0,0,0,true,false,2039,TEXT_CONTENT_INTEGRITY_NOT_AUDITED_M2_02,NOT_SELECTED_BY_DETERMINISTIC_DIVERSITY_TIE_BREAK
AVNW,Technology,false,true,true,true,true,2000-03-31,2023-12-15,1240,1238,T1-B1-S1-I1,PASS_REQUIRED_WINDOWS,0,0,0,true,false,1300,TEXT_CONTENT_INTEGRITY_NOT_AUDITED_M2_02,NOT_SELECTED_BY_DETERMINISTIC_DIVERSITY_TIE_BREAK
AVT,Technology,false,true,true,true,true,2000-03-31,2023-12-15,1240,1238,T1-B1-S1-I1,PASS_REQUIRED_WINDOWS,0,0,0,true,false,2034,TEXT_CONTENT_INTEGRITY_NOT_AUDITED_M2_02,NOT_SELECTED_BY_DETERMINISTIC_DIVERSITY_TIE_BREAK
AVTR,Healthcare,false,true,true,true,true,2019-08-16,2023-12-15,229,227,T1-B1-S1-I1,PASS_REQUIRED_WINDOWS,0,0,0,true,false,1328,TEXT_CONTENT_INTEGRITY_NOT_AUDITED_M2_02,NOT_SELECTED_BY_DETERMINISTIC_DIVERSITY_TIE_BREAK
AVUS,N/A,false,true,false,true,true,,,0,0,T1-B0-S1-I1,INVALID_HEADER,0,0,0,false,false,,TEXT_CONTENT_INTEGRITY_NOT_AUDITED_M2_02;TABLE_MEMBER_MISSING,INCOMPLETE_STRUCTURALLY_VALID_REQUIRED_WINDOWS
AVUV,N/A,false,true,false,true,true,,,0,0,T1-B0-S1-I1,INVALID_HEADER,0,0,0,false,false,,TEXT_CONTENT_INTEGRITY_NOT_AUDITED_M2_02;TABLE_MEMBER_MISSING,INCOMPLETE_STRUCTURALLY_VALID_REQUIRED_WINDOWS
AVY,Consumer Cyclical,false,true,true,true,true,2000-03-31,2023-12-15,1240,1238,T1-B1-S1-I1,PASS_REQUIRED_WINDOWS,0,0,0,true,false,2296,TEXT_CONTENT_INTEGRITY_NOT_AUDITED_M2_02,NOT_SELECTED_BY_DETERMINISTIC_DIVERSITY_TIE_BREAK
AWF,Financial Services,false,true,false,true,true,2000-03-31,2023-12-15,1240,1238,T1-B0-S1-I1,PASS_REQUIRED_WINDOWS,0,0,0,true,false,2464,TEXT_CONTENT_INTEGRITY_NOT_AUDITED_M2_02;TABLE_MEMBER_MISSING,NOT_SELECTED_BY_DETERMINISTIC_DIVERSITY_TIE_BREAK
AWI,Industrials,false,true,true,true,true,2007-01-19,2023-12-15,885,883,T1-B1-S1-I1,PASS_REQUIRED_WINDOWS,0,0,0,true,false,2519,TEXT_CONTENT_INTEGRITY_NOT_AUDITED_M2_02,NOT_SELECTED_BY_DETERMINISTIC_DIVERSITY_TIE_BREAK
AWK,Utilities,false,true,true,true,true,2008-07-18,2023-12-15,807,805,T1-B1-S1-I1,PASS_REQUIRED_WINDOWS,0,0,0,true,false,2856,TEXT_CONTENT_INTEGRITY_NOT_AUDITED_M2_02,NOT_SELECTED_BY_DETERMINISTIC_DIVERSITY_TIE_BREAK
AWP,Financial Services,false,true,false,true,true,2007-07-27,2023-12-15,858,856,T1-B0-S1-I1,PASS_REQUIRED_WINDOWS,0,0,0,true,false,1402,TEXT_CONTENT_INTEGRITY_NOT_AUDITED_M2_02;TABLE_MEMBER_MISSING,NOT_SELECTED_BY_DETERMINISTIC_DIVERSITY_TIE_BREAK
AWR,Utilities,false,true,true,true,true,2000-03-31,2023-12-15,1240,1238,T1-B1-S1-I1,PASS_REQUIRED_WINDOWS,0,0,0,true,false,1150,TEXT_CONTENT_INTEGRITY_NOT_AUDITED_M2_02,NOT_SELECTED_BY_DETERMINISTIC_DIVERSITY_TIE_BREAK
AWRE,Technology,false,true,true,true,true,2000-03-31,2023-12-15,1240,1238,T1-B1-S1-I1,PASS_REQUIRED_WINDOWS,0,0,0,true,false,2210,TEXT_CONTENT_INTEGRITY_NOT_AUDITED_M2_02,NOT_SELECTED_BY_DETERMINISTIC_DIVERSITY_TIE_BREAK
AXDX,Healthcare,false,true,true,true,true,2000-03-31,2023-12-15,1240,1238,T1-B1-S1-I1,PASS_REQUIRED_WINDOWS,0,0,0,true,false,1379,TEXT_CONTENT_INTEGRITY_NOT_AUDITED_M2_02,NOT_SELECTED_BY_DETERMINISTIC_DIVERSITY_TIE_BREAK
AXGN,Healthcare,false,true,true,true,true,2000-03-31,2023-12-15,1240,1238,T1-B1-S1-I1,PASS_REQUIRED_WINDOWS,0,0,0,true,false,2881,TEXT_CONTENT_INTEGRITY_NOT_AUDITED_M2_02,NOT_SELECTED_BY_DETERMINISTIC_DIVERSITY_TIE_BREAK
AXP,Financial Services,false,true,true,true,true,2000-03-31,2023-12-15,1240,1238,T1-B1-S1-I1,PASS_REQUIRED_WINDOWS,0,0,0,true,false,2331,TEXT_CONTENT_INTEGRITY_NOT_AUDITED_M2_02,NOT_SELECTED_BY_DETERMINISTIC_DIVERSITY_TIE_BREAK
AXR,Real Estate,false,true,true,true,true,2000-03-31,2023-12-15,1240,1238,T1-B1-S1-I1,PASS_REQUIRED_WINDOWS,0,0,0,true,false,2357,TEXT_CONTENT_INTEGRITY_NOT_AUDITED_M2_02,NOT_SELECTED_BY_DETERMINISTIC_DIVERSITY_TIE_BREAK
AXS,Financial Services,false,true,true,true,true,2003-09-26,2023-12-15,1058,1056,T1-B1-S1-I1,PASS_REQUIRED_WINDOWS,0,0,0,true,false,2781,TEXT_CONTENT_INTEGRITY_NOT_AUDITED_M2_02,NOT_SELECTED_BY_DETERMINISTIC_DIVERSITY_TIE_BREAK
AXTA,Basic Materials,false,true,true,true,true,2015-02-13,2023-12-15,464,462,T1-B1-S1-I1,PASS_REQUIRED_WINDOWS,0,0,0,true,false,2026,TEXT_CONTENT_INTEGRITY_NOT_AUDITED_M2_02,NOT_SELECTED_BY_DETERMINISTIC_DIVERSITY_TIE_BREAK
AYRO,Consumer Cyclical,false,true,true,true,true,2004-01-02,2023-12-15,1044,1042,T1-B1-S1-I1,PASS_REQUIRED_WINDOWS,0,0,0,true,false,1369,TEXT_CONTENT_INTEGRITY_NOT_AUDITED_M2_02,NOT_SELECTED_BY_DETERMINISTIC_DIVERSITY_TIE_BREAK
AZEK,Industrials,false,true,true,true,true,2020-09-11,2023-12-15,173,171,T1-B1-S1-I1,PASS_REQUIRED_WINDOWS,0,0,0,true,false,857,TEXT_CONTENT_INTEGRITY_NOT_AUDITED_M2_02,NOT_SELECTED_BY_DETERMINISTIC_DIVERSITY_TIE_BREAK
AZN,Healthcare,false,true,true,true,true,2000-03-31,2023-12-15,1240,1238,T1-B1-S1-I1,PASS_REQUIRED_WINDOWS,0,0,0,true,false,28,TEXT_CONTENT_INTEGRITY_NOT_AUDITED_M2_02,NOT_SELECTED_BY_DETERMINISTIC_DIVERSITY_TIE_BREAK
AZO,Consumer Cyclical,false,true,true,true,true,2000-03-31,2023-12-15,1240,1238,T1-B1-S1-I1,PASS_REQUIRED_WINDOWS,0,0,0,true,false,2408,TEXT_CONTENT_INTEGRITY_NOT_AUDITED_M2_02,NOT_SELECTED_BY_DETERMINISTIC_DIVERSITY_TIE_BREAK
AZUL,Industrials,false,true,true,true,true,2017-07-07,2023-12-15,339,337,T1-B1-S1-I1,PASS_REQUIRED_WINDOWS,0,0,0,true,false,2032,TEXT_CONTENT_INTEGRITY_NOT_AUDITED_M2_02,NOT_SELECTED_BY_DETERMINISTIC_DIVERSITY_TIE_BREAK
AZZ,Industrials,false,true,true,true,true,2000-03-31,2023-12-15,1240,1238,T1-B1-S1-I1,PASS_REQUIRED_WINDOWS,0,0,0,true,false,1315,TEXT_CONTENT_INTEGRITY_NOT_AUDITED_M2_02,NOT_SELECTED_BY_DETERMINISTIC_DIVERSITY_TIE_BREAK
BA,Industrials,false,true,true,true,true,2000-03-31,2023-12-15,1240,1238,T1-B1-S1-I1,PASS_REQUIRED_WINDOWS,0,0,0,true,false,411,TEXT_CONTENT_INTEGRITY_NOT_AUDITED_M2_02,NOT_SELECTED_BY_DETERMINISTIC_DIVERSITY_TIE_BREAK
BAB,N/A,false,true,false,true,true,,,0,0,T1-B0-S1-I1,INVALID_HEADER,0,0,0,false,false,,TEXT_CONTENT_INTEGRITY_NOT_AUDITED_M2_02;TABLE_MEMBER_MISSING,INCOMPLETE_STRUCTURALLY_VALID_REQUIRED_WINDOWS
BABA,Consumer Cyclical,false,true,true,true,true,2014-12-19,2023-12-15,472,470,T1-B1-S1-I1,PASS_REQUIRED_WINDOWS,0,0,0,true,false,1738,TEXT_CONTENT_INTEGRITY_NOT_AUDITED_M2_02,NOT_SELECTED_BY_DETERMINISTIC_DIVERSITY_TIE_BREAK
BAH,Industrials,false,true,true,true,true,2011-02-18,2023-12-15,672,670,T1-B1-S1-I1,PASS_REQUIRED_WINDOWS,0,0,0,true,false,2035,TEXT_CONTENT_INTEGRITY_NOT_AUDITED_M2_02,NOT_SELECTED_BY_DETERMINISTIC_DIVERSITY_TIE_BREAK
BAK,Basic Materials,false,true,true,true,true,2000-03-31,2023-12-15,1240,1238,T1-B1-S1-I1,PASS_REQUIRED_WINDOWS,0,0,0,true,false,1646,TEXT_CONTENT_INTEGRITY_NOT_AUDITED_M2_02,NOT_SELECTED_BY_DETERMINISTIC_DIVERSITY_TIE_BREAK
BAM,Financial Services,false,true,true,true,true,2023-03-03,2023-12-15,44,42,T1-B1-S1-I1,PASS_REQUIRED_WINDOWS,0,0,0,true,false,221,TEXT_CONTENT_INTEGRITY_NOT_AUDITED_M2_02,NOT_SELECTED_BY_DETERMINISTIC_DIVERSITY_TIE_BREAK
BANC,Financial Services,false,true,true,true,true,2002-11-22,2023-12-15,1102,1100,T1-B1-S1-I1,PASS_REQUIRED_WINDOWS,0,0,0,true,false,865,TEXT_CONTENT_INTEGRITY_NOT_AUDITED_M2_02,NOT_SELECTED_BY_DETERMINISTIC_DIVERSITY_TIE_BREAK
BAND,Technology,false,true,true,true,true,2018-02-09,2023-12-15,308,306,T1-B1-S1-I1,PASS_REQUIRED_WINDOWS,0,0,0,true,false,2740,TEXT_CONTENT_INTEGRITY_NOT_AUDITED_M2_02,NOT_SELECTED_BY_DETERMINISTIC_DIVERSITY_TIE_BREAK
BANX,Financial Services,false,true,false,true,true,2014-02-07,2023-12-15,517,515,T1-B0-S1-I1,PASS_REQUIRED_WINDOWS,0,0,0,true,false,2899,TEXT_CONTENT_INTEGRITY_NOT_AUDITED_M2_02;TABLE_MEMBER_MISSING,NOT_SELECTED_BY_DETERMINISTIC_DIVERSITY_TIE_BREAK
BAP,Financial Services,false,true,true,true,true,2000-03-31,2023-12-15,1240,1238,T1-B1-S1-I1,PASS_REQUIRED_WINDOWS,0,0,0,true,false,1190,TEXT_CONTENT_INTEGRITY_NOT_AUDITED_M2_02,NOT_SELECTED_BY_DETERMINISTIC_DIVERSITY_TIE_BREAK
BAR,N/A,false,true,true,true,true,,,0,0,T1-B1-S1-I1,INVALID_HEADER,0,0,0,false,false,,TEXT_CONTENT_INTEGRITY_NOT_AUDITED_M2_02,INCOMPLETE_STRUCTURALLY_VALID_REQUIRED_WINDOWS
BATRA,Communication Services,false,true,true,true,true,2016-07-15,2023-12-15,390,388,T1-B1-S1-I1,PASS_REQUIRED_WINDOWS,0,0,0,true,false,2769,TEXT_CONTENT_INTEGRITY_NOT_AUDITED_M2_02,NOT_SELECTED_BY_DETERMINISTIC_DIVERSITY_TIE_BREAK
BATRK,Communication Services,false,true,true,true,true,2016-07-15,2023-12-15,390,388,T1-B1-S1-I1,PASS_REQUIRED_WINDOWS,0,0,0,true,false,2280,TEXT_CONTENT_INTEGRITY_NOT_AUDITED_M2_02,NOT_SELECTED_BY_DETERMINISTIC_DIVERSITY_TIE_BREAK
BATT,N/A,false,true,false,true,true,,,0,0,T1-B0-S1-I1,INVALID_HEADER,0,0,0,false,false,,TEXT_CONTENT_INTEGRITY_NOT_AUDITED_M2_02;TABLE_MEMBER_MISSING,INCOMPLETE_STRUCTURALLY_VALID_REQUIRED_WINDOWS
BAX,Healthcare,false,true,true,true,true,2000-03-31,2023-12-15,1240,1238,T1-B1-S1-I1,PASS_REQUIRED_WINDOWS,0,0,0,true,false,1154,TEXT_CONTENT_INTEGRITY_NOT_AUDITED_M2_02,NOT_SELECTED_BY_DETERMINISTIC_DIVERSITY_TIE_BREAK
BB,Technology,false,true,true,true,true,2000-03-31,2023-12-15,1240,1238,T1-B1-S1-I1,PASS_REQUIRED_WINDOWS,0,0,0,true,false,671,TEXT_CONTENT_INTEGRITY_NOT_AUDITED_M2_02,NOT_SELECTED_BY_DETERMINISTIC_DIVERSITY_TIE_BREAK
BBAR,Financial Services,false,true,true,true,true,2000-03-31,2023-12-15,1240,1238,T1-B1-S1-I1,PASS_REQUIRED_WINDOWS,0,0,0,true,false,1987,TEXT_CONTENT_INTEGRITY_NOT_AUDITED_M2_02,NOT_SELECTED_BY_DETERMINISTIC_DIVERSITY_TIE_BREAK
BBAX,N/A,false,true,false,true,true,,,0,0,T1-B0-S1-I1,INVALID_HEADER,0,0,0,false,false,,TEXT_CONTENT_INTEGRITY_NOT_AUDITED_M2_02;TABLE_MEMBER_MISSING,INCOMPLETE_STRUCTURALLY_VALID_REQUIRED_WINDOWS
BBC,N/A,false,true,false,true,true,,,0,0,T1-B0-S1-I1,INVALID_HEADER,0,0,0,false,false,,TEXT_CONTENT_INTEGRITY_NOT_AUDITED_M2_02;TABLE_MEMBER_MISSING,INCOMPLETE_STRUCTURALLY_VALID_REQUIRED_WINDOWS
BBCA,N/A,false,true,false,true,true,,,0,0,T1-B0-S1-I1,INVALID_HEADER,0,0,0,false,false,,TEXT_CONTENT_INTEGRITY_NOT_AUDITED_M2_02;TABLE_MEMBER_MISSING,INCOMPLETE_STRUCTURALLY_VALID_REQUIRED_WINDOWS
BBCP,Industrials,false,true,true,true,true,2017-11-17,2023-12-15,320,318,T1-B1-S1-I1,PASS_REQUIRED_WINDOWS,0,0,0,true,false,2807,TEXT_CONTENT_INTEGRITY_NOT_AUDITED_M2_02,NOT_SELECTED_BY_DETERMINISTIC_DIVERSITY_TIE_BREAK
BBD,Financial Services,false,true,true,true,true,2002-11-01,2023-12-15,1105,1103,T1-B1-S1-I1,PASS_REQUIRED_WINDOWS,0,0,0,true,false,2708,TEXT_CONTENT_INTEGRITY_NOT_AUDITED_M2_02,NOT_SELECTED_BY_DETERMINISTIC_DIVERSITY_TIE_BREAK
BBDC,Financial Services,false,true,true,true,true,2007-05-18,2023-12-15,868,866,T1-B1-S1-I1,PASS_REQUIRED_WINDOWS,0,0,0,true,false,1942,TEXT_CONTENT_INTEGRITY_NOT_AUDITED_M2_02,NOT_SELECTED_BY_DETERMINISTIC_DIVERSITY_TIE_BREAK
BBDO,Financial Services,false,true,true,true,true,2012-06-08,2023-12-15,604,602,T1-B1-S1-I1,PASS_REQUIRED_WINDOWS,0,0,0,true,false,1422,TEXT_CONTENT_INTEGRITY_NOT_AUDITED_M2_02,NOT_SELECTED_BY_DETERMINISTIC_DIVERSITY_TIE_BREAK
BBEU,N/A,false,true,false,true,true,,,0,0,T1-B0-S1-I1,INVALID_HEADER,0,0,0,false,false,,TEXT_CONTENT_INTEGRITY_NOT_AUDITED_M2_02;TABLE_MEMBER_MISSING,INCOMPLETE_STRUCTURALLY_VALID_REQUIRED_WINDOWS
BBGI,Communication Services,false,true,true,true,true,2000-05-12,2023-12-15,1234,1232,T1-B1-S1-I1,PASS_REQUIRED_WINDOWS,0,0,0,true,false,1840,TEXT_CONTENT_INTEGRITY_NOT_AUDITED_M2_02,NOT_SELECTED_BY_DETERMINISTIC_DIVERSITY_TIE_BREAK
BBH,N/A,false,true,false,true,true,,,0,0,T1-B0-S1-I1,INVALID_HEADER,0,0,0,false,false,,TEXT_CONTENT_INTEGRITY_NOT_AUDITED_M2_02;TABLE_MEMBER_MISSING,INCOMPLETE_STRUCTURALLY_VALID_REQUIRED_WINDOWS
BBIO,Healthcare,false,true,true,true,true,2019-09-27,2023-12-15,223,221,T1-B1-S1-I1,PASS_REQUIRED_WINDOWS,0,0,0,true,false,2816,TEXT_CONTENT_INTEGRITY_NOT_AUDITED_M2_02,NOT_SELECTED_BY_DETERMINISTIC_DIVERSITY_TIE_BREAK
BBJP,N/A,false,true,false,true,true,,,0,0,T1-B0-S1-I1,INVALID_HEADER,0,0,0,false,false,,TEXT_CONTENT_INTEGRITY_NOT_AUDITED_M2_02;TABLE_MEMBER_MISSING,INCOMPLETE_STRUCTURALLY_VALID_REQUIRED_WINDOWS
BBN,Financial Services,false,true,false,true,true,2010-11-26,2023-12-15,684,682,T1-B0-S1-I1,PASS_REQUIRED_WINDOWS,0,0,0,true,false,485,TEXT_CONTENT_INTEGRITY_NOT_AUDITED_M2_02;TABLE_MEMBER_MISSING,NOT_SELECTED_BY_DETERMINISTIC_DIVERSITY_TIE_BREAK
BBSI,Industrials,false,true,true,true,true,2000-03-31,2023-12-15,1240,1238,T1-B1-S1-I1,PASS_REQUIRED_WINDOWS,0,0,0,true,false,316,TEXT_CONTENT_INTEGRITY_NOT_AUDITED_M2_02,NOT_SELECTED_BY_DETERMINISTIC_DIVERSITY_TIE_BREAK
BBU,Industrials,false,true,true,true,true,2016-08-26,2023-12-15,384,382,T1-B1-S1-I1,PASS_REQUIRED_WINDOWS,0,0,0,true,false,2499,TEXT_CONTENT_INTEGRITY_NOT_AUDITED_M2_02,NOT_SELECTED_BY_DETERMINISTIC_DIVERSITY_TIE_BREAK
BBUS,N/A,false,true,false,true,true,,,0,0,T1-B0-S1-I1,INVALID_HEADER,0,0,0,false,false,,TEXT_CONTENT_INTEGRITY_NOT_AUDITED_M2_02;TABLE_MEMBER_MISSING,INCOMPLETE_STRUCTURALLY_VALID_REQUIRED_WINDOWS
BBVA,Financial Services,false,true,true,true,true,2000-03-31,2023-12-15,1240,1238,T1-B1-S1-I1,PASS_REQUIRED_WINDOWS,0,0,0,true,false,2001,TEXT_CONTENT_INTEGRITY_NOT_AUDITED_M2_02,NOT_SELECTED_BY_DETERMINISTIC_DIVERSITY_TIE_BREAK
BBW,Consumer Cyclical,false,true,true,true,true,2005-01-28,2023-12-15,988,986,T1-B1-S1-I1,PASS_REQUIRED_WINDOWS,0,0,0,true,false,1509,TEXT_CONTENT_INTEGRITY_NOT_AUDITED_M2_02,NOT_SELECTED_BY_DETERMINISTIC_DIVERSITY_TIE_BREAK
BBY,Consumer Cyclical,false,true,true,true,true,2000-03-31,2023-12-15,1240,1238,T1-B1-S1-I1,PASS_REQUIRED_WINDOWS,0,0,0,true,false,1357,TEXT_CONTENT_INTEGRITY_NOT_AUDITED_M2_02,NOT_SELECTED_BY_DETERMINISTIC_DIVERSITY_TIE_BREAK
BC,Consumer Cyclical,false,true,true,true,true,2000-03-31,2023-12-15,1240,1238,T1-B1-S1-I1,PASS_REQUIRED_WINDOWS,0,0,0,true,false,2539,TEXT_CONTENT_INTEGRITY_NOT_AUDITED_M2_02,NOT_SELECTED_BY_DETERMINISTIC_DIVERSITY_TIE_BREAK
BCBP,Financial Services,false,true,true,true,true,2004-01-16,2023-12-15,1042,1040,T1-B1-S1-I1,PASS_REQUIRED_WINDOWS,0,0,0,true,false,2136,TEXT_CONTENT_INTEGRITY_NOT_AUDITED_M2_02,NOT_SELECTED_BY_DETERMINISTIC_DIVERSITY_TIE_BREAK
BCDA,Healthcare,false,true,true,true,true,2000-03-31,2023-12-15,1240,1238,T1-B1-S1-I1,PASS_REQUIRED_WINDOWS,0,0,0,true,false,743,TEXT_CONTENT_INTEGRITY_NOT_AUDITED_M2_02,NOT_SELECTED_BY_DETERMINISTIC_DIVERSITY_TIE_BREAK
BCE,Communication Services,false,true,true,true,true,2000-03-31,2023-12-15,1240,1238,T1-B1-S1-I1,PASS_REQUIRED_WINDOWS,0,0,0,true,false,2502,TEXT_CONTENT_INTEGRITY_NOT_AUDITED_M2_02,NOT_SELECTED_BY_DETERMINISTIC_DIVERSITY_TIE_BREAK
BCH,Financial Services,false,true,true,true,true,2002-11-01,2023-12-15,1105,1103,T1-B1-S1-I1,PASS_REQUIRED_WINDOWS,0,0,0,true,false,849,TEXT_CONTENT_INTEGRITY_NOT_AUDITED_M2_02,NOT_SELECTED_BY_DETERMINISTIC_DIVERSITY_TIE_BREAK
BCI,N/A,false,true,false,true,true,,,0,0,T1-B0-S1-I1,INVALID_HEADER,0,0,0,false,false,,TEXT_CONTENT_INTEGRITY_NOT_AUDITED_M2_02;TABLE_MEMBER_MISSING,INCOMPLETE_STRUCTURALLY_VALID_REQUIRED_WINDOWS
BCLI,Healthcare,false,true,true,true,true,2004-01-02,2023-12-15,1044,1042,T1-B1-S1-I1,PASS_REQUIRED_WINDOWS,0,0,0,true,false,229,TEXT_CONTENT_INTEGRITY_NOT_AUDITED_M2_02,NOT_SELECTED_BY_DETERMINISTIC_DIVERSITY_TIE_BREAK
BCML,Financial Services,false,true,true,true,true,2006-02-10,2023-12-15,934,932,T1-B1-S1-I1,PASS_REQUIRED_WINDOWS,0,0,0,true,false,2647,TEXT_CONTENT_INTEGRITY_NOT_AUDITED_M2_02,NOT_SELECTED_BY_DETERMINISTIC_DIVERSITY_TIE_BREAK
BCO,Industrials,false,true,true,true,true,2000-03-31,2023-12-15,1240,1238,T1-B1-S1-I1,PASS_REQUIRED_WINDOWS,0,0,0,true,false,2621,TEXT_CONTENT_INTEGRITY_NOT_AUDITED_M2_02,NOT_SELECTED_BY_DETERMINISTIC_DIVERSITY_TIE_BREAK
BCPC,Basic Materials,false,true,true,true,true,2000-03-31,2023-12-15,1240,1238,T1-B1-S1-I1,PASS_REQUIRED_WINDOWS,0,0,0,true,false,547,TEXT_CONTENT_INTEGRITY_NOT_AUDITED_M2_02,NOT_SELECTED_BY_DETERMINISTIC_DIVERSITY_TIE_BREAK
BCRX,Healthcare,false,true,true,true,true,2000-03-31,2023-12-15,1240,1238,T1-B1-S1-I1,PASS_REQUIRED_WINDOWS,0,0,0,true,false,2428,TEXT_CONTENT_INTEGRITY_NOT_AUDITED_M2_02,NOT_SELECTED_BY_DETERMINISTIC_DIVERSITY_TIE_BREAK
BCSF,Financial Services,false,true,true,true,true,2019-02-15,2023-12-15,255,253,T1-B1-S1-I1,PASS_REQUIRED_WINDOWS,0,0,0,true,false,2876,TEXT_CONTENT_INTEGRITY_NOT_AUDITED_M2_02,NOT_SELECTED_BY_DETERMINISTIC_DIVERSITY_TIE_BREAK
BCV,Financial Services,false,true,false,true,true,2000-03-31,2023-12-15,1240,1238,T1-B0-S1-I1,PASS_REQUIRED_WINDOWS,0,0,0,true,false,2867,TEXT_CONTENT_INTEGRITY_NOT_AUDITED_M2_02;TABLE_MEMBER_MISSING,NOT_SELECTED_BY_DETERMINISTIC_DIVERSITY_TIE_BREAK
BCX,Financial Services,false,true,false,true,true,2011-06-24,2023-12-15,654,652,T1-B0-S1-I1,PASS_REQUIRED_WINDOWS,0,0,0,true,false,649,TEXT_CONTENT_INTEGRITY_NOT_AUDITED_M2_02;TABLE_MEMBER_MISSING,NOT_SELECTED_BY_DETERMINISTIC_DIVERSITY_TIE_BREAK
BCYC,Healthcare,false,true,true,true,true,2019-08-23,2023-12-15,228,226,T1-B1-S1-I1,PASS_REQUIRED_WINDOWS,0,0,0,true,false,1857,TEXT_CONTENT_INTEGRITY_NOT_AUDITED_M2_02,NOT_SELECTED_BY_DETERMINISTIC_DIVERSITY_TIE_BREAK
BDC,Technology,false,true,true,true,true,2000-03-31,2023-12-15,1240,1238,T1-B1-S1-I1,PASS_REQUIRED_WINDOWS,0,0,0,true,false,2319,TEXT_CONTENT_INTEGRITY_NOT_AUDITED_M2_02,NOT_SELECTED_BY_DETERMINISTIC_DIVERSITY_TIE_BREAK
BDJ,Financial Services,false,true,false,true,true,2005-11-25,2023-12-15,945,943,T1-B0-S1-I1,PASS_REQUIRED_WINDOWS,0,0,0,true,false,1232,TEXT_CONTENT_INTEGRITY_NOT_AUDITED_M2_02;TABLE_MEMBER_MISSING,NOT_SELECTED_BY_DETERMINISTIC_DIVERSITY_TIE_BREAK
BDN,Real Estate,false,true,true,true,true,2000-03-31,2023-12-15,1240,1238,T1-B1-S1-I1,PASS_REQUIRED_WINDOWS,0,0,0,true,false,1912,TEXT_CONTENT_INTEGRITY_NOT_AUDITED_M2_02,NOT_SELECTED_BY_DETERMINISTIC_DIVERSITY_TIE_BREAK
BDRY,N/A,false,true,true,true,true,,,0,0,T1-B1-S1-I1,INVALID_HEADER,0,0,0,false,false,,TEXT_CONTENT_INTEGRITY_NOT_AUDITED_M2_02,INCOMPLETE_STRUCTURALLY_VALID_REQUIRED_WINDOWS
BDTX,Healthcare,false,true,true,true,true,2020-05-01,2023-12-15,192,190,T1-B1-S1-I1,PASS_REQUIRED_WINDOWS,0,0,0,true,false,1563,TEXT_CONTENT_INTEGRITY_NOT_AUDITED_M2_02,NOT_SELECTED_BY_DETERMINISTIC_DIVERSITY_TIE_BREAK
BE,Industrials,false,true,true,true,true,2018-10-19,2023-12-15,272,270,T1-B1-S1-I1,PASS_REQUIRED_WINDOWS,0,0,0,true,false,901,TEXT_CONTENT_INTEGRITY_NOT_AUDITED_M2_02,NOT_SELECTED_BY_DETERMINISTIC_DIVERSITY_TIE_BREAK
BEAM,Healthcare,false,true,true,true,true,2020-05-08,2023-12-15,191,189,T1-B1-S1-I1,PASS_REQUIRED_WINDOWS,0,0,0,true,false,105,TEXT_CONTENT_INTEGRITY_NOT_AUDITED_M2_02,NOT_SELECTED_BY_DETERMINISTIC_DIVERSITY_TIE_BREAK
BEAT,Healthcare,false,true,true,true,true,2022-02-11,2023-12-15,99,97,T1-B1-S1-I1,PASS_REQUIRED_WINDOWS,0,0,0,true,false,1740,TEXT_CONTENT_INTEGRITY_NOT_AUDITED_M2_02,NOT_SELECTED_BY_DETERMINISTIC_DIVERSITY_TIE_BREAK
BECN,Industrials,false,true,true,true,true,2004-12-17,2023-12-15,994,992,T1-B1-S1-I1,PASS_REQUIRED_WINDOWS,0,0,0,true,false,2610,TEXT_CONTENT_INTEGRITY_NOT_AUDITED_M2_02,NOT_SELECTED_BY_DETERMINISTIC_DIVERSITY_TIE_BREAK
BEDU,Consumer Defensive,false,true,true,true,true,2017-08-18,2023-12-15,333,331,T1-B1-S1-I1,PASS_REQUIRED_WINDOWS,0,0,0,true,false,1416,TEXT_CONTENT_INTEGRITY_NOT_AUDITED_M2_02,NOT_SELECTED_BY_DETERMINISTIC_DIVERSITY_TIE_BREAK
BELFA,Technology,false,true,true,true,true,2000-03-31,2023-12-15,1240,1238,T1-B1-S1-I1,PASS_REQUIRED_WINDOWS,0,0,0,true,false,420,TEXT_CONTENT_INTEGRITY_NOT_AUDITED_M2_02,NOT_SELECTED_BY_DETERMINISTIC_DIVERSITY_TIE_BREAK
BEN,Financial Services,false,true,true,true,true,2000-03-31,2023-12-15,1240,1238,T1-B1-S1-I1,PASS_REQUIRED_WINDOWS,0,0,0,true,false,2794,TEXT_CONTENT_INTEGRITY_NOT_AUDITED_M2_02,NOT_SELECTED_BY_DETERMINISTIC_DIVERSITY_TIE_BREAK
BEP,Utilities,false,true,true,true,true,2006-02-17,2023-12-15,933,931,T1-B1-S1-I1,PASS_REQUIRED_WINDOWS,0,0,0,true,false,309,TEXT_CONTENT_INTEGRITY_NOT_AUDITED_M2_02,NOT_SELECTED_BY_DETERMINISTIC_DIVERSITY_TIE_BREAK
BERY,Consumer Cyclical,false,true,true,true,true,2013-01-04,2023-12-15,574,572,T1-B1-S1-I1,PASS_REQUIRED_WINDOWS,0,0,0,true,false,2264,TEXT_CONTENT_INTEGRITY_NOT_AUDITED_M2_02,NOT_SELECTED_BY_DETERMINISTIC_DIVERSITY_TIE_BREAK
BEST,Industrials,false,true,false,true,true,2017-12-15,2023-12-15,302,300,T1-B0-S1-I1,PASS_REQUIRED_WINDOWS,1,0,0,true,false,1246,TEXT_CONTENT_INTEGRITY_NOT_AUDITED_M2_02;TABLE_MEMBER_MISSING,NOT_SELECTED_BY_DETERMINISTIC_DIVERSITY_TIE_BREAK
BETZ,N/A,false,true,false,true,true,,,0,0,T1-B0-S1-I1,INVALID_HEADER,0,0,0,false,false,,TEXT_CONTENT_INTEGRITY_NOT_AUDITED_M2_02;TABLE_MEMBER_MISSING,INCOMPLETE_STRUCTURALLY_VALID_REQUIRED_WINDOWS
BFAM,Consumer Cyclical,false,true,true,true,true,2013-04-26,2023-12-15,558,556,T1-B1-S1-I1,PASS_REQUIRED_WINDOWS,0,0,0,true,false,2300,TEXT_CONTENT_INTEGRITY_NOT_AUDITED_M2_02,NOT_SELECTED_BY_DETERMINISTIC_DIVERSITY_TIE_BREAK
BFC,Financial Services,false,true,true,true,true,2004-01-16,2023-12-15,1042,1040,T1-B1-S1-I1,PASS_REQUIRED_WINDOWS,0,0,0,true,false,818,TEXT_CONTENT_INTEGRITY_NOT_AUDITED_M2_02,NOT_SELECTED_BY_DETERMINISTIC_DIVERSITY_TIE_BREAK
BFIN,Financial Services,false,true,true,true,true,2005-09-23,2023-12-15,954,952,T1-B1-S1-I1,PASS_REQUIRED_WINDOWS,0,0,0,true,false,2692,TEXT_CONTENT_INTEGRITY_NOT_AUDITED_M2_02,NOT_SELECTED_BY_DETERMINISTIC_DIVERSITY_TIE_BREAK
BFIT,N/A,false,true,false,true,true,,,0,0,T1-B0-S1-I1,INVALID_HEADER,0,0,0,false,false,,TEXT_CONTENT_INTEGRITY_NOT_AUDITED_M2_02;TABLE_MEMBER_MISSING,INCOMPLETE_STRUCTURALLY_VALID_REQUIRED_WINDOWS
BFK,Financial Services,false,true,false,true,true,2001-10-26,2023-12-15,1158,1156,T1-B0-S1-I1,PASS_REQUIRED_WINDOWS,0,0,0,true,false,1333,TEXT_CONTENT_INTEGRITY_NOT_AUDITED_M2_02;TABLE_MEMBER_MISSING,NOT_SELECTED_BY_DETERMINISTIC_DIVERSITY_TIE_BREAK
BFOR,N/A,false,true,false,true,true,,,0,0,T1-B0-S1-I1,INVALID_HEADER,0,0,0,false,false,,TEXT_CONTENT_INTEGRITY_NOT_AUDITED_M2_02;TABLE_MEMBER_MISSING,INCOMPLETE_STRUCTURALLY_VALID_REQUIRED_WINDOWS
BFS,Real Estate,false,true,true,true,true,2000-03-31,2023-12-15,1240,1238,T1-B1-S1-I1,PASS_REQUIRED_WINDOWS,0,0,0,true,false,2488,TEXT_CONTENT_INTEGRITY_NOT_AUDITED_M2_02,NOT_SELECTED_BY_DETERMINISTIC_DIVERSITY_TIE_BREAK
BFST,Financial Services,false,true,true,true,true,2018-07-20,2023-12-15,285,283,T1-B1-S1-I1,PASS_REQUIRED_WINDOWS,0,0,0,true,false,1337,TEXT_CONTENT_INTEGRITY_NOT_AUDITED_M2_02,NOT_SELECTED_BY_DETERMINISTIC_DIVERSITY_TIE_BREAK
BFZ,Financial Services,false,true,false,true,true,2001-10-26,2023-12-15,1158,1156,T1-B0-S1-I1,PASS_REQUIRED_WINDOWS,0,0,0,true,false,1711,TEXT_CONTENT_INTEGRITY_NOT_AUDITED_M2_02;TABLE_MEMBER_MISSING,NOT_SELECTED_BY_DETERMINISTIC_DIVERSITY_TIE_BREAK
BG,Consumer Defensive,false,true,true,true,true,2001-11-02,2023-12-15,1157,1155,T1-B1-S1-I1,PASS_REQUIRED_WINDOWS,0,0,0,true,false,1825,TEXT_CONTENT_INTEGRITY_NOT_AUDITED_M2_02,NOT_SELECTED_BY_DETERMINISTIC_DIVERSITY_TIE_BREAK
BGFV,Consumer Cyclical,false,true,true,true,true,2002-09-20,2023-12-15,1111,1109,T1-B1-S1-I1,PASS_REQUIRED_WINDOWS,0,0,0,true,false,1621,TEXT_CONTENT_INTEGRITY_NOT_AUDITED_M2_02,NOT_SELECTED_BY_DETERMINISTIC_DIVERSITY_TIE_BREAK
BGH,Financial Services,false,true,false,true,true,2013-02-01,2023-12-15,570,568,T1-B0-S1-I1,PASS_REQUIRED_WINDOWS,0,0,0,true,false,817,TEXT_CONTENT_INTEGRITY_NOT_AUDITED_M2_02;TABLE_MEMBER_MISSING,NOT_SELECTED_BY_DETERMINISTIC_DIVERSITY_TIE_BREAK
BGI,Consumer Cyclical,false,true,true,true,true,2006-02-17,2023-12-15,933,931,T1-B1-S1-I1,PASS_REQUIRED_WINDOWS,0,0,0,true,false,457,TEXT_CONTENT_INTEGRITY_NOT_AUDITED_M2_02,NOT_SELECTED_BY_DETERMINISTIC_DIVERSITY_TIE_BREAK
BGR,Financial Services,false,true,false,true,true,2005-03-24,2023-12-15,980,978,T1-B0-S1-I1,PASS_REQUIRED_WINDOWS,0,0,0,true,false,385,TEXT_CONTENT_INTEGRITY_NOT_AUDITED_M2_02;TABLE_MEMBER_MISSING,NOT_SELECTED_BY_DETERMINISTIC_DIVERSITY_TIE_BREAK
BGS,Consumer Defensive,false,true,true,true,true,2007-08-17,2023-12-15,855,853,T1-B1-S1-I1,PASS_REQUIRED_WINDOWS,0,0,0,true,false,1975,TEXT_CONTENT_INTEGRITY_NOT_AUDITED_M2_02,NOT_SELECTED_BY_DETERMINISTIC_DIVERSITY_TIE_BREAK
BGSF,Industrials,false,true,true,true,true,2014-07-25,2023-12-15,493,491,T1-B1-S1-I1,PASS_REQUIRED_WINDOWS,0,0,0,true,false,2327,TEXT_CONTENT_INTEGRITY_NOT_AUDITED_M2_02,NOT_SELECTED_BY_DETERMINISTIC_DIVERSITY_TIE_BREAK
BGX,Financial Services,false,true,false,true,true,2011-04-29,2023-12-15,662,660,T1-B0-S1-I1,PASS_REQUIRED_WINDOWS,0,0,0,true,false,1652,TEXT_CONTENT_INTEGRITY_NOT_AUDITED_M2_02;TABLE_MEMBER_MISSING,NOT_SELECTED_BY_DETERMINISTIC_DIVERSITY_TIE_BREAK
BGY,Financial Services,false,true,false,true,true,2007-08-24,2023-12-15,854,852,T1-B0-S1-I1,PASS_REQUIRED_WINDOWS,0,0,0,true,false,149,TEXT_CONTENT_INTEGRITY_NOT_AUDITED_M2_02;TABLE_MEMBER_MISSING,NOT_SELECTED_BY_DETERMINISTIC_DIVERSITY_TIE_BREAK
BH,Consumer Cyclical,false,true,true,true,true,2000-03-31,2023-12-15,1240,1238,T1-B1-S1-I1,PASS_REQUIRED_WINDOWS,0,0,0,true,false,2980,TEXT_CONTENT_INTEGRITY_NOT_AUDITED_M2_02,NOT_SELECTED_BY_DETERMINISTIC_DIVERSITY_TIE_BREAK
BH-A,Consumer Cyclical,false,true,true,true,true,2018-07-27,2023-12-15,284,282,T1-B1-S1-I1,PASS_REQUIRED_WINDOWS,0,0,0,true,false,1539,TEXT_CONTENT_INTEGRITY_NOT_AUDITED_M2_02,NOT_SELECTED_BY_DETERMINISTIC_DIVERSITY_TIE_BREAK
BHB,Financial Services,false,true,true,true,true,2000-03-31,2023-12-15,1240,1238,T1-B1-S1-I1,PASS_REQUIRED_WINDOWS,0,0,0,true,false,142,TEXT_CONTENT_INTEGRITY_NOT_AUDITED_M2_02,NOT_SELECTED_BY_DETERMINISTIC_DIVERSITY_TIE_BREAK
BHC,Healthcare,false,true,true,true,true,2000-03-31,2023-12-15,1240,1238,T1-B1-S1-I1,PASS_REQUIRED_WINDOWS,0,0,0,true,false,1848,TEXT_CONTENT_INTEGRITY_NOT_AUDITED_M2_02,NOT_SELECTED_BY_DETERMINISTIC_DIVERSITY_TIE_BREAK
BHE,Technology,false,true,true,true,true,2000-03-31,2023-12-15,1240,1238,T1-B1-S1-I1,PASS_REQUIRED_WINDOWS,0,0,0,true,false,913,TEXT_CONTENT_INTEGRITY_NOT_AUDITED_M2_02,NOT_SELECTED_BY_DETERMINISTIC_DIVERSITY_TIE_BREAK
BHFAL,N/A,false,true,true,true,true,2018-12-14,2023-12-15,264,262,T1-B1-S1-I1,PASS_REQUIRED_WINDOWS,0,0,0,true,false,2605,TEXT_CONTENT_INTEGRITY_NOT_AUDITED_M2_02,NOT_SELECTED_BY_DETERMINISTIC_DIVERSITY_TIE_BREAK
BHFAP,Financial Services,false,true,true,true,true,2019-06-14,2023-12-15,238,236,T1-B1-S1-I1,PASS_REQUIRED_WINDOWS,0,0,0,true,false,1140,TEXT_CONTENT_INTEGRITY_NOT_AUDITED_M2_02,NOT_SELECTED_BY_DETERMINISTIC_DIVERSITY_TIE_BREAK
BHK,Financial Services,false,true,false,true,true,2002-03-01,2023-12-15,1140,1138,T1-B0-S1-I1,PASS_REQUIRED_WINDOWS,0,0,0,true,false,2133,TEXT_CONTENT_INTEGRITY_NOT_AUDITED_M2_02;TABLE_MEMBER_MISSING,NOT_SELECTED_BY_DETERMINISTIC_DIVERSITY_TIE_BREAK
BHLB,Financial Services,false,true,true,true,true,2000-09-22,2023-12-15,1215,1213,T1-B1-S1-I1,PASS_REQUIRED_WINDOWS,0,0,0,true,false,2592,TEXT_CONTENT_INTEGRITY_NOT_AUDITED_M2_02,NOT_SELECTED_BY_DETERMINISTIC_DIVERSITY_TIE_BREAK
BHP,Basic Materials,false,true,true,true,true,2000-03-31,2023-12-15,1240,1238,T1-B1-S1-I1,PASS_REQUIRED_WINDOWS,0,0,0,true,false,1533,TEXT_CONTENT_INTEGRITY_NOT_AUDITED_M2_02,NOT_SELECTED_BY_DETERMINISTIC_DIVERSITY_TIE_BREAK
BHR,Real Estate,false,true,true,true,true,2014-02-07,2023-12-15,517,515,T1-B1-S1-I1,PASS_REQUIRED_WINDOWS,0,0,0,true,false,2226,TEXT_CONTENT_INTEGRITY_NOT_AUDITED_M2_02,NOT_SELECTED_BY_DETERMINISTIC_DIVERSITY_TIE_BREAK
BHV,Financial Services,false,true,false,true,true,2002-07-26,2023-12-15,1119,1117,T1-B0-S1-I1,PASS_REQUIRED_WINDOWS,0,0,0,true,false,2969,TEXT_CONTENT_INTEGRITY_NOT_AUDITED_M2_02;TABLE_MEMBER_MISSING,NOT_SELECTED_BY_DETERMINISTIC_DIVERSITY_TIE_BREAK
BHVN,Healthcare,false,true,true,true,true,2022-12-23,2023-12-15,54,52,T1-B1-S1-I1,PASS_REQUIRED_WINDOWS,0,0,0,true,false,1702,TEXT_CONTENT_INTEGRITY_NOT_AUDITED_M2_02,NOT_SELECTED_BY_DETERMINISTIC_DIVERSITY_TIE_BREAK
BIB,N/A,false,true,false,true,true,,,0,0,T1-B0-S1-I1,INVALID_HEADER,0,0,0,false,false,,TEXT_CONTENT_INTEGRITY_NOT_AUDITED_M2_02;TABLE_MEMBER_MISSING,INCOMPLETE_STRUCTURALLY_VALID_REQUIRED_WINDOWS
BIBL,N/A,false,true,false,true,true,,,0,0,T1-B0-S1-I1,INVALID_HEADER,0,0,0,false,false,,TEXT_CONTENT_INTEGRITY_NOT_AUDITED_M2_02;TABLE_MEMBER_MISSING,INCOMPLETE_STRUCTURALLY_VALID_REQUIRED_WINDOWS
BIDU,Communication Services,false,true,true,true,true,2005-11-04,2023-12-15,948,946,T1-B1-S1-I1,PASS_REQUIRED_WINDOWS,0,0,0,true,false,976,TEXT_CONTENT_INTEGRITY_NOT_AUDITED_M2_02,NOT_SELECTED_BY_DETERMINISTIC_DIVERSITY_TIE_BREAK
BIIB,Healthcare,false,true,true,true,true,2000-03-31,2023-12-15,1240,1238,T1-B1-S1-I1,PASS_REQUIRED_WINDOWS,0,0,0,true,false,2206,TEXT_CONTENT_INTEGRITY_NOT_AUDITED_M2_02,NOT_SELECTED_BY_DETERMINISTIC_DIVERSITY_TIE_BREAK
BIL,N/A,false,true,false,true,true,,,0,0,T1-B0-S1-I1,INVALID_HEADER,0,0,0,false,false,,TEXT_CONTENT_INTEGRITY_NOT_AUDITED_M2_02;TABLE_MEMBER_MISSING,INCOMPLETE_STRUCTURALLY_VALID_REQUIRED_WINDOWS
BILI,Communication Services,false,true,true,true,true,2018-06-22,2023-12-15,289,287,T1-B1-S1-I1,PASS_REQUIRED_WINDOWS,0,0,0,true,false,1350,TEXT_CONTENT_INTEGRITY_NOT_AUDITED_M2_02,NOT_SELECTED_BY_DETERMINISTIC_DIVERSITY_TIE_BREAK
BILL,Technology,false,true,true,true,true,2020-03-13,2023-12-15,199,197,T1-B1-S1-I1,PASS_REQUIRED_WINDOWS,0,0,0,true,false,1351,TEXT_CONTENT_INTEGRITY_NOT_AUDITED_M2_02,NOT_SELECTED_BY_DETERMINISTIC_DIVERSITY_TIE_BREAK
BIMI,Healthcare,false,true,false,true,true,2004-10-22,2023-12-15,1002,1000,T1-B0-S1-I1,PASS_REQUIRED_WINDOWS,0,0,0,true,false,1950,TEXT_CONTENT_INTEGRITY_NOT_AUDITED_M2_02;TABLE_MEMBER_MISSING,NOT_SELECTED_BY_DETERMINISTIC_DIVERSITY_TIE_BREAK
BIOX,Basic Materials,false,true,true,true,true,2018-06-22,2023-12-15,289,287,T1-B1-S1-I1,PASS_REQUIRED_WINDOWS,0,0,0,true,false,1078,TEXT_CONTENT_INTEGRITY_NOT_AUDITED_M2_02,NOT_SELECTED_BY_DETERMINISTIC_DIVERSITY_TIE_BREAK
BIP,Utilities,false,true,true,true,true,2008-04-11,2023-12-15,821,819,T1-B1-S1-I1,PASS_REQUIRED_WINDOWS,0,0,0,true,false,1879,TEXT_CONTENT_INTEGRITY_NOT_AUDITED_M2_02,NOT_SELECTED_BY_DETERMINISTIC_DIVERSITY_TIE_BREAK
BIPC,Utilities,false,true,true,true,true,2020-06-26,2023-12-15,184,182,T1-B1-S1-I1,PASS_REQUIRED_WINDOWS,0,0,0,true,false,2269,TEXT_CONTENT_INTEGRITY_NOT_AUDITED_M2_02,NOT_SELECTED_BY_DETERMINISTIC_DIVERSITY_TIE_BREAK
BIS,N/A,false,true,false,true,true,,,0,0,T1-B0-S1-I1,INVALID_HEADER,0,0,0,false,false,,TEXT_CONTENT_INTEGRITY_NOT_AUDITED_M2_02;TABLE_MEMBER_MISSING,INCOMPLETE_STRUCTURALLY_VALID_REQUIRED_WINDOWS
BIT,Financial Services,false,true,false,true,true,2013-05-24,2023-12-15,554,552,T1-B0-S1-I1,PASS_REQUIRED_WINDOWS,0,0,0,true,false,883,TEXT_CONTENT_INTEGRITY_NOT_AUDITED_M2_02;TABLE_MEMBER_MISSING,NOT_SELECTED_BY_DETERMINISTIC_DIVERSITY_TIE_BREAK
BIV,N/A,false,true,false,true,true,,,0,0,T1-B0-S1-I1,INVALID_HEADER,0,0,0,false,false,,TEXT_CONTENT_INTEGRITY_NOT_AUDITED_M2_02;TABLE_MEMBER_MISSING,INCOMPLETE_STRUCTURALLY_VALID_REQUIRED_WINDOWS
BIZD,N/A,false,true,false,true,true,,,0,0,T1-B0-S1-I1,INVALID_HEADER,0,0,0,false,false,,TEXT_CONTENT_INTEGRITY_NOT_AUDITED_M2_02;TABLE_MEMBER_MISSING,INCOMPLETE_STRUCTURALLY_VALID_REQUIRED_WINDOWS
BJK,N/A,false,true,false,true,true,,,0,0,T1-B0-S1-I1,INVALID_HEADER,0,0,0,false,false,,TEXT_CONTENT_INTEGRITY_NOT_AUDITED_M2_02;TABLE_MEMBER_MISSING,INCOMPLETE_STRUCTURALLY_VALID_REQUIRED_WINDOWS
BJRI,Consumer Cyclical,false,true,true,true,true,2000-03-31,2023-12-15,1240,1238,T1-B1-S1-I1,PASS_REQUIRED_WINDOWS,0,0,0,true,false,2083,TEXT_CONTENT_INTEGRITY_NOT_AUDITED_M2_02,NOT_SELECTED_BY_DETERMINISTIC_DIVERSITY_TIE_BREAK
BJUL,N/A,false,true,false,true,true,,,0,0,T1-B0-S1-I1,INVALID_HEADER,0,0,0,false,false,,TEXT_CONTENT_INTEGRITY_NOT_AUDITED_M2_02;TABLE_MEMBER_MISSING,INCOMPLETE_STRUCTURALLY_VALID_REQUIRED_WINDOWS
BK,Financial Services,false,true,true,true,true,2000-03-31,2023-12-15,1240,1238,T1-B1-S1-I1,PASS_REQUIRED_WINDOWS,0,0,0,true,false,836,TEXT_CONTENT_INTEGRITY_NOT_AUDITED_M2_02,NOT_SELECTED_BY_DETERMINISTIC_DIVERSITY_TIE_BREAK
BKAG,N/A,false,true,false,true,true,,,0,0,T1-B0-S1-I1,INVALID_HEADER,0,0,0,false,false,,TEXT_CONTENT_INTEGRITY_NOT_AUDITED_M2_02;TABLE_MEMBER_MISSING,INCOMPLETE_STRUCTURALLY_VALID_REQUIRED_WINDOWS
BKD,Healthcare,false,true,true,true,true,2006-02-24,2023-12-15,932,930,T1-B1-S1-I1,PASS_REQUIRED_WINDOWS,0,0,0,true,false,1307,TEXT_CONTENT_INTEGRITY_NOT_AUDITED_M2_02,NOT_SELECTED_BY_DETERMINISTIC_DIVERSITY_TIE_BREAK
BKE,Consumer Cyclical,false,true,true,true,true,2000-03-31,2023-12-15,1240,1238,T1-B1-S1-I1,PASS_REQUIRED_WINDOWS,0,0,0,true,false,1065,TEXT_CONTENT_INTEGRITY_NOT_AUDITED_M2_02,NOT_SELECTED_BY_DETERMINISTIC_DIVERSITY_TIE_BREAK
BKEM,N/A,false,true,false,true,true,,,0,0,T1-B0-S1-I1,INVALID_HEADER,0,0,0,false,false,,TEXT_CONTENT_INTEGRITY_NOT_AUDITED_M2_02;TABLE_MEMBER_MISSING,INCOMPLETE_STRUCTURALLY_VALID_REQUIRED_WINDOWS
BKF,N/A,false,true,false,true,true,,,0,0,T1-B0-S1-I1,INVALID_HEADER,0,0,0,false,false,,TEXT_CONTENT_INTEGRITY_NOT_AUDITED_M2_02;TABLE_MEMBER_MISSING,INCOMPLETE_STRUCTURALLY_VALID_REQUIRED_WINDOWS
BKH,Utilities,false,true,true,true,true,2000-03-31,2023-12-15,1240,1238,T1-B1-S1-I1,PASS_REQUIRED_WINDOWS,0,0,0,true,false,380,TEXT_CONTENT_INTEGRITY_NOT_AUDITED_M2_02,NOT_SELECTED_BY_DETERMINISTIC_DIVERSITY_TIE_BREAK
BKIE,N/A,false,true,false,true,true,,,0,0,T1-B0-S1-I1,INVALID_HEADER,0,0,0,false,false,,TEXT_CONTENT_INTEGRITY_NOT_AUDITED_M2_02;TABLE_MEMBER_MISSING,INCOMPLETE_STRUCTURALLY_VALID_REQUIRED_WINDOWS
BKLC,N/A,false,true,false,true,true,,,0,0,T1-B0-S1-I1,INVALID_HEADER,0,0,0,false,false,,TEXT_CONTENT_INTEGRITY_NOT_AUDITED_M2_02;TABLE_MEMBER_MISSING,INCOMPLETE_STRUCTURALLY_VALID_REQUIRED_WINDOWS
BKLN,N/A,false,true,false,true,true,,,0,0,T1-B0-S1-I1,INVALID_HEADER,0,0,0,false,false,,TEXT_CONTENT_INTEGRITY_NOT_AUDITED_M2_02;TABLE_MEMBER_MISSING,INCOMPLETE_STRUCTURALLY_VALID_REQUIRED_WINDOWS
BKMC,N/A,false,true,false,true,true,,,0,0,T1-B0-S1-I1,INVALID_HEADER,0,0,0,false,false,,TEXT_CONTENT_INTEGRITY_NOT_AUDITED_M2_02;TABLE_MEMBER_MISSING,INCOMPLETE_STRUCTURALLY_VALID_REQUIRED_WINDOWS
BKN,Financial Services,false,true,false,true,true,2000-03-31,2023-12-15,1240,1238,T1-B0-S1-I1,PASS_REQUIRED_WINDOWS,0,0,0,true,false,2888,TEXT_CONTENT_INTEGRITY_NOT_AUDITED_M2_02;TABLE_MEMBER_MISSING,NOT_SELECTED_BY_DETERMINISTIC_DIVERSITY_TIE_BREAK
BKNG,Consumer Cyclical,false,true,true,true,true,2000-03-31,2023-12-15,1240,1238,T1-B1-S1-I1,PASS_REQUIRED_WINDOWS,0,0,0,true,false,1264,TEXT_CONTENT_INTEGRITY_NOT_AUDITED_M2_02,NOT_SELECTED_BY_DETERMINISTIC_DIVERSITY_TIE_BREAK
BKR,Energy,false,true,true,true,true,2000-03-31,2023-12-15,1240,1238,T1-B1-S1-I1,PASS_REQUIRED_WINDOWS,0,0,0,true,false,1325,TEXT_CONTENT_INTEGRITY_NOT_AUDITED_M2_02,NOT_SELECTED_BY_DETERMINISTIC_DIVERSITY_TIE_BREAK
BKSC,Financial Services,false,true,true,true,true,2000-03-31,2023-12-15,1240,1238,T1-B1-S1-I1,PASS_REQUIRED_WINDOWS,0,0,0,true,false,1514,TEXT_CONTENT_INTEGRITY_NOT_AUDITED_M2_02,NOT_SELECTED_BY_DETERMINISTIC_DIVERSITY_TIE_BREAK
BKSE,N/A,false,true,false,true,true,,,0,0,T1-B0-S1-I1,INVALID_HEADER,0,0,0,false,false,,TEXT_CONTENT_INTEGRITY_NOT_AUDITED_M2_02;TABLE_MEMBER_MISSING,INCOMPLETE_STRUCTURALLY_VALID_REQUIRED_WINDOWS
BKT,Financial Services,false,true,false,true,true,2000-03-31,2023-12-15,1240,1238,T1-B0-S1-I1,PASS_REQUIRED_WINDOWS,0,0,0,true,false,1854,TEXT_CONTENT_INTEGRITY_NOT_AUDITED_M2_02;TABLE_MEMBER_MISSING,NOT_SELECTED_BY_DETERMINISTIC_DIVERSITY_TIE_BREAK
BKTI,Technology,false,true,true,true,true,2000-03-31,2023-12-15,1240,1238,T1-B1-S1-I1,PASS_REQUIRED_WINDOWS,0,0,0,true,false,48,TEXT_CONTENT_INTEGRITY_NOT_AUDITED_M2_02,NOT_SELECTED_BY_DETERMINISTIC_DIVERSITY_TIE_BREAK
BKU,Financial Services,false,true,true,true,true,2011-04-29,2023-12-15,662,660,T1-B1-S1-I1,PASS_REQUIRED_WINDOWS,0,0,0,true,false,1463,TEXT_CONTENT_INTEGRITY_NOT_AUDITED_M2_02,NOT_SELECTED_BY_DETERMINISTIC_DIVERSITY_TIE_BREAK
BKYI,Industrials,false,true,true,true,true,2000-03-31,2023-12-15,1240,1238,T1-B1-S1-I1,PASS_REQUIRED_WINDOWS,0,0,0,true,false,2157,TEXT_CONTENT_INTEGRITY_NOT_AUDITED_M2_02,NOT_SELECTED_BY_DETERMINISTIC_DIVERSITY_TIE_BREAK
BLBD,Industrials,false,true,true,true,true,2014-06-20,2023-12-15,498,496,T1-B1-S1-I1,PASS_REQUIRED_WINDOWS,0,0,0,true,false,803,TEXT_CONTENT_INTEGRITY_NOT_AUDITED_M2_02,NOT_SELECTED_BY_DETERMINISTIC_DIVERSITY_TIE_BREAK
BLCN,N/A,false,true,false,true,true,,,0,0,T1-B0-S1-I1,INVALID_HEADER,0,0,0,false,false,,TEXT_CONTENT_INTEGRITY_NOT_AUDITED_M2_02;TABLE_MEMBER_MISSING,INCOMPLETE_STRUCTURALLY_VALID_REQUIRED_WINDOWS
BLD,Industrials,false,true,true,true,true,2015-09-11,2023-12-15,434,432,T1-B1-S1-I1,PASS_REQUIRED_WINDOWS,0,0,0,true,false,1313,TEXT_CONTENT_INTEGRITY_NOT_AUDITED_M2_02,NOT_SELECTED_BY_DETERMINISTIC_DIVERSITY_TIE_BREAK
BLDR,Industrials,false,true,true,true,true,2005-09-23,2023-12-15,954,952,T1-B1-S1-I1,PASS_REQUIRED_WINDOWS,0,0,0,true,false,1445,TEXT_CONTENT_INTEGRITY_NOT_AUDITED_M2_02,NOT_SELECTED_BY_DETERMINISTIC_DIVERSITY_TIE_BREAK
BLE,Financial Services,false,true,false,true,true,2002-10-25,2023-12-15,1106,1104,T1-B0-S1-I1,PASS_REQUIRED_WINDOWS,0,0,0,true,false,2827,TEXT_CONTENT_INTEGRITY_NOT_AUDITED_M2_02;TABLE_MEMBER_MISSING,NOT_SELECTED_BY_DETERMINISTIC_DIVERSITY_TIE_BREAK
BLES,N/A,false,true,false,true,true,,,0,0,T1-B0-S1-I1,INVALID_HEADER,0,0,0,false,false,,TEXT_CONTENT_INTEGRITY_NOT_AUDITED_M2_02;TABLE_MEMBER_MISSING,INCOMPLETE_STRUCTURALLY_VALID_REQUIRED_WINDOWS
BLFS,Healthcare,false,true,true,true,true,2000-03-31,2023-12-15,1240,1238,T1-B1-S1-I1,PASS_REQUIRED_WINDOWS,0,0,0,true,false,1532,TEXT_CONTENT_INTEGRITY_NOT_AUDITED_M2_02,NOT_SELECTED_BY_DETERMINISTIC_DIVERSITY_TIE_BREAK
BLHY,N/A,false,false,false,true,true,,,0,0,T0-B0-S1-I1,INVALID_HEADER,0,0,0,false,false,,TEXT_CONTENT_INTEGRITY_NOT_AUDITED_M2_02;TEXT_MEMBER_MISSING;TABLE_MEMBER_MISSING,INCOMPLETE_STRUCTURALLY_VALID_REQUIRED_WINDOWS
BLIN,Technology,false,true,true,true,true,2007-09-28,2023-12-15,849,847,T1-B1-S1-I1,PASS_REQUIRED_WINDOWS,0,0,0,true,false,1654,TEXT_CONTENT_INTEGRITY_NOT_AUDITED_M2_02,NOT_SELECTED_BY_DETERMINISTIC_DIVERSITY_TIE_BREAK
BLMN,Consumer Cyclical,false,true,true,true,true,2012-11-09,2023-12-15,582,580,T1-B1-S1-I1,PASS_REQUIRED_WINDOWS,0,0,0,true,false,973,TEXT_CONTENT_INTEGRITY_NOT_AUDITED_M2_02,NOT_SELECTED_BY_DETERMINISTIC_DIVERSITY_TIE_BREAK
BLNK,Industrials,false,true,true,true,true,2010-03-19,2023-12-15,720,718,T1-B1-S1-I1,PASS_REQUIRED_WINDOWS,0,0,0,true,false,802,TEXT_CONTENT_INTEGRITY_NOT_AUDITED_M2_02,NOT_SELECTED_BY_DETERMINISTIC_DIVERSITY_TIE_BREAK
BLRX,Healthcare,false,true,true,true,true,2011-10-21,2023-12-15,637,635,T1-B1-S1-I1,PASS_REQUIRED_WINDOWS,0,0,0,true,false,364,TEXT_CONTENT_INTEGRITY_NOT_AUDITED_M2_02,NOT_SELECTED_BY_DETERMINISTIC_DIVERSITY_TIE_BREAK
BLUE,Healthcare,false,true,true,true,true,2013-09-13,2023-12-15,538,536,T1-B1-S1-I1,PASS_REQUIRED_WINDOWS,0,0,0,true,false,1903,TEXT_CONTENT_INTEGRITY_NOT_AUDITED_M2_02,NOT_SELECTED_BY_DETERMINISTIC_DIVERSITY_TIE_BREAK
BLW,Financial Services,false,true,false,true,true,2003-10-24,2023-12-15,1054,1052,T1-B0-S1-I1,PASS_REQUIRED_WINDOWS,0,0,0,true,false,557,TEXT_CONTENT_INTEGRITY_NOT_AUDITED_M2_02;TABLE_MEMBER_MISSING,NOT_SELECTED_BY_DETERMINISTIC_DIVERSITY_TIE_BREAK
BLX,Financial Services,false,true,true,true,true,2000-03-31,2023-12-15,1240,1238,T1-B1-S1-I1,PASS_REQUIRED_WINDOWS,0,0,0,true,false,2542,TEXT_CONTENT_INTEGRITY_NOT_AUDITED_M2_02,NOT_SELECTED_BY_DETERMINISTIC_DIVERSITY_TIE_BREAK
BMA,Financial Services,false,true,true,true,true,2006-06-23,2023-12-15,915,913,T1-B1-S1-I1,PASS_REQUIRED_WINDOWS,0,0,0,true,false,102,TEXT_CONTENT_INTEGRITY_NOT_AUDITED_M2_02,NOT_SELECTED_BY_DETERMINISTIC_DIVERSITY_TIE_BREAK
BMAR,N/A,false,true,false,true,true,,,0,0,T1-B0-S1-I1,INVALID_HEADER,0,0,0,false,false,,TEXT_CONTENT_INTEGRITY_NOT_AUDITED_M2_02;TABLE_MEMBER_MISSING,INCOMPLETE_STRUCTURALLY_VALID_REQUIRED_WINDOWS
BMAY,N/A,false,true,false,true,true,,,0,0,T1-B0-S1-I1,INVALID_HEADER,0,0,0,false,false,,TEXT_CONTENT_INTEGRITY_NOT_AUDITED_M2_02;TABLE_MEMBER_MISSING,INCOMPLETE_STRUCTURALLY_VALID_REQUIRED_WINDOWS
BME,Financial Services,false,true,false,true,true,2005-06-24,2023-12-15,967,965,T1-B0-S1-I1,PASS_REQUIRED_WINDOWS,0,0,0,true,false,1852,TEXT_CONTENT_INTEGRITY_NOT_AUDITED_M2_02;TABLE_MEMBER_MISSING,NOT_SELECTED_BY_DETERMINISTIC_DIVERSITY_TIE_BREAK
BMI,Technology,false,true,true,true,true,2000-03-31,2023-12-15,1240,1238,T1-B1-S1-I1,PASS_REQUIRED_WINDOWS,0,0,0,true,false,2596,TEXT_CONTENT_INTEGRITY_NOT_AUDITED_M2_02,NOT_SELECTED_BY_DETERMINISTIC_DIVERSITY_TIE_BREAK
BMO,Financial Services,false,true,true,true,true,2000-03-31,2023-12-15,1240,1238,T1-B1-S1-I1,PASS_REQUIRED_WINDOWS,0,0,0,true,false,712,TEXT_CONTENT_INTEGRITY_NOT_AUDITED_M2_02,NOT_SELECTED_BY_DETERMINISTIC_DIVERSITY_TIE_BREAK
BMRA,Healthcare,false,true,true,true,true,2000-03-31,2023-12-15,1240,1238,T1-B1-S1-I1,PASS_REQUIRED_WINDOWS,0,0,0,true,false,767,TEXT_CONTENT_INTEGRITY_NOT_AUDITED_M2_02,NOT_SELECTED_BY_DETERMINISTIC_DIVERSITY_TIE_BREAK
BMRC,Financial Services,false,true,true,true,true,2000-03-31,2023-12-15,1240,1238,T1-B1-S1-I1,PASS_REQUIRED_WINDOWS,0,0,0,true,false,92,TEXT_CONTENT_INTEGRITY_NOT_AUDITED_M2_02,NOT_SELECTED_BY_DETERMINISTIC_DIVERSITY_TIE_BREAK
BMRN,Healthcare,false,true,true,true,true,2000-03-31,2023-12-15,1240,1238,T1-B1-S1-I1,PASS_REQUIRED_WINDOWS,0,0,0,true,false,2775,TEXT_CONTENT_INTEGRITY_NOT_AUDITED_M2_02,NOT_SELECTED_BY_DETERMINISTIC_DIVERSITY_TIE_BREAK
BND,N/A,false,true,false,true,true,,,0,0,T1-B0-S1-I1,INVALID_HEADER,0,0,0,false,false,,TEXT_CONTENT_INTEGRITY_NOT_AUDITED_M2_02;TABLE_MEMBER_MISSING,INCOMPLETE_STRUCTURALLY_VALID_REQUIRED_WINDOWS
BNDC,N/A,false,true,false,true,true,,,0,0,T1-B0-S1-I1,INVALID_HEADER,0,0,0,false,false,,TEXT_CONTENT_INTEGRITY_NOT_AUDITED_M2_02;TABLE_MEMBER_MISSING,INCOMPLETE_STRUCTURALLY_VALID_REQUIRED_WINDOWS
BNDW,N/A,false,true,false,true,true,,,0,0,T1-B0-S1-I1,INVALID_HEADER,0,0,0,false,false,,TEXT_CONTENT_INTEGRITY_NOT_AUDITED_M2_02;TABLE_MEMBER_MISSING,INCOMPLETE_STRUCTURALLY_VALID_REQUIRED_WINDOWS
BNDX,N/A,false,true,false,true,true,,,0,0,T1-B0-S1-I1,INVALID_HEADER,0,0,0,false,false,,TEXT_CONTENT_INTEGRITY_NOT_AUDITED_M2_02;TABLE_MEMBER_MISSING,INCOMPLETE_STRUCTURALLY_VALID_REQUIRED_WINDOWS
BNED,Consumer Cyclical,false,true,true,true,true,2015-10-16,2023-12-15,429,427,T1-B1-S1-I1,PASS_REQUIRED_WINDOWS,0,0,0,true,false,2048,TEXT_CONTENT_INTEGRITY_NOT_AUDITED_M2_02,NOT_SELECTED_BY_DETERMINISTIC_DIVERSITY_TIE_BREAK
BNGO,Healthcare,false,true,true,true,true,2018-11-16,2023-12-15,268,266,T1-B1-S1-I1,PASS_REQUIRED_WINDOWS,0,0,0,true,false,298,TEXT_CONTENT_INTEGRITY_NOT_AUDITED_M2_02,NOT_SELECTED_BY_DETERMINISTIC_DIVERSITY_TIE_BREAK
BNKD,N/A,false,true,true,true,true,,,0,0,T1-B1-S1-I1,INVALID_HEADER,0,0,0,false,false,,TEXT_CONTENT_INTEGRITY_NOT_AUDITED_M2_02,INCOMPLETE_STRUCTURALLY_VALID_REQUIRED_WINDOWS
BNKU,N/A,false,true,true,true,true,,,0,0,T1-B1-S1-I1,INVALID_HEADER,0,0,0,false,false,,TEXT_CONTENT_INTEGRITY_NOT_AUDITED_M2_02,INCOMPLETE_STRUCTURALLY_VALID_REQUIRED_WINDOWS
BNO,N/A,false,true,true,true,true,,,0,0,T1-B1-S1-I1,INVALID_HEADER,0,0,0,false,false,,TEXT_CONTENT_INTEGRITY_NOT_AUDITED_M2_02,INCOMPLETE_STRUCTURALLY_VALID_REQUIRED_WINDOWS
BNOV,N/A,false,true,false,true,true,,,0,0,T1-B0-S1-I1,INVALID_HEADER,0,0,0,false,false,,TEXT_CONTENT_INTEGRITY_NOT_AUDITED_M2_02;TABLE_MEMBER_MISSING,INCOMPLETE_STRUCTURALLY_VALID_REQUIRED_WINDOWS
BNR,Healthcare,false,true,true,true,true,2020-09-11,2023-12-15,173,171,T1-B1-S1-I1,PASS_REQUIRED_WINDOWS,0,0,0,true,false,2212,TEXT_CONTENT_INTEGRITY_NOT_AUDITED_M2_02,NOT_SELECTED_BY_DETERMINISTIC_DIVERSITY_TIE_BREAK
BNS,Financial Services,false,true,true,true,true,2002-09-06,2023-12-15,1113,1111,T1-B1-S1-I1,PASS_REQUIRED_WINDOWS,0,0,0,true,false,388,TEXT_CONTENT_INTEGRITY_NOT_AUDITED_M2_02,NOT_SELECTED_BY_DETERMINISTIC_DIVERSITY_TIE_BREAK
BNTC,Healthcare,false,true,true,true,true,2014-09-19,2023-12-15,485,483,T1-B1-S1-I1,PASS_REQUIRED_WINDOWS,0,0,0,true,false,2742,TEXT_CONTENT_INTEGRITY_NOT_AUDITED_M2_02,NOT_SELECTED_BY_DETERMINISTIC_DIVERSITY_TIE_BREAK
BNTX,Healthcare,false,true,true,true,true,2020-01-10,2023-12-15,208,206,T1-B1-S1-I1,PASS_REQUIRED_WINDOWS,0,0,0,true,false,389,TEXT_CONTENT_INTEGRITY_NOT_AUDITED_M2_02,NOT_SELECTED_BY_DETERMINISTIC_DIVERSITY_TIE_BREAK
BNY,Financial Services,false,true,false,true,true,2001-10-26,2023-12-15,1158,1156,T1-B0-S1-I1,PASS_REQUIRED_WINDOWS,0,0,0,true,false,1933,TEXT_CONTENT_INTEGRITY_NOT_AUDITED_M2_02;TABLE_MEMBER_MISSING,NOT_SELECTED_BY_DETERMINISTIC_DIVERSITY_TIE_BREAK
BOCT,N/A,false,true,false,true,true,,,0,0,T1-B0-S1-I1,INVALID_HEADER,0,0,0,false,false,,TEXT_CONTENT_INTEGRITY_NOT_AUDITED_M2_02;TABLE_MEMBER_MISSING,INCOMPLETE_STRUCTURALLY_VALID_REQUIRED_WINDOWS
BOE,Financial Services,false,true,false,true,true,2005-08-26,2023-12-15,958,956,T1-B0-S1-I1,PASS_REQUIRED_WINDOWS,0,0,0,true,false,2232,TEXT_CONTENT_INTEGRITY_NOT_AUDITED_M2_02;TABLE_MEMBER_MISSING,NOT_SELECTED_BY_DETERMINISTIC_DIVERSITY_TIE_BREAK
BOH,Financial Services,false,true,true,true,true,2000-03-31,2023-12-15,1240,1238,T1-B1-S1-I1,PASS_REQUIRED_WINDOWS,0,0,0,true,false,342,TEXT_CONTENT_INTEGRITY_NOT_AUDITED_M2_02,NOT_SELECTED_BY_DETERMINISTIC_DIVERSITY_TIE_BREAK
BOIL,N/A,false,true,true,true,true,,,0,0,T1-B1-S1-I1,INVALID_HEADER,0,0,0,false,false,,TEXT_CONTENT_INTEGRITY_NOT_AUDITED_M2_02,INCOMPLETE_STRUCTURALLY_VALID_REQUIRED_WINDOWS
BOKF,Financial Services,false,true,true,true,true,2000-03-31,2023-12-15,1240,1238,T1-B1-S1-I1,PASS_REQUIRED_WINDOWS,0,0,0,true,false,2070,TEXT_CONTENT_INTEGRITY_NOT_AUDITED_M2_02,NOT_SELECTED_BY_DETERMINISTIC_DIVERSITY_TIE_BREAK
BOND,N/A,false,true,false,true,true,,,0,0,T1-B0-S1-I1,INVALID_HEADER,0,0,0,false,false,,TEXT_CONTENT_INTEGRITY_NOT_AUDITED_M2_02;TABLE_MEMBER_MISSING,INCOMPLETE_STRUCTURALLY_VALID_REQUIRED_WINDOWS
BOOT,Consumer Cyclical,false,true,true,true,true,2015-01-30,2023-12-15,466,464,T1-B1-S1-I1,PASS_REQUIRED_WINDOWS,0,0,0,true,false,2964,TEXT_CONTENT_INTEGRITY_NOT_AUDITED_M2_02,NOT_SELECTED_BY_DETERMINISTIC_DIVERSITY_TIE_BREAK
BOSC,Technology,false,true,true,true,true,2000-03-31,2023-12-15,1240,1238,T1-B1-S1-I1,PASS_REQUIRED_WINDOWS,0,0,0,true,false,2451,TEXT_CONTENT_INTEGRITY_NOT_AUDITED_M2_02,NOT_SELECTED_BY_DETERMINISTIC_DIVERSITY_TIE_BREAK
BOSS,N/A,false,false,false,true,true,,,0,0,T0-B0-S1-I1,INVALID_HEADER,0,0,0,false,false,,TEXT_CONTENT_INTEGRITY_NOT_AUDITED_M2_02;TEXT_MEMBER_MISSING;TABLE_MEMBER_MISSING,INCOMPLETE_STRUCTURALLY_VALID_REQUIRED_WINDOWS
BOTJ,Financial Services,false,true,true,true,true,2000-11-03,2023-12-15,1209,1207,T1-B1-S1-I1,PASS_REQUIRED_WINDOWS,0,0,0,true,false,661,TEXT_CONTENT_INTEGRITY_NOT_AUDITED_M2_02,NOT_SELECTED_BY_DETERMINISTIC_DIVERSITY_TIE_BREAK
BOTZ,N/A,false,true,false,true,true,,,0,0,T1-B0-S1-I1,INVALID_HEADER,0,0,0,false,false,,TEXT_CONTENT_INTEGRITY_NOT_AUDITED_M2_02;TABLE_MEMBER_MISSING,INCOMPLETE_STRUCTURALLY_VALID_REQUIRED_WINDOWS
BOUT,N/A,false,true,false,true,true,,,0,0,T1-B0-S1-I1,INVALID_HEADER,0,0,0,false,false,,TEXT_CONTENT_INTEGRITY_NOT_AUDITED_M2_02;TABLE_MEMBER_MISSING,INCOMPLETE_STRUCTURALLY_VALID_REQUIRED_WINDOWS
BOX,Technology,false,true,true,true,true,2015-04-24,2023-12-15,454,452,T1-B1-S1-I1,PASS_REQUIRED_WINDOWS,0,0,0,true,false,241,TEXT_CONTENT_INTEGRITY_NOT_AUDITED_M2_02,NOT_SELECTED_BY_DETERMINISTIC_DIVERSITY_TIE_BREAK
BOXL,Technology,false,true,true,true,true,2018-03-02,2023-12-15,305,303,T1-B1-S1-I1,PASS_REQUIRED_WINDOWS,0,0,0,true,false,2850,TEXT_CONTENT_INTEGRITY_NOT_AUDITED_M2_02,NOT_SELECTED_BY_DETERMINISTIC_DIVERSITY_TIE_BREAK
BP,Energy,false,true,true,true,true,2000-03-31,2023-12-15,1240,1238,T1-B1-S1-I1,PASS_REQUIRED_WINDOWS,0,0,0,true,false,1276,TEXT_CONTENT_INTEGRITY_NOT_AUDITED_M2_02,NOT_SELECTED_BY_DETERMINISTIC_DIVERSITY_TIE_BREAK
BPMC,Healthcare,false,true,true,true,true,2015-07-31,2023-12-15,440,438,T1-B1-S1-I1,PASS_REQUIRED_WINDOWS,0,0,0,true,false,2246,TEXT_CONTENT_INTEGRITY_NOT_AUDITED_M2_02,NOT_SELECTED_BY_DETERMINISTIC_DIVERSITY_TIE_BREAK
BPOP,Financial Services,false,false,true,true,true,2000-03-31,2023-12-15,1240,1238,T0-B1-S1-I1,PASS_REQUIRED_WINDOWS,0,0,0,true,false,1413,TEXT_CONTENT_INTEGRITY_NOT_AUDITED_M2_02;TEXT_MEMBER_MISSING,NOT_SELECTED_BY_DETERMINISTIC_DIVERSITY_TIE_BREAK
BPRN,Financial Services,false,true,true,true,true,2017-08-25,2023-12-15,332,330,T1-B1-S1-I1,PASS_REQUIRED_WINDOWS,0,0,0,true,false,639,TEXT_CONTENT_INTEGRITY_NOT_AUDITED_M2_02,NOT_SELECTED_BY_DETERMINISTIC_DIVERSITY_TIE_BREAK
BPT,Energy,false,true,false,true,true,2000-03-31,2023-12-15,1240,1238,T1-B0-S1-I1,PASS_REQUIRED_WINDOWS,0,0,0,true,false,2105,TEXT_CONTENT_INTEGRITY_NOT_AUDITED_M2_02;TABLE_MEMBER_MISSING,NOT_SELECTED_BY_DETERMINISTIC_DIVERSITY_TIE_BREAK
BPTH,Healthcare,false,true,true,true,true,2008-05-30,2023-12-15,814,812,T1-B1-S1-I1,PASS_REQUIRED_WINDOWS,0,0,0,true,false,31,TEXT_CONTENT_INTEGRITY_NOT_AUDITED_M2_02,NOT_SELECTED_BY_DETERMINISTIC_DIVERSITY_TIE_BREAK
BPYPN,Real Estate,false,true,true,true,true,2020-05-08,2023-12-15,191,189,T1-B1-S1-I1,PASS_REQUIRED_WINDOWS,0,0,0,true,false,1414,TEXT_CONTENT_INTEGRITY_NOT_AUDITED_M2_02,NOT_SELECTED_BY_DETERMINISTIC_DIVERSITY_TIE_BREAK
BPYPO,Real Estate,false,true,true,true,true,2019-11-15,2023-12-15,216,214,T1-B1-S1-I1,PASS_REQUIRED_WINDOWS,0,0,0,true,false,1077,TEXT_CONTENT_INTEGRITY_NOT_AUDITED_M2_02,NOT_SELECTED_BY_DETERMINISTIC_DIVERSITY_TIE_BREAK
BPYPP,Real Estate,false,true,true,true,true,2019-06-14,2023-12-15,238,236,T1-B1-S1-I1,PASS_REQUIRED_WINDOWS,0,0,0,true,false,1385,TEXT_CONTENT_INTEGRITY_NOT_AUDITED_M2_02,NOT_SELECTED_BY_DETERMINISTIC_DIVERSITY_TIE_BREAK
BR,Technology,false,true,true,true,true,2007-06-22,2023-12-15,863,861,T1-B1-S1-I1,PASS_REQUIRED_WINDOWS,0,0,0,true,false,2386,TEXT_CONTENT_INTEGRITY_NOT_AUDITED_M2_02,NOT_SELECTED_BY_DETERMINISTIC_DIVERSITY_TIE_BREAK
BRBR,Consumer Defensive,false,true,true,true,true,2020-01-17,2023-12-15,207,205,T1-B1-S1-I1,PASS_REQUIRED_WINDOWS,0,0,0,true,false,727,TEXT_CONTENT_INTEGRITY_NOT_AUDITED_M2_02,NOT_SELECTED_BY_DETERMINISTIC_DIVERSITY_TIE_BREAK
BRBS,Financial Services,false,true,true,true,true,2012-12-21,2023-12-15,576,574,T1-B1-S1-I1,PASS_REQUIRED_WINDOWS,0,0,0,true,false,2765,TEXT_CONTENT_INTEGRITY_NOT_AUDITED_M2_02,NOT_SELECTED_BY_DETERMINISTIC_DIVERSITY_TIE_BREAK
BRC,Industrials,false,true,true,true,true,2000-03-31,2023-12-15,1240,1238,T1-B1-S1-I1,PASS_REQUIRED_WINDOWS,0,0,0,true,false,1372,TEXT_CONTENT_INTEGRITY_NOT_AUDITED_M2_02,NOT_SELECTED_BY_DETERMINISTIC_DIVERSITY_TIE_BREAK
BRF,N/A,false,true,false,true,true,,,0,0,T1-B0-S1-I1,INVALID_HEADER,0,0,0,false,false,,TEXT_CONTENT_INTEGRITY_NOT_AUDITED_M2_02;TABLE_MEMBER_MISSING,INCOMPLETE_STRUCTURALLY_VALID_REQUIRED_WINDOWS
BRFS,Consumer Defensive,false,true,true,true,true,2001-01-19,2023-12-15,1198,1196,T1-B1-S1-I1,PASS_REQUIRED_WINDOWS,0,0,0,true,false,1272,TEXT_CONTENT_INTEGRITY_NOT_AUDITED_M2_02,NOT_SELECTED_BY_DETERMINISTIC_DIVERSITY_TIE_BREAK
BRID,Consumer Defensive,false,true,true,true,true,2000-03-31,2023-12-15,1240,1238,T1-B1-S1-I1,PASS_REQUIRED_WINDOWS,0,0,0,true,false,1536,TEXT_CONTENT_INTEGRITY_NOT_AUDITED_M2_02,NOT_SELECTED_BY_DETERMINISTIC_DIVERSITY_TIE_BREAK
BRKR,Healthcare,false,true,true,true,true,2000-11-03,2023-12-15,1209,1207,T1-B1-S1-I1,PASS_REQUIRED_WINDOWS,0,0,0,true,false,734,TEXT_CONTENT_INTEGRITY_NOT_AUDITED_M2_02,NOT_SELECTED_BY_DETERMINISTIC_DIVERSITY_TIE_BREAK
BRN,Energy,false,true,true,true,true,2000-03-31,2023-12-15,1240,1238,T1-B1-S1-I1,PASS_REQUIRED_WINDOWS,0,0,0,true,false,2565,TEXT_CONTENT_INTEGRITY_NOT_AUDITED_M2_02,NOT_SELECTED_BY_DETERMINISTIC_DIVERSITY_TIE_BREAK
BRO,Financial Services,false,true,true,true,true,2000-03-31,2023-12-15,1240,1238,T1-B1-S1-I1,PASS_REQUIRED_WINDOWS,0,0,0,true,false,1892,TEXT_CONTENT_INTEGRITY_NOT_AUDITED_M2_02,NOT_SELECTED_BY_DETERMINISTIC_DIVERSITY_TIE_BREAK
BROG,Energy,false,true,true,true,true,2018-10-12,2023-12-15,273,271,T1-B1-S1-I1,PASS_REQUIRED_WINDOWS,0,0,0,true,false,416,TEXT_CONTENT_INTEGRITY_NOT_AUDITED_M2_02,NOT_SELECTED_BY_DETERMINISTIC_DIVERSITY_TIE_BREAK
BRT,Real Estate,false,true,true,true,true,2000-03-31,2023-12-15,1240,1238,T1-B1-S1-I1,PASS_REQUIRED_WINDOWS,0,0,0,true,false,2944,TEXT_CONTENT_INTEGRITY_NOT_AUDITED_M2_02,NOT_SELECTED_BY_DETERMINISTIC_DIVERSITY_TIE_BREAK
BRX,Real Estate,false,true,true,true,true,2014-01-31,2023-12-15,518,516,T1-B1-S1-I1,PASS_REQUIRED_WINDOWS,0,0,0,true,false,925,TEXT_CONTENT_INTEGRITY_NOT_AUDITED_M2_02,NOT_SELECTED_BY_DETERMINISTIC_DIVERSITY_TIE_BREAK
BRY,Energy,false,true,true,true,true,2018-10-12,2023-12-15,273,271,T1-B1-S1-I1,PASS_REQUIRED_WINDOWS,0,0,0,true,false,2651,TEXT_CONTENT_INTEGRITY_NOT_AUDITED_M2_02,NOT_SELECTED_BY_DETERMINISTIC_DIVERSITY_TIE_BREAK
BRZU,N/A,false,true,false,true,true,,,0,0,T1-B0-S1-I1,INVALID_HEADER,0,0,0,false,false,,TEXT_CONTENT_INTEGRITY_NOT_AUDITED_M2_02;TABLE_MEMBER_MISSING,INCOMPLETE_STRUCTURALLY_VALID_REQUIRED_WINDOWS
BSBK,Financial Services,false,true,true,true,true,2020-04-17,2023-12-15,194,192,T1-B1-S1-I1,PASS_REQUIRED_WINDOWS,0,0,0,true,false,1498,TEXT_CONTENT_INTEGRITY_NOT_AUDITED_M2_02,NOT_SELECTED_BY_DETERMINISTIC_DIVERSITY_TIE_BREAK
BSBR,Financial Services,false,true,true,true,true,2010-01-08,2023-12-15,730,728,T1-B1-S1-I1,PASS_REQUIRED_WINDOWS,0,0,0,true,false,2297,TEXT_CONTENT_INTEGRITY_NOT_AUDITED_M2_02,NOT_SELECTED_BY_DETERMINISTIC_DIVERSITY_TIE_BREAK
BSCO,N/A,false,true,false,true,true,,,0,0,T1-B0-S1-I1,INVALID_HEADER,0,0,0,false,false,,TEXT_CONTENT_INTEGRITY_NOT_AUDITED_M2_02;TABLE_MEMBER_MISSING,INCOMPLETE_STRUCTURALLY_VALID_REQUIRED_WINDOWS
BSCP,N/A,false,true,false,true,true,,,0,0,T1-B0-S1-I1,INVALID_HEADER,0,0,0,false,false,,TEXT_CONTENT_INTEGRITY_NOT_AUDITED_M2_02;TABLE_MEMBER_MISSING,INCOMPLETE_STRUCTURALLY_VALID_REQUIRED_WINDOWS
BSET,Consumer Cyclical,false,true,true,true,true,2000-03-31,2023-12-15,1240,1238,T1-B1-S1-I1,PASS_REQUIRED_WINDOWS,0,0,0,true,false,1176,TEXT_CONTENT_INTEGRITY_NOT_AUDITED_M2_02,NOT_SELECTED_BY_DETERMINISTIC_DIVERSITY_TIE_BREAK
BSGM,Healthcare,false,true,true,true,true,2015-01-30,2023-12-15,466,464,T1-B1-S1-I1,PASS_REQUIRED_WINDOWS,0,0,0,true,false,480,TEXT_CONTENT_INTEGRITY_NOT_AUDITED_M2_02,NOT_SELECTED_BY_DETERMINISTIC_DIVERSITY_TIE_BREAK
BSL,Financial Services,false,true,false,true,true,2010-08-20,2023-12-15,698,696,T1-B0-S1-I1,PASS_REQUIRED_WINDOWS,0,0,0,true,false,1970,TEXT_CONTENT_INTEGRITY_NOT_AUDITED_M2_02;TABLE_MEMBER_MISSING,NOT_SELECTED_BY_DETERMINISTIC_DIVERSITY_TIE_BREAK
BSM,Energy,false,true,true,true,true,2015-07-31,2023-12-15,440,438,T1-B1-S1-I1,PASS_REQUIRED_WINDOWS,0,0,0,true,false,1838,TEXT_CONTENT_INTEGRITY_NOT_AUDITED_M2_02,NOT_SELECTED_BY_DETERMINISTIC_DIVERSITY_TIE_BREAK
BSMQ,N/A,false,true,false,true,true,,,0,0,T1-B0-S1-I1,INVALID_HEADER,0,0,0,false,false,,TEXT_CONTENT_INTEGRITY_NOT_AUDITED_M2_02;TABLE_MEMBER_MISSING,INCOMPLETE_STRUCTURALLY_VALID_REQUIRED_WINDOWS
BSMR,N/A,false,true,false,true,true,,,0,0,T1-B0-S1-I1,INVALID_HEADER,0,0,0,false,false,,TEXT_CONTENT_INTEGRITY_NOT_AUDITED_M2_02;TABLE_MEMBER_MISSING,INCOMPLETE_STRUCTURALLY_VALID_REQUIRED_WINDOWS
BSRR,Financial Services,false,true,true,true,true,2000-03-31,2023-12-15,1240,1238,T1-B1-S1-I1,PASS_REQUIRED_WINDOWS,0,0,0,true,false,912,TEXT_CONTENT_INTEGRITY_NOT_AUDITED_M2_02,NOT_SELECTED_BY_DETERMINISTIC_DIVERSITY_TIE_BREAK
BST,Financial Services,false,true,false,true,true,2015-01-30,2023-12-15,466,464,T1-B0-S1-I1,PASS_REQUIRED_WINDOWS,0,0,0,true,false,2153,TEXT_CONTENT_INTEGRITY_NOT_AUDITED_M2_02;TABLE_MEMBER_MISSING,NOT_SELECTED_BY_DETERMINISTIC_DIVERSITY_TIE_BREAK
BSTZ,Financial Services,false,true,false,true,true,2019-09-20,2023-12-15,224,222,T1-B0-S1-I1,PASS_REQUIRED_WINDOWS,0,0,0,true,false,1464,TEXT_CONTENT_INTEGRITY_NOT_AUDITED_M2_02;TABLE_MEMBER_MISSING,NOT_SELECTED_BY_DETERMINISTIC_DIVERSITY_TIE_BREAK
BSV,N/A,false,true,false,true,true,,,0,0,T1-B0-S1-I1,INVALID_HEADER,0,0,0,false,false,,TEXT_CONTENT_INTEGRITY_NOT_AUDITED_M2_02;TABLE_MEMBER_MISSING,INCOMPLETE_STRUCTURALLY_VALID_REQUIRED_WINDOWS
BSVN,Financial Services,false,true,true,true,true,2018-12-21,2023-12-15,263,261,T1-B1-S1-I1,PASS_REQUIRED_WINDOWS,0,0,0,true,false,1085,TEXT_CONTENT_INTEGRITY_NOT_AUDITED_M2_02,NOT_SELECTED_BY_DETERMINISTIC_DIVERSITY_TIE_BREAK
BSX,Healthcare,false,true,true,true,true,2000-03-31,2023-12-15,1240,1238,T1-B1-S1-I1,PASS_REQUIRED_WINDOWS,0,0,0,true,false,1765,TEXT_CONTENT_INTEGRITY_NOT_AUDITED_M2_02,NOT_SELECTED_BY_DETERMINISTIC_DIVERSITY_TIE_BREAK
BTA,Financial Services,false,true,false,true,true,2006-05-26,2023-12-15,919,917,T1-B0-S1-I1,PASS_REQUIRED_WINDOWS,0,0,0,true,false,919,TEXT_CONTENT_INTEGRITY_NOT_AUDITED_M2_02;TABLE_MEMBER_MISSING,NOT_SELECTED_BY_DETERMINISTIC_DIVERSITY_TIE_BREAK
BTAI,Healthcare,false,true,true,true,true,2018-06-08,2023-12-15,291,289,T1-B1-S1-I1,PASS_REQUIRED_WINDOWS,0,0,0,true,false,2069,TEXT_CONTENT_INTEGRITY_NOT_AUDITED_M2_02,NOT_SELECTED_BY_DETERMINISTIC_DIVERSITY_TIE_BREAK
BTE,Energy,false,true,true,true,true,2006-06-30,2023-12-15,914,912,T1-B1-S1-I1,PASS_REQUIRED_WINDOWS,0,0,0,true,false,1527,TEXT_CONTENT_INTEGRITY_NOT_AUDITED_M2_02,NOT_SELECTED_BY_DETERMINISTIC_DIVERSITY_TIE_BREAK
BTI,Consumer Defensive,false,true,true,true,true,2000-03-31,2023-12-15,1240,1238,T1-B1-S1-I1,PASS_REQUIRED_WINDOWS,0,0,0,true,false,1550,TEXT_CONTENT_INTEGRITY_NOT_AUDITED_M2_02,NOT_SELECTED_BY_DETERMINISTIC_DIVERSITY_TIE_BREAK
BTO,Financial Services,false,true,false,true,true,2000-03-31,2023-12-15,1240,1238,T1-B0-S1-I1,PASS_REQUIRED_WINDOWS,0,0,0,true,false,1620,TEXT_CONTENT_INTEGRITY_NOT_AUDITED_M2_02;TABLE_MEMBER_MISSING,NOT_SELECTED_BY_DETERMINISTIC_DIVERSITY_TIE_BREAK
BTT,Financial Services,false,true,false,true,true,2012-11-30,2023-12-15,579,577,T1-B0-S1-I1,PASS_REQUIRED_WINDOWS,0,0,0,true,false,2003,TEXT_CONTENT_INTEGRITY_NOT_AUDITED_M2_02;TABLE_MEMBER_MISSING,NOT_SELECTED_BY_DETERMINISTIC_DIVERSITY_TIE_BREAK
BTU,Energy,false,true,true,true,true,2017-06-30,2023-12-15,340,338,T1-B1-S1-I1,PASS_REQUIRED_WINDOWS,0,0,0,true,false,2045,TEXT_CONTENT_INTEGRITY_NOT_AUDITED_M2_02,NOT_SELECTED_BY_DETERMINISTIC_DIVERSITY_TIE_BREAK
BTZ,Financial Services,false,true,false,true,true,2007-03-23,2023-12-15,876,874,T1-B0-S1-I1,PASS_REQUIRED_WINDOWS,0,0,0,true,false,2897,TEXT_CONTENT_INTEGRITY_NOT_AUDITED_M2_02;TABLE_MEMBER_MISSING,NOT_SELECTED_BY_DETERMINISTIC_DIVERSITY_TIE_BREAK
BUD,Consumer Defensive,false,true,true,true,true,2009-09-25,2023-12-15,745,743,T1-B1-S1-I1,PASS_REQUIRED_WINDOWS,0,0,0,true,false,2097,TEXT_CONTENT_INTEGRITY_NOT_AUDITED_M2_02,NOT_SELECTED_BY_DETERMINISTIC_DIVERSITY_TIE_BREAK
BUG,N/A,false,true,false,true,true,,,0,0,T1-B0-S1-I1,INVALID_HEADER,0,0,0,false,false,,TEXT_CONTENT_INTEGRITY_NOT_AUDITED_M2_02;TABLE_MEMBER_MISSING,INCOMPLETE_STRUCTURALLY_VALID_REQUIRED_WINDOWS
BUI,Financial Services,false,true,false,true,true,2012-02-24,2023-12-15,619,617,T1-B0-S1-I1,PASS_REQUIRED_WINDOWS,0,0,0,true,false,2682,TEXT_CONTENT_INTEGRITY_NOT_AUDITED_M2_02;TABLE_MEMBER_MISSING,NOT_SELECTED_BY_DETERMINISTIC_DIVERSITY_TIE_BREAK
BURL,Consumer Cyclical,false,true,true,true,true,2013-12-27,2023-12-15,523,521,T1-B1-S1-I1,PASS_REQUIRED_WINDOWS,0,0,0,true,false,1581,TEXT_CONTENT_INTEGRITY_NOT_AUDITED_M2_02,NOT_SELECTED_BY_DETERMINISTIC_DIVERSITY_TIE_BREAK
BUSE,Financial Services,false,true,true,true,true,2000-03-31,2023-12-15,1240,1238,T1-B1-S1-I1,PASS_REQUIRED_WINDOWS,0,0,0,true,false,2935,TEXT_CONTENT_INTEGRITY_NOT_AUDITED_M2_02,NOT_SELECTED_BY_DETERMINISTIC_DIVERSITY_TIE_BREAK
BV,Industrials,false,true,true,true,true,2018-09-28,2023-12-15,275,273,T1-B1-S1-I1,PASS_REQUIRED_WINDOWS,0,0,0,true,false,700,TEXT_CONTENT_INTEGRITY_NOT_AUDITED_M2_02,NOT_SELECTED_BY_DETERMINISTIC_DIVERSITY_TIE_BREAK
BVN,Basic Materials,false,true,true,true,true,2000-03-31,2023-12-15,1240,1238,T1-B1-S1-I1,PASS_REQUIRED_WINDOWS,0,0,0,true,false,2973,TEXT_CONTENT_INTEGRITY_NOT_AUDITED_M2_02,NOT_SELECTED_BY_DETERMINISTIC_DIVERSITY_TIE_BREAK
BW,Industrials,false,true,true,true,true,2015-09-11,2023-12-15,434,432,T1-B1-S1-I1,PASS_REQUIRED_WINDOWS,0,0,0,true,false,881,TEXT_CONTENT_INTEGRITY_NOT_AUDITED_M2_02,NOT_SELECTED_BY_DETERMINISTIC_DIVERSITY_TIE_BREAK
BWA,Consumer Cyclical,false,true,true,true,true,2000-03-31,2023-12-15,1240,1238,T1-B1-S1-I1,PASS_REQUIRED_WINDOWS,0,0,0,true,false,324,TEXT_CONTENT_INTEGRITY_NOT_AUDITED_M2_02,NOT_SELECTED_BY_DETERMINISTIC_DIVERSITY_TIE_BREAK
BWAY,Healthcare,false,true,true,true,true,2019-07-19,2023-12-15,233,231,T1-B1-S1-I1,PASS_REQUIRED_WINDOWS,0,0,0,true,false,2457,TEXT_CONTENT_INTEGRITY_NOT_AUDITED_M2_02,NOT_SELECTED_BY_DETERMINISTIC_DIVERSITY_TIE_BREAK
BWFG,Financial Services,false,true,true,true,true,2010-07-02,2023-12-15,705,703,T1-B1-S1-I1,PASS_REQUIRED_WINDOWS,0,0,0,true,false,2941,TEXT_CONTENT_INTEGRITY_NOT_AUDITED_M2_02,NOT_SELECTED_BY_DETERMINISTIC_DIVERSITY_TIE_BREAK
BWG,Financial Services,false,true,false,true,true,2012-06-22,2023-12-15,602,600,T1-B0-S1-I1,PASS_REQUIRED_WINDOWS,0,0,0,true,false,1981,TEXT_CONTENT_INTEGRITY_NOT_AUDITED_M2_02;TABLE_MEMBER_MISSING,NOT_SELECTED_BY_DETERMINISTIC_DIVERSITY_TIE_BREAK
BWMX,Consumer Cyclical,false,true,true,true,true,2019-04-05,2023-12-15,248,246,T1-B1-S1-I1,PASS_REQUIRED_WINDOWS,0,0,0,true,false,602,TEXT_CONTENT_INTEGRITY_NOT_AUDITED_M2_02,NOT_SELECTED_BY_DETERMINISTIC_DIVERSITY_TIE_BREAK
BWX,N/A,false,true,false,true,true,,,0,0,T1-B0-S1-I1,INVALID_HEADER,0,0,0,false,false,,TEXT_CONTENT_INTEGRITY_NOT_AUDITED_M2_02;TABLE_MEMBER_MISSING,INCOMPLETE_STRUCTURALLY_VALID_REQUIRED_WINDOWS
BWXT,Industrials,false,true,true,true,true,2010-10-29,2023-12-15,688,686,T1-B1-S1-I1,PASS_REQUIRED_WINDOWS,0,0,0,true,false,1292,TEXT_CONTENT_INTEGRITY_NOT_AUDITED_M2_02,NOT_SELECTED_BY_DETERMINISTIC_DIVERSITY_TIE_BREAK
BX,Financial Services,false,true,true,true,true,2007-09-21,2023-12-15,850,848,T1-B1-S1-I1,PASS_REQUIRED_WINDOWS,0,0,0,true,false,703,TEXT_CONTENT_INTEGRITY_NOT_AUDITED_M2_02,NOT_SELECTED_BY_DETERMINISTIC_DIVERSITY_TIE_BREAK
BXC,Industrials,false,true,true,true,true,2005-03-11,2023-12-15,982,980,T1-B1-S1-I1,PASS_REQUIRED_WINDOWS,0,0,0,true,false,1526,TEXT_CONTENT_INTEGRITY_NOT_AUDITED_M2_02,NOT_SELECTED_BY_DETERMINISTIC_DIVERSITY_TIE_BREAK
BXMT,Real Estate,false,true,true,true,true,2000-03-31,2023-12-15,1240,1238,T1-B1-S1-I1,PASS_REQUIRED_WINDOWS,0,0,0,true,false,2749,TEXT_CONTENT_INTEGRITY_NOT_AUDITED_M2_02,NOT_SELECTED_BY_DETERMINISTIC_DIVERSITY_TIE_BREAK
BXP,Real Estate,false,true,true,true,true,2000-03-31,2023-12-15,1240,1238,T1-B1-S1-I1,PASS_REQUIRED_WINDOWS,0,0,0,true,false,2715,TEXT_CONTENT_INTEGRITY_NOT_AUDITED_M2_02,NOT_SELECTED_BY_DETERMINISTIC_DIVERSITY_TIE_BREAK
BY,Financial Services,false,true,true,true,true,2017-09-29,2023-12-15,327,325,T1-B1-S1-I1,PASS_REQUIRED_WINDOWS,0,0,0,true,false,844,TEXT_CONTENT_INTEGRITY_NOT_AUDITED_M2_02,NOT_SELECTED_BY_DETERMINISTIC_DIVERSITY_TIE_BREAK
BYD,Consumer Cyclical,false,true,true,true,true,2000-03-31,2023-12-15,1240,1238,T1-B1-S1-I1,PASS_REQUIRED_WINDOWS,0,0,0,true,false,442,TEXT_CONTENT_INTEGRITY_NOT_AUDITED_M2_02,NOT_SELECTED_BY_DETERMINISTIC_DIVERSITY_TIE_BREAK
BYFC,Financial Services,false,true,true,true,true,2000-03-31,2023-12-15,1240,1238,T1-B1-S1-I1,PASS_REQUIRED_WINDOWS,0,0,0,true,false,1392,TEXT_CONTENT_INTEGRITY_NOT_AUDITED_M2_02,NOT_SELECTED_BY_DETERMINISTIC_DIVERSITY_TIE_BREAK
BYLD,N/A,false,true,false,true,true,,,0,0,T1-B0-S1-I1,INVALID_HEADER,0,0,0,false,false,,TEXT_CONTENT_INTEGRITY_NOT_AUDITED_M2_02;TABLE_MEMBER_MISSING,INCOMPLETE_STRUCTURALLY_VALID_REQUIRED_WINDOWS
BYM,Financial Services,false,true,false,true,true,2003-01-31,2023-12-15,1092,1090,T1-B0-S1-I1,PASS_REQUIRED_WINDOWS,0,0,0,true,false,538,TEXT_CONTENT_INTEGRITY_NOT_AUDITED_M2_02;TABLE_MEMBER_MISSING,NOT_SELECTED_BY_DETERMINISTIC_DIVERSITY_TIE_BREAK
BYND,Consumer Defensive,false,true,true,true,true,2019-08-02,2023-12-15,231,229,T1-B1-S1-I1,PASS_REQUIRED_WINDOWS,0,0,0,true,false,1109,TEXT_CONTENT_INTEGRITY_NOT_AUDITED_M2_02,NOT_SELECTED_BY_DETERMINISTIC_DIVERSITY_TIE_BREAK
BYSI,Healthcare,false,true,true,true,true,2017-06-09,2023-12-15,343,341,T1-B1-S1-I1,PASS_REQUIRED_WINDOWS,0,0,0,true,false,2281,TEXT_CONTENT_INTEGRITY_NOT_AUDITED_M2_02,NOT_SELECTED_BY_DETERMINISTIC_DIVERSITY_TIE_BREAK
BZH,Consumer Cyclical,false,true,true,true,true,2000-03-31,2023-12-15,1240,1238,T1-B1-S1-I1,PASS_REQUIRED_WINDOWS,0,0,0,true,false,614,TEXT_CONTENT_INTEGRITY_NOT_AUDITED_M2_02,NOT_SELECTED_BY_DETERMINISTIC_DIVERSITY_TIE_BREAK
BZQ,N/A,false,true,false,true,true,,,0,0,T1-B0-S1-I1,INVALID_HEADER,0,0,0,false,false,,TEXT_CONTENT_INTEGRITY_NOT_AUDITED_M2_02;TABLE_MEMBER_MISSING,INCOMPLETE_STRUCTURALLY_VALID_REQUIRED_WINDOWS
BZUN,Consumer Cyclical,false,true,true,true,true,2015-08-14,2023-12-15,438,436,T1-B1-S1-I1,PASS_REQUIRED_WINDOWS,0,0,0,true,false,2425,TEXT_CONTENT_INTEGRITY_NOT_AUDITED_M2_02,NOT_SELECTED_BY_DETERMINISTIC_DIVERSITY_TIE_BREAK
C,Financial Services,false,true,false,true,true,2000-03-31,2023-12-15,1240,1238,T1-B0-S1-I1,PASS_REQUIRED_WINDOWS,0,0,0,true,false,2335,TEXT_CONTENT_INTEGRITY_NOT_AUDITED_M2_02;TABLE_MEMBER_MISSING,NOT_SELECTED_BY_DETERMINISTIC_DIVERSITY_TIE_BREAK
CAAP,Industrials,false,true,true,true,true,2018-05-04,2023-12-15,296,294,T1-B1-S1-I1,PASS_REQUIRED_WINDOWS,0,0,0,true,false,585,TEXT_CONTENT_INTEGRITY_NOT_AUDITED_M2_02,NOT_SELECTED_BY_DETERMINISTIC_DIVERSITY_TIE_BREAK
CAAS,Consumer Cyclical,false,true,true,true,true,2003-06-20,2023-12-15,1072,1070,T1-B1-S1-I1,PASS_REQUIRED_WINDOWS,0,0,0,true,false,783,TEXT_CONTENT_INTEGRITY_NOT_AUDITED_M2_02,NOT_SELECTED_BY_DETERMINISTIC_DIVERSITY_TIE_BREAK
CABA,Healthcare,false,true,true,true,true,2020-01-24,2023-12-15,206,204,T1-B1-S1-I1,PASS_REQUIRED_WINDOWS,0,0,0,true,false,719,TEXT_CONTENT_INTEGRITY_NOT_AUDITED_M2_02,NOT_SELECTED_BY_DETERMINISTIC_DIVERSITY_TIE_BREAK
CABO,Communication Services,false,true,true,true,true,2015-09-04,2023-12-15,435,433,T1-B1-S1-I1,PASS_REQUIRED_WINDOWS,0,0,0,true,false,949,TEXT_CONTENT_INTEGRITY_NOT_AUDITED_M2_02,NOT_SELECTED_BY_DETERMINISTIC_DIVERSITY_TIE_BREAK
CAC,Financial Services,false,true,true,true,true,2000-03-31,2023-12-15,1240,1238,T1-B1-S1-I1,PASS_REQUIRED_WINDOWS,0,0,0,true,false,1715,TEXT_CONTENT_INTEGRITY_NOT_AUDITED_M2_02,NOT_SELECTED_BY_DETERMINISTIC_DIVERSITY_TIE_BREAK
CACC,Financial Services,false,true,true,true,true,2000-03-31,2023-12-15,1240,1238,T1-B1-S1-I1,PASS_REQUIRED_WINDOWS,0,0,0,true,false,2442,TEXT_CONTENT_INTEGRITY_NOT_AUDITED_M2_02,NOT_SELECTED_BY_DETERMINISTIC_DIVERSITY_TIE_BREAK
CACI,Technology,false,true,true,true,true,2000-03-31,2023-12-15,1240,1238,T1-B1-S1-I1,PASS_REQUIRED_WINDOWS,0,0,0,true,false,2546,TEXT_CONTENT_INTEGRITY_NOT_AUDITED_M2_02,NOT_SELECTED_BY_DETERMINISTIC_DIVERSITY_TIE_BREAK
CADE,Financial Services,false,true,false,true,true,2000-03-31,2023-12-15,1240,1238,T1-B0-S1-I1,PASS_REQUIRED_WINDOWS,0,0,0,true,false,245,TEXT_CONTENT_INTEGRITY_NOT_AUDITED_M2_02;TABLE_MEMBER_MISSING,NOT_SELECTED_BY_DETERMINISTIC_DIVERSITY_TIE_BREAK
CAE,Industrials,false,true,true,true,true,2002-10-25,2023-12-15,1106,1104,T1-B1-S1-I1,PASS_REQUIRED_WINDOWS,0,0,0,true,false,1542,TEXT_CONTENT_INTEGRITY_NOT_AUDITED_M2_02,NOT_SELECTED_BY_DETERMINISTIC_DIVERSITY_TIE_BREAK
CAF,Financial Services,false,true,false,true,true,2006-12-22,2023-12-15,889,887,T1-B0-S1-I1,PASS_REQUIRED_WINDOWS,0,0,0,true,false,936,TEXT_CONTENT_INTEGRITY_NOT_AUDITED_M2_02;TABLE_MEMBER_MISSING,NOT_SELECTED_BY_DETERMINISTIC_DIVERSITY_TIE_BREAK
CAG,Consumer Defensive,false,true,true,true,true,2000-03-31,2023-12-15,1240,1238,T1-B1-S1-I1,PASS_REQUIRED_WINDOWS,0,0,0,true,false,164,TEXT_CONTENT_INTEGRITY_NOT_AUDITED_M2_02,NOT_SELECTED_BY_DETERMINISTIC_DIVERSITY_TIE_BREAK
CAH,Healthcare,false,true,true,true,true,2000-03-31,2023-12-15,1240,1238,T1-B1-S1-I1,PASS_REQUIRED_WINDOWS,0,0,0,true,false,885,TEXT_CONTENT_INTEGRITY_NOT_AUDITED_M2_02,NOT_SELECTED_BY_DETERMINISTIC_DIVERSITY_TIE_BREAK
CAKE,Consumer Cyclical,false,true,true,true,true,2000-03-31,2023-12-15,1240,1238,T1-B1-S1-I1,PASS_REQUIRED_WINDOWS,0,0,0,true,false,1203,TEXT_CONTENT_INTEGRITY_NOT_AUDITED_M2_02,NOT_SELECTED_BY_DETERMINISTIC_DIVERSITY_TIE_BREAK
CAL,Consumer Cyclical,false,true,true,true,true,2000-03-31,2023-12-15,1240,1238,T1-B1-S1-I1,PASS_REQUIRED_WINDOWS,0,0,0,true,false,171,TEXT_CONTENT_INTEGRITY_NOT_AUDITED_M2_02,NOT_SELECTED_BY_DETERMINISTIC_DIVERSITY_TIE_BREAK
CALA,Healthcare,false,true,false,true,true,2015-01-02,2023-12-15,470,468,T1-B0-S1-I1,PASS_REQUIRED_WINDOWS,0,0,0,true,false,2564,TEXT_CONTENT_INTEGRITY_NOT_AUDITED_M2_02;TABLE_MEMBER_MISSING,NOT_SELECTED_BY_DETERMINISTIC_DIVERSITY_TIE_BREAK
CALF,N/A,false,true,false,true,true,,,0,0,T1-B0-S1-I1,INVALID_HEADER,0,0,0,false,false,,TEXT_CONTENT_INTEGRITY_NOT_AUDITED_M2_02;TABLE_MEMBER_MISSING,INCOMPLETE_STRUCTURALLY_VALID_REQUIRED_WINDOWS
CALM,Consumer Defensive,false,true,true,true,true,2000-03-31,2023-12-15,1240,1238,T1-B1-S1-I1,PASS_REQUIRED_WINDOWS,0,0,0,true,false,2323,TEXT_CONTENT_INTEGRITY_NOT_AUDITED_M2_02,NOT_SELECTED_BY_DETERMINISTIC_DIVERSITY_TIE_BREAK
CALX,Technology,false,true,true,true,true,2010-06-18,2023-12-15,707,705,T1-B1-S1-I1,PASS_REQUIRED_WINDOWS,0,0,0,true,false,2911,TEXT_CONTENT_INTEGRITY_NOT_AUDITED_M2_02,NOT_SELECTED_BY_DETERMINISTIC_DIVERSITY_TIE_BREAK
CAMP,Healthcare,false,true,true,true,true,,,0,0,T1-B1-S1-I1,INCOMPLETE_REQUIRED_WINDOWS,0,0,0,false,false,,TEXT_CONTENT_INTEGRITY_NOT_AUDITED_M2_02,INCOMPLETE_STRUCTURALLY_VALID_REQUIRED_WINDOWS
CAMT,Technology,false,true,true,true,true,2000-10-27,2023-12-15,1210,1208,T1-B1-S1-I1,PASS_REQUIRED_WINDOWS,0,0,0,true,false,152,TEXT_CONTENT_INTEGRITY_NOT_AUDITED_M2_02,NOT_SELECTED_BY_DETERMINISTIC_DIVERSITY_TIE_BREAK
CAN,Technology,false,true,true,true,true,2020-02-21,2023-12-15,202,200,T1-B1-S1-I1,PASS_REQUIRED_WINDOWS,0,0,0,true,false,622,TEXT_CONTENT_INTEGRITY_NOT_AUDITED_M2_02,NOT_SELECTED_BY_DETERMINISTIC_DIVERSITY_TIE_BREAK
CANE,N/A,false,true,true,true,true,,,0,0,T1-B1-S1-I1,INVALID_HEADER,0,0,0,false,false,,TEXT_CONTENT_INTEGRITY_NOT_AUDITED_M2_02,INCOMPLETE_STRUCTURALLY_VALID_REQUIRED_WINDOWS
CANF,Healthcare,false,true,true,true,true,2013-02-08,2023-12-15,569,567,T1-B1-S1-I1,PASS_REQUIRED_WINDOWS,0,0,0,true,false,1842,TEXT_CONTENT_INTEGRITY_NOT_AUDITED_M2_02,NOT_SELECTED_BY_DETERMINISTIC_DIVERSITY_TIE_BREAK
CANG,Consumer Cyclical,false,true,true,true,true,2018-10-19,2023-12-15,272,270,T1-B1-S1-I1,PASS_REQUIRED_WINDOWS,0,0,0,true,false,2943,TEXT_CONTENT_INTEGRITY_NOT_AUDITED_M2_02,NOT_SELECTED_BY_DETERMINISTIC_DIVERSITY_TIE_BREAK
CAPE,N/A,false,true,false,true,true,,,0,0,T1-B0-S1-I1,INVALID_HEADER,0,0,0,false,false,,TEXT_CONTENT_INTEGRITY_NOT_AUDITED_M2_02;TABLE_MEMBER_MISSING,INCOMPLETE_STRUCTURALLY_VALID_REQUIRED_WINDOWS
CAPL,Energy,false,true,true,true,true,2013-01-25,2023-12-15,571,569,T1-B1-S1-I1,PASS_REQUIRED_WINDOWS,0,0,0,true,false,916,TEXT_CONTENT_INTEGRITY_NOT_AUDITED_M2_02,NOT_SELECTED_BY_DETERMINISTIC_DIVERSITY_TIE_BREAK
CAPR,Healthcare,false,true,true,true,true,2007-05-11,2023-12-15,869,867,T1-B1-S1-I1,PASS_REQUIRED_WINDOWS,0,0,0,true,false,74,TEXT_CONTENT_INTEGRITY_NOT_AUDITED_M2_02,NOT_SELECTED_BY_DETERMINISTIC_DIVERSITY_TIE_BREAK
CAR,Industrials,false,true,true,true,true,2000-03-31,2023-12-15,1240,1238,T1-B1-S1-I1,PASS_REQUIRED_WINDOWS,0,0,0,true,false,1270,TEXT_CONTENT_INTEGRITY_NOT_AUDITED_M2_02,NOT_SELECTED_BY_DETERMINISTIC_DIVERSITY_TIE_BREAK
CARA,Healthcare,false,true,true,true,true,2014-05-02,2023-12-15,505,503,T1-B1-S1-I1,PASS_REQUIRED_WINDOWS,0,0,0,true,false,2430,TEXT_CONTENT_INTEGRITY_NOT_AUDITED_M2_02,NOT_SELECTED_BY_DETERMINISTIC_DIVERSITY_TIE_BREAK
CARG,Consumer Cyclical,false,true,true,true,true,2018-01-12,2023-12-15,312,310,T1-B1-S1-I1,PASS_REQUIRED_WINDOWS,0,0,0,true,false,1129,TEXT_CONTENT_INTEGRITY_NOT_AUDITED_M2_02,NOT_SELECTED_BY_DETERMINISTIC_DIVERSITY_TIE_BREAK
CARR,Industrials,false,true,true,true,true,2020-06-19,2023-12-15,185,183,T1-B1-S1-I1,PASS_REQUIRED_WINDOWS,0,0,0,true,false,1429,TEXT_CONTENT_INTEGRITY_NOT_AUDITED_M2_02,NOT_SELECTED_BY_DETERMINISTIC_DIVERSITY_TIE_BREAK
CARS,Consumer Cyclical,false,true,true,true,true,2017-08-25,2023-12-15,332,330,T1-B1-S1-I1,PASS_REQUIRED_WINDOWS,0,0,0,true,false,2722,TEXT_CONTENT_INTEGRITY_NOT_AUDITED_M2_02,NOT_SELECTED_BY_DETERMINISTIC_DIVERSITY_TIE_BREAK
CARV,Financial Services,false,true,true,true,true,2000-03-31,2023-12-15,1240,1238,T1-B1-S1-I1,PASS_REQUIRED_WINDOWS,0,0,0,true,false,2590,TEXT_CONTENT_INTEGRITY_NOT_AUDITED_M2_02,NOT_SELECTED_BY_DETERMINISTIC_DIVERSITY_TIE_BREAK
CARZ,N/A,false,true,false,true,true,,,0,0,T1-B0-S1-I1,INVALID_HEADER,0,0,0,false,false,,TEXT_CONTENT_INTEGRITY_NOT_AUDITED_M2_02;TABLE_MEMBER_MISSING,INCOMPLETE_STRUCTURALLY_VALID_REQUIRED_WINDOWS
CASH,Financial Services,false,true,true,true,true,2000-03-31,2023-12-15,1240,1238,T1-B1-S1-I1,PASS_REQUIRED_WINDOWS,0,0,0,true,false,594,TEXT_CONTENT_INTEGRITY_NOT_AUDITED_M2_02,NOT_SELECTED_BY_DETERMINISTIC_DIVERSITY_TIE_BREAK
CASI,Healthcare,false,true,true,true,true,2000-03-31,2023-12-15,1240,1238,T1-B1-S1-I1,PASS_REQUIRED_WINDOWS,0,0,0,true,false,2286,TEXT_CONTENT_INTEGRITY_NOT_AUDITED_M2_02,NOT_SELECTED_BY_DETERMINISTIC_DIVERSITY_TIE_BREAK
CASS,Industrials,false,true,true,true,true,2000-03-31,2023-12-15,1240,1238,T1-B1-S1-I1,PASS_REQUIRED_WINDOWS,0,0,0,true,false,812,TEXT_CONTENT_INTEGRITY_NOT_AUDITED_M2_02,NOT_SELECTED_BY_DETERMINISTIC_DIVERSITY_TIE_BREAK
CASY,Consumer Cyclical,false,true,true,true,true,2000-03-31,2023-12-15,1240,1238,T1-B1-S1-I1,PASS_REQUIRED_WINDOWS,0,0,0,true,false,521,TEXT_CONTENT_INTEGRITY_NOT_AUDITED_M2_02,NOT_SELECTED_BY_DETERMINISTIC_DIVERSITY_TIE_BREAK
CAT,Industrials,false,true,true,true,true,2000-03-31,2023-12-15,1240,1238,T1-B1-S1-I1,PASS_REQUIRED_WINDOWS,0,0,0,true,false,811,TEXT_CONTENT_INTEGRITY_NOT_AUDITED_M2_02,NOT_SELECTED_BY_DETERMINISTIC_DIVERSITY_TIE_BREAK
CATC,N/A,false,true,false,true,true,,,0,0,T1-B0-S1-I1,INVALID_HEADER,0,0,0,false,false,,TEXT_CONTENT_INTEGRITY_NOT_AUDITED_M2_02;TABLE_MEMBER_MISSING,INCOMPLETE_STRUCTURALLY_VALID_REQUIRED_WINDOWS
CATO,Consumer Cyclical,false,true,true,true,true,2000-03-31,2023-12-15,1240,1238,T1-B1-S1-I1,PASS_REQUIRED_WINDOWS,0,0,0,true,false,1405,TEXT_CONTENT_INTEGRITY_NOT_AUDITED_M2_02,NOT_SELECTED_BY_DETERMINISTIC_DIVERSITY_TIE_BREAK
CATY,Financial Services,false,true,true,true,true,2000-03-31,2023-12-15,1240,1238,T1-B1-S1-I1,PASS_REQUIRED_WINDOWS,0,0,0,true,false,2078,TEXT_CONTENT_INTEGRITY_NOT_AUDITED_M2_02,NOT_SELECTED_BY_DETERMINISTIC_DIVERSITY_TIE_BREAK
CBAT,Industrials,false,true,true,true,true,2005-05-13,2023-12-15,973,971,T1-B1-S1-I1,PASS_REQUIRED_WINDOWS,0,0,0,true,false,1704,TEXT_CONTENT_INTEGRITY_NOT_AUDITED_M2_02,NOT_SELECTED_BY_DETERMINISTIC_DIVERSITY_TIE_BREAK
CBFV,Financial Services,false,true,true,true,true,2004-01-02,2023-12-15,1044,1042,T1-B1-S1-I1,PASS_REQUIRED_WINDOWS,0,0,0,true,false,1977,TEXT_CONTENT_INTEGRITY_NOT_AUDITED_M2_02,NOT_SELECTED_BY_DETERMINISTIC_DIVERSITY_TIE_BREAK
CBL,Real Estate,false,true,true,true,true,2022-01-28,2023-12-15,101,99,T1-B1-S1-I1,PASS_REQUIRED_WINDOWS,0,0,0,true,false,2872,TEXT_CONTENT_INTEGRITY_NOT_AUDITED_M2_02,NOT_SELECTED_BY_DETERMINISTIC_DIVERSITY_TIE_BREAK
CBNK,Financial Services,false,true,true,true,true,2018-12-21,2023-12-15,263,261,T1-B1-S1-I1,PASS_REQUIRED_WINDOWS,0,0,0,true,false,1312,TEXT_CONTENT_INTEGRITY_NOT_AUDITED_M2_02,NOT_SELECTED_BY_DETERMINISTIC_DIVERSITY_TIE_BREAK
CBOE,Financial Services,false,true,true,true,true,2010-09-10,2023-12-15,695,693,T1-B1-S1-I1,PASS_REQUIRED_WINDOWS,0,0,0,true,false,1559,TEXT_CONTENT_INTEGRITY_NOT_AUDITED_M2_02,NOT_SELECTED_BY_DETERMINISTIC_DIVERSITY_TIE_BREAK
CBON,N/A,false,true,false,true,true,,,0,0,T1-B0-S1-I1,INVALID_HEADER,0,0,0,false,false,,TEXT_CONTENT_INTEGRITY_NOT_AUDITED_M2_02;TABLE_MEMBER_MISSING,INCOMPLETE_STRUCTURALLY_VALID_REQUIRED_WINDOWS
CBRL,Consumer Cyclical,false,true,true,true,true,2000-03-31,2023-12-15,1240,1238,T1-B1-S1-I1,PASS_REQUIRED_WINDOWS,0,0,0,true,false,488,TEXT_CONTENT_INTEGRITY_NOT_AUDITED_M2_02,NOT_SELECTED_BY_DETERMINISTIC_DIVERSITY_TIE_BREAK
CBSH,Financial Services,false,true,true,true,true,2000-03-31,2023-12-15,1240,1238,T1-B1-S1-I1,PASS_REQUIRED_WINDOWS,0,0,0,true,false,29,TEXT_CONTENT_INTEGRITY_NOT_AUDITED_M2_02,NOT_SELECTED_BY_DETERMINISTIC_DIVERSITY_TIE_BREAK
CBT,Basic Materials,false,true,true,true,true,2000-03-31,2023-12-15,1240,1238,T1-B1-S1-I1,PASS_REQUIRED_WINDOWS,0,0,0,true,false,115,TEXT_CONTENT_INTEGRITY_NOT_AUDITED_M2_02,NOT_SELECTED_BY_DETERMINISTIC_DIVERSITY_TIE_BREAK
CBU,Financial Services,false,true,true,true,true,2000-03-31,2023-12-15,1240,1238,T1-B1-S1-I1,PASS_REQUIRED_WINDOWS,0,0,0,true,false,290,TEXT_CONTENT_INTEGRITY_NOT_AUDITED_M2_02,NOT_SELECTED_BY_DETERMINISTIC_DIVERSITY_TIE_BREAK
CBZ,Industrials,false,true,true,true,true,2000-03-31,2023-12-15,1240,1238,T1-B1-S1-I1,PASS_REQUIRED_WINDOWS,0,0,0,true,false,1219,TEXT_CONTENT_INTEGRITY_NOT_AUDITED_M2_02,NOT_SELECTED_BY_DETERMINISTIC_DIVERSITY_TIE_BREAK
CC,Basic Materials,false,true,true,true,true,2015-09-18,2023-12-15,433,431,T1-B1-S1-I1,PASS_REQUIRED_WINDOWS,0,0,0,true,false,826,TEXT_CONTENT_INTEGRITY_NOT_AUDITED_M2_02,NOT_SELECTED_BY_DETERMINISTIC_DIVERSITY_TIE_BREAK
CCAP,Financial Services,false,true,true,true,true,2020-05-01,2023-12-15,192,190,T1-B1-S1-I1,PASS_REQUIRED_WINDOWS,0,0,0,true,false,788,TEXT_CONTENT_INTEGRITY_NOT_AUDITED_M2_02,NOT_SELECTED_BY_DETERMINISTIC_DIVERSITY_TIE_BREAK
CCB,Financial Services,false,true,true,true,true,2018-10-12,2023-12-15,273,271,T1-B1-S1-I1,PASS_REQUIRED_WINDOWS,0,0,0,true,false,607,TEXT_CONTENT_INTEGRITY_NOT_AUDITED_M2_02,NOT_SELECTED_BY_DETERMINISTIC_DIVERSITY_TIE_BREAK
CCBG,Financial Services,false,true,true,true,true,2000-03-31,2023-12-15,1240,1238,T1-B1-S1-I1,PASS_REQUIRED_WINDOWS,0,0,0,true,false,362,TEXT_CONTENT_INTEGRITY_NOT_AUDITED_M2_02,NOT_SELECTED_BY_DETERMINISTIC_DIVERSITY_TIE_BREAK
CCD,Financial Services,false,true,false,true,true,2015-06-26,2023-12-15,445,443,T1-B0-S1-I1,PASS_REQUIRED_WINDOWS,0,0,0,true,false,2132,TEXT_CONTENT_INTEGRITY_NOT_AUDITED_M2_02;TABLE_MEMBER_MISSING,NOT_SELECTED_BY_DETERMINISTIC_DIVERSITY_TIE_BREAK
CCEP,Consumer Defensive,false,true,true,true,true,2000-03-31,2023-12-15,1240,1238,T1-B1-S1-I1,PASS_REQUIRED_WINDOWS,0,0,0,true,false,2752,TEXT_CONTENT_INTEGRITY_NOT_AUDITED_M2_02,NOT_SELECTED_BY_DETERMINISTIC_DIVERSITY_TIE_BREAK
CCI,Real Estate,false,true,true,true,true,2000-03-31,2023-12-15,1240,1238,T1-B1-S1-I1,PASS_REQUIRED_WINDOWS,0,0,0,true,false,2188,TEXT_CONTENT_INTEGRITY_NOT_AUDITED_M2_02,NOT_SELECTED_BY_DETERMINISTIC_DIVERSITY_TIE_BREAK
CCJ,Energy,false,true,true,true,true,2000-03-31,2023-12-15,1240,1238,T1-B1-S1-I1,PASS_REQUIRED_WINDOWS,0,0,0,true,false,1910,TEXT_CONTENT_INTEGRITY_NOT_AUDITED_M2_02,NOT_SELECTED_BY_DETERMINISTIC_DIVERSITY_TIE_BREAK
CCK,Consumer Cyclical,false,true,true,true,true,2000-03-31,2023-12-15,1240,1238,T1-B1-S1-I1,PASS_REQUIRED_WINDOWS,0,0,0,true,false,2673,TEXT_CONTENT_INTEGRITY_NOT_AUDITED_M2_02,NOT_SELECTED_BY_DETERMINISTIC_DIVERSITY_TIE_BREAK
CCM,Healthcare,false,true,true,true,true,2010-03-12,2023-12-15,721,719,T1-B1-S1-I1,PASS_REQUIRED_WINDOWS,0,0,0,true,false,1731,TEXT_CONTENT_INTEGRITY_NOT_AUDITED_M2_02,NOT_SELECTED_BY_DETERMINISTIC_DIVERSITY_TIE_BREAK
CCNE,Financial Services,false,true,true,true,true,2000-03-31,2023-12-15,1240,1238,T1-B1-S1-I1,PASS_REQUIRED_WINDOWS,0,0,0,true,false,1179,TEXT_CONTENT_INTEGRITY_NOT_AUDITED_M2_02,NOT_SELECTED_BY_DETERMINISTIC_DIVERSITY_TIE_BREAK
CCO,Communication Services,false,true,true,true,true,2006-02-10,2023-12-15,934,932,T1-B1-S1-I1,PASS_REQUIRED_WINDOWS,0,0,0,true,false,1564,TEXT_CONTENT_INTEGRITY_NOT_AUDITED_M2_02,NOT_SELECTED_BY_DETERMINISTIC_DIVERSITY_TIE_BREAK
CCOI,Communication Services,false,true,true,true,true,2002-05-03,2023-12-15,1131,1129,T1-B1-S1-I1,PASS_REQUIRED_WINDOWS,0,0,0,true,false,1826,TEXT_CONTENT_INTEGRITY_NOT_AUDITED_M2_02,NOT_SELECTED_BY_DETERMINISTIC_DIVERSITY_TIE_BREAK
CCRN,Healthcare,false,true,true,true,true,2002-01-25,2023-12-15,1145,1143,T1-B1-S1-I1,PASS_REQUIRED_WINDOWS,0,0,0,true,false,1605,TEXT_CONTENT_INTEGRITY_NOT_AUDITED_M2_02,NOT_SELECTED_BY_DETERMINISTIC_DIVERSITY_TIE_BREAK
CCS,Real Estate,false,true,true,true,true,2014-09-12,2023-12-15,486,484,T1-B1-S1-I1,PASS_REQUIRED_WINDOWS,0,0,0,true,false,1245,TEXT_CONTENT_INTEGRITY_NOT_AUDITED_M2_02,NOT_SELECTED_BY_DETERMINISTIC_DIVERSITY_TIE_BREAK
CCZ,N/A,false,true,true,true,true,2020-04-17,2023-12-15,194,192,T1-B1-S1-I1,PASS_REQUIRED_WINDOWS,0,0,0,true,false,1570,TEXT_CONTENT_INTEGRITY_NOT_AUDITED_M2_02,NOT_SELECTED_BY_DETERMINISTIC_DIVERSITY_TIE_BREAK
CDC,N/A,false,true,false,true,true,,,0,0,T1-B0-S1-I1,INVALID_HEADER,0,0,0,false,false,,TEXT_CONTENT_INTEGRITY_NOT_AUDITED_M2_02;TABLE_MEMBER_MISSING,INCOMPLETE_STRUCTURALLY_VALID_REQUIRED_WINDOWS
CDE,Basic Materials,false,true,true,true,true,2000-03-31,2023-12-15,1240,1238,T1-B1-S1-I1,PASS_REQUIRED_WINDOWS,0,0,0,true,false,888,TEXT_CONTENT_INTEGRITY_NOT_AUDITED_M2_02,NOT_SELECTED_BY_DETERMINISTIC_DIVERSITY_TIE_BREAK
CDL,N/A,false,true,false,true,true,,,0,0,T1-B0-S1-I1,INVALID_HEADER,0,0,0,false,false,,TEXT_CONTENT_INTEGRITY_NOT_AUDITED_M2_02;TABLE_MEMBER_MISSING,INCOMPLETE_STRUCTURALLY_VALID_REQUIRED_WINDOWS
CDLX,Communication Services,false,true,true,true,true,2018-05-11,2023-12-15,295,293,T1-B1-S1-I1,PASS_REQUIRED_WINDOWS,0,0,0,true,false,1321,TEXT_CONTENT_INTEGRITY_NOT_AUDITED_M2_02,NOT_SELECTED_BY_DETERMINISTIC_DIVERSITY_TIE_BREAK
CDNA,Healthcare,false,true,true,true,true,2014-10-10,2023-12-15,482,480,T1-B1-S1-I1,PASS_REQUIRED_WINDOWS,0,0,0,true,false,274,TEXT_CONTENT_INTEGRITY_NOT_AUDITED_M2_02,NOT_SELECTED_BY_DETERMINISTIC_DIVERSITY_TIE_BREAK
CDNS,Technology,false,true,true,true,true,2000-03-31,2023-12-15,1240,1238,T1-B1-S1-I1,PASS_REQUIRED_WINDOWS,0,0,0,true,false,2237,TEXT_CONTENT_INTEGRITY_NOT_AUDITED_M2_02,NOT_SELECTED_BY_DETERMINISTIC_DIVERSITY_TIE_BREAK
CDTX,Healthcare,false,true,true,true,true,2015-07-10,2023-12-15,443,441,T1-B1-S1-I1,PASS_REQUIRED_WINDOWS,0,0,0,true,false,1389,TEXT_CONTENT_INTEGRITY_NOT_AUDITED_M2_02,NOT_SELECTED_BY_DETERMINISTIC_DIVERSITY_TIE_BREAK
CDXS,Healthcare,false,true,true,true,true,2010-07-23,2023-12-15,702,700,T1-B1-S1-I1,PASS_REQUIRED_WINDOWS,0,0,0,true,false,1939,TEXT_CONTENT_INTEGRITY_NOT_AUDITED_M2_02,NOT_SELECTED_BY_DETERMINISTIC_DIVERSITY_TIE_BREAK
CDZI,Utilities,false,true,true,true,true,2000-03-31,2023-12-15,1240,1238,T1-B1-S1-I1,PASS_REQUIRED_WINDOWS,0,0,0,true,false,1815,TEXT_CONTENT_INTEGRITY_NOT_AUDITED_M2_02,NOT_SELECTED_BY_DETERMINISTIC_DIVERSITY_TIE_BREAK
CE,Basic Materials,false,true,true,true,true,2005-04-22,2023-12-15,976,974,T1-B1-S1-I1,PASS_REQUIRED_WINDOWS,0,0,0,true,false,753,TEXT_CONTENT_INTEGRITY_NOT_AUDITED_M2_02,NOT_SELECTED_BY_DETERMINISTIC_DIVERSITY_TIE_BREAK
CEE,Financial Services,false,true,false,true,true,2000-03-31,2023-12-15,1240,1238,T1-B0-S1-I1,PASS_REQUIRED_WINDOWS,0,0,0,true,false,1886,TEXT_CONTENT_INTEGRITY_NOT_AUDITED_M2_02;TABLE_MEMBER_MISSING,NOT_SELECTED_BY_DETERMINISTIC_DIVERSITY_TIE_BREAK
CEF,N/A,false,true,true,true,true,2000-03-31,2023-12-15,1240,1238,T1-B1-S1-I1,PASS_REQUIRED_WINDOWS,0,0,0,true,false,2731,TEXT_CONTENT_INTEGRITY_NOT_AUDITED_M2_02,NOT_SELECTED_BY_DETERMINISTIC_DIVERSITY_TIE_BREAK
CEFD,N/A,false,true,true,true,true,,,0,0,T1-B1-S1-I1,INVALID_HEADER,0,0,0,false,false,,TEXT_CONTENT_INTEGRITY_NOT_AUDITED_M2_02,INCOMPLETE_STRUCTURALLY_VALID_REQUIRED_WINDOWS
CELC,Healthcare,false,true,true,true,true,2017-12-15,2023-12-15,316,314,T1-B1-S1-I1,PASS_REQUIRED_WINDOWS,0,0,0,true,false,1099,TEXT_CONTENT_INTEGRITY_NOT_AUDITED_M2_02,NOT_SELECTED_BY_DETERMINISTIC_DIVERSITY_TIE_BREAK
CELH,Consumer Defensive,false,true,true,true,true,2007-04-20,2023-12-15,872,870,T1-B1-S1-I1,PASS_REQUIRED_WINDOWS,0,0,0,true,false,629,TEXT_CONTENT_INTEGRITY_NOT_AUDITED_M2_02,NOT_SELECTED_BY_DETERMINISTIC_DIVERSITY_TIE_BREAK
CENT,Consumer Defensive,false,true,true,true,true,2000-03-31,2023-12-15,1240,1238,T1-B1-S1-I1,PASS_REQUIRED_WINDOWS,0,0,0,true,false,644,TEXT_CONTENT_INTEGRITY_NOT_AUDITED_M2_02,NOT_SELECTED_BY_DETERMINISTIC_DIVERSITY_TIE_BREAK
CENTA,Consumer Defensive,false,true,true,true,true,2007-05-04,2023-12-15,870,868,T1-B1-S1-I1,PASS_REQUIRED_WINDOWS,0,0,0,true,false,1362,TEXT_CONTENT_INTEGRITY_NOT_AUDITED_M2_02,NOT_SELECTED_BY_DETERMINISTIC_DIVERSITY_TIE_BREAK
CENX,Basic Materials,false,true,true,true,true,2000-03-31,2023-12-15,1240,1238,T1-B1-S1-I1,PASS_REQUIRED_WINDOWS,0,0,0,true,false,795,TEXT_CONTENT_INTEGRITY_NOT_AUDITED_M2_02,NOT_SELECTED_BY_DETERMINISTIC_DIVERSITY_TIE_BREAK
CERS,Healthcare,false,true,true,true,true,2000-03-31,2023-12-15,1240,1238,T1-B1-S1-I1,PASS_REQUIRED_WINDOWS,0,0,0,true,false,255,TEXT_CONTENT_INTEGRITY_NOT_AUDITED_M2_02,NOT_SELECTED_BY_DETERMINISTIC_DIVERSITY_TIE_BREAK
CET,Financial Services,false,true,false,true,true,2000-03-31,2023-12-15,1240,1238,T1-B0-S1-I1,PASS_REQUIRED_WINDOWS,0,0,0,true,false,2737,TEXT_CONTENT_INTEGRITY_NOT_AUDITED_M2_02;TABLE_MEMBER_MISSING,NOT_SELECTED_BY_DETERMINISTIC_DIVERSITY_TIE_BREAK
CETX,Technology,false,true,true,true,true,2015-09-25,2023-12-15,432,430,T1-B1-S1-I1,PASS_REQUIRED_WINDOWS,0,0,0,true,false,399,TEXT_CONTENT_INTEGRITY_NOT_AUDITED_M2_02,NOT_SELECTED_BY_DETERMINISTIC_DIVERSITY_TIE_BREAK
CEV,Financial Services,false,true,false,true,true,2000-03-31,2023-12-15,1240,1238,T1-B0-S1-I1,PASS_REQUIRED_WINDOWS,0,0,0,true,false,670,TEXT_CONTENT_INTEGRITY_NOT_AUDITED_M2_02;TABLE_MEMBER_MISSING,NOT_SELECTED_BY_DETERMINISTIC_DIVERSITY_TIE_BREAK
CEVA,Technology,false,true,true,true,true,2003-01-31,2023-12-15,1092,1090,T1-B1-S1-I1,PASS_REQUIRED_WINDOWS,0,0,0,true,false,929,TEXT_CONTENT_INTEGRITY_NOT_AUDITED_M2_02,NOT_SELECTED_BY_DETERMINISTIC_DIVERSITY_TIE_BREAK
CEW,N/A,false,true,false,true,true,,,0,0,T1-B0-S1-I1,INVALID_HEADER,0,0,0,false,false,,TEXT_CONTENT_INTEGRITY_NOT_AUDITED_M2_02;TABLE_MEMBER_MISSING,INCOMPLETE_STRUCTURALLY_VALID_REQUIRED_WINDOWS
CF,Basic Materials,false,true,true,true,true,2005-11-04,2023-12-15,948,946,T1-B1-S1-I1,PASS_REQUIRED_WINDOWS,0,0,0,true,false,537,TEXT_CONTENT_INTEGRITY_NOT_AUDITED_M2_02,NOT_SELECTED_BY_DETERMINISTIC_DIVERSITY_TIE_BREAK
CFA,N/A,false,true,false,true,true,,,0,0,T1-B0-S1-I1,INVALID_HEADER,0,0,0,false,false,,TEXT_CONTENT_INTEGRITY_NOT_AUDITED_M2_02;TABLE_MEMBER_MISSING,INCOMPLETE_STRUCTURALLY_VALID_REQUIRED_WINDOWS
CFB,Financial Services,false,true,false,true,true,2019-11-08,2023-12-15,217,215,T1-B0-S1-I1,PASS_REQUIRED_WINDOWS,0,0,0,true,false,2963,TEXT_CONTENT_INTEGRITY_NOT_AUDITED_M2_02;TABLE_MEMBER_MISSING,NOT_SELECTED_BY_DETERMINISTIC_DIVERSITY_TIE_BREAK
CFBK,Financial Services,false,true,true,true,true,2000-03-31,2023-12-15,1240,1238,T1-B1-S1-I1,PASS_REQUIRED_WINDOWS,0,0,0,true,false,820,TEXT_CONTENT_INTEGRITY_NOT_AUDITED_M2_02,NOT_SELECTED_BY_DETERMINISTIC_DIVERSITY_TIE_BREAK
CFFI,Financial Services,false,true,true,true,true,2000-03-31,2023-12-15,1240,1238,T1-B1-S1-I1,PASS_REQUIRED_WINDOWS,0,0,0,true,false,2553,TEXT_CONTENT_INTEGRITY_NOT_AUDITED_M2_02,NOT_SELECTED_BY_DETERMINISTIC_DIVERSITY_TIE_BREAK
CFG,Financial Services,false,true,true,true,true,2014-12-19,2023-12-15,472,470,T1-B1-S1-I1,PASS_REQUIRED_WINDOWS,0,0,0,true,false,2958,TEXT_CONTENT_INTEGRITY_NOT_AUDITED_M2_02,NOT_SELECTED_BY_DETERMINISTIC_DIVERSITY_TIE_BREAK
CFO,N/A,false,true,false,true,true,,,0,0,T1-B0-S1-I1,INVALID_HEADER,0,0,0,false,false,,TEXT_CONTENT_INTEGRITY_NOT_AUDITED_M2_02;TABLE_MEMBER_MISSING,INCOMPLETE_STRUCTURALLY_VALID_REQUIRED_WINDOWS
CFR,Financial Services,false,true,true,true,true,2000-03-31,2023-12-15,1240,1238,T1-B1-S1-I1,PASS_REQUIRED_WINDOWS,0,0,0,true,false,130,TEXT_CONTENT_INTEGRITY_NOT_AUDITED_M2_02,NOT_SELECTED_BY_DETERMINISTIC_DIVERSITY_TIE_BREAK
CG,Financial Services,false,true,true,true,true,2012-08-03,2023-12-15,596,594,T1-B1-S1-I1,PASS_REQUIRED_WINDOWS,0,0,0,true,false,2239,TEXT_CONTENT_INTEGRITY_NOT_AUDITED_M2_02,NOT_SELECTED_BY_DETERMINISTIC_DIVERSITY_TIE_BREAK
CGBD,Financial Services,false,true,true,true,true,2017-09-08,2023-12-15,330,328,T1-B1-S1-I1,PASS_REQUIRED_WINDOWS,0,0,0,true,false,2108,TEXT_CONTENT_INTEGRITY_NOT_AUDITED_M2_02,NOT_SELECTED_BY_DETERMINISTIC_DIVERSITY_TIE_BREAK
CGC,Healthcare,false,true,true,true,true,2014-07-03,2023-12-15,496,494,T1-B1-S1-I1,PASS_REQUIRED_WINDOWS,0,0,0,true,false,2172,TEXT_CONTENT_INTEGRITY_NOT_AUDITED_M2_02,NOT_SELECTED_BY_DETERMINISTIC_DIVERSITY_TIE_BREAK
CGEN,Healthcare,false,true,true,true,true,2000-11-10,2023-12-15,1208,1206,T1-B1-S1-I1,PASS_REQUIRED_WINDOWS,0,0,0,true,false,403,TEXT_CONTENT_INTEGRITY_NOT_AUDITED_M2_02,NOT_SELECTED_BY_DETERMINISTIC_DIVERSITY_TIE_BREAK
CGNX,Technology,false,true,true,true,true,2000-03-31,2023-12-15,1240,1238,T1-B1-S1-I1,PASS_REQUIRED_WINDOWS,0,0,0,true,false,1784,TEXT_CONTENT_INTEGRITY_NOT_AUDITED_M2_02,NOT_SELECTED_BY_DETERMINISTIC_DIVERSITY_TIE_BREAK
CGRO,N/A,false,true,false,true,true,,,0,0,T1-B0-S1-I1,INVALID_HEADER,0,0,0,false,false,,TEXT_CONTENT_INTEGRITY_NOT_AUDITED_M2_02;TABLE_MEMBER_MISSING,INCOMPLETE_STRUCTURALLY_VALID_REQUIRED_WINDOWS
CGW,N/A,false,true,false,true,true,,,0,0,T1-B0-S1-I1,INVALID_HEADER,0,0,0,false,false,,TEXT_CONTENT_INTEGRITY_NOT_AUDITED_M2_02;TABLE_MEMBER_MISSING,INCOMPLETE_STRUCTURALLY_VALID_REQUIRED_WINDOWS
CHCI,Real Estate,false,true,true,true,true,2005-03-11,2023-12-15,982,980,T1-B1-S1-I1,PASS_REQUIRED_WINDOWS,0,0,0,true,false,94,TEXT_CONTENT_INTEGRITY_NOT_AUDITED_M2_02,NOT_SELECTED_BY_DETERMINISTIC_DIVERSITY_TIE_BREAK
CHCO,Financial Services,false,true,true,true,true,2000-03-31,2023-12-15,1240,1238,T1-B1-S1-I1,PASS_REQUIRED_WINDOWS,0,0,0,true,false,262,TEXT_CONTENT_INTEGRITY_NOT_AUDITED_M2_02,NOT_SELECTED_BY_DETERMINISTIC_DIVERSITY_TIE_BREAK
CHD,Consumer Defensive,false,true,true,true,true,2000-03-31,2023-12-15,1240,1238,T1-B1-S1-I1,PASS_REQUIRED_WINDOWS,0,0,0,true,false,1793,TEXT_CONTENT_INTEGRITY_NOT_AUDITED_M2_02,NOT_SELECTED_BY_DETERMINISTIC_DIVERSITY_TIE_BREAK
CHDN,Consumer Cyclical,false,true,true,true,true,2000-03-31,2023-12-15,1240,1238,T1-B1-S1-I1,PASS_REQUIRED_WINDOWS,0,0,0,true,false,770,TEXT_CONTENT_INTEGRITY_NOT_AUDITED_M2_02,NOT_SELECTED_BY_DETERMINISTIC_DIVERSITY_TIE_BREAK
CHE,Healthcare,false,true,true,true,true,2000-03-31,2023-12-15,1240,1238,T1-B1-S1-I1,PASS_REQUIRED_WINDOWS,0,0,0,true,false,370,TEXT_CONTENT_INTEGRITY_NOT_AUDITED_M2_02,NOT_SELECTED_BY_DETERMINISTIC_DIVERSITY_TIE_BREAK
CHEF,Consumer Defensive,false,true,true,true,true,2011-10-21,2023-12-15,637,635,T1-B1-S1-I1,PASS_REQUIRED_WINDOWS,0,0,0,true,false,1420,TEXT_CONTENT_INTEGRITY_NOT_AUDITED_M2_02,NOT_SELECTED_BY_DETERMINISTIC_DIVERSITY_TIE_BREAK
CHEK,Healthcare,false,true,true,true,true,2015-05-29,2023-12-15,449,447,T1-B1-S1-I1,PASS_REQUIRED_WINDOWS,0,0,0,true,false,600,TEXT_CONTENT_INTEGRITY_NOT_AUDITED_M2_02,NOT_SELECTED_BY_DETERMINISTIC_DIVERSITY_TIE_BREAK
CHGG,Consumer Defensive,false,true,true,true,true,2014-02-14,2023-12-15,516,514,T1-B1-S1-I1,PASS_REQUIRED_WINDOWS,0,0,0,true,false,71,TEXT_CONTENT_INTEGRITY_NOT_AUDITED_M2_02,NOT_SELECTED_BY_DETERMINISTIC_DIVERSITY_TIE_BREAK
CHH,Consumer Cyclical,false,true,true,true,true,2000-03-31,2023-12-15,1240,1238,T1-B1-S1-I1,PASS_REQUIRED_WINDOWS,0,0,0,true,false,591,TEXT_CONTENT_INTEGRITY_NOT_AUDITED_M2_02,NOT_SELECTED_BY_DETERMINISTIC_DIVERSITY_TIE_BREAK
CHIC,N/A,false,true,false,true,true,,,0,0,T1-B0-S1-I1,INVALID_HEADER,0,0,0,false,false,,TEXT_CONTENT_INTEGRITY_NOT_AUDITED_M2_02;TABLE_MEMBER_MISSING,INCOMPLETE_STRUCTURALLY_VALID_REQUIRED_WINDOWS
CHIE,N/A,false,true,false,true,true,,,0,0,T1-B0-S1-I1,INVALID_HEADER,0,0,0,false,false,,TEXT_CONTENT_INTEGRITY_NOT_AUDITED_M2_02;TABLE_MEMBER_MISSING,INCOMPLETE_STRUCTURALLY_VALID_REQUIRED_WINDOWS
CHII,N/A,false,true,false,true,true,,,0,0,T1-B0-S1-I1,INVALID_HEADER,0,0,0,false,false,,TEXT_CONTENT_INTEGRITY_NOT_AUDITED_M2_02;TABLE_MEMBER_MISSING,INCOMPLETE_STRUCTURALLY_VALID_REQUIRED_WINDOWS
CHIM,N/A,false,true,false,true,true,,,0,0,T1-B0-S1-I1,INVALID_HEADER,0,0,0,false,false,,TEXT_CONTENT_INTEGRITY_NOT_AUDITED_M2_02;TABLE_MEMBER_MISSING,INCOMPLETE_STRUCTURALLY_VALID_REQUIRED_WINDOWS
CHIR,N/A,false,true,false,true,true,,,0,0,T1-B0-S1-I1,INVALID_HEADER,0,0,0,false,false,,TEXT_CONTENT_INTEGRITY_NOT_AUDITED_M2_02;TABLE_MEMBER_MISSING,INCOMPLETE_STRUCTURALLY_VALID_REQUIRED_WINDOWS
CHIX,N/A,false,true,false,true,true,,,0,0,T1-B0-S1-I1,INVALID_HEADER,0,0,0,false,false,,TEXT_CONTENT_INTEGRITY_NOT_AUDITED_M2_02;TABLE_MEMBER_MISSING,INCOMPLETE_STRUCTURALLY_VALID_REQUIRED_WINDOWS
CHMG,Financial Services,false,true,true,true,true,2000-03-31,2023-12-15,1240,1238,T1-B1-S1-I1,PASS_REQUIRED_WINDOWS,0,0,0,true,false,1355,TEXT_CONTENT_INTEGRITY_NOT_AUDITED_M2_02,NOT_SELECTED_BY_DETERMINISTIC_DIVERSITY_TIE_BREAK
CHMI,Real Estate,false,true,true,true,true,2014-01-03,2023-12-15,522,520,T1-B1-S1-I1,PASS_REQUIRED_WINDOWS,0,0,0,true,false,116,TEXT_CONTENT_INTEGRITY_NOT_AUDITED_M2_02,NOT_SELECTED_BY_DETERMINISTIC_DIVERSITY_TIE_BREAK
CHN,Financial Services,false,true,false,true,true,2000-03-31,2023-12-15,1240,1238,T1-B0-S1-I1,PASS_REQUIRED_WINDOWS,0,0,0,true,false,824,TEXT_CONTENT_INTEGRITY_NOT_AUDITED_M2_02;TABLE_MEMBER_MISSING,NOT_SELECTED_BY_DETERMINISTIC_DIVERSITY_TIE_BREAK
CHRS,Healthcare,false,true,true,true,true,2015-02-06,2023-12-15,465,463,T1-B1-S1-I1,PASS_REQUIRED_WINDOWS,0,0,0,true,false,1374,TEXT_CONTENT_INTEGRITY_NOT_AUDITED_M2_02,NOT_SELECTED_BY_DETERMINISTIC_DIVERSITY_TIE_BREAK
CHRW,Industrials,false,true,true,true,true,2000-03-31,2023-12-15,1240,1238,T1-B1-S1-I1,PASS_REQUIRED_WINDOWS,0,0,0,true,false,2643,TEXT_CONTENT_INTEGRITY_NOT_AUDITED_M2_02,NOT_SELECTED_BY_DETERMINISTIC_DIVERSITY_TIE_BREAK
CHT,Communication Services,false,true,true,true,true,2003-10-17,2023-12-15,1055,1053,T1-B1-S1-I1,PASS_REQUIRED_WINDOWS,0,0,0,true,false,1431,TEXT_CONTENT_INTEGRITY_NOT_AUDITED_M2_02,NOT_SELECTED_BY_DETERMINISTIC_DIVERSITY_TIE_BREAK
CHTR,Communication Services,false,true,true,true,true,2010-04-01,2023-12-15,718,716,T1-B1-S1-I1,PASS_REQUIRED_WINDOWS,0,0,0,true,false,1758,TEXT_CONTENT_INTEGRITY_NOT_AUDITED_M2_02,NOT_SELECTED_BY_DETERMINISTIC_DIVERSITY_TIE_BREAK
CHW,Financial Services,false,true,false,true,true,2007-10-19,2023-12-15,846,844,T1-B0-S1-I1,PASS_REQUIRED_WINDOWS,0,0,0,true,false,1353,TEXT_CONTENT_INTEGRITY_NOT_AUDITED_M2_02;TABLE_MEMBER_MISSING,NOT_SELECTED_BY_DETERMINISTIC_DIVERSITY_TIE_BREAK
CHWY,Consumer Cyclical,false,true,true,true,true,2019-09-13,2023-12-15,225,223,T1-B1-S1-I1,PASS_REQUIRED_WINDOWS,0,0,0,true,false,2799,TEXT_CONTENT_INTEGRITY_NOT_AUDITED_M2_02,NOT_SELECTED_BY_DETERMINISTIC_DIVERSITY_TIE_BREAK
CHX,Energy,false,true,true,true,true,2018-07-27,2023-12-15,284,282,T1-B1-S1-I1,PASS_REQUIRED_WINDOWS,0,0,0,true,false,1249,TEXT_CONTENT_INTEGRITY_NOT_AUDITED_M2_02,NOT_SELECTED_BY_DETERMINISTIC_DIVERSITY_TIE_BREAK
CHY,Financial Services,false,true,false,true,true,2003-08-22,2023-12-15,1063,1061,T1-B0-S1-I1,PASS_REQUIRED_WINDOWS,0,0,0,true,false,40,TEXT_CONTENT_INTEGRITY_NOT_AUDITED_M2_02;TABLE_MEMBER_MISSING,NOT_SELECTED_BY_DETERMINISTIC_DIVERSITY_TIE_BREAK
CI,Healthcare,false,true,true,true,true,2000-03-31,2023-12-15,1240,1238,T1-B1-S1-I1,PASS_REQUIRED_WINDOWS,0,0,0,true,false,515,TEXT_CONTENT_INTEGRITY_NOT_AUDITED_M2_02,NOT_SELECTED_BY_DETERMINISTIC_DIVERSITY_TIE_BREAK
CIA,Financial Services,false,true,true,true,true,2000-03-31,2023-12-15,1240,1238,T1-B1-S1-I1,PASS_REQUIRED_WINDOWS,0,0,0,true,false,920,TEXT_CONTENT_INTEGRITY_NOT_AUDITED_M2_02,NOT_SELECTED_BY_DETERMINISTIC_DIVERSITY_TIE_BREAK
CIB,Financial Services,false,true,true,true,true,2000-03-31,2023-12-15,1240,1238,T1-B1-S1-I1,PASS_REQUIRED_WINDOWS,0,0,0,true,false,518,TEXT_CONTENT_INTEGRITY_NOT_AUDITED_M2_02,NOT_SELECTED_BY_DETERMINISTIC_DIVERSITY_TIE_BREAK
CIBR,N/A,false,true,false,true,true,,,0,0,T1-B0-S1-I1,INVALID_HEADER,0,0,0,false,false,,TEXT_CONTENT_INTEGRITY_NOT_AUDITED_M2_02;TABLE_MEMBER_MISSING,INCOMPLETE_STRUCTURALLY_VALID_REQUIRED_WINDOWS
CID,N/A,false,true,false,true,true,,,0,0,T1-B0-S1-I1,INVALID_HEADER,0,0,0,false,false,,TEXT_CONTENT_INTEGRITY_NOT_AUDITED_M2_02;TABLE_MEMBER_MISSING,INCOMPLETE_STRUCTURALLY_VALID_REQUIRED_WINDOWS
CIEN,Technology,false,true,true,true,true,2000-03-31,2023-12-15,1240,1238,T1-B1-S1-I1,PASS_REQUIRED_WINDOWS,0,0,0,true,false,2186,TEXT_CONTENT_INTEGRITY_NOT_AUDITED_M2_02,NOT_SELECTED_BY_DETERMINISTIC_DIVERSITY_TIE_BREAK
CIG,Utilities,false,true,true,true,true,2000-03-31,2023-12-15,1240,1238,T1-B1-S1-I1,PASS_REQUIRED_WINDOWS,0,0,0,true,false,1426,TEXT_CONTENT_INTEGRITY_NOT_AUDITED_M2_02,NOT_SELECTED_BY_DETERMINISTIC_DIVERSITY_TIE_BREAK
CIG-C,Utilities,false,true,true,true,true,2007-09-07,2023-12-15,838,836,T1-B1-S1-I1,PASS_REQUIRED_WINDOWS,1,0,0,true,false,1906,TEXT_CONTENT_INTEGRITY_NOT_AUDITED_M2_02,NOT_SELECTED_BY_DETERMINISTIC_DIVERSITY_TIE_BREAK
CIGI,Real Estate,false,true,true,true,true,2000-03-31,2023-12-15,1240,1238,T1-B1-S1-I1,PASS_REQUIRED_WINDOWS,0,0,0,true,false,114,TEXT_CONTENT_INTEGRITY_NOT_AUDITED_M2_02,NOT_SELECTED_BY_DETERMINISTIC_DIVERSITY_TIE_BREAK
CII,Financial Services,false,true,false,true,true,2004-08-27,2023-12-15,1010,1008,T1-B0-S1-I1,PASS_REQUIRED_WINDOWS,0,0,0,true,false,173,TEXT_CONTENT_INTEGRITY_NOT_AUDITED_M2_02;TABLE_MEMBER_MISSING,NOT_SELECTED_BY_DETERMINISTIC_DIVERSITY_TIE_BREAK
CIL,N/A,false,true,false,true,true,,,0,0,T1-B0-S1-I1,INVALID_HEADER,0,0,0,false,false,,TEXT_CONTENT_INTEGRITY_NOT_AUDITED_M2_02;TABLE_MEMBER_MISSING,INCOMPLETE_STRUCTURALLY_VALID_REQUIRED_WINDOWS
CIM,Real Estate,false,true,true,true,true,2008-02-29,2023-12-15,827,825,T1-B1-S1-I1,PASS_REQUIRED_WINDOWS,0,0,0,true,false,1567,TEXT_CONTENT_INTEGRITY_NOT_AUDITED_M2_02,NOT_SELECTED_BY_DETERMINISTIC_DIVERSITY_TIE_BREAK
CINF,Financial Services,false,true,true,true,true,2000-03-31,2023-12-15,1240,1238,T1-B1-S1-I1,PASS_REQUIRED_WINDOWS,0,0,0,true,false,2930,TEXT_CONTENT_INTEGRITY_NOT_AUDITED_M2_02,NOT_SELECTED_BY_DETERMINISTIC_DIVERSITY_TIE_BREAK
CIO,Real Estate,false,true,true,true,true,2014-07-11,2023-12-15,495,493,T1-B1-S1-I1,PASS_REQUIRED_WINDOWS,0,0,0,true,false,1516,TEXT_CONTENT_INTEGRITY_NOT_AUDITED_M2_02,NOT_SELECTED_BY_DETERMINISTIC_DIVERSITY_TIE_BREAK
CIVB,Financial Services,false,true,true,true,true,2000-03-31,2023-12-15,1240,1238,T1-B1-S1-I1,PASS_REQUIRED_WINDOWS,0,0,0,true,false,2090,TEXT_CONTENT_INTEGRITY_NOT_AUDITED_M2_02,NOT_SELECTED_BY_DETERMINISTIC_DIVERSITY_TIE_BREAK
CIX,Industrials,false,true,true,true,true,2000-03-31,2023-12-15,1240,1238,T1-B1-S1-I1,PASS_REQUIRED_WINDOWS,0,0,0,true,false,2834,TEXT_CONTENT_INTEGRITY_NOT_AUDITED_M2_02,NOT_SELECTED_BY_DETERMINISTIC_DIVERSITY_TIE_BREAK
CIZ,N/A,false,true,false,true,true,,,0,0,T1-B0-S1-I1,INVALID_HEADER,0,0,0,false,false,,TEXT_CONTENT_INTEGRITY_NOT_AUDITED_M2_02;TABLE_MEMBER_MISSING,INCOMPLETE_STRUCTURALLY_VALID_REQUIRED_WINDOWS
CJJD,Healthcare,false,true,false,true,true,2008-08-15,2023-12-15,747,745,T1-B0-S1-I1,PASS_REQUIRED_WINDOWS,8,0,0,true,false,768,TEXT_CONTENT_INTEGRITY_NOT_AUDITED_M2_02;TABLE_MEMBER_MISSING,NOT_SELECTED_BY_DETERMINISTIC_DIVERSITY_TIE_BREAK
CKPT,Healthcare,false,true,true,true,true,2017-03-17,2023-12-15,355,353,T1-B1-S1-I1,PASS_REQUIRED_WINDOWS,0,0,0,true,false,1677,TEXT_CONTENT_INTEGRITY_NOT_AUDITED_M2_02,NOT_SELECTED_BY_DETERMINISTIC_DIVERSITY_TIE_BREAK
CKX,Energy,false,true,true,true,true,2000-03-31,2023-12-15,1240,1238,T1-B1-S1-I1,PASS_REQUIRED_WINDOWS,0,0,0,true,false,1323,TEXT_CONTENT_INTEGRITY_NOT_AUDITED_M2_02,NOT_SELECTED_BY_DETERMINISTIC_DIVERSITY_TIE_BREAK
CL,Consumer Defensive,false,true,true,true,true,2000-03-31,2023-12-15,1240,1238,T1-B1-S1-I1,PASS_REQUIRED_WINDOWS,0,0,0,true,false,2558,TEXT_CONTENT_INTEGRITY_NOT_AUDITED_M2_02,NOT_SELECTED_BY_DETERMINISTIC_DIVERSITY_TIE_BREAK
CLB,Energy,false,true,true,true,true,2000-03-31,2023-12-15,1240,1238,T1-B1-S1-I1,PASS_REQUIRED_WINDOWS,0,0,0,true,false,685,TEXT_CONTENT_INTEGRITY_NOT_AUDITED_M2_02,NOT_SELECTED_BY_DETERMINISTIC_DIVERSITY_TIE_BREAK
CLBK,Financial Services,false,true,true,true,true,2018-07-20,2023-12-15,285,283,T1-B1-S1-I1,PASS_REQUIRED_WINDOWS,0,0,0,true,false,251,TEXT_CONTENT_INTEGRITY_NOT_AUDITED_M2_02,NOT_SELECTED_BY_DETERMINISTIC_DIVERSITY_TIE_BREAK
CLDT,Real Estate,false,true,true,true,true,2010-07-16,2023-12-15,703,701,T1-B1-S1-I1,PASS_REQUIRED_WINDOWS,0,0,0,true,false,2764,TEXT_CONTENT_INTEGRITY_NOT_AUDITED_M2_02,NOT_SELECTED_BY_DETERMINISTIC_DIVERSITY_TIE_BREAK
CLEU,Consumer Defensive,false,true,true,true,true,2020-08-07,2023-12-15,178,176,T1-B1-S1-I1,PASS_REQUIRED_WINDOWS,0,0,0,true,false,337,TEXT_CONTENT_INTEGRITY_NOT_AUDITED_M2_02,NOT_SELECTED_BY_DETERMINISTIC_DIVERSITY_TIE_BREAK
CLF,Basic Materials,false,true,true,true,true,2000-03-31,2023-12-15,1240,1238,T1-B1-S1-I1,PASS_REQUIRED_WINDOWS,0,0,0,true,false,2909,TEXT_CONTENT_INTEGRITY_NOT_AUDITED_M2_02,NOT_SELECTED_BY_DETERMINISTIC_DIVERSITY_TIE_BREAK
CLFD,Technology,false,true,true,true,true,2000-03-31,2023-12-15,1240,1238,T1-B1-S1-I1,PASS_REQUIRED_WINDOWS,0,0,0,true,false,413,TEXT_CONTENT_INTEGRITY_NOT_AUDITED_M2_02,NOT_SELECTED_BY_DETERMINISTIC_DIVERSITY_TIE_BREAK
CLGN,Healthcare,false,true,true,true,true,2018-04-27,2023-12-15,297,295,T1-B1-S1-I1,PASS_REQUIRED_WINDOWS,0,0,0,true,false,915,TEXT_CONTENT_INTEGRITY_NOT_AUDITED_M2_02,NOT_SELECTED_BY_DETERMINISTIC_DIVERSITY_TIE_BREAK
CLH,Industrials,false,true,true,true,true,2000-03-31,2023-12-15,1240,1238,T1-B1-S1-I1,PASS_REQUIRED_WINDOWS,0,0,0,true,false,1577,TEXT_CONTENT_INTEGRITY_NOT_AUDITED_M2_02,NOT_SELECTED_BY_DETERMINISTIC_DIVERSITY_TIE_BREAK
CLIR,Industrials,false,true,true,true,true,2012-07-20,2023-12-15,598,596,T1-B1-S1-I1,PASS_REQUIRED_WINDOWS,0,0,0,true,false,2820,TEXT_CONTENT_INTEGRITY_NOT_AUDITED_M2_02,NOT_SELECTED_BY_DETERMINISTIC_DIVERSITY_TIE_BREAK
CLM,Financial Services,false,true,false,true,true,2002-11-01,2023-12-15,1105,1103,T1-B0-S1-I1,PASS_REQUIRED_WINDOWS,0,0,0,true,false,1827,TEXT_CONTENT_INTEGRITY_NOT_AUDITED_M2_02;TABLE_MEMBER_MISSING,NOT_SELECTED_BY_DETERMINISTIC_DIVERSITY_TIE_BREAK
CLNE,Energy,false,true,true,true,true,2007-08-24,2023-12-15,854,852,T1-B1-S1-I1,PASS_REQUIRED_WINDOWS,0,0,0,true,false,587,TEXT_CONTENT_INTEGRITY_NOT_AUDITED_M2_02,NOT_SELECTED_BY_DETERMINISTIC_DIVERSITY_TIE_BREAK
CLOU,N/A,false,true,false,true,true,,,0,0,T1-B0-S1-I1,INVALID_HEADER,0,0,0,false,false,,TEXT_CONTENT_INTEGRITY_NOT_AUDITED_M2_02;TABLE_MEMBER_MISSING,INCOMPLETE_STRUCTURALLY_VALID_REQUIRED_WINDOWS
CLPR,Real Estate,false,true,true,true,true,2017-05-12,2023-12-15,347,345,T1-B1-S1-I1,PASS_REQUIRED_WINDOWS,0,0,0,true,false,2275,TEXT_CONTENT_INTEGRITY_NOT_AUDITED_M2_02,NOT_SELECTED_BY_DETERMINISTIC_DIVERSITY_TIE_BREAK
CLPT,Healthcare,false,true,true,true,true,2012-08-17,2023-12-15,594,592,T1-B1-S1-I1,PASS_REQUIRED_WINDOWS,0,0,0,true,false,2569,TEXT_CONTENT_INTEGRITY_NOT_AUDITED_M2_02,NOT_SELECTED_BY_DETERMINISTIC_DIVERSITY_TIE_BREAK
CLRB,Healthcare,false,true,true,true,true,2006-02-10,2023-12-15,934,932,T1-B1-S1-I1,PASS_REQUIRED_WINDOWS,0,0,0,true,false,2618,TEXT_CONTENT_INTEGRITY_NOT_AUDITED_M2_02,NOT_SELECTED_BY_DETERMINISTIC_DIVERSITY_TIE_BREAK
CLRG,N/A,false,false,false,true,true,,,0,0,T0-B0-S1-I1,INVALID_HEADER,0,0,0,false,false,,TEXT_CONTENT_INTEGRITY_NOT_AUDITED_M2_02;TEXT_MEMBER_MISSING;TABLE_MEMBER_MISSING,INCOMPLETE_STRUCTURALLY_VALID_REQUIRED_WINDOWS
CLS,Technology,false,true,true,true,true,2000-03-31,2023-12-15,1240,1238,T1-B1-S1-I1,PASS_REQUIRED_WINDOWS,0,0,0,true,false,1110,TEXT_CONTENT_INTEGRITY_NOT_AUDITED_M2_02,NOT_SELECTED_BY_DETERMINISTIC_DIVERSITY_TIE_BREAK
CLSD,Healthcare,false,true,true,true,true,2016-08-26,2023-12-15,384,382,T1-B1-S1-I1,PASS_REQUIRED_WINDOWS,0,0,0,true,false,899,TEXT_CONTENT_INTEGRITY_NOT_AUDITED_M2_02,NOT_SELECTED_BY_DETERMINISTIC_DIVERSITY_TIE_BREAK
CLSK,Financial Services,false,true,true,true,true,2017-02-17,2023-12-15,359,357,T1-B1-S1-I1,PASS_REQUIRED_WINDOWS,0,0,0,true,false,1507,TEXT_CONTENT_INTEGRITY_NOT_AUDITED_M2_02,NOT_SELECTED_BY_DETERMINISTIC_DIVERSITY_TIE_BREAK
CLW,Basic Materials,false,true,true,true,true,2009-03-06,2023-12-15,774,772,T1-B1-S1-I1,PASS_REQUIRED_WINDOWS,0,0,0,true,false,1524,TEXT_CONTENT_INTEGRITY_NOT_AUDITED_M2_02,NOT_SELECTED_BY_DETERMINISTIC_DIVERSITY_TIE_BREAK
CLWT,Industrials,false,true,true,true,true,2000-03-31,2023-12-15,1240,1238,T1-B1-S1-I1,PASS_REQUIRED_WINDOWS,0,0,0,true,false,10,TEXT_CONTENT_INTEGRITY_NOT_AUDITED_M2_02,NOT_SELECTED_BY_DETERMINISTIC_DIVERSITY_TIE_BREAK
CLX,Consumer Defensive,false,true,true,true,true,2000-03-31,2023-12-15,1240,1238,T1-B1-S1-I1,PASS_REQUIRED_WINDOWS,0,0,0,true,false,1747,TEXT_CONTENT_INTEGRITY_NOT_AUDITED_M2_02,NOT_SELECTED_BY_DETERMINISTIC_DIVERSITY_TIE_BREAK
CM,Financial Services,false,true,true,true,true,2000-03-31,2023-12-15,1240,1238,T1-B1-S1-I1,PASS_REQUIRED_WINDOWS,0,0,0,true,false,1240,TEXT_CONTENT_INTEGRITY_NOT_AUDITED_M2_02,NOT_SELECTED_BY_DETERMINISTIC_DIVERSITY_TIE_BREAK
CMBM,Technology,false,true,true,true,true,2019-09-20,2023-12-15,224,222,T1-B1-S1-I1,PASS_REQUIRED_WINDOWS,0,0,0,true,false,2401,TEXT_CONTENT_INTEGRITY_NOT_AUDITED_M2_02,NOT_SELECTED_BY_DETERMINISTIC_DIVERSITY_TIE_BREAK
CMBS,N/A,false,true,false,true,true,,,0,0,T1-B0-S1-I1,INVALID_HEADER,0,0,0,false,false,,TEXT_CONTENT_INTEGRITY_NOT_AUDITED_M2_02;TABLE_MEMBER_MISSING,INCOMPLETE_STRUCTURALLY_VALID_REQUIRED_WINDOWS
CMC,Basic Materials,false,true,true,true,true,2000-03-31,2023-12-15,1240,1238,T1-B1-S1-I1,PASS_REQUIRED_WINDOWS,0,0,0,true,false,2472,TEXT_CONTENT_INTEGRITY_NOT_AUDITED_M2_02,NOT_SELECTED_BY_DETERMINISTIC_DIVERSITY_TIE_BREAK
CMCL,Basic Materials,false,true,true,true,true,2000-03-31,2023-12-15,1240,1238,T1-B1-S1-I1,PASS_REQUIRED_WINDOWS,0,0,0,true,false,137,TEXT_CONTENT_INTEGRITY_NOT_AUDITED_M2_02,NOT_SELECTED_BY_DETERMINISTIC_DIVERSITY_TIE_BREAK
CMCM,Communication Services,false,true,true,true,true,2014-08-08,2023-12-15,491,489,T1-B1-S1-I1,PASS_REQUIRED_WINDOWS,0,0,0,true,false,2929,TEXT_CONTENT_INTEGRITY_NOT_AUDITED_M2_02,NOT_SELECTED_BY_DETERMINISTIC_DIVERSITY_TIE_BREAK
CMCO,Industrials,false,true,true,true,true,2000-03-31,2023-12-15,1240,1238,T1-B1-S1-I1,PASS_REQUIRED_WINDOWS,0,0,0,true,false,2606,TEXT_CONTENT_INTEGRITY_NOT_AUDITED_M2_02,NOT_SELECTED_BY_DETERMINISTIC_DIVERSITY_TIE_BREAK
CMCSA,Communication Services,false,true,true,true,true,2000-03-31,2023-12-15,1240,1238,T1-B1-S1-I1,PASS_REQUIRED_WINDOWS,0,0,0,true,false,447,TEXT_CONTENT_INTEGRITY_NOT_AUDITED_M2_02,NOT_SELECTED_BY_DETERMINISTIC_DIVERSITY_TIE_BREAK
CMCT,Real Estate,false,true,true,true,true,2000-03-31,2023-12-15,1240,1238,T1-B1-S1-I1,PASS_REQUIRED_WINDOWS,0,0,0,true,false,89,TEXT_CONTENT_INTEGRITY_NOT_AUDITED_M2_02,NOT_SELECTED_BY_DETERMINISTIC_DIVERSITY_TIE_BREAK
CME,Financial Services,false,true,true,true,true,2003-03-07,2023-12-15,1087,1085,T1-B1-S1-I1,PASS_REQUIRED_WINDOWS,0,0,0,true,false,503,TEXT_CONTENT_INTEGRITY_NOT_AUDITED_M2_02,NOT_SELECTED_BY_DETERMINISTIC_DIVERSITY_TIE_BREAK
CMF,N/A,false,true,false,true,true,,,0,0,T1-B0-S1-I1,INVALID_HEADER,0,0,0,false,false,,TEXT_CONTENT_INTEGRITY_NOT_AUDITED_M2_02;TABLE_MEMBER_MISSING,INCOMPLETE_STRUCTURALLY_VALID_REQUIRED_WINDOWS
CMG,Consumer Cyclical,false,true,true,true,true,2006-04-28,2023-12-15,923,921,T1-B1-S1-I1,PASS_REQUIRED_WINDOWS,0,0,0,true,false,197,TEXT_CONTENT_INTEGRITY_NOT_AUDITED_M2_02,NOT_SELECTED_BY_DETERMINISTIC_DIVERSITY_TIE_BREAK
CMI,Industrials,false,true,true,true,true,2000-03-31,2023-12-15,1240,1238,T1-B1-S1-I1,PASS_REQUIRED_WINDOWS,0,0,0,true,false,2922,TEXT_CONTENT_INTEGRITY_NOT_AUDITED_M2_02,NOT_SELECTED_BY_DETERMINISTIC_DIVERSITY_TIE_BREAK
CMLS,Communication Services,false,true,true,true,true,2018-11-02,2023-12-15,270,268,T1-B1-S1-I1,PASS_REQUIRED_WINDOWS,0,0,0,true,false,2479,TEXT_CONTENT_INTEGRITY_NOT_AUDITED_M2_02,NOT_SELECTED_BY_DETERMINISTIC_DIVERSITY_TIE_BREAK
CMP,Basic Materials,false,true,true,true,true,2004-03-12,2023-12-15,1034,1032,T1-B1-S1-I1,PASS_REQUIRED_WINDOWS,0,0,0,true,false,1257,TEXT_CONTENT_INTEGRITY_NOT_AUDITED_M2_02,NOT_SELECTED_BY_DETERMINISTIC_DIVERSITY_TIE_BREAK
CMPR,Industrials,false,true,true,true,true,2005-12-30,2023-12-15,940,938,T1-B1-S1-I1,PASS_REQUIRED_WINDOWS,0,0,0,true,false,2790,TEXT_CONTENT_INTEGRITY_NOT_AUDITED_M2_02,NOT_SELECTED_BY_DETERMINISTIC_DIVERSITY_TIE_BREAK
CMRE,Industrials,false,true,true,true,true,2011-02-04,2023-12-15,674,672,T1-B1-S1-I1,PASS_REQUIRED_WINDOWS,0,0,0,true,false,422,TEXT_CONTENT_INTEGRITY_NOT_AUDITED_M2_02,NOT_SELECTED_BY_DETERMINISTIC_DIVERSITY_TIE_BREAK
CMRX,Healthcare,false,true,true,true,true,2013-07-12,2023-12-15,547,545,T1-B1-S1-I1,PASS_REQUIRED_WINDOWS,0,0,0,true,false,1137,TEXT_CONTENT_INTEGRITY_NOT_AUDITED_M2_02,NOT_SELECTED_BY_DETERMINISTIC_DIVERSITY_TIE_BREAK
CMS,Utilities,false,true,true,true,true,2000-03-31,2023-12-15,1240,1238,T1-B1-S1-I1,PASS_REQUIRED_WINDOWS,0,0,0,true,false,1125,TEXT_CONTENT_INTEGRITY_NOT_AUDITED_M2_02,NOT_SELECTED_BY_DETERMINISTIC_DIVERSITY_TIE_BREAK
CMSD,N/A,false,true,true,true,true,2019-05-17,2023-12-15,242,240,T1-B1-S1-I1,PASS_REQUIRED_WINDOWS,0,0,0,true,false,483,TEXT_CONTENT_INTEGRITY_NOT_AUDITED_M2_02,NOT_SELECTED_BY_DETERMINISTIC_DIVERSITY_TIE_BREAK
CMT,Basic Materials,false,true,true,true,true,2000-03-31,2023-12-15,1240,1238,T1-B1-S1-I1,PASS_REQUIRED_WINDOWS,0,0,0,true,false,448,TEXT_CONTENT_INTEGRITY_NOT_AUDITED_M2_02,NOT_SELECTED_BY_DETERMINISTIC_DIVERSITY_TIE_BREAK
CMTL,Technology,false,true,true,true,true,2000-03-31,2023-12-15,1240,1238,T1-B1-S1-I1,PASS_REQUIRED_WINDOWS,0,0,0,true,false,2259,TEXT_CONTENT_INTEGRITY_NOT_AUDITED_M2_02,NOT_SELECTED_BY_DETERMINISTIC_DIVERSITY_TIE_BREAK
CMU,Financial Services,false,true,false,true,true,2000-03-31,2023-12-15,1240,1238,T1-B0-S1-I1,PASS_REQUIRED_WINDOWS,0,0,0,true,false,1004,TEXT_CONTENT_INTEGRITY_NOT_AUDITED_M2_02;TABLE_MEMBER_MISSING,NOT_SELECTED_BY_DETERMINISTIC_DIVERSITY_TIE_BREAK
CNA,Financial Services,false,true,true,true,true,2000-03-31,2023-12-15,1240,1238,T1-B1-S1-I1,PASS_REQUIRED_WINDOWS,0,0,0,true,false,1316,TEXT_CONTENT_INTEGRITY_NOT_AUDITED_M2_02,NOT_SELECTED_BY_DETERMINISTIC_DIVERSITY_TIE_BREAK
CNBS,N/A,false,true,false,true,true,,,0,0,T1-B0-S1-I1,INVALID_HEADER,0,0,0,false,false,,TEXT_CONTENT_INTEGRITY_NOT_AUDITED_M2_02;TABLE_MEMBER_MISSING,INCOMPLETE_STRUCTURALLY_VALID_REQUIRED_WINDOWS
CNCR,N/A,false,true,false,true,true,,,0,0,T1-B0-S1-I1,INVALID_HEADER,0,0,0,false,false,,TEXT_CONTENT_INTEGRITY_NOT_AUDITED_M2_02;TABLE_MEMBER_MISSING,INCOMPLETE_STRUCTURALLY_VALID_REQUIRED_WINDOWS
CNDT,Technology,false,true,true,true,true,2017-03-17,2023-12-15,355,353,T1-B1-S1-I1,PASS_REQUIRED_WINDOWS,0,0,0,true,false,1823,TEXT_CONTENT_INTEGRITY_NOT_AUDITED_M2_02,NOT_SELECTED_BY_DETERMINISTIC_DIVERSITY_TIE_BREAK
CNET,Communication Services,false,true,true,true,true,2009-11-13,2023-12-15,738,736,T1-B1-S1-I1,PASS_REQUIRED_WINDOWS,0,0,0,true,false,2883,TEXT_CONTENT_INTEGRITY_NOT_AUDITED_M2_02,NOT_SELECTED_BY_DETERMINISTIC_DIVERSITY_TIE_BREAK
CNF,Financial Services,false,true,true,true,true,2019-02-08,2023-12-15,256,254,T1-B1-S1-I1,PASS_REQUIRED_WINDOWS,0,0,0,true,false,2918,TEXT_CONTENT_INTEGRITY_NOT_AUDITED_M2_02,NOT_SELECTED_BY_DETERMINISTIC_DIVERSITY_TIE_BREAK
CNFR,Financial Services,false,true,true,true,true,2015-11-06,2023-12-15,426,424,T1-B1-S1-I1,PASS_REQUIRED_WINDOWS,0,0,0,true,false,2812,TEXT_CONTENT_INTEGRITY_NOT_AUDITED_M2_02,NOT_SELECTED_BY_DETERMINISTIC_DIVERSITY_TIE_BREAK
CNI,Industrials,false,true,true,true,true,2000-03-31,2023-12-15,1240,1238,T1-B1-S1-I1,PASS_REQUIRED_WINDOWS,0,0,0,true,false,1094,TEXT_CONTENT_INTEGRITY_NOT_AUDITED_M2_02,NOT_SELECTED_BY_DETERMINISTIC_DIVERSITY_TIE_BREAK
CNK,Communication Services,false,true,true,true,true,2007-07-20,2023-12-15,859,857,T1-B1-S1-I1,PASS_REQUIRED_WINDOWS,0,0,0,true,false,2802,TEXT_CONTENT_INTEGRITY_NOT_AUDITED_M2_02,NOT_SELECTED_BY_DETERMINISTIC_DIVERSITY_TIE_BREAK
CNMD,Healthcare,false,true,true,true,true,2000-03-31,2023-12-15,1240,1238,T1-B1-S1-I1,PASS_REQUIRED_WINDOWS,0,0,0,true,false,1679,TEXT_CONTENT_INTEGRITY_NOT_AUDITED_M2_02,NOT_SELECTED_BY_DETERMINISTIC_DIVERSITY_TIE_BREAK
CNNE,Consumer Cyclical,false,true,true,true,true,2018-02-16,2023-12-15,307,305,T1-B1-S1-I1,PASS_REQUIRED_WINDOWS,0,0,0,true,false,2477,TEXT_CONTENT_INTEGRITY_NOT_AUDITED_M2_02,NOT_SELECTED_BY_DETERMINISTIC_DIVERSITY_TIE_BREAK
CNO,Financial Services,false,true,true,true,true,2003-12-05,2023-12-15,1048,1046,T1-B1-S1-I1,PASS_REQUIRED_WINDOWS,0,0,0,true,false,674,TEXT_CONTENT_INTEGRITY_NOT_AUDITED_M2_02,NOT_SELECTED_BY_DETERMINISTIC_DIVERSITY_TIE_BREAK
CNOB,Financial Services,false,true,true,true,true,2000-03-31,2023-12-15,1240,1238,T1-B1-S1-I1,PASS_REQUIRED_WINDOWS,0,0,0,true,false,1685,TEXT_CONTENT_INTEGRITY_NOT_AUDITED_M2_02,NOT_SELECTED_BY_DETERMINISTIC_DIVERSITY_TIE_BREAK
CNP,Utilities,false,true,true,true,true,2000-03-31,2023-12-15,1240,1238,T1-B1-S1-I1,PASS_REQUIRED_WINDOWS,0,0,0,true,false,327,TEXT_CONTENT_INTEGRITY_NOT_AUDITED_M2_02,NOT_SELECTED_BY_DETERMINISTIC_DIVERSITY_TIE_BREAK
CNQ,Energy,false,true,true,true,true,2000-10-27,2023-12-15,1210,1208,T1-B1-S1-I1,PASS_REQUIRED_WINDOWS,0,0,0,true,false,2474,TEXT_CONTENT_INTEGRITY_NOT_AUDITED_M2_02,NOT_SELECTED_BY_DETERMINISTIC_DIVERSITY_TIE_BREAK
CNS,Financial Services,false,true,true,true,true,2004-11-12,2023-12-15,999,997,T1-B1-S1-I1,PASS_REQUIRED_WINDOWS,0,0,0,true,false,1080,TEXT_CONTENT_INTEGRITY_NOT_AUDITED_M2_02,NOT_SELECTED_BY_DETERMINISTIC_DIVERSITY_TIE_BREAK
CNTG,N/A,false,true,false,true,true,2020-02-07,2023-12-15,204,202,T1-B0-S1-I1,PASS_REQUIRED_WINDOWS,0,0,0,true,false,2409,TEXT_CONTENT_INTEGRITY_NOT_AUDITED_M2_02;TABLE_MEMBER_MISSING,NOT_SELECTED_BY_DETERMINISTIC_DIVERSITY_TIE_BREAK
CNTY,Consumer Cyclical,false,true,true,true,true,2000-03-31,2023-12-15,1240,1238,T1-B1-S1-I1,PASS_REQUIRED_WINDOWS,0,0,0,true,false,2326,TEXT_CONTENT_INTEGRITY_NOT_AUDITED_M2_02,NOT_SELECTED_BY_DETERMINISTIC_DIVERSITY_TIE_BREAK
CNX,Energy,false,true,true,true,true,2000-03-31,2023-12-15,1240,1238,T1-B1-S1-I1,PASS_REQUIRED_WINDOWS,0,0,0,true,false,41,TEXT_CONTENT_INTEGRITY_NOT_AUDITED_M2_02,NOT_SELECTED_BY_DETERMINISTIC_DIVERSITY_TIE_BREAK
CNYA,N/A,false,true,false,true,true,,,0,0,T1-B0-S1-I1,INVALID_HEADER,0,0,0,false,false,,TEXT_CONTENT_INTEGRITY_NOT_AUDITED_M2_02;TABLE_MEMBER_MISSING,INCOMPLETE_STRUCTURALLY_VALID_REQUIRED_WINDOWS
COCP,Healthcare,false,true,true,true,true,2012-05-18,2023-12-15,607,605,T1-B1-S1-I1,PASS_REQUIRED_WINDOWS,0,0,0,true,false,1158,TEXT_CONTENT_INTEGRITY_NOT_AUDITED_M2_02,NOT_SELECTED_BY_DETERMINISTIC_DIVERSITY_TIE_BREAK
CODA,Industrials,false,true,true,true,true,2001-10-12,2023-12-15,1160,1158,T1-B1-S1-I1,PASS_REQUIRED_WINDOWS,0,0,0,true,false,374,TEXT_CONTENT_INTEGRITY_NOT_AUDITED_M2_02,NOT_SELECTED_BY_DETERMINISTIC_DIVERSITY_TIE_BREAK
CODI,Industrials,false,true,true,true,true,2006-08-18,2023-12-15,907,905,T1-B1-S1-I1,PASS_REQUIRED_WINDOWS,0,0,0,true,false,1753,TEXT_CONTENT_INTEGRITY_NOT_AUDITED_M2_02,NOT_SELECTED_BY_DETERMINISTIC_DIVERSITY_TIE_BREAK
COE,Consumer Defensive,false,true,true,true,true,2016-09-09,2023-12-15,382,380,T1-B1-S1-I1,PASS_REQUIRED_WINDOWS,0,0,0,true,false,1560,TEXT_CONTENT_INTEGRITY_NOT_AUDITED_M2_02,NOT_SELECTED_BY_DETERMINISTIC_DIVERSITY_TIE_BREAK
COF,Financial Services,false,true,true,true,true,2000-03-31,2023-12-15,1240,1238,T1-B1-S1-I1,PASS_REQUIRED_WINDOWS,0,0,0,true,false,1371,TEXT_CONTENT_INTEGRITY_NOT_AUDITED_M2_02,NOT_SELECTED_BY_DETERMINISTIC_DIVERSITY_TIE_BREAK
COFS,Financial Services,false,true,true,true,true,2001-09-21,2023-12-15,1163,1161,T1-B1-S1-I1,PASS_REQUIRED_WINDOWS,0,0,0,true,false,1698,TEXT_CONTENT_INTEGRITY_NOT_AUDITED_M2_02,NOT_SELECTED_BY_DETERMINISTIC_DIVERSITY_TIE_BREAK
COHN,Financial Services,false,true,true,true,true,2004-06-18,2023-12-15,1020,1018,T1-B1-S1-I1,PASS_REQUIRED_WINDOWS,0,0,0,true,false,1000,TEXT_CONTENT_INTEGRITY_NOT_AUDITED_M2_02,NOT_SELECTED_BY_DETERMINISTIC_DIVERSITY_TIE_BREAK
COHR,Technology,false,true,true,true,true,2000-03-31,2023-12-15,1240,1238,T1-B1-S1-I1,PASS_REQUIRED_WINDOWS,0,0,0,true,false,2421,TEXT_CONTENT_INTEGRITY_NOT_AUDITED_M2_02,NOT_SELECTED_BY_DETERMINISTIC_DIVERSITY_TIE_BREAK
COHU,Technology,false,true,true,true,true,2000-03-31,2023-12-15,1240,1238,T1-B1-S1-I1,PASS_REQUIRED_WINDOWS,0,0,0,true,false,354,TEXT_CONTENT_INTEGRITY_NOT_AUDITED_M2_02,NOT_SELECTED_BY_DETERMINISTIC_DIVERSITY_TIE_BREAK
COKE,Consumer Defensive,false,true,true,true,true,2000-03-31,2023-12-15,1240,1238,T1-B1-S1-I1,PASS_REQUIRED_WINDOWS,0,0,0,true,false,2757,TEXT_CONTENT_INTEGRITY_NOT_AUDITED_M2_02,NOT_SELECTED_BY_DETERMINISTIC_DIVERSITY_TIE_BREAK
COLB,Financial Services,false,true,true,true,true,2000-03-31,2023-12-15,1240,1238,T1-B1-S1-I1,PASS_REQUIRED_WINDOWS,0,0,0,true,false,2194,TEXT_CONTENT_INTEGRITY_NOT_AUDITED_M2_02,NOT_SELECTED_BY_DETERMINISTIC_DIVERSITY_TIE_BREAK
COLD,Real Estate,false,true,true,true,true,2018-04-20,2023-12-15,298,296,T1-B1-S1-I1,PASS_REQUIRED_WINDOWS,0,0,0,true,false,2707,TEXT_CONTENT_INTEGRITY_NOT_AUDITED_M2_02,NOT_SELECTED_BY_DETERMINISTIC_DIVERSITY_TIE_BREAK
COLL,Healthcare,false,true,true,true,true,2015-08-07,2023-12-15,439,437,T1-B1-S1-I1,PASS_REQUIRED_WINDOWS,0,0,0,true,false,1716,TEXT_CONTENT_INTEGRITY_NOT_AUDITED_M2_02,NOT_SELECTED_BY_DETERMINISTIC_DIVERSITY_TIE_BREAK
COLM,Consumer Cyclical,false,true,true,true,true,2000-03-31,2023-12-15,1240,1238,T1-B1-S1-I1,PASS_REQUIRED_WINDOWS,0,0,0,true,false,1791,TEXT_CONTENT_INTEGRITY_NOT_AUDITED_M2_02,NOT_SELECTED_BY_DETERMINISTIC_DIVERSITY_TIE_BREAK
COM,N/A,false,true,false,true,true,,,0,0,T1-B0-S1-I1,INVALID_HEADER,0,0,0,false,false,,TEXT_CONTENT_INTEGRITY_NOT_AUDITED_M2_02;TABLE_MEMBER_MISSING,INCOMPLETE_STRUCTURALLY_VALID_REQUIRED_WINDOWS
COMB,N/A,false,true,false,true,true,,,0,0,T1-B0-S1-I1,INVALID_HEADER,0,0,0,false,false,,TEXT_CONTENT_INTEGRITY_NOT_AUDITED_M2_02;TABLE_MEMBER_MISSING,INCOMPLETE_STRUCTURALLY_VALID_REQUIRED_WINDOWS
COMM,Technology,false,true,true,true,true,2014-01-24,2023-12-15,519,517,T1-B1-S1-I1,PASS_REQUIRED_WINDOWS,0,0,0,true,false,717,TEXT_CONTENT_INTEGRITY_NOT_AUDITED_M2_02,NOT_SELECTED_BY_DETERMINISTIC_DIVERSITY_TIE_BREAK
COMT,N/A,false,true,false,true,true,,,0,0,T1-B0-S1-I1,INVALID_HEADER,0,0,0,false,false,,TEXT_CONTENT_INTEGRITY_NOT_AUDITED_M2_02;TABLE_MEMBER_MISSING,INCOMPLETE_STRUCTURALLY_VALID_REQUIRED_WINDOWS
COO,Healthcare,false,true,true,true,true,2000-03-31,2023-12-15,1240,1238,T1-B1-S1-I1,PASS_REQUIRED_WINDOWS,0,0,0,true,false,560,TEXT_CONTENT_INTEGRITY_NOT_AUDITED_M2_02,NOT_SELECTED_BY_DETERMINISTIC_DIVERSITY_TIE_BREAK
COOP,Financial Services,false,true,true,true,true,2012-06-22,2023-12-15,602,600,T1-B1-S1-I1,PASS_REQUIRED_WINDOWS,0,0,0,true,false,1149,TEXT_CONTENT_INTEGRITY_NOT_AUDITED_M2_02,NOT_SELECTED_BY_DETERMINISTIC_DIVERSITY_TIE_BREAK
COP,Energy,false,true,true,true,true,2000-03-31,2023-12-15,1240,1238,T1-B1-S1-I1,PASS_REQUIRED_WINDOWS,0,0,0,true,false,1186,TEXT_CONTENT_INTEGRITY_NOT_AUDITED_M2_02,NOT_SELECTED_BY_DETERMINISTIC_DIVERSITY_TIE_BREAK
COPX,N/A,false,true,false,true,true,,,0,0,T1-B0-S1-I1,INVALID_HEADER,0,0,0,false,false,,TEXT_CONTENT_INTEGRITY_NOT_AUDITED_M2_02;TABLE_MEMBER_MISSING,INCOMPLETE_STRUCTURALLY_VALID_REQUIRED_WINDOWS
COR,Healthcare,false,true,true,true,true,2000-03-31,2023-12-15,1240,1238,T1-B1-S1-I1,PASS_REQUIRED_WINDOWS,0,0,0,true,false,871,TEXT_CONTENT_INTEGRITY_NOT_AUDITED_M2_02,NOT_SELECTED_BY_DETERMINISTIC_DIVERSITY_TIE_BREAK
COST,Consumer Defensive,false,true,true,true,true,2000-03-31,2023-12-15,1240,1238,T1-B1-S1-I1,PASS_REQUIRED_WINDOWS,0,0,0,true,false,2577,TEXT_CONTENT_INTEGRITY_NOT_AUDITED_M2_02,NOT_SELECTED_BY_DETERMINISTIC_DIVERSITY_TIE_BREAK
COTY,Consumer Defensive,false,true,true,true,true,2013-09-13,2023-12-15,538,536,T1-B1-S1-I1,PASS_REQUIRED_WINDOWS,0,0,0,true,false,1204,TEXT_CONTENT_INTEGRITY_NOT_AUDITED_M2_02,NOT_SELECTED_BY_DETERMINISTIC_DIVERSITY_TIE_BREAK
COWZ,N/A,false,true,false,true,true,,,0,0,T1-B0-S1-I1,INVALID_HEADER,0,0,0,false,false,,TEXT_CONTENT_INTEGRITY_NOT_AUDITED_M2_02;TABLE_MEMBER_MISSING,INCOMPLETE_STRUCTURALLY_VALID_REQUIRED_WINDOWS
CP,Industrials,false,true,true,true,true,2000-03-31,2023-12-15,1240,1238,T1-B1-S1-I1,PASS_REQUIRED_WINDOWS,0,0,0,true,false,2510,TEXT_CONTENT_INTEGRITY_NOT_AUDITED_M2_02,NOT_SELECTED_BY_DETERMINISTIC_DIVERSITY_TIE_BREAK
CPA,Industrials,false,true,true,true,true,2006-03-17,2023-12-15,929,927,T1-B1-S1-I1,PASS_REQUIRED_WINDOWS,0,0,0,true,false,861,TEXT_CONTENT_INTEGRITY_NOT_AUDITED_M2_02,NOT_SELECTED_BY_DETERMINISTIC_DIVERSITY_TIE_BREAK
CPAC,Basic Materials,false,true,true,true,true,2012-05-18,2023-12-15,607,605,T1-B1-S1-I1,PASS_REQUIRED_WINDOWS,0,0,0,true,false,1714,TEXT_CONTENT_INTEGRITY_NOT_AUDITED_M2_02,NOT_SELECTED_BY_DETERMINISTIC_DIVERSITY_TIE_BREAK
CPB,Consumer Defensive,false,true,true,true,true,2000-03-31,2023-12-15,1240,1238,T1-B1-S1-I1,PASS_REQUIRED_WINDOWS,0,0,0,true,false,987,TEXT_CONTENT_INTEGRITY_NOT_AUDITED_M2_02,NOT_SELECTED_BY_DETERMINISTIC_DIVERSITY_TIE_BREAK
CPER,N/A,false,true,true,true,true,,,0,0,T1-B1-S1-I1,INVALID_HEADER,0,0,0,false,false,,TEXT_CONTENT_INTEGRITY_NOT_AUDITED_M2_02,INCOMPLETE_STRUCTURALLY_VALID_REQUIRED_WINDOWS
CPHI,Healthcare,false,true,true,true,true,2002-07-12,2023-12-15,1121,1119,T1-B1-S1-I1,PASS_REQUIRED_WINDOWS,0,0,0,true,false,101,TEXT_CONTENT_INTEGRITY_NOT_AUDITED_M2_02,NOT_SELECTED_BY_DETERMINISTIC_DIVERSITY_TIE_BREAK
CPI,N/A,false,false,false,true,true,,,0,0,T0-B0-S1-I1,INVALID_HEADER,0,0,0,false,false,,TEXT_CONTENT_INTEGRITY_NOT_AUDITED_M2_02;TEXT_MEMBER_MISSING;TABLE_MEMBER_MISSING,INCOMPLETE_STRUCTURALLY_VALID_REQUIRED_WINDOWS
CPIX,Healthcare,false,true,true,true,true,2009-11-06,2023-12-15,739,737,T1-B1-S1-I1,PASS_REQUIRED_WINDOWS,0,0,0,true,false,2838,TEXT_CONTENT_INTEGRITY_NOT_AUDITED_M2_02,NOT_SELECTED_BY_DETERMINISTIC_DIVERSITY_TIE_BREAK
CPK,Utilities,false,true,true,true,true,2000-03-31,2023-12-15,1240,1238,T1-B1-S1-I1,PASS_REQUIRED_WINDOWS,0,0,0,true,false,35,TEXT_CONTENT_INTEGRITY_NOT_AUDITED_M2_02,NOT_SELECTED_BY_DETERMINISTIC_DIVERSITY_TIE_BREAK
CPRI,Consumer Cyclical,false,true,true,true,true,2012-03-16,2023-12-15,616,614,T1-B1-S1-I1,PASS_REQUIRED_WINDOWS,0,0,0,true,false,348,TEXT_CONTENT_INTEGRITY_NOT_AUDITED_M2_02,NOT_SELECTED_BY_DETERMINISTIC_DIVERSITY_TIE_BREAK
CPRT,Industrials,false,true,true,true,true,2000-03-31,2023-12-15,1240,1238,T1-B1-S1-I1,PASS_REQUIRED_WINDOWS,0,0,0,true,false,1309,TEXT_CONTENT_INTEGRITY_NOT_AUDITED_M2_02,NOT_SELECTED_BY_DETERMINISTIC_DIVERSITY_TIE_BREAK
CPSH,Technology,false,true,true,true,true,2000-03-31,2023-12-15,1240,1238,T1-B1-S1-I1,PASS_REQUIRED_WINDOWS,0,0,0,true,false,355,TEXT_CONTENT_INTEGRITY_NOT_AUDITED_M2_02,NOT_SELECTED_BY_DETERMINISTIC_DIVERSITY_TIE_BREAK
CPSS,Financial Services,false,true,true,true,true,2000-03-31,2023-12-15,1240,1238,T1-B1-S1-I1,PASS_REQUIRED_WINDOWS,0,0,0,true,false,1628,TEXT_CONTENT_INTEGRITY_NOT_AUDITED_M2_02,NOT_SELECTED_BY_DETERMINISTIC_DIVERSITY_TIE_BREAK
CPT,Real Estate,false,true,true,true,true,2000-03-31,2023-12-15,1240,1238,T1-B1-S1-I1,PASS_REQUIRED_WINDOWS,0,0,0,true,false,1138,TEXT_CONTENT_INTEGRITY_NOT_AUDITED_M2_02,NOT_SELECTED_BY_DETERMINISTIC_DIVERSITY_TIE_BREAK
CPZ,N/A,false,true,false,true,true,2020-02-28,2023-12-15,201,199,T1-B0-S1-I1,PASS_REQUIRED_WINDOWS,0,0,0,true,false,2735,TEXT_CONTENT_INTEGRITY_NOT_AUDITED_M2_02;TABLE_MEMBER_MISSING,NOT_SELECTED_BY_DETERMINISTIC_DIVERSITY_TIE_BREAK
CQP,Energy,false,true,true,true,true,2007-06-15,2023-12-15,864,862,T1-B1-S1-I1,PASS_REQUIRED_WINDOWS,0,0,0,true,false,2701,TEXT_CONTENT_INTEGRITY_NOT_AUDITED_M2_02,NOT_SELECTED_BY_DETERMINISTIC_DIVERSITY_TIE_BREAK
CQQQ,N/A,false,true,false,true,true,,,0,0,T1-B0-S1-I1,INVALID_HEADER,0,0,0,false,false,,TEXT_CONTENT_INTEGRITY_NOT_AUDITED_M2_02;TABLE_MEMBER_MISSING,INCOMPLETE_STRUCTURALLY_VALID_REQUIRED_WINDOWS
CR,Industrials,false,true,true,true,true,2023-06-30,2023-12-15,27,25,T1-B1-S1-I1,INCOMPLETE_REQUIRED_WINDOWS,0,0,0,false,false,,TEXT_CONTENT_INTEGRITY_NOT_AUDITED_M2_02,INCOMPLETE_STRUCTURALLY_VALID_REQUIRED_WINDOWS
CRAI,Industrials,false,true,true,true,true,2000-03-31,2023-12-15,1240,1238,T1-B1-S1-I1,PASS_REQUIRED_WINDOWS,0,0,0,true,false,1173,TEXT_CONTENT_INTEGRITY_NOT_AUDITED_M2_02,NOT_SELECTED_BY_DETERMINISTIC_DIVERSITY_TIE_BREAK
CRBN,N/A,false,true,false,true,true,,,0,0,T1-B0-S1-I1,INVALID_HEADER,0,0,0,false,false,,TEXT_CONTENT_INTEGRITY_NOT_AUDITED_M2_02;TABLE_MEMBER_MISSING,INCOMPLETE_STRUCTURALLY_VALID_REQUIRED_WINDOWS
CRBP,Healthcare,false,true,true,true,true,2015-01-23,2023-12-15,467,465,T1-B1-S1-I1,PASS_REQUIRED_WINDOWS,0,0,0,true,false,196,TEXT_CONTENT_INTEGRITY_NOT_AUDITED_M2_02,NOT_SELECTED_BY_DETERMINISTIC_DIVERSITY_TIE_BREAK
CRC,Energy,false,true,true,true,true,2021-01-29,2023-12-15,153,151,T1-B1-S1-I1,PASS_REQUIRED_WINDOWS,0,0,0,true,false,1070,TEXT_CONTENT_INTEGRITY_NOT_AUDITED_M2_02,NOT_SELECTED_BY_DETERMINISTIC_DIVERSITY_TIE_BREAK
CRD-A,Financial Services,false,true,true,true,true,2000-03-31,2023-12-15,1240,1238,T1-B1-S1-I1,PASS_REQUIRED_WINDOWS,0,0,0,true,false,737,TEXT_CONTENT_INTEGRITY_NOT_AUDITED_M2_02,NOT_SELECTED_BY_DETERMINISTIC_DIVERSITY_TIE_BREAK
CRDF,Healthcare,false,true,true,true,true,2004-10-22,2023-12-15,1002,1000,T1-B1-S1-I1,PASS_REQUIRED_WINDOWS,0,0,0,true,false,2714,TEXT_CONTENT_INTEGRITY_NOT_AUDITED_M2_02,NOT_SELECTED_BY_DETERMINISTIC_DIVERSITY_TIE_BREAK
CREG,Utilities,false,true,true,true,true,2005-03-24,2023-12-15,980,978,T1-B1-S1-I1,PASS_REQUIRED_WINDOWS,0,0,0,true,false,81,TEXT_CONTENT_INTEGRITY_NOT_AUDITED_M2_02,NOT_SELECTED_BY_DETERMINISTIC_DIVERSITY_TIE_BREAK
CRESY,Industrials,false,true,true,true,true,2000-03-31,2023-12-15,1240,1238,T1-B1-S1-I1,PASS_REQUIRED_WINDOWS,0,0,0,true,false,458,TEXT_CONTENT_INTEGRITY_NOT_AUDITED_M2_02,NOT_SELECTED_BY_DETERMINISTIC_DIVERSITY_TIE_BREAK
CREX,Technology,false,true,true,true,true,2007-03-02,2023-12-15,879,877,T1-B1-S1-I1,PASS_REQUIRED_WINDOWS,0,0,0,true,false,1617,TEXT_CONTENT_INTEGRITY_NOT_AUDITED_M2_02,NOT_SELECTED_BY_DETERMINISTIC_DIVERSITY_TIE_BREAK
CRF,Financial Services,false,true,false,true,true,2000-03-31,2023-12-15,1240,1238,T1-B0-S1-I1,PASS_REQUIRED_WINDOWS,0,0,0,true,false,2923,TEXT_CONTENT_INTEGRITY_NOT_AUDITED_M2_02;TABLE_MEMBER_MISSING,NOT_SELECTED_BY_DETERMINISTIC_DIVERSITY_TIE_BREAK
CRH,Basic Materials,false,true,true,true,true,2000-03-31,2023-12-15,1240,1238,T1-B1-S1-I1,PASS_REQUIRED_WINDOWS,0,0,0,true,false,2422,TEXT_CONTENT_INTEGRITY_NOT_AUDITED_M2_02,NOT_SELECTED_BY_DETERMINISTIC_DIVERSITY_TIE_BREAK
CRI,Consumer Cyclical,false,true,true,true,true,2004-01-30,2023-12-15,1040,1038,T1-B1-S1-I1,PASS_REQUIRED_WINDOWS,0,0,0,true,false,1693,TEXT_CONTENT_INTEGRITY_NOT_AUDITED_M2_02,NOT_SELECTED_BY_DETERMINISTIC_DIVERSITY_TIE_BREAK
CRIS,Healthcare,false,true,true,true,true,2000-10-27,2023-12-15,1210,1208,T1-B1-S1-I1,PASS_REQUIRED_WINDOWS,0,0,0,true,false,968,TEXT_CONTENT_INTEGRITY_NOT_AUDITED_M2_02,NOT_SELECTED_BY_DETERMINISTIC_DIVERSITY_TIE_BREAK
CRK,Energy,false,true,true,true,true,2000-03-31,2023-12-15,1240,1238,T1-B1-S1-I1,PASS_REQUIRED_WINDOWS,0,0,0,true,false,427,TEXT_CONTENT_INTEGRITY_NOT_AUDITED_M2_02,NOT_SELECTED_BY_DETERMINISTIC_DIVERSITY_TIE_BREAK
CRL,Healthcare,false,true,true,true,true,2000-09-22,2023-12-15,1215,1213,T1-B1-S1-I1,PASS_REQUIRED_WINDOWS,0,0,0,true,false,2788,TEXT_CONTENT_INTEGRITY_NOT_AUDITED_M2_02,NOT_SELECTED_BY_DETERMINISTIC_DIVERSITY_TIE_BREAK
CRM,Technology,false,true,true,true,true,2004-09-17,2023-12-15,1007,1005,T1-B1-S1-I1,PASS_REQUIRED_WINDOWS,0,0,0,true,false,1648,TEXT_CONTENT_INTEGRITY_NOT_AUDITED_M2_02,NOT_SELECTED_BY_DETERMINISTIC_DIVERSITY_TIE_BREAK
CRMD,Healthcare,false,true,true,true,true,2010-08-13,2023-12-15,699,697,T1-B1-S1-I1,PASS_REQUIRED_WINDOWS,0,0,0,true,false,923,TEXT_CONTENT_INTEGRITY_NOT_AUDITED_M2_02,NOT_SELECTED_BY_DETERMINISTIC_DIVERSITY_TIE_BREAK
CRMT,Consumer Cyclical,false,true,true,true,true,2000-03-31,2023-12-15,1240,1238,T1-B1-S1-I1,PASS_REQUIRED_WINDOWS,0,0,0,true,false,373,TEXT_CONTENT_INTEGRITY_NOT_AUDITED_M2_02,NOT_SELECTED_BY_DETERMINISTIC_DIVERSITY_TIE_BREAK
CRNC,Technology,false,true,true,true,true,2019-12-13,2023-12-15,212,210,T1-B1-S1-I1,PASS_REQUIRED_WINDOWS,0,0,0,true,false,937,TEXT_CONTENT_INTEGRITY_NOT_AUDITED_M2_02,NOT_SELECTED_BY_DETERMINISTIC_DIVERSITY_TIE_BREAK
CRNT,Technology,false,true,true,true,true,2000-11-03,2023-12-15,1209,1207,T1-B1-S1-I1,PASS_REQUIRED_WINDOWS,0,0,0,true,false,2372,TEXT_CONTENT_INTEGRITY_NOT_AUDITED_M2_02,NOT_SELECTED_BY_DETERMINISTIC_DIVERSITY_TIE_BREAK
CRNX,Healthcare,false,true,true,true,true,2018-10-12,2023-12-15,273,271,T1-B1-S1-I1,PASS_REQUIRED_WINDOWS,0,0,0,true,false,2340,TEXT_CONTENT_INTEGRITY_NOT_AUDITED_M2_02,NOT_SELECTED_BY_DETERMINISTIC_DIVERSITY_TIE_BREAK
CRON,Healthcare,false,true,true,true,true,2018-05-25,2023-12-15,293,291,T1-B1-S1-I1,PASS_REQUIRED_WINDOWS,0,0,0,true,false,1174,TEXT_CONTENT_INTEGRITY_NOT_AUDITED_M2_02,NOT_SELECTED_BY_DETERMINISTIC_DIVERSITY_TIE_BREAK
CRS,Industrials,false,true,true,true,true,2000-03-31,2023-12-15,1240,1238,T1-B1-S1-I1,PASS_REQUIRED_WINDOWS,0,0,0,true,false,1565,TEXT_CONTENT_INTEGRITY_NOT_AUDITED_M2_02,NOT_SELECTED_BY_DETERMINISTIC_DIVERSITY_TIE_BREAK
CRSP,Healthcare,false,true,true,true,true,2017-01-20,2023-12-15,363,361,T1-B1-S1-I1,PASS_REQUIRED_WINDOWS,0,0,0,true,false,799,TEXT_CONTENT_INTEGRITY_NOT_AUDITED_M2_02,NOT_SELECTED_BY_DETERMINISTIC_DIVERSITY_TIE_BREAK
CRT,Energy,false,true,false,true,true,2000-03-31,2023-12-15,1240,1238,T1-B0-S1-I1,PASS_REQUIRED_WINDOWS,0,0,0,true,false,1896,TEXT_CONTENT_INTEGRITY_NOT_AUDITED_M2_02;TABLE_MEMBER_MISSING,NOT_SELECTED_BY_DETERMINISTIC_DIVERSITY_TIE_BREAK
CRTO,Communication Services,false,true,true,true,true,2014-01-31,2023-12-15,518,516,T1-B1-S1-I1,PASS_REQUIRED_WINDOWS,0,0,0,true,false,574,TEXT_CONTENT_INTEGRITY_NOT_AUDITED_M2_02,NOT_SELECTED_BY_DETERMINISTIC_DIVERSITY_TIE_BREAK
CRVL,Financial Services,false,true,true,true,true,2000-03-31,2023-12-15,1240,1238,T1-B1-S1-I1,PASS_REQUIRED_WINDOWS,0,0,0,true,false,568,TEXT_CONTENT_INTEGRITY_NOT_AUDITED_M2_02,NOT_SELECTED_BY_DETERMINISTIC_DIVERSITY_TIE_BREAK
CRVS,Healthcare,false,true,true,true,true,2016-06-17,2023-12-15,394,392,T1-B1-S1-I1,PASS_REQUIRED_WINDOWS,0,0,0,true,false,2778,TEXT_CONTENT_INTEGRITY_NOT_AUDITED_M2_02,NOT_SELECTED_BY_DETERMINISTIC_DIVERSITY_TIE_BREAK
CRWD,Technology,false,true,true,true,true,2019-09-06,2023-12-15,226,224,T1-B1-S1-I1,PASS_REQUIRED_WINDOWS,0,0,0,true,false,1470,TEXT_CONTENT_INTEGRITY_NOT_AUDITED_M2_02,NOT_SELECTED_BY_DETERMINISTIC_DIVERSITY_TIE_BREAK
CRWS,Consumer Cyclical,false,true,true,true,true,2004-01-02,2023-12-15,1044,1042,T1-B1-S1-I1,PASS_REQUIRED_WINDOWS,0,0,0,true,false,219,TEXT_CONTENT_INTEGRITY_NOT_AUDITED_M2_02,NOT_SELECTED_BY_DETERMINISTIC_DIVERSITY_TIE_BREAK
CSA,N/A,false,true,false,true,true,,,0,0,T1-B0-S1-I1,INVALID_HEADER,0,0,0,false,false,,TEXT_CONTENT_INTEGRITY_NOT_AUDITED_M2_02;TABLE_MEMBER_MISSING,INCOMPLETE_STRUCTURALLY_VALID_REQUIRED_WINDOWS
CSB,N/A,false,true,false,true,true,,,0,0,T1-B0-S1-I1,INVALID_HEADER,0,0,0,false,false,,TEXT_CONTENT_INTEGRITY_NOT_AUDITED_M2_02;TABLE_MEMBER_MISSING,INCOMPLETE_STRUCTURALLY_VALID_REQUIRED_WINDOWS
CSBR,Healthcare,false,true,true,true,true,2007-05-04,2023-12-15,870,868,T1-B1-S1-I1,PASS_REQUIRED_WINDOWS,0,0,0,true,false,958,TEXT_CONTENT_INTEGRITY_NOT_AUDITED_M2_02,NOT_SELECTED_BY_DETERMINISTIC_DIVERSITY_TIE_BREAK
CSGP,Real Estate,false,true,true,true,true,2000-03-31,2023-12-15,1240,1238,T1-B1-S1-I1,PASS_REQUIRED_WINDOWS,0,0,0,true,false,779,TEXT_CONTENT_INTEGRITY_NOT_AUDITED_M2_02,NOT_SELECTED_BY_DETERMINISTIC_DIVERSITY_TIE_BREAK
CSGS,Technology,false,true,true,true,true,2000-03-31,2023-12-15,1240,1238,T1-B1-S1-I1,PASS_REQUIRED_WINDOWS,0,0,0,true,false,2021,TEXT_CONTENT_INTEGRITY_NOT_AUDITED_M2_02,NOT_SELECTED_BY_DETERMINISTIC_DIVERSITY_TIE_BREAK
CSIQ,Technology,false,true,true,true,true,2007-02-09,2023-12-15,882,880,T1-B1-S1-I1,PASS_REQUIRED_WINDOWS,0,0,0,true,false,408,TEXT_CONTENT_INTEGRITY_NOT_AUDITED_M2_02,NOT_SELECTED_BY_DETERMINISTIC_DIVERSITY_TIE_BREAK
CSL,Industrials,false,true,true,true,true,2000-03-31,2023-12-15,1240,1238,T1-B1-S1-I1,PASS_REQUIRED_WINDOWS,0,0,0,true,false,2774,TEXT_CONTENT_INTEGRITY_NOT_AUDITED_M2_02,NOT_SELECTED_BY_DETERMINISTIC_DIVERSITY_TIE_BREAK
CSM,N/A,false,true,false,true,true,,,0,0,T1-B0-S1-I1,INVALID_HEADER,0,0,0,false,false,,TEXT_CONTENT_INTEGRITY_NOT_AUDITED_M2_02;TABLE_MEMBER_MISSING,INCOMPLETE_STRUCTURALLY_VALID_REQUIRED_WINDOWS
CSPI,Technology,false,true,true,true,true,2000-03-31,2023-12-15,1240,1238,T1-B1-S1-I1,PASS_REQUIRED_WINDOWS,0,0,0,true,false,676,TEXT_CONTENT_INTEGRITY_NOT_AUDITED_M2_02,NOT_SELECTED_BY_DETERMINISTIC_DIVERSITY_TIE_BREAK
CSSE,Communication Services,false,true,false,true,true,2017-11-17,2023-12-15,320,318,T1-B0-S1-I1,PASS_REQUIRED_WINDOWS,0,0,0,true,false,604,TEXT_CONTENT_INTEGRITY_NOT_AUDITED_M2_02;TABLE_MEMBER_MISSING,NOT_SELECTED_BY_DETERMINISTIC_DIVERSITY_TIE_BREAK
CSSEP,Communication Services,false,true,false,true,true,2018-09-21,2023-12-15,276,274,T1-B0-S1-I1,PASS_REQUIRED_WINDOWS,0,0,0,true,false,593,TEXT_CONTENT_INTEGRITY_NOT_AUDITED_M2_02;TABLE_MEMBER_MISSING,NOT_SELECTED_BY_DETERMINISTIC_DIVERSITY_TIE_BREAK
CSTL,Healthcare,false,true,true,true,true,2019-10-18,2023-12-15,220,218,T1-B1-S1-I1,PASS_REQUIRED_WINDOWS,0,0,0,true,false,2211,TEXT_CONTENT_INTEGRITY_NOT_AUDITED_M2_02,NOT_SELECTED_BY_DETERMINISTIC_DIVERSITY_TIE_BREAK
CSWI,Industrials,false,true,true,true,true,2015-12-24,2023-12-15,419,417,T1-B1-S1-I1,PASS_REQUIRED_WINDOWS,0,0,0,true,false,858,TEXT_CONTENT_INTEGRITY_NOT_AUDITED_M2_02,NOT_SELECTED_BY_DETERMINISTIC_DIVERSITY_TIE_BREAK
CSX,Industrials,false,true,true,true,true,2000-03-31,2023-12-15,1240,1238,T1-B1-S1-I1,PASS_REQUIRED_WINDOWS,0,0,0,true,false,2101,TEXT_CONTENT_INTEGRITY_NOT_AUDITED_M2_02,NOT_SELECTED_BY_DETERMINISTIC_DIVERSITY_TIE_BREAK
CTAS,Industrials,false,true,true,true,true,2000-03-31,2023-12-15,1240,1238,T1-B1-S1-I1,PASS_REQUIRED_WINDOWS,0,0,0,true,false,2429,TEXT_CONTENT_INTEGRITY_NOT_AUDITED_M2_02,NOT_SELECTED_BY_DETERMINISTIC_DIVERSITY_TIE_BREAK
CTBI,Financial Services,false,true,true,true,true,2000-03-31,2023-12-15,1240,1238,T1-B1-S1-I1,PASS_REQUIRED_WINDOWS,0,0,0,true,false,387,TEXT_CONTENT_INTEGRITY_NOT_AUDITED_M2_02,NOT_SELECTED_BY_DETERMINISTIC_DIVERSITY_TIE_BREAK
CTHR,Consumer Cyclical,false,true,true,true,true,2000-03-31,2023-12-15,1240,1238,T1-B1-S1-I1,PASS_REQUIRED_WINDOWS,0,0,0,true,false,2109,TEXT_CONTENT_INTEGRITY_NOT_AUDITED_M2_02,NOT_SELECTED_BY_DETERMINISTIC_DIVERSITY_TIE_BREAK
CTMX,Healthcare,false,true,true,true,true,2016-01-08,2023-12-15,417,415,T1-B1-S1-I1,PASS_REQUIRED_WINDOWS,0,0,0,true,false,2128,TEXT_CONTENT_INTEGRITY_NOT_AUDITED_M2_02,NOT_SELECTED_BY_DETERMINISTIC_DIVERSITY_TIE_BREAK
CTO,Real Estate,false,true,true,true,true,2000-03-31,2023-12-15,1240,1238,T1-B1-S1-I1,PASS_REQUIRED_WINDOWS,0,0,0,true,false,2002,TEXT_CONTENT_INTEGRITY_NOT_AUDITED_M2_02,NOT_SELECTED_BY_DETERMINISTIC_DIVERSITY_TIE_BREAK
CTRA,Energy,false,true,true,true,true,2000-03-31,2023-12-15,1240,1238,T1-B1-S1-I1,PASS_REQUIRED_WINDOWS,0,0,0,true,false,335,TEXT_CONTENT_INTEGRITY_NOT_AUDITED_M2_02,NOT_SELECTED_BY_DETERMINISTIC_DIVERSITY_TIE_BREAK
CTRM,Industrials,false,true,true,true,true,2019-05-10,2023-12-15,243,241,T1-B1-S1-I1,PASS_REQUIRED_WINDOWS,0,0,0,true,false,2360,TEXT_CONTENT_INTEGRITY_NOT_AUDITED_M2_02,NOT_SELECTED_BY_DETERMINISTIC_DIVERSITY_TIE_BREAK
CTRN,Consumer Cyclical,false,true,true,true,true,2005-08-12,2023-12-15,960,958,T1-B1-S1-I1,PASS_REQUIRED_WINDOWS,0,0,0,true,false,841,TEXT_CONTENT_INTEGRITY_NOT_AUDITED_M2_02,NOT_SELECTED_BY_DETERMINISTIC_DIVERSITY_TIE_BREAK
CTS,Technology,false,true,true,true,true,2000-03-31,2023-12-15,1240,1238,T1-B1-S1-I1,PASS_REQUIRED_WINDOWS,0,0,0,true,false,2131,TEXT_CONTENT_INTEGRITY_NOT_AUDITED_M2_02,NOT_SELECTED_BY_DETERMINISTIC_DIVERSITY_TIE_BREAK
CTSH,Technology,false,true,true,true,true,2000-03-31,2023-12-15,1240,1238,T1-B1-S1-I1,PASS_REQUIRED_WINDOWS,0,0,0,true,false,2046,TEXT_CONTENT_INTEGRITY_NOT_AUDITED_M2_02,NOT_SELECTED_BY_DETERMINISTIC_DIVERSITY_TIE_BREAK
CTSO,Healthcare,false,true,true,true,true,2006-11-03,2023-12-15,896,894,T1-B1-S1-I1,PASS_REQUIRED_WINDOWS,0,0,0,true,false,339,TEXT_CONTENT_INTEGRITY_NOT_AUDITED_M2_02,NOT_SELECTED_BY_DETERMINISTIC_DIVERSITY_TIE_BREAK
CTV,N/A,false,true,false,true,true,2022-03-04,2023-12-15,82,80,T1-B0-S1-I1,INCOMPLETE_REQUIRED_WINDOWS,1,0,0,false,false,,TEXT_CONTENT_INTEGRITY_NOT_AUDITED_M2_02;TABLE_MEMBER_MISSING,INCOMPLETE_STRUCTURALLY_VALID_REQUIRED_WINDOWS
CTVA,Basic Materials,false,true,true,true,true,2019-08-23,2023-12-15,228,226,T1-B1-S1-I1,PASS_REQUIRED_WINDOWS,0,0,0,true,false,542,TEXT_CONTENT_INTEGRITY_NOT_AUDITED_M2_02,NOT_SELECTED_BY_DETERMINISTIC_DIVERSITY_TIE_BREAK
CTXR,Healthcare,false,true,true,true,true,2015-01-02,2023-12-15,470,468,T1-B1-S1-I1,PASS_REQUIRED_WINDOWS,0,0,0,true,false,145,TEXT_CONTENT_INTEGRITY_NOT_AUDITED_M2_02,NOT_SELECTED_BY_DETERMINISTIC_DIVERSITY_TIE_BREAK
CUBA,Financial Services,false,true,false,true,true,2000-03-31,2023-12-15,1240,1238,T1-B0-S1-I1,PASS_REQUIRED_WINDOWS,0,0,0,true,false,2902,TEXT_CONTENT_INTEGRITY_NOT_AUDITED_M2_02;TABLE_MEMBER_MISSING,NOT_SELECTED_BY_DETERMINISTIC_DIVERSITY_TIE_BREAK
CUBE,Real Estate,false,true,true,true,true,2005-01-21,2023-12-15,989,987,T1-B1-S1-I1,PASS_REQUIRED_WINDOWS,0,0,0,true,false,896,TEXT_CONTENT_INTEGRITY_NOT_AUDITED_M2_02,NOT_SELECTED_BY_DETERMINISTIC_DIVERSITY_TIE_BREAK
CUBI,Financial Services,false,true,true,true,true,2012-06-08,2023-12-15,604,602,T1-B1-S1-I1,PASS_REQUIRED_WINDOWS,0,0,0,true,false,595,TEXT_CONTENT_INTEGRITY_NOT_AUDITED_M2_02,NOT_SELECTED_BY_DETERMINISTIC_DIVERSITY_TIE_BREAK
CUE,Healthcare,false,true,true,true,true,2018-03-29,2023-12-15,301,299,T1-B1-S1-I1,PASS_REQUIRED_WINDOWS,0,0,0,true,false,1330,TEXT_CONTENT_INTEGRITY_NOT_AUDITED_M2_02,NOT_SELECTED_BY_DETERMINISTIC_DIVERSITY_TIE_BREAK
CUK,Consumer Cyclical,false,true,true,true,true,2001-01-19,2023-12-15,1198,1196,T1-B1-S1-I1,PASS_REQUIRED_WINDOWS,0,0,0,true,false,1821,TEXT_CONTENT_INTEGRITY_NOT_AUDITED_M2_02,NOT_SELECTED_BY_DETERMINISTIC_DIVERSITY_TIE_BREAK
CULP,Consumer Cyclical,false,true,true,true,true,2000-03-31,2023-12-15,1240,1238,T1-B1-S1-I1,PASS_REQUIRED_WINDOWS,0,0,0,true,false,738,TEXT_CONTENT_INTEGRITY_NOT_AUDITED_M2_02,NOT_SELECTED_BY_DETERMINISTIC_DIVERSITY_TIE_BREAK
CURE,N/A,false,true,false,true,true,,,0,0,T1-B0-S1-I1,INVALID_HEADER,0,0,0,false,false,,TEXT_CONTENT_INTEGRITY_NOT_AUDITED_M2_02;TABLE_MEMBER_MISSING,INCOMPLETE_STRUCTURALLY_VALID_REQUIRED_WINDOWS
CUT,N/A,false,true,false,true,true,,,0,0,T1-B0-S1-I1,INVALID_HEADER,0,0,0,false,false,,TEXT_CONTENT_INTEGRITY_NOT_AUDITED_M2_02;TABLE_MEMBER_MISSING,INCOMPLETE_STRUCTURALLY_VALID_REQUIRED_WINDOWS
CUTR,Healthcare,false,true,false,true,true,2004-07-02,2023-12-15,1005,1003,T1-B0-S1-I1,PASS_REQUIRED_WINDOWS,1,0,0,true,false,659,TEXT_CONTENT_INTEGRITY_NOT_AUDITED_M2_02;TABLE_MEMBER_MISSING,NOT_SELECTED_BY_DETERMINISTIC_DIVERSITY_TIE_BREAK
CUZ,Real Estate,false,true,true,true,true,2000-03-31,2023-12-15,1240,1238,T1-B1-S1-I1,PASS_REQUIRED_WINDOWS,0,0,0,true,false,993,TEXT_CONTENT_INTEGRITY_NOT_AUDITED_M2_02,NOT_SELECTED_BY_DETERMINISTIC_DIVERSITY_TIE_BREAK
CVBF,Financial Services,false,true,true,true,true,2000-03-31,2023-12-15,1240,1238,T1-B1-S1-I1,PASS_REQUIRED_WINDOWS,0,0,0,true,false,2095,TEXT_CONTENT_INTEGRITY_NOT_AUDITED_M2_02,NOT_SELECTED_BY_DETERMINISTIC_DIVERSITY_TIE_BREAK
CVCO,Consumer Cyclical,false,true,true,true,true,2003-09-26,2023-12-15,1058,1056,T1-B1-S1-I1,PASS_REQUIRED_WINDOWS,0,0,0,true,false,631,TEXT_CONTENT_INTEGRITY_NOT_AUDITED_M2_02,NOT_SELECTED_BY_DETERMINISTIC_DIVERSITY_TIE_BREAK
CVE,Energy,false,true,true,true,true,2010-02-19,2023-12-15,724,722,T1-B1-S1-I1,PASS_REQUIRED_WINDOWS,0,0,0,true,false,1832,TEXT_CONTENT_INTEGRITY_NOT_AUDITED_M2_02,NOT_SELECTED_BY_DETERMINISTIC_DIVERSITY_TIE_BREAK
CVGW,Consumer Defensive,false,true,true,true,true,2002-10-18,2023-12-15,1107,1105,T1-B1-S1-I1,PASS_REQUIRED_WINDOWS,0,0,0,true,false,2544,TEXT_CONTENT_INTEGRITY_NOT_AUDITED_M2_02,NOT_SELECTED_BY_DETERMINISTIC_DIVERSITY_TIE_BREAK
CVLT,Technology,false,true,true,true,true,2006-12-22,2023-12-15,889,887,T1-B1-S1-I1,PASS_REQUIRED_WINDOWS,0,0,0,true,false,1653,TEXT_CONTENT_INTEGRITY_NOT_AUDITED_M2_02,NOT_SELECTED_BY_DETERMINISTIC_DIVERSITY_TIE_BREAK
CVM,Healthcare,false,true,true,true,true,2000-03-31,2023-12-15,1240,1238,T1-B1-S1-I1,PASS_REQUIRED_WINDOWS,0,0,0,true,false,1938,TEXT_CONTENT_INTEGRITY_NOT_AUDITED_M2_02,NOT_SELECTED_BY_DETERMINISTIC_DIVERSITY_TIE_BREAK
CVNA,Consumer Cyclical,false,true,true,true,true,2017-07-28,2023-12-15,336,334,T1-B1-S1-I1,PASS_REQUIRED_WINDOWS,0,0,0,true,false,2258,TEXT_CONTENT_INTEGRITY_NOT_AUDITED_M2_02,NOT_SELECTED_BY_DETERMINISTIC_DIVERSITY_TIE_BREAK
CVX,Energy,false,true,true,true,true,2000-03-31,2023-12-15,1240,1238,T1-B1-S1-I1,PASS_REQUIRED_WINDOWS,0,0,0,true,false,1306,TEXT_CONTENT_INTEGRITY_NOT_AUDITED_M2_02,NOT_SELECTED_BY_DETERMINISTIC_DIVERSITY_TIE_BREAK
CVY,N/A,false,true,false,true,true,,,0,0,T1-B0-S1-I1,INVALID_HEADER,0,0,0,false,false,,TEXT_CONTENT_INTEGRITY_NOT_AUDITED_M2_02;TABLE_MEMBER_MISSING,INCOMPLETE_STRUCTURALLY_VALID_REQUIRED_WINDOWS
CW,Industrials,false,true,true,true,true,2000-03-31,2023-12-15,1240,1238,T1-B1-S1-I1,PASS_REQUIRED_WINDOWS,0,0,0,true,false,1376,TEXT_CONTENT_INTEGRITY_NOT_AUDITED_M2_02,NOT_SELECTED_BY_DETERMINISTIC_DIVERSITY_TIE_BREAK
CWB,N/A,false,true,false,true,true,,,0,0,T1-B0-S1-I1,INVALID_HEADER,0,0,0,false,false,,TEXT_CONTENT_INTEGRITY_NOT_AUDITED_M2_02;TABLE_MEMBER_MISSING,INCOMPLETE_STRUCTURALLY_VALID_REQUIRED_WINDOWS
CWBC,Financial Services,false,true,true,true,true,2000-03-31,2023-12-15,1240,1238,T1-B1-S1-I1,PASS_REQUIRED_WINDOWS,0,0,0,true,false,468,TEXT_CONTENT_INTEGRITY_NOT_AUDITED_M2_02,NOT_SELECTED_BY_DETERMINISTIC_DIVERSITY_TIE_BREAK
CWCO,Utilities,false,true,true,true,true,2000-03-31,2023-12-15,1240,1238,T1-B1-S1-I1,PASS_REQUIRED_WINDOWS,0,0,0,true,false,1599,TEXT_CONTENT_INTEGRITY_NOT_AUDITED_M2_02,NOT_SELECTED_BY_DETERMINISTIC_DIVERSITY_TIE_BREAK
CWEN,Utilities,false,true,true,true,true,2015-08-14,2023-12-15,438,436,T1-B1-S1-I1,PASS_REQUIRED_WINDOWS,0,0,0,true,false,679,TEXT_CONTENT_INTEGRITY_NOT_AUDITED_M2_02,NOT_SELECTED_BY_DETERMINISTIC_DIVERSITY_TIE_BREAK
CWH,Consumer Cyclical,false,true,true,true,true,2017-01-06,2023-12-15,365,363,T1-B1-S1-I1,PASS_REQUIRED_WINDOWS,0,0,0,true,false,1466,TEXT_CONTENT_INTEGRITY_NOT_AUDITED_M2_02,NOT_SELECTED_BY_DETERMINISTIC_DIVERSITY_TIE_BREAK
CWI,N/A,false,true,false,true,true,,,0,0,T1-B0-S1-I1,INVALID_HEADER,0,0,0,false,false,,TEXT_CONTENT_INTEGRITY_NOT_AUDITED_M2_02;TABLE_MEMBER_MISSING,INCOMPLETE_STRUCTURALLY_VALID_REQUIRED_WINDOWS
CWK,Real Estate,false,true,true,true,true,2018-10-26,2023-12-15,271,269,T1-B1-S1-I1,PASS_REQUIRED_WINDOWS,0,0,0,true,false,1917,TEXT_CONTENT_INTEGRITY_NOT_AUDITED_M2_02,NOT_SELECTED_BY_DETERMINISTIC_DIVERSITY_TIE_BREAK
CWS,N/A,false,true,false,true,true,,,0,0,T1-B0-S1-I1,INVALID_HEADER,0,0,0,false,false,,TEXT_CONTENT_INTEGRITY_NOT_AUDITED_M2_02;TABLE_MEMBER_MISSING,INCOMPLETE_STRUCTURALLY_VALID_REQUIRED_WINDOWS
CWST,Industrials,false,true,true,true,true,2000-03-31,2023-12-15,1240,1238,T1-B1-S1-I1,PASS_REQUIRED_WINDOWS,0,0,0,true,false,2882,TEXT_CONTENT_INTEGRITY_NOT_AUDITED_M2_02,NOT_SELECTED_BY_DETERMINISTIC_DIVERSITY_TIE_BREAK
CWT,Utilities,false,true,true,true,true,2000-03-31,2023-12-15,1240,1238,T1-B1-S1-I1,PASS_REQUIRED_WINDOWS,0,0,0,true,false,302,TEXT_CONTENT_INTEGRITY_NOT_AUDITED_M2_02,NOT_SELECTED_BY_DETERMINISTIC_DIVERSITY_TIE_BREAK
CX,Basic Materials,false,true,true,true,true,2000-03-31,2023-12-15,1240,1238,T1-B1-S1-I1,PASS_REQUIRED_WINDOWS,0,0,0,true,false,1022,TEXT_CONTENT_INTEGRITY_NOT_AUDITED_M2_02,NOT_SELECTED_BY_DETERMINISTIC_DIVERSITY_TIE_BREAK
CXE,Financial Services,false,true,false,true,true,2000-03-31,2023-12-15,1240,1238,T1-B0-S1-I1,PASS_REQUIRED_WINDOWS,0,0,0,true,false,2057,TEXT_CONTENT_INTEGRITY_NOT_AUDITED_M2_02;TABLE_MEMBER_MISSING,NOT_SELECTED_BY_DETERMINISTIC_DIVERSITY_TIE_BREAK
CXH,Financial Services,false,true,false,true,true,2000-03-31,2023-12-15,1240,1238,T1-B0-S1-I1,PASS_REQUIRED_WINDOWS,0,0,0,true,false,2669,TEXT_CONTENT_INTEGRITY_NOT_AUDITED_M2_02;TABLE_MEMBER_MISSING,NOT_SELECTED_BY_DETERMINISTIC_DIVERSITY_TIE_BREAK
CXSE,N/A,false,true,false,true,true,,,0,0,T1-B0-S1-I1,INVALID_HEADER,0,0,0,false,false,,TEXT_CONTENT_INTEGRITY_NOT_AUDITED_M2_02;TABLE_MEMBER_MISSING,INCOMPLETE_STRUCTURALLY_VALID_REQUIRED_WINDOWS
CXW,Industrials,false,true,true,true,true,2000-03-31,2023-12-15,1240,1238,T1-B1-S1-I1,PASS_REQUIRED_WINDOWS,0,0,0,true,false,1247,TEXT_CONTENT_INTEGRITY_NOT_AUDITED_M2_02,NOT_SELECTED_BY_DETERMINISTIC_DIVERSITY_TIE_BREAK
CYAN,Consumer Defensive,false,true,true,true,true,2000-03-31,2023-12-15,1240,1238,T1-B1-S1-I1,PASS_REQUIRED_WINDOWS,0,0,0,true,false,278,TEXT_CONTENT_INTEGRITY_NOT_AUDITED_M2_02,NOT_SELECTED_BY_DETERMINISTIC_DIVERSITY_TIE_BREAK
CYCC,Healthcare,false,true,true,true,true,2004-06-10,2023-12-15,1021,1019,T1-B1-S1-I1,PASS_REQUIRED_WINDOWS,0,0,0,true,false,1028,TEXT_CONTENT_INTEGRITY_NOT_AUDITED_M2_02,NOT_SELECTED_BY_DETERMINISTIC_DIVERSITY_TIE_BREAK
CYCCP,Healthcare,false,true,true,true,true,2006-03-03,2023-12-15,931,929,T1-B1-S1-I1,PASS_REQUIRED_WINDOWS,0,0,0,true,false,162,TEXT_CONTENT_INTEGRITY_NOT_AUDITED_M2_02,NOT_SELECTED_BY_DETERMINISTIC_DIVERSITY_TIE_BREAK
CYCN,Healthcare,false,true,true,true,true,2019-06-14,2023-12-15,238,236,T1-B1-S1-I1,PASS_REQUIRED_WINDOWS,0,0,0,true,false,1547,TEXT_CONTENT_INTEGRITY_NOT_AUDITED_M2_02,NOT_SELECTED_BY_DETERMINISTIC_DIVERSITY_TIE_BREAK
CYD,Consumer Cyclical,false,true,true,true,true,2000-03-31,2023-12-15,1240,1238,T1-B1-S1-I1,PASS_REQUIRED_WINDOWS,0,0,0,true,false,1074,TEXT_CONTENT_INTEGRITY_NOT_AUDITED_M2_02,NOT_SELECTED_BY_DETERMINISTIC_DIVERSITY_TIE_BREAK
CYH,Healthcare,false,true,true,true,true,2000-09-08,2023-12-15,1217,1215,T1-B1-S1-I1,PASS_REQUIRED_WINDOWS,0,0,0,true,false,2118,TEXT_CONTENT_INTEGRITY_NOT_AUDITED_M2_02,NOT_SELECTED_BY_DETERMINISTIC_DIVERSITY_TIE_BREAK
CYTK,Healthcare,false,true,true,true,true,2004-07-30,2023-12-15,1014,1012,T1-B1-S1-I1,PASS_REQUIRED_WINDOWS,0,0,0,true,false,2633,TEXT_CONTENT_INTEGRITY_NOT_AUDITED_M2_02,NOT_SELECTED_BY_DETERMINISTIC_DIVERSITY_TIE_BREAK
CZA,N/A,false,true,false,true,true,,,0,0,T1-B0-S1-I1,INVALID_HEADER,0,0,0,false,false,,TEXT_CONTENT_INTEGRITY_NOT_AUDITED_M2_02;TABLE_MEMBER_MISSING,INCOMPLETE_STRUCTURALLY_VALID_REQUIRED_WINDOWS
CZNC,Financial Services,false,true,true,true,true,2000-03-31,2023-12-15,1240,1238,T1-B1-S1-I1,PASS_REQUIRED_WINDOWS,0,0,0,true,false,378,TEXT_CONTENT_INTEGRITY_NOT_AUDITED_M2_02,NOT_SELECTED_BY_DETERMINISTIC_DIVERSITY_TIE_BREAK
CZR,Consumer Cyclical,false,true,true,true,true,2014-12-19,2023-12-15,472,470,T1-B1-S1-I1,PASS_REQUIRED_WINDOWS,0,0,0,true,false,2355,TEXT_CONTENT_INTEGRITY_NOT_AUDITED_M2_02,NOT_SELECTED_BY_DETERMINISTIC_DIVERSITY_TIE_BREAK
CZWI,Financial Services,false,true,true,true,true,2004-06-25,2023-12-15,1019,1017,T1-B1-S1-I1,PASS_REQUIRED_WINDOWS,0,0,0,true,false,1012,TEXT_CONTENT_INTEGRITY_NOT_AUDITED_M2_02,NOT_SELECTED_BY_DETERMINISTIC_DIVERSITY_TIE_BREAK
D,Utilities,false,true,false,true,true,2000-03-31,2023-12-15,1240,1238,T1-B0-S1-I1,PASS_REQUIRED_WINDOWS,0,0,0,true,false,2288,TEXT_CONTENT_INTEGRITY_NOT_AUDITED_M2_02;TABLE_MEMBER_MISSING,NOT_SELECTED_BY_DETERMINISTIC_DIVERSITY_TIE_BREAK
DAC,Industrials,false,true,true,true,true,2007-01-12,2023-12-15,886,884,T1-B1-S1-I1,PASS_REQUIRED_WINDOWS,0,0,0,true,false,910,TEXT_CONTENT_INTEGRITY_NOT_AUDITED_M2_02,NOT_SELECTED_BY_DETERMINISTIC_DIVERSITY_TIE_BREAK
DADA,Consumer Cyclical,false,true,true,true,true,2020-09-04,2023-12-15,174,172,T1-B1-S1-I1,PASS_REQUIRED_WINDOWS,0,0,0,true,false,971,TEXT_CONTENT_INTEGRITY_NOT_AUDITED_M2_02,NOT_SELECTED_BY_DETERMINISTIC_DIVERSITY_TIE_BREAK
DAIO,Technology,false,true,true,true,true,2000-03-31,2023-12-15,1240,1238,T1-B1-S1-I1,PASS_REQUIRED_WINDOWS,0,0,0,true,false,2927,TEXT_CONTENT_INTEGRITY_NOT_AUDITED_M2_02,NOT_SELECTED_BY_DETERMINISTIC_DIVERSITY_TIE_BREAK
DAKT,Technology,false,true,true,true,true,2000-03-31,2023-12-15,1240,1238,T1-B1-S1-I1,PASS_REQUIRED_WINDOWS,0,0,0,true,false,323,TEXT_CONTENT_INTEGRITY_NOT_AUDITED_M2_02,NOT_SELECTED_BY_DETERMINISTIC_DIVERSITY_TIE_BREAK
DAL,Industrials,false,true,true,true,true,2007-08-03,2023-12-15,857,855,T1-B1-S1-I1,PASS_REQUIRED_WINDOWS,0,0,0,true,false,1521,TEXT_CONTENT_INTEGRITY_NOT_AUDITED_M2_02,NOT_SELECTED_BY_DETERMINISTIC_DIVERSITY_TIE_BREAK
DALI,N/A,false,true,false,true,true,,,0,0,T1-B0-S1-I1,INVALID_HEADER,0,0,0,false,false,,TEXT_CONTENT_INTEGRITY_NOT_AUDITED_M2_02;TABLE_MEMBER_MISSING,INCOMPLETE_STRUCTURALLY_VALID_REQUIRED_WINDOWS
DALT,N/A,false,true,false,true,true,,,0,0,T1-B0-S1-I1,INVALID_HEADER,0,0,0,false,false,,TEXT_CONTENT_INTEGRITY_NOT_AUDITED_M2_02;TABLE_MEMBER_MISSING,INCOMPLETE_STRUCTURALLY_VALID_REQUIRED_WINDOWS
DAN,Consumer Cyclical,false,true,true,true,true,2008-04-04,2023-12-15,822,820,T1-B1-S1-I1,PASS_REQUIRED_WINDOWS,0,0,0,true,false,1192,TEXT_CONTENT_INTEGRITY_NOT_AUDITED_M2_02,NOT_SELECTED_BY_DETERMINISTIC_DIVERSITY_TIE_BREAK
DAO,Consumer Defensive,false,true,true,true,true,2020-01-24,2023-12-15,206,204,T1-B1-S1-I1,PASS_REQUIRED_WINDOWS,0,0,0,true,false,1718,TEXT_CONTENT_INTEGRITY_NOT_AUDITED_M2_02,NOT_SELECTED_BY_DETERMINISTIC_DIVERSITY_TIE_BREAK
DAR,Consumer Defensive,false,true,true,true,true,2000-03-31,2023-12-15,1240,1238,T1-B1-S1-I1,PASS_REQUIRED_WINDOWS,0,0,0,true,false,776,TEXT_CONTENT_INTEGRITY_NOT_AUDITED_M2_02,NOT_SELECTED_BY_DETERMINISTIC_DIVERSITY_TIE_BREAK
DARE,Healthcare,false,true,true,true,true,2014-07-11,2023-12-15,495,493,T1-B1-S1-I1,PASS_REQUIRED_WINDOWS,0,0,0,true,false,833,TEXT_CONTENT_INTEGRITY_NOT_AUDITED_M2_02,NOT_SELECTED_BY_DETERMINISTIC_DIVERSITY_TIE_BREAK
DAVA,Technology,false,true,true,true,true,2018-10-26,2023-12-15,271,269,T1-B1-S1-I1,PASS_REQUIRED_WINDOWS,0,0,0,true,false,1518,TEXT_CONTENT_INTEGRITY_NOT_AUDITED_M2_02,NOT_SELECTED_BY_DETERMINISTIC_DIVERSITY_TIE_BREAK
DAX,N/A,false,true,false,true,true,,,0,0,T1-B0-S1-I1,INVALID_HEADER,0,0,0,false,false,,TEXT_CONTENT_INTEGRITY_NOT_AUDITED_M2_02;TABLE_MEMBER_MISSING,INCOMPLETE_STRUCTURALLY_VALID_REQUIRED_WINDOWS
DB,Financial Services,false,true,true,true,true,2000-03-31,2023-12-15,1240,1238,T1-B1-S1-I1,PASS_REQUIRED_WINDOWS,0,0,0,true,false,2676,TEXT_CONTENT_INTEGRITY_NOT_AUDITED_M2_02,NOT_SELECTED_BY_DETERMINISTIC_DIVERSITY_TIE_BREAK
DBA,N/A,false,true,true,true,true,,,0,0,T1-B1-S1-I1,INVALID_HEADER,0,0,0,false,false,,TEXT_CONTENT_INTEGRITY_NOT_AUDITED_M2_02,INCOMPLETE_STRUCTURALLY_VALID_REQUIRED_WINDOWS
DBAW,N/A,false,true,false,true,true,,,0,0,T1-B0-S1-I1,INVALID_HEADER,0,0,0,false,false,,TEXT_CONTENT_INTEGRITY_NOT_AUDITED_M2_02;TABLE_MEMBER_MISSING,INCOMPLETE_STRUCTURALLY_VALID_REQUIRED_WINDOWS
DBB,N/A,false,true,true,true,true,,,0,0,T1-B1-S1-I1,INVALID_HEADER,0,0,0,false,false,,TEXT_CONTENT_INTEGRITY_NOT_AUDITED_M2_02,INCOMPLETE_STRUCTURALLY_VALID_REQUIRED_WINDOWS
DBC,N/A,false,true,true,true,true,,,0,0,T1-B1-S1-I1,INVALID_HEADER,0,0,0,false,false,,TEXT_CONTENT_INTEGRITY_NOT_AUDITED_M2_02,INCOMPLETE_STRUCTURALLY_VALID_REQUIRED_WINDOWS
DBE,N/A,false,true,true,true,true,,,0,0,T1-B1-S1-I1,INVALID_HEADER,0,0,0,false,false,,TEXT_CONTENT_INTEGRITY_NOT_AUDITED_M2_02,INCOMPLETE_STRUCTURALLY_VALID_REQUIRED_WINDOWS
DBEU,N/A,false,true,false,true,true,,,0,0,T1-B0-S1-I1,INVALID_HEADER,0,0,0,false,false,,TEXT_CONTENT_INTEGRITY_NOT_AUDITED_M2_02;TABLE_MEMBER_MISSING,INCOMPLETE_STRUCTURALLY_VALID_REQUIRED_WINDOWS
DBEZ,N/A,false,true,false,true,true,,,0,0,T1-B0-S1-I1,INVALID_HEADER,0,0,0,false,false,,TEXT_CONTENT_INTEGRITY_NOT_AUDITED_M2_02;TABLE_MEMBER_MISSING,INCOMPLETE_STRUCTURALLY_VALID_REQUIRED_WINDOWS
DBGR,N/A,false,true,false,true,true,,,0,0,T1-B0-S1-I1,INVALID_HEADER,0,0,0,false,false,,TEXT_CONTENT_INTEGRITY_NOT_AUDITED_M2_02;TABLE_MEMBER_MISSING,INCOMPLETE_STRUCTURALLY_VALID_REQUIRED_WINDOWS
DBJP,N/A,false,true,false,true,true,,,0,0,T1-B0-S1-I1,INVALID_HEADER,0,0,0,false,false,,TEXT_CONTENT_INTEGRITY_NOT_AUDITED_M2_02;TABLE_MEMBER_MISSING,INCOMPLETE_STRUCTURALLY_VALID_REQUIRED_WINDOWS
DBMF,N/A,false,true,false,true,true,,,0,0,T1-B0-S1-I1,INVALID_HEADER,0,0,0,false,false,,TEXT_CONTENT_INTEGRITY_NOT_AUDITED_M2_02;TABLE_MEMBER_MISSING,INCOMPLETE_STRUCTURALLY_VALID_REQUIRED_WINDOWS
DBO,N/A,false,true,true,true,true,,,0,0,T1-B1-S1-I1,INVALID_HEADER,0,0,0,false,false,,TEXT_CONTENT_INTEGRITY_NOT_AUDITED_M2_02,INCOMPLETE_STRUCTURALLY_VALID_REQUIRED_WINDOWS
DBP,N/A,false,true,true,true,true,,,0,0,T1-B1-S1-I1,INVALID_HEADER,0,0,0,false,false,,TEXT_CONTENT_INTEGRITY_NOT_AUDITED_M2_02,INCOMPLETE_STRUCTURALLY_VALID_REQUIRED_WINDOWS
DCI,Industrials,false,true,true,true,true,2000-03-31,2023-12-15,1240,1238,T1-B1-S1-I1,PASS_REQUIRED_WINDOWS,0,0,0,true,false,167,TEXT_CONTENT_INTEGRITY_NOT_AUDITED_M2_02,NOT_SELECTED_BY_DETERMINISTIC_DIVERSITY_TIE_BREAK
DCO,Industrials,false,true,true,true,true,2000-03-31,2023-12-15,1240,1238,T1-B1-S1-I1,PASS_REQUIRED_WINDOWS,0,0,0,true,false,1370,TEXT_CONTENT_INTEGRITY_NOT_AUDITED_M2_02,NOT_SELECTED_BY_DETERMINISTIC_DIVERSITY_TIE_BREAK
DCOMP,Financial Services,false,true,true,true,true,2020-05-01,2023-12-15,192,190,T1-B1-S1-I1,PASS_REQUIRED_WINDOWS,0,0,0,true,false,61,TEXT_CONTENT_INTEGRITY_NOT_AUDITED_M2_02,NOT_SELECTED_BY_DETERMINISTIC_DIVERSITY_TIE_BREAK
DCTH,Healthcare,false,true,true,true,true,2018-08-03,2023-12-15,283,281,T1-B1-S1-I1,PASS_REQUIRED_WINDOWS,0,0,0,true,false,1126,TEXT_CONTENT_INTEGRITY_NOT_AUDITED_M2_02,NOT_SELECTED_BY_DETERMINISTIC_DIVERSITY_TIE_BREAK
DD,Basic Materials,false,true,true,true,true,2000-03-31,2023-12-15,1240,1238,T1-B1-S1-I1,PASS_REQUIRED_WINDOWS,0,0,0,true,false,2866,TEXT_CONTENT_INTEGRITY_NOT_AUDITED_M2_02,NOT_SELECTED_BY_DETERMINISTIC_DIVERSITY_TIE_BREAK
DDD,Technology,false,true,true,true,true,2000-03-31,2023-12-15,1240,1238,T1-B1-S1-I1,PASS_REQUIRED_WINDOWS,0,0,0,true,false,466,TEXT_CONTENT_INTEGRITY_NOT_AUDITED_M2_02,NOT_SELECTED_BY_DETERMINISTIC_DIVERSITY_TIE_BREAK
DDIV,N/A,false,true,false,true,true,,,0,0,T1-B0-S1-I1,INVALID_HEADER,0,0,0,false,false,,TEXT_CONTENT_INTEGRITY_NOT_AUDITED_M2_02;TABLE_MEMBER_MISSING,INCOMPLETE_STRUCTURALLY_VALID_REQUIRED_WINDOWS
DDM,N/A,false,true,false,true,true,,,0,0,T1-B0-S1-I1,INVALID_HEADER,0,0,0,false,false,,TEXT_CONTENT_INTEGRITY_NOT_AUDITED_M2_02;TABLE_MEMBER_MISSING,INCOMPLETE_STRUCTURALLY_VALID_REQUIRED_WINDOWS
DDOG,Technology,false,true,true,true,true,2019-12-13,2023-12-15,212,210,T1-B1-S1-I1,PASS_REQUIRED_WINDOWS,0,0,0,true,false,1438,TEXT_CONTENT_INTEGRITY_NOT_AUDITED_M2_02,NOT_SELECTED_BY_DETERMINISTIC_DIVERSITY_TIE_BREAK
DDS,Consumer Cyclical,false,true,true,true,true,2000-03-31,2023-12-15,1240,1238,T1-B1-S1-I1,PASS_REQUIRED_WINDOWS,0,0,0,true,false,471,TEXT_CONTENT_INTEGRITY_NOT_AUDITED_M2_02,NOT_SELECTED_BY_DETERMINISTIC_DIVERSITY_TIE_BREAK
DDWM,N/A,false,true,false,true,true,,,0,0,T1-B0-S1-I1,INVALID_HEADER,0,0,0,false,false,,TEXT_CONTENT_INTEGRITY_NOT_AUDITED_M2_02;TABLE_MEMBER_MISSING,INCOMPLETE_STRUCTURALLY_VALID_REQUIRED_WINDOWS
DE,Industrials,false,true,true,true,true,2000-03-31,2023-12-15,1240,1238,T1-B1-S1-I1,PASS_REQUIRED_WINDOWS,0,0,0,true,false,2066,TEXT_CONTENT_INTEGRITY_NOT_AUDITED_M2_02,NOT_SELECTED_BY_DETERMINISTIC_DIVERSITY_TIE_BREAK
DEA,Real Estate,false,true,true,true,true,2015-05-08,2023-12-15,452,450,T1-B1-S1-I1,PASS_REQUIRED_WINDOWS,0,0,0,true,false,2255,TEXT_CONTENT_INTEGRITY_NOT_AUDITED_M2_02,NOT_SELECTED_BY_DETERMINISTIC_DIVERSITY_TIE_BREAK
DECK,Consumer Cyclical,false,true,true,true,true,2000-03-31,2023-12-15,1240,1238,T1-B1-S1-I1,PASS_REQUIRED_WINDOWS,0,0,0,true,false,2684,TEXT_CONTENT_INTEGRITY_NOT_AUDITED_M2_02,NOT_SELECTED_BY_DETERMINISTIC_DIVERSITY_TIE_BREAK
DEI,Real Estate,false,true,true,true,true,2007-01-26,2023-12-15,884,882,T1-B1-S1-I1,PASS_REQUIRED_WINDOWS,0,0,0,true,false,2067,TEXT_CONTENT_INTEGRITY_NOT_AUDITED_M2_02,NOT_SELECTED_BY_DETERMINISTIC_DIVERSITY_TIE_BREAK
DELL,Technology,false,true,true,true,true,2016-11-11,2023-12-15,373,371,T1-B1-S1-I1,PASS_REQUIRED_WINDOWS,0,0,0,true,false,2055,TEXT_CONTENT_INTEGRITY_NOT_AUDITED_M2_02,NOT_SELECTED_BY_DETERMINISTIC_DIVERSITY_TIE_BREAK
DEM,N/A,false,true,false,true,true,,,0,0,T1-B0-S1-I1,INVALID_HEADER,0,0,0,false,false,,TEXT_CONTENT_INTEGRITY_NOT_AUDITED_M2_02;TABLE_MEMBER_MISSING,INCOMPLETE_STRUCTURALLY_VALID_REQUIRED_WINDOWS
DENN,Consumer Cyclical,false,true,true,true,true,2000-03-31,2023-12-15,1240,1238,T1-B1-S1-I1,PASS_REQUIRED_WINDOWS,0,0,0,true,false,1188,TEXT_CONTENT_INTEGRITY_NOT_AUDITED_M2_02,NOT_SELECTED_BY_DETERMINISTIC_DIVERSITY_TIE_BREAK
DEO,Consumer Defensive,false,true,true,true,true,2000-03-31,2023-12-15,1240,1238,T1-B1-S1-I1,PASS_REQUIRED_WINDOWS,0,0,0,true,false,954,TEXT_CONTENT_INTEGRITY_NOT_AUDITED_M2_02,NOT_SELECTED_BY_DETERMINISTIC_DIVERSITY_TIE_BREAK
DES,N/A,false,true,false,true,true,,,0,0,T1-B0-S1-I1,INVALID_HEADER,0,0,0,false,false,,TEXT_CONTENT_INTEGRITY_NOT_AUDITED_M2_02;TABLE_MEMBER_MISSING,INCOMPLETE_STRUCTURALLY_VALID_REQUIRED_WINDOWS
DESP,Consumer Cyclical,false,true,true,true,true,2017-12-15,2023-12-15,316,314,T1-B1-S1-I1,PASS_REQUIRED_WINDOWS,0,0,0,true,false,1435,TEXT_CONTENT_INTEGRITY_NOT_AUDITED_M2_02,NOT_SELECTED_BY_DETERMINISTIC_DIVERSITY_TIE_BREAK
DFE,N/A,false,true,false,true,true,,,0,0,T1-B0-S1-I1,INVALID_HEADER,0,0,0,false,false,,TEXT_CONTENT_INTEGRITY_NOT_AUDITED_M2_02;TABLE_MEMBER_MISSING,INCOMPLETE_STRUCTURALLY_VALID_REQUIRED_WINDOWS
DFIN,Technology,false,true,true,true,true,2016-12-23,2023-12-15,367,365,T1-B1-S1-I1,PASS_REQUIRED_WINDOWS,0,0,0,true,false,1144,TEXT_CONTENT_INTEGRITY_NOT_AUDITED_M2_02,NOT_SELECTED_BY_DETERMINISTIC_DIVERSITY_TIE_BREAK
DFJ,N/A,false,true,false,true,true,,,0,0,T1-B0-S1-I1,INVALID_HEADER,0,0,0,false,false,,TEXT_CONTENT_INTEGRITY_NOT_AUDITED_M2_02;TABLE_MEMBER_MISSING,INCOMPLETE_STRUCTURALLY_VALID_REQUIRED_WINDOWS
DFP,Financial Services,false,true,false,true,true,2013-08-23,2023-12-15,541,539,T1-B0-S1-I1,PASS_REQUIRED_WINDOWS,0,0,0,true,false,2431,TEXT_CONTENT_INTEGRITY_NOT_AUDITED_M2_02;TABLE_MEMBER_MISSING,NOT_SELECTED_BY_DETERMINISTIC_DIVERSITY_TIE_BREAK
DFS,Financial Services,false,true,true,true,true,2007-09-14,2023-12-15,851,849,T1-B1-S1-I1,PASS_REQUIRED_WINDOWS,0,0,0,true,false,2654,TEXT_CONTENT_INTEGRITY_NOT_AUDITED_M2_02,NOT_SELECTED_BY_DETERMINISTIC_DIVERSITY_TIE_BREAK
DGICA,Financial Services,false,true,true,true,true,2003-10-03,2023-12-15,1057,1055,T1-B1-S1-I1,PASS_REQUIRED_WINDOWS,0,0,0,true,false,1859,TEXT_CONTENT_INTEGRITY_NOT_AUDITED_M2_02,NOT_SELECTED_BY_DETERMINISTIC_DIVERSITY_TIE_BREAK
DGICB,Financial Services,false,true,true,true,true,2000-03-31,2023-12-15,1240,1238,T1-B1-S1-I1,PASS_REQUIRED_WINDOWS,0,0,0,true,false,2813,TEXT_CONTENT_INTEGRITY_NOT_AUDITED_M2_02,NOT_SELECTED_BY_DETERMINISTIC_DIVERSITY_TIE_BREAK
DGII,Technology,false,true,true,true,true,2000-03-31,2023-12-15,1240,1238,T1-B1-S1-I1,PASS_REQUIRED_WINDOWS,0,0,0,true,false,2395,TEXT_CONTENT_INTEGRITY_NOT_AUDITED_M2_02,NOT_SELECTED_BY_DETERMINISTIC_DIVERSITY_TIE_BREAK
DGLY,Communication Services,false,true,true,true,true,2007-08-10,2023-12-15,856,854,T1-B1-S1-I1,PASS_REQUIRED_WINDOWS,0,0,0,true,false,186,TEXT_CONTENT_INTEGRITY_NOT_AUDITED_M2_02,NOT_SELECTED_BY_DETERMINISTIC_DIVERSITY_TIE_BREAK
DGP,N/A,false,true,true,true,true,,,0,0,T1-B1-S1-I1,INVALID_HEADER,0,0,0,false,false,,TEXT_CONTENT_INTEGRITY_NOT_AUDITED_M2_02,INCOMPLETE_STRUCTURALLY_VALID_REQUIRED_WINDOWS
DGRE,N/A,false,true,false,true,true,,,0,0,T1-B0-S1-I1,INVALID_HEADER,0,0,0,false,false,,TEXT_CONTENT_INTEGRITY_NOT_AUDITED_M2_02;TABLE_MEMBER_MISSING,INCOMPLETE_STRUCTURALLY_VALID_REQUIRED_WINDOWS
DGRO,N/A,false,true,false,true,true,,,0,0,T1-B0-S1-I1,INVALID_HEADER,0,0,0,false,false,,TEXT_CONTENT_INTEGRITY_NOT_AUDITED_M2_02;TABLE_MEMBER_MISSING,INCOMPLETE_STRUCTURALLY_VALID_REQUIRED_WINDOWS
DGRS,N/A,false,true,false,true,true,,,0,0,T1-B0-S1-I1,INVALID_HEADER,0,0,0,false,false,,TEXT_CONTENT_INTEGRITY_NOT_AUDITED_M2_02;TABLE_MEMBER_MISSING,INCOMPLETE_STRUCTURALLY_VALID_REQUIRED_WINDOWS
DGRW,N/A,false,true,false,true,true,,,0,0,T1-B0-S1-I1,INVALID_HEADER,0,0,0,false,false,,TEXT_CONTENT_INTEGRITY_NOT_AUDITED_M2_02;TABLE_MEMBER_MISSING,INCOMPLETE_STRUCTURALLY_VALID_REQUIRED_WINDOWS
DGS,N/A,false,true,false,true,true,,,0,0,T1-B0-S1-I1,INVALID_HEADER,0,0,0,false,false,,TEXT_CONTENT_INTEGRITY_NOT_AUDITED_M2_02;TABLE_MEMBER_MISSING,INCOMPLETE_STRUCTURALLY_VALID_REQUIRED_WINDOWS
DGT,N/A,false,true,false,true,true,,,0,0,T1-B0-S1-I1,INVALID_HEADER,0,0,0,false,false,,TEXT_CONTENT_INTEGRITY_NOT_AUDITED_M2_02;TABLE_MEMBER_MISSING,INCOMPLETE_STRUCTURALLY_VALID_REQUIRED_WINDOWS
DGX,Healthcare,false,true,true,true,true,2000-03-31,2023-12-15,1240,1238,T1-B1-S1-I1,PASS_REQUIRED_WINDOWS,0,0,0,true,false,2486,TEXT_CONTENT_INTEGRITY_NOT_AUDITED_M2_02,NOT_SELECTED_BY_DETERMINISTIC_DIVERSITY_TIE_BREAK
DGZ,N/A,false,true,true,true,true,,,0,0,T1-B1-S1-I1,INVALID_HEADER,0,0,0,false,false,,TEXT_CONTENT_INTEGRITY_NOT_AUDITED_M2_02,INCOMPLETE_STRUCTURALLY_VALID_REQUIRED_WINDOWS
DHC,Real Estate,false,true,true,true,true,2000-05-19,2023-12-15,1233,1231,T1-B1-S1-I1,PASS_REQUIRED_WINDOWS,0,0,0,true,false,1073,TEXT_CONTENT_INTEGRITY_NOT_AUDITED_M2_02,NOT_SELECTED_BY_DETERMINISTIC_DIVERSITY_TIE_BREAK
DHF,Financial Services,false,true,false,true,true,2000-03-31,2023-12-15,1240,1238,T1-B0-S1-I1,PASS_REQUIRED_WINDOWS,0,0,0,true,false,1134,TEXT_CONTENT_INTEGRITY_NOT_AUDITED_M2_02;TABLE_MEMBER_MISSING,NOT_SELECTED_BY_DETERMINISTIC_DIVERSITY_TIE_BREAK
DHI,Consumer Cyclical,false,true,true,true,true,2000-03-31,2023-12-15,1240,1238,T1-B1-S1-I1,PASS_REQUIRED_WINDOWS,0,0,0,true,false,1360,TEXT_CONTENT_INTEGRITY_NOT_AUDITED_M2_02,NOT_SELECTED_BY_DETERMINISTIC_DIVERSITY_TIE_BREAK
DHIL,Financial Services,false,true,true,true,true,2000-03-31,2023-12-15,1240,1238,T1-B1-S1-I1,PASS_REQUIRED_WINDOWS,0,0,0,true,false,492,TEXT_CONTENT_INTEGRITY_NOT_AUDITED_M2_02,NOT_SELECTED_BY_DETERMINISTIC_DIVERSITY_TIE_BREAK
DHR,Healthcare,false,true,true,true,true,2000-03-31,2023-12-15,1240,1238,T1-B1-S1-I1,PASS_REQUIRED_WINDOWS,0,0,0,true,false,64,TEXT_CONTENT_INTEGRITY_NOT_AUDITED_M2_02,NOT_SELECTED_BY_DETERMINISTIC_DIVERSITY_TIE_BREAK
DHS,N/A,false,true,false,true,true,,,0,0,T1-B0-S1-I1,INVALID_HEADER,0,0,0,false,false,,TEXT_CONTENT_INTEGRITY_NOT_AUDITED_M2_02;TABLE_MEMBER_MISSING,INCOMPLETE_STRUCTURALLY_VALID_REQUIRED_WINDOWS
DHT,Energy,false,true,true,true,true,2006-01-13,2023-12-15,938,936,T1-B1-S1-I1,PASS_REQUIRED_WINDOWS,0,0,0,true,false,2859,TEXT_CONTENT_INTEGRITY_NOT_AUDITED_M2_02,NOT_SELECTED_BY_DETERMINISTIC_DIVERSITY_TIE_BREAK
DIAL,N/A,false,true,false,true,true,,,0,0,T1-B0-S1-I1,INVALID_HEADER,0,0,0,false,false,,TEXT_CONTENT_INTEGRITY_NOT_AUDITED_M2_02;TABLE_MEMBER_MISSING,INCOMPLETE_STRUCTURALLY_VALID_REQUIRED_WINDOWS
DIAX,Financial Services,false,true,false,true,true,2015-03-06,2023-12-15,461,459,T1-B0-S1-I1,PASS_REQUIRED_WINDOWS,0,0,0,true,false,311,TEXT_CONTENT_INTEGRITY_NOT_AUDITED_M2_02;TABLE_MEMBER_MISSING,NOT_SELECTED_BY_DETERMINISTIC_DIVERSITY_TIE_BREAK
DIG,N/A,false,true,false,true,true,,,0,0,T1-B0-S1-I1,INVALID_HEADER,0,0,0,false,false,,TEXT_CONTENT_INTEGRITY_NOT_AUDITED_M2_02;TABLE_MEMBER_MISSING,INCOMPLETE_STRUCTURALLY_VALID_REQUIRED_WINDOWS
DIN,Consumer Cyclical,false,true,true,true,true,2000-03-31,2023-12-15,1240,1238,T1-B1-S1-I1,PASS_REQUIRED_WINDOWS,0,0,0,true,false,1549,TEXT_CONTENT_INTEGRITY_NOT_AUDITED_M2_02,NOT_SELECTED_BY_DETERMINISTIC_DIVERSITY_TIE_BREAK
DIOD,Technology,false,true,true,true,true,2000-03-31,2023-12-15,1240,1238,T1-B1-S1-I1,PASS_REQUIRED_WINDOWS,0,0,0,true,false,1419,TEXT_CONTENT_INTEGRITY_NOT_AUDITED_M2_02,NOT_SELECTED_BY_DETERMINISTIC_DIVERSITY_TIE_BREAK
DIS,Communication Services,false,true,true,true,true,2000-03-31,2023-12-15,1240,1238,T1-B1-S1-I1,PASS_REQUIRED_WINDOWS,0,0,0,true,false,306,TEXT_CONTENT_INTEGRITY_NOT_AUDITED_M2_02,NOT_SELECTED_BY_DETERMINISTIC_DIVERSITY_TIE_BREAK
DIT,Consumer Defensive,false,true,true,true,true,2000-03-31,2023-12-15,1240,1238,T1-B1-S1-I1,PASS_REQUIRED_WINDOWS,0,0,0,true,false,6,TEXT_CONTENT_INTEGRITY_NOT_AUDITED_M2_02,NOT_SELECTED_BY_DETERMINISTIC_DIVERSITY_TIE_BREAK
DIV,N/A,false,true,false,true,true,,,0,0,T1-B0-S1-I1,INVALID_HEADER,0,0,0,false,false,,TEXT_CONTENT_INTEGRITY_NOT_AUDITED_M2_02;TABLE_MEMBER_MISSING,INCOMPLETE_STRUCTURALLY_VALID_REQUIRED_WINDOWS
DIVB,N/A,false,true,false,true,true,,,0,0,T1-B0-S1-I1,INVALID_HEADER,0,0,0,false,false,,TEXT_CONTENT_INTEGRITY_NOT_AUDITED_M2_02;TABLE_MEMBER_MISSING,INCOMPLETE_STRUCTURALLY_VALID_REQUIRED_WINDOWS
DIVO,N/A,false,true,false,true,true,,,0,0,T1-B0-S1-I1,INVALID_HEADER,0,0,0,false,false,,TEXT_CONTENT_INTEGRITY_NOT_AUDITED_M2_02;TABLE_MEMBER_MISSING,INCOMPLETE_STRUCTURALLY_VALID_REQUIRED_WINDOWS
DIVY,N/A,false,true,false,true,true,,,0,0,T1-B0-S1-I1,INVALID_HEADER,0,0,0,false,false,,TEXT_CONTENT_INTEGRITY_NOT_AUDITED_M2_02;TABLE_MEMBER_MISSING,INCOMPLETE_STRUCTURALLY_VALID_REQUIRED_WINDOWS
DJCB,N/A,false,true,false,true,true,,,0,0,T1-B0-S1-I1,INVALID_HEADER,0,0,0,false,false,,TEXT_CONTENT_INTEGRITY_NOT_AUDITED_M2_02;TABLE_MEMBER_MISSING,INCOMPLETE_STRUCTURALLY_VALID_REQUIRED_WINDOWS
DJCO,Technology,false,true,true,true,true,2000-03-31,2023-12-15,1240,1238,T1-B1-S1-I1,PASS_REQUIRED_WINDOWS,0,0,0,true,false,2111,TEXT_CONTENT_INTEGRITY_NOT_AUDITED_M2_02,NOT_SELECTED_BY_DETERMINISTIC_DIVERSITY_TIE_BREAK
DJD,N/A,false,true,false,true,true,,,0,0,T1-B0-S1-I1,INVALID_HEADER,0,0,0,false,false,,TEXT_CONTENT_INTEGRITY_NOT_AUDITED_M2_02;TABLE_MEMBER_MISSING,INCOMPLETE_STRUCTURALLY_VALID_REQUIRED_WINDOWS
DJP,N/A,false,true,true,true,true,,,0,0,T1-B1-S1-I1,INVALID_HEADER,0,0,0,false,false,,TEXT_CONTENT_INTEGRITY_NOT_AUDITED_M2_02,INCOMPLETE_STRUCTURALLY_VALID_REQUIRED_WINDOWS
DK,Energy,false,true,true,true,true,2006-08-04,2023-12-15,909,907,T1-B1-S1-I1,PASS_REQUIRED_WINDOWS,0,0,0,true,false,2180,TEXT_CONTENT_INTEGRITY_NOT_AUDITED_M2_02,NOT_SELECTED_BY_DETERMINISTIC_DIVERSITY_TIE_BREAK
DKL,Energy,false,true,true,true,true,2013-02-01,2023-12-15,570,568,T1-B1-S1-I1,PASS_REQUIRED_WINDOWS,0,0,0,true,false,2777,TEXT_CONTENT_INTEGRITY_NOT_AUDITED_M2_02,NOT_SELECTED_BY_DETERMINISTIC_DIVERSITY_TIE_BREAK
DKNG,Consumer Cyclical,false,true,true,true,true,2019-10-18,2023-12-15,220,218,T1-B1-S1-I1,PASS_REQUIRED_WINDOWS,0,0,0,true,false,664,TEXT_CONTENT_INTEGRITY_NOT_AUDITED_M2_02,NOT_SELECTED_BY_DETERMINISTIC_DIVERSITY_TIE_BREAK
DKS,Consumer Cyclical,false,true,true,true,true,2003-01-17,2023-12-15,1094,1092,T1-B1-S1-I1,PASS_REQUIRED_WINDOWS,0,0,0,true,false,999,TEXT_CONTENT_INTEGRITY_NOT_AUDITED_M2_02,NOT_SELECTED_BY_DETERMINISTIC_DIVERSITY_TIE_BREAK
DLB,Industrials,false,true,true,true,true,2005-05-20,2023-12-15,972,970,T1-B1-S1-I1,PASS_REQUIRED_WINDOWS,0,0,0,true,false,2526,TEXT_CONTENT_INTEGRITY_NOT_AUDITED_M2_02,NOT_SELECTED_BY_DETERMINISTIC_DIVERSITY_TIE_BREAK
DLHC,Industrials,false,true,true,true,true,2000-03-31,2023-12-15,1240,1238,T1-B1-S1-I1,PASS_REQUIRED_WINDOWS,0,0,0,true,false,2240,TEXT_CONTENT_INTEGRITY_NOT_AUDITED_M2_02,NOT_SELECTED_BY_DETERMINISTIC_DIVERSITY_TIE_BREAK
DLN,N/A,false,true,false,true,true,,,0,0,T1-B0-S1-I1,INVALID_HEADER,0,0,0,false,false,,TEXT_CONTENT_INTEGRITY_NOT_AUDITED_M2_02;TABLE_MEMBER_MISSING,INCOMPLETE_STRUCTURALLY_VALID_REQUIRED_WINDOWS
DLNG,Energy,false,true,true,true,true,2014-02-14,2023-12-15,516,514,T1-B1-S1-I1,PASS_REQUIRED_WINDOWS,0,0,0,true,false,2096,TEXT_CONTENT_INTEGRITY_NOT_AUDITED_M2_02,NOT_SELECTED_BY_DETERMINISTIC_DIVERSITY_TIE_BREAK
DLPN,Communication Services,false,true,true,true,true,2007-02-02,2023-12-15,883,881,T1-B1-S1-I1,PASS_REQUIRED_WINDOWS,0,0,0,true,false,1380,TEXT_CONTENT_INTEGRITY_NOT_AUDITED_M2_02,NOT_SELECTED_BY_DETERMINISTIC_DIVERSITY_TIE_BREAK
DLS,N/A,false,true,false,true,true,,,0,0,T1-B0-S1-I1,INVALID_HEADER,0,0,0,false,false,,TEXT_CONTENT_INTEGRITY_NOT_AUDITED_M2_02;TABLE_MEMBER_MISSING,INCOMPLETE_STRUCTURALLY_VALID_REQUIRED_WINDOWS
DLTH,Consumer Cyclical,false,true,true,true,true,2016-02-19,2023-12-15,411,409,T1-B1-S1-I1,PASS_REQUIRED_WINDOWS,0,0,0,true,false,336,TEXT_CONTENT_INTEGRITY_NOT_AUDITED_M2_02,NOT_SELECTED_BY_DETERMINISTIC_DIVERSITY_TIE_BREAK
DLTR,Consumer Defensive,false,true,true,true,true,2000-03-31,2023-12-15,1240,1238,T1-B1-S1-I1,PASS_REQUIRED_WINDOWS,0,0,0,true,false,1992,TEXT_CONTENT_INTEGRITY_NOT_AUDITED_M2_02,NOT_SELECTED_BY_DETERMINISTIC_DIVERSITY_TIE_BREAK
DLX,Industrials,false,true,true,true,true,2000-03-31,2023-12-15,1240,1238,T1-B1-S1-I1,PASS_REQUIRED_WINDOWS,0,0,0,true,false,1755,TEXT_CONTENT_INTEGRITY_NOT_AUDITED_M2_02,NOT_SELECTED_BY_DETERMINISTIC_DIVERSITY_TIE_BREAK
DLY,N/A,false,true,false,true,true,2020-05-22,2023-12-15,189,187,T1-B0-S1-I1,PASS_REQUIRED_WINDOWS,0,0,0,true,false,1822,TEXT_CONTENT_INTEGRITY_NOT_AUDITED_M2_02;TABLE_MEMBER_MISSING,NOT_SELECTED_BY_DETERMINISTIC_DIVERSITY_TIE_BREAK
DMAC,Healthcare,false,true,true,true,true,2012-11-02,2023-12-15,583,581,T1-B1-S1-I1,PASS_REQUIRED_WINDOWS,0,0,0,true,false,1916,TEXT_CONTENT_INTEGRITY_NOT_AUDITED_M2_02,NOT_SELECTED_BY_DETERMINISTIC_DIVERSITY_TIE_BREAK
DMAY,N/A,false,true,false,true,true,,,0,0,T1-B0-S1-I1,INVALID_HEADER,0,0,0,false,false,,TEXT_CONTENT_INTEGRITY_NOT_AUDITED_M2_02;TABLE_MEMBER_MISSING,INCOMPLETE_STRUCTURALLY_VALID_REQUIRED_WINDOWS
DMB,Financial Services,false,true,false,true,true,2013-07-26,2023-12-15,545,543,T1-B0-S1-I1,PASS_REQUIRED_WINDOWS,0,0,0,true,false,2456,TEXT_CONTENT_INTEGRITY_NOT_AUDITED_M2_02;TABLE_MEMBER_MISSING,NOT_SELECTED_BY_DETERMINISTIC_DIVERSITY_TIE_BREAK
DMDV,N/A,false,true,false,true,true,,,0,0,T1-B0-S1-I1,INVALID_HEADER,0,0,0,false,false,,TEXT_CONTENT_INTEGRITY_NOT_AUDITED_M2_02;TABLE_MEMBER_MISSING,INCOMPLETE_STRUCTURALLY_VALID_REQUIRED_WINDOWS
DMF,Financial Services,false,true,false,true,true,2000-03-31,2023-12-15,1240,1238,T1-B0-S1-I1,PASS_REQUIRED_WINDOWS,0,0,0,true,false,1447,TEXT_CONTENT_INTEGRITY_NOT_AUDITED_M2_02;TABLE_MEMBER_MISSING,NOT_SELECTED_BY_DETERMINISTIC_DIVERSITY_TIE_BREAK
DMLP,Energy,false,true,true,true,true,2003-05-02,2023-12-15,1079,1077,T1-B1-S1-I1,PASS_REQUIRED_WINDOWS,0,0,0,true,false,2145,TEXT_CONTENT_INTEGRITY_NOT_AUDITED_M2_02,NOT_SELECTED_BY_DETERMINISTIC_DIVERSITY_TIE_BREAK
DMO,Financial Services,false,true,false,true,true,2010-05-21,2023-12-15,711,709,T1-B0-S1-I1,PASS_REQUIRED_WINDOWS,0,0,0,true,false,875,TEXT_CONTENT_INTEGRITY_NOT_AUDITED_M2_02;TABLE_MEMBER_MISSING,NOT_SELECTED_BY_DETERMINISTIC_DIVERSITY_TIE_BREAK
DMRC,Technology,false,true,true,true,true,2000-03-31,2023-12-15,1240,1238,T1-B1-S1-I1,PASS_REQUIRED_WINDOWS,0,0,0,true,false,1965,TEXT_CONTENT_INTEGRITY_NOT_AUDITED_M2_02,NOT_SELECTED_BY_DETERMINISTIC_DIVERSITY_TIE_BREAK
DMXF,N/A,false,true,false,true,true,,,0,0,T1-B0-S1-I1,INVALID_HEADER,0,0,0,false,false,,TEXT_CONTENT_INTEGRITY_NOT_AUDITED_M2_02;TABLE_MEMBER_MISSING,INCOMPLETE_STRUCTURALLY_VALID_REQUIRED_WINDOWS
DNL,N/A,false,true,false,true,true,,,0,0,T1-B0-S1-I1,INVALID_HEADER,0,0,0,false,false,,TEXT_CONTENT_INTEGRITY_NOT_AUDITED_M2_02;TABLE_MEMBER_MISSING,INCOMPLETE_STRUCTURALLY_VALID_REQUIRED_WINDOWS
DNN,Energy,false,true,true,true,true,2005-05-06,2023-12-15,974,972,T1-B1-S1-I1,PASS_REQUIRED_WINDOWS,0,0,0,true,false,992,TEXT_CONTENT_INTEGRITY_NOT_AUDITED_M2_02,NOT_SELECTED_BY_DETERMINISTIC_DIVERSITY_TIE_BREAK
DNOV,N/A,false,true,false,true,true,,,0,0,T1-B0-S1-I1,INVALID_HEADER,0,0,0,false,false,,TEXT_CONTENT_INTEGRITY_NOT_AUDITED_M2_02;TABLE_MEMBER_MISSING,INCOMPLETE_STRUCTURALLY_VALID_REQUIRED_WINDOWS
DNP,Financial Services,false,true,false,true,true,2000-03-31,2023-12-15,1240,1238,T1-B0-S1-I1,PASS_REQUIRED_WINDOWS,0,0,0,true,false,2148,TEXT_CONTENT_INTEGRITY_NOT_AUDITED_M2_02;TABLE_MEMBER_MISSING,NOT_SELECTED_BY_DETERMINISTIC_DIVERSITY_TIE_BREAK
DOC,Real Estate,false,true,true,true,true,2000-03-31,2023-12-15,1240,1238,T1-B1-S1-I1,PASS_REQUIRED_WINDOWS,0,0,0,true,false,1474,TEXT_CONTENT_INTEGRITY_NOT_AUDITED_M2_02,NOT_SELECTED_BY_DETERMINISTIC_DIVERSITY_TIE_BREAK
DOCU,Technology,false,true,true,true,true,2018-07-27,2023-12-15,284,282,T1-B1-S1-I1,PASS_REQUIRED_WINDOWS,0,0,0,true,false,2578,TEXT_CONTENT_INTEGRITY_NOT_AUDITED_M2_02,NOT_SELECTED_BY_DETERMINISTIC_DIVERSITY_TIE_BREAK
DOG,N/A,false,true,false,true,true,,,0,0,T1-B0-S1-I1,INVALID_HEADER,0,0,0,false,false,,TEXT_CONTENT_INTEGRITY_NOT_AUDITED_M2_02;TABLE_MEMBER_MISSING,INCOMPLETE_STRUCTURALLY_VALID_REQUIRED_WINDOWS
DOGZ,Consumer Cyclical,false,true,true,true,true,2018-03-23,2023-12-15,302,300,T1-B1-S1-I1,PASS_REQUIRED_WINDOWS,0,0,0,true,false,1926,TEXT_CONTENT_INTEGRITY_NOT_AUDITED_M2_02,NOT_SELECTED_BY_DETERMINISTIC_DIVERSITY_TIE_BREAK
DOMO,Technology,false,true,true,true,true,2018-09-28,2023-12-15,275,273,T1-B1-S1-I1,PASS_REQUIRED_WINDOWS,0,0,0,true,false,1634,TEXT_CONTENT_INTEGRITY_NOT_AUDITED_M2_02,NOT_SELECTED_BY_DETERMINISTIC_DIVERSITY_TIE_BREAK
DON,N/A,false,true,false,true,true,,,0,0,T1-B0-S1-I1,INVALID_HEADER,0,0,0,false,false,,TEXT_CONTENT_INTEGRITY_NOT_AUDITED_M2_02;TABLE_MEMBER_MISSING,INCOMPLETE_STRUCTURALLY_VALID_REQUIRED_WINDOWS
DOOO,Consumer Cyclical,false,true,true,true,true,2013-11-01,2023-12-15,531,529,T1-B1-S1-I1,PASS_REQUIRED_WINDOWS,0,0,0,true,false,534,TEXT_CONTENT_INTEGRITY_NOT_AUDITED_M2_02,NOT_SELECTED_BY_DETERMINISTIC_DIVERSITY_TIE_BREAK
DOV,Industrials,false,true,true,true,true,2000-03-31,2023-12-15,1240,1238,T1-B1-S1-I1,PASS_REQUIRED_WINDOWS,0,0,0,true,false,2271,TEXT_CONTENT_INTEGRITY_NOT_AUDITED_M2_02,NOT_SELECTED_BY_DETERMINISTIC_DIVERSITY_TIE_BREAK
DOW,Basic Materials,false,true,true,true,true,2019-06-14,2023-12-15,238,236,T1-B1-S1-I1,PASS_REQUIRED_WINDOWS,0,0,0,true,false,1571,TEXT_CONTENT_INTEGRITY_NOT_AUDITED_M2_02,NOT_SELECTED_BY_DETERMINISTIC_DIVERSITY_TIE_BREAK
DOX,Technology,false,true,true,true,true,2000-03-31,2023-12-15,1240,1238,T1-B1-S1-I1,PASS_REQUIRED_WINDOWS,0,0,0,true,false,2547,TEXT_CONTENT_INTEGRITY_NOT_AUDITED_M2_02,NOT_SELECTED_BY_DETERMINISTIC_DIVERSITY_TIE_BREAK
DOYU,Communication Services,false,true,true,true,true,2019-10-11,2023-12-15,221,219,T1-B1-S1-I1,PASS_REQUIRED_WINDOWS,0,0,0,true,false,2458,TEXT_CONTENT_INTEGRITY_NOT_AUDITED_M2_02,NOT_SELECTED_BY_DETERMINISTIC_DIVERSITY_TIE_BREAK
DPG,Financial Services,false,true,false,true,true,2011-10-28,2023-12-15,636,634,T1-B0-S1-I1,PASS_REQUIRED_WINDOWS,0,0,0,true,false,2603,TEXT_CONTENT_INTEGRITY_NOT_AUDITED_M2_02;TABLE_MEMBER_MISSING,NOT_SELECTED_BY_DETERMINISTIC_DIVERSITY_TIE_BREAK
DPST,N/A,false,true,false,true,true,,,0,0,T1-B0-S1-I1,INVALID_HEADER,0,0,0,false,false,,TEXT_CONTENT_INTEGRITY_NOT_AUDITED_M2_02;TABLE_MEMBER_MISSING,INCOMPLETE_STRUCTURALLY_VALID_REQUIRED_WINDOWS
DPZ,Consumer Cyclical,false,true,true,true,true,2004-10-08,2023-12-15,1004,1002,T1-B1-S1-I1,PASS_REQUIRED_WINDOWS,0,0,0,true,false,1167,TEXT_CONTENT_INTEGRITY_NOT_AUDITED_M2_02,NOT_SELECTED_BY_DETERMINISTIC_DIVERSITY_TIE_BREAK
DQ,Technology,false,true,true,true,true,2011-01-07,2023-12-15,678,676,T1-B1-S1-I1,PASS_REQUIRED_WINDOWS,0,0,0,true,false,1322,TEXT_CONTENT_INTEGRITY_NOT_AUDITED_M2_02,NOT_SELECTED_BY_DETERMINISTIC_DIVERSITY_TIE_BREAK
DRH,Real Estate,false,true,true,true,true,2005-08-26,2023-12-15,958,956,T1-B1-S1-I1,PASS_REQUIRED_WINDOWS,0,0,0,true,false,860,TEXT_CONTENT_INTEGRITY_NOT_AUDITED_M2_02,NOT_SELECTED_BY_DETERMINISTIC_DIVERSITY_TIE_BREAK
DRI,Consumer Cyclical,false,true,true,true,true,2000-03-31,2023-12-15,1240,1238,T1-B1-S1-I1,PASS_REQUIRED_WINDOWS,0,0,0,true,false,2747,TEXT_CONTENT_INTEGRITY_NOT_AUDITED_M2_02,NOT_SELECTED_BY_DETERMINISTIC_DIVERSITY_TIE_BREAK
DRIO,Healthcare,false,true,true,true,true,2016-06-10,2023-12-15,395,393,T1-B1-S1-I1,PASS_REQUIRED_WINDOWS,0,0,0,true,false,2501,TEXT_CONTENT_INTEGRITY_NOT_AUDITED_M2_02,NOT_SELECTED_BY_DETERMINISTIC_DIVERSITY_TIE_BREAK
DRIP,N/A,false,true,false,true,true,,,0,0,T1-B0-S1-I1,INVALID_HEADER,0,0,0,false,false,,TEXT_CONTENT_INTEGRITY_NOT_AUDITED_M2_02;TABLE_MEMBER_MISSING,INCOMPLETE_STRUCTURALLY_VALID_REQUIRED_WINDOWS
DRIV,N/A,false,true,false,true,true,,,0,0,T1-B0-S1-I1,INVALID_HEADER,0,0,0,false,false,,TEXT_CONTENT_INTEGRITY_NOT_AUDITED_M2_02;TABLE_MEMBER_MISSING,INCOMPLETE_STRUCTURALLY_VALID_REQUIRED_WINDOWS
DRN,N/A,false,true,false,true,true,,,0,0,T1-B0-S1-I1,INVALID_HEADER,0,0,0,false,false,,TEXT_CONTENT_INTEGRITY_NOT_AUDITED_M2_02;TABLE_MEMBER_MISSING,INCOMPLETE_STRUCTURALLY_VALID_REQUIRED_WINDOWS
DRRX,Healthcare,false,true,true,true,true,2000-12-22,2023-12-15,1202,1200,T1-B1-S1-I1,PASS_REQUIRED_WINDOWS,0,0,0,true,false,689,TEXT_CONTENT_INTEGRITY_NOT_AUDITED_M2_02,NOT_SELECTED_BY_DETERMINISTIC_DIVERSITY_TIE_BREAK
DRV,N/A,false,true,false,true,true,,,0,0,T1-B0-S1-I1,INVALID_HEADER,0,0,0,false,false,,TEXT_CONTENT_INTEGRITY_NOT_AUDITED_M2_02;TABLE_MEMBER_MISSING,INCOMPLETE_STRUCTURALLY_VALID_REQUIRED_WINDOWS
DSGX,Technology,false,true,false,true,true,2000-03-31,2023-12-15,1240,1238,T1-B0-S1-I1,PASS_REQUIRED_WINDOWS,0,0,0,true,false,446,TEXT_CONTENT_INTEGRITY_NOT_AUDITED_M2_02;TABLE_MEMBER_MISSING,NOT_SELECTED_BY_DETERMINISTIC_DIVERSITY_TIE_BREAK
DSI,N/A,false,true,false,true,true,,,0,0,T1-B0-S1-I1,INVALID_HEADER,0,0,0,false,false,,TEXT_CONTENT_INTEGRITY_NOT_AUDITED_M2_02;TABLE_MEMBER_MISSING,INCOMPLETE_STRUCTURALLY_VALID_REQUIRED_WINDOWS
DSL,Financial Services,false,true,false,true,true,2013-07-26,2023-12-15,545,543,T1-B0-S1-I1,PASS_REQUIRED_WINDOWS,0,0,0,true,false,499,TEXT_CONTENT_INTEGRITY_NOT_AUDITED_M2_02;TABLE_MEMBER_MISSING,NOT_SELECTED_BY_DETERMINISTIC_DIVERSITY_TIE_BREAK
DSS,Consumer Cyclical,false,true,true,true,true,2000-03-31,2023-12-15,1240,1238,T1-B1-S1-I1,PASS_REQUIRED_WINDOWS,0,0,0,true,false,1743,TEXT_CONTENT_INTEGRITY_NOT_AUDITED_M2_02,NOT_SELECTED_BY_DETERMINISTIC_DIVERSITY_TIE_BREAK
DSU,Financial Services,false,true,false,true,true,2000-03-31,2023-12-15,1240,1238,T1-B0-S1-I1,PASS_REQUIRED_WINDOWS,0,0,0,true,false,382,TEXT_CONTENT_INTEGRITY_NOT_AUDITED_M2_02;TABLE_MEMBER_MISSING,NOT_SELECTED_BY_DETERMINISTIC_DIVERSITY_TIE_BREAK
DSWL,Technology,false,true,true,true,true,2000-03-31,2023-12-15,1240,1238,T1-B1-S1-I1,PASS_REQUIRED_WINDOWS,0,0,0,true,false,1763,TEXT_CONTENT_INTEGRITY_NOT_AUDITED_M2_02,NOT_SELECTED_BY_DETERMINISTIC_DIVERSITY_TIE_BREAK
DSX,Industrials,false,true,true,true,true,2005-06-17,2023-12-15,968,966,T1-B1-S1-I1,PASS_REQUIRED_WINDOWS,0,0,0,true,false,159,TEXT_CONTENT_INTEGRITY_NOT_AUDITED_M2_02,NOT_SELECTED_BY_DETERMINISTIC_DIVERSITY_TIE_BREAK
DT,Technology,false,true,true,true,true,2019-10-25,2023-12-15,219,217,T1-B1-S1-I1,PASS_REQUIRED_WINDOWS,0,0,0,true,false,509,TEXT_CONTENT_INTEGRITY_NOT_AUDITED_M2_02,NOT_SELECTED_BY_DETERMINISTIC_DIVERSITY_TIE_BREAK
DTD,N/A,false,true,false,true,true,,,0,0,T1-B0-S1-I1,INVALID_HEADER,0,0,0,false,false,,TEXT_CONTENT_INTEGRITY_NOT_AUDITED_M2_02;TABLE_MEMBER_MISSING,INCOMPLETE_STRUCTURALLY_VALID_REQUIRED_WINDOWS
DTE,Utilities,false,true,true,true,true,2000-03-31,2023-12-15,1240,1238,T1-B1-S1-I1,PASS_REQUIRED_WINDOWS,0,0,0,true,false,2073,TEXT_CONTENT_INTEGRITY_NOT_AUDITED_M2_02,NOT_SELECTED_BY_DETERMINISTIC_DIVERSITY_TIE_BREAK
DTEC,N/A,false,true,false,true,true,,,0,0,T1-B0-S1-I1,INVALID_HEADER,0,0,0,false,false,,TEXT_CONTENT_INTEGRITY_NOT_AUDITED_M2_02;TABLE_MEMBER_MISSING,INCOMPLETE_STRUCTURALLY_VALID_REQUIRED_WINDOWS
DTH,N/A,false,true,false,true,true,,,0,0,T1-B0-S1-I1,INVALID_HEADER,0,0,0,false,false,,TEXT_CONTENT_INTEGRITY_NOT_AUDITED_M2_02;TABLE_MEMBER_MISSING,INCOMPLETE_STRUCTURALLY_VALID_REQUIRED_WINDOWS
DTIL,Healthcare,false,true,true,true,true,2019-06-28,2023-12-15,236,234,T1-B1-S1-I1,PASS_REQUIRED_WINDOWS,0,0,0,true,false,1478,TEXT_CONTENT_INTEGRITY_NOT_AUDITED_M2_02,NOT_SELECTED_BY_DETERMINISTIC_DIVERSITY_TIE_BREAK
DTSS,Technology,false,true,true,true,true,2018-06-01,2023-12-15,292,290,T1-B1-S1-I1,PASS_REQUIRED_WINDOWS,0,0,0,true,false,419,TEXT_CONTENT_INTEGRITY_NOT_AUDITED_M2_02,NOT_SELECTED_BY_DETERMINISTIC_DIVERSITY_TIE_BREAK
DUG,N/A,false,true,false,true,true,,,0,0,T1-B0-S1-I1,INVALID_HEADER,0,0,0,false,false,,TEXT_CONTENT_INTEGRITY_NOT_AUDITED_M2_02;TABLE_MEMBER_MISSING,INCOMPLETE_STRUCTURALLY_VALID_REQUIRED_WINDOWS
DUK,Utilities,false,true,true,true,true,2000-03-31,2023-12-15,1240,1238,T1-B1-S1-I1,PASS_REQUIRED_WINDOWS,0,0,0,true,false,1888,TEXT_CONTENT_INTEGRITY_NOT_AUDITED_M2_02,NOT_SELECTED_BY_DETERMINISTIC_DIVERSITY_TIE_BREAK
DURA,N/A,false,true,false,true,true,,,0,0,T1-B0-S1-I1,INVALID_HEADER,0,0,0,false,false,,TEXT_CONTENT_INTEGRITY_NOT_AUDITED_M2_02;TABLE_MEMBER_MISSING,INCOMPLETE_STRUCTURALLY_VALID_REQUIRED_WINDOWS
DUSL,N/A,false,true,false,true,true,,,0,0,T1-B0-S1-I1,INVALID_HEADER,0,0,0,false,false,,TEXT_CONTENT_INTEGRITY_NOT_AUDITED_M2_02;TABLE_MEMBER_MISSING,INCOMPLETE_STRUCTURALLY_VALID_REQUIRED_WINDOWS
DUST,N/A,false,true,false,true,true,,,0,0,T1-B0-S1-I1,INVALID_HEADER,0,0,0,false,false,,TEXT_CONTENT_INTEGRITY_NOT_AUDITED_M2_02;TABLE_MEMBER_MISSING,INCOMPLETE_STRUCTURALLY_VALID_REQUIRED_WINDOWS
DVA,Healthcare,false,true,true,true,true,2000-03-31,2023-12-15,1240,1238,T1-B1-S1-I1,PASS_REQUIRED_WINDOWS,0,0,0,true,false,1864,TEXT_CONTENT_INTEGRITY_NOT_AUDITED_M2_02,NOT_SELECTED_BY_DETERMINISTIC_DIVERSITY_TIE_BREAK
DVAX,Healthcare,false,true,true,true,true,2004-05-14,2023-12-15,1025,1023,T1-B1-S1-I1,PASS_REQUIRED_WINDOWS,0,0,0,true,false,73,TEXT_CONTENT_INTEGRITY_NOT_AUDITED_M2_02,NOT_SELECTED_BY_DETERMINISTIC_DIVERSITY_TIE_BREAK
DVLU,N/A,false,true,false,true,true,,,0,0,T1-B0-S1-I1,INVALID_HEADER,0,0,0,false,false,,TEXT_CONTENT_INTEGRITY_NOT_AUDITED_M2_02;TABLE_MEMBER_MISSING,INCOMPLETE_STRUCTURALLY_VALID_REQUIRED_WINDOWS
DVN,Energy,false,true,true,true,true,2000-03-31,2023-12-15,1240,1238,T1-B1-S1-I1,PASS_REQUIRED_WINDOWS,0,0,0,true,false,1789,TEXT_CONTENT_INTEGRITY_NOT_AUDITED_M2_02,NOT_SELECTED_BY_DETERMINISTIC_DIVERSITY_TIE_BREAK
DVOL,N/A,false,true,false,true,true,,,0,0,T1-B0-S1-I1,INVALID_HEADER,0,0,0,false,false,,TEXT_CONTENT_INTEGRITY_NOT_AUDITED_M2_02;TABLE_MEMBER_MISSING,INCOMPLETE_STRUCTURALLY_VALID_REQUIRED_WINDOWS
DVY,N/A,false,true,false,true,true,,,0,0,T1-B0-S1-I1,INVALID_HEADER,0,0,0,false,false,,TEXT_CONTENT_INTEGRITY_NOT_AUDITED_M2_02;TABLE_MEMBER_MISSING,INCOMPLETE_STRUCTURALLY_VALID_REQUIRED_WINDOWS
DVYA,N/A,false,true,false,true,true,,,0,0,T1-B0-S1-I1,INVALID_HEADER,0,0,0,false,false,,TEXT_CONTENT_INTEGRITY_NOT_AUDITED_M2_02;TABLE_MEMBER_MISSING,INCOMPLETE_STRUCTURALLY_VALID_REQUIRED_WINDOWS
DVYE,N/A,false,true,false,true,true,,,0,0,T1-B0-S1-I1,INVALID_HEADER,0,0,0,false,false,,TEXT_CONTENT_INTEGRITY_NOT_AUDITED_M2_02;TABLE_MEMBER_MISSING,INCOMPLETE_STRUCTURALLY_VALID_REQUIRED_WINDOWS
DWAS,N/A,false,true,false,true,true,,,0,0,T1-B0-S1-I1,INVALID_HEADER,0,0,0,false,false,,TEXT_CONTENT_INTEGRITY_NOT_AUDITED_M2_02;TABLE_MEMBER_MISSING,INCOMPLETE_STRUCTURALLY_VALID_REQUIRED_WINDOWS
DWSH,N/A,false,true,false,true,true,,,0,0,T1-B0-S1-I1,INVALID_HEADER,0,0,0,false,false,,TEXT_CONTENT_INTEGRITY_NOT_AUDITED_M2_02;TABLE_MEMBER_MISSING,INCOMPLETE_STRUCTURALLY_VALID_REQUIRED_WINDOWS
DWSN,Energy,false,true,true,true,true,2000-03-31,2023-12-15,1240,1238,T1-B1-S1-I1,PASS_REQUIRED_WINDOWS,0,0,0,true,false,2294,TEXT_CONTENT_INTEGRITY_NOT_AUDITED_M2_02,NOT_SELECTED_BY_DETERMINISTIC_DIVERSITY_TIE_BREAK
DWX,N/A,false,true,false,true,true,,,0,0,T1-B0-S1-I1,INVALID_HEADER,0,0,0,false,false,,TEXT_CONTENT_INTEGRITY_NOT_AUDITED_M2_02;TABLE_MEMBER_MISSING,INCOMPLETE_STRUCTURALLY_VALID_REQUIRED_WINDOWS
DX,Real Estate,false,true,true,true,true,2000-03-31,2023-12-15,1240,1238,T1-B1-S1-I1,PASS_REQUIRED_WINDOWS,0,0,0,true,false,1377,TEXT_CONTENT_INTEGRITY_NOT_AUDITED_M2_02,NOT_SELECTED_BY_DETERMINISTIC_DIVERSITY_TIE_BREAK
DXC,Technology,false,true,true,true,true,2000-03-31,2023-12-15,1240,1238,T1-B1-S1-I1,PASS_REQUIRED_WINDOWS,0,0,0,true,false,771,TEXT_CONTENT_INTEGRITY_NOT_AUDITED_M2_02,NOT_SELECTED_BY_DETERMINISTIC_DIVERSITY_TIE_BREAK
DXCM,Healthcare,false,true,true,true,true,2005-07-15,2023-12-15,964,962,T1-B1-S1-I1,PASS_REQUIRED_WINDOWS,0,0,0,true,false,1267,TEXT_CONTENT_INTEGRITY_NOT_AUDITED_M2_02,NOT_SELECTED_BY_DETERMINISTIC_DIVERSITY_TIE_BREAK
DXD,N/A,false,true,false,true,true,,,0,0,T1-B0-S1-I1,INVALID_HEADER,0,0,0,false,false,,TEXT_CONTENT_INTEGRITY_NOT_AUDITED_M2_02;TABLE_MEMBER_MISSING,INCOMPLETE_STRUCTURALLY_VALID_REQUIRED_WINDOWS
DXJ,N/A,false,true,false,true,true,,,0,0,T1-B0-S1-I1,INVALID_HEADER,0,0,0,false,false,,TEXT_CONTENT_INTEGRITY_NOT_AUDITED_M2_02;TABLE_MEMBER_MISSING,INCOMPLETE_STRUCTURALLY_VALID_REQUIRED_WINDOWS
DXJS,N/A,false,true,false,true,true,,,0,0,T1-B0-S1-I1,INVALID_HEADER,0,0,0,false,false,,TEXT_CONTENT_INTEGRITY_NOT_AUDITED_M2_02;TABLE_MEMBER_MISSING,INCOMPLETE_STRUCTURALLY_VALID_REQUIRED_WINDOWS
DXLG,Consumer Cyclical,false,true,true,true,true,2000-03-31,2023-12-15,1240,1238,T1-B1-S1-I1,PASS_REQUIRED_WINDOWS,0,0,0,true,false,2251,TEXT_CONTENT_INTEGRITY_NOT_AUDITED_M2_02,NOT_SELECTED_BY_DETERMINISTIC_DIVERSITY_TIE_BREAK
DXPE,Industrials,false,true,true,true,true,2000-03-31,2023-12-15,1240,1238,T1-B1-S1-I1,PASS_REQUIRED_WINDOWS,0,0,0,true,false,2725,TEXT_CONTENT_INTEGRITY_NOT_AUDITED_M2_02,NOT_SELECTED_BY_DETERMINISTIC_DIVERSITY_TIE_BREAK
DXYN,Consumer Cyclical,false,true,true,true,true,2000-03-31,2023-12-15,1240,1238,T1-B1-S1-I1,PASS_REQUIRED_WINDOWS,0,0,0,true,false,409,TEXT_CONTENT_INTEGRITY_NOT_AUDITED_M2_02,NOT_SELECTED_BY_DETERMINISTIC_DIVERSITY_TIE_BREAK
DY,Industrials,false,true,true,true,true,2000-03-31,2023-12-15,1240,1238,T1-B1-S1-I1,PASS_REQUIRED_WINDOWS,0,0,0,true,false,1697,TEXT_CONTENT_INTEGRITY_NOT_AUDITED_M2_02,NOT_SELECTED_BY_DETERMINISTIC_DIVERSITY_TIE_BREAK
DYNF,N/A,false,true,false,true,true,,,0,0,T1-B0-S1-I1,INVALID_HEADER,0,0,0,false,false,,TEXT_CONTENT_INTEGRITY_NOT_AUDITED_M2_02;TABLE_MEMBER_MISSING,INCOMPLETE_STRUCTURALLY_VALID_REQUIRED_WINDOWS
DZSI,Technology,false,true,false,true,true,2004-02-13,2023-12-15,1011,1009,T1-B0-S1-I1,PASS_REQUIRED_WINDOWS,2,0,0,true,false,2826,TEXT_CONTENT_INTEGRITY_NOT_AUDITED_M2_02;TABLE_MEMBER_MISSING,NOT_SELECTED_BY_DETERMINISTIC_DIVERSITY_TIE_BREAK
DZZ,N/A,false,true,true,true,true,,,0,0,T1-B1-S1-I1,INVALID_HEADER,0,0,0,false,false,,TEXT_CONTENT_INTEGRITY_NOT_AUDITED_M2_02,INCOMPLETE_STRUCTURALLY_VALID_REQUIRED_WINDOWS
E,Energy,false,true,false,true,true,2000-03-31,2023-12-15,1240,1238,T1-B0-S1-I1,PASS_REQUIRED_WINDOWS,0,0,0,true,false,2175,TEXT_CONTENT_INTEGRITY_NOT_AUDITED_M2_02;TABLE_MEMBER_MISSING,NOT_SELECTED_BY_DETERMINISTIC_DIVERSITY_TIE_BREAK
EA,Communication Services,false,true,true,true,true,2000-03-31,2023-12-15,1240,1238,T1-B1-S1-I1,PASS_REQUIRED_WINDOWS,0,0,0,true,false,828,TEXT_CONTENT_INTEGRITY_NOT_AUDITED_M2_02,NOT_SELECTED_BY_DETERMINISTIC_DIVERSITY_TIE_BREAK
EAD,Financial Services,false,true,false,true,true,2003-05-23,2023-12-15,1076,1074,T1-B0-S1-I1,PASS_REQUIRED_WINDOWS,0,0,0,true,false,439,TEXT_CONTENT_INTEGRITY_NOT_AUDITED_M2_02;TABLE_MEMBER_MISSING,NOT_SELECTED_BY_DETERMINISTIC_DIVERSITY_TIE_BREAK
EAF,Industrials,false,true,true,true,true,2018-07-20,2023-12-15,285,283,T1-B1-S1-I1,PASS_REQUIRED_WINDOWS,0,0,0,true,false,555,TEXT_CONTENT_INTEGRITY_NOT_AUDITED_M2_02,NOT_SELECTED_BY_DETERMINISTIC_DIVERSITY_TIE_BREAK
EAGG,N/A,false,true,false,true,true,,,0,0,T1-B0-S1-I1,INVALID_HEADER,0,0,0,false,false,,TEXT_CONTENT_INTEGRITY_NOT_AUDITED_M2_02;TABLE_MEMBER_MISSING,INCOMPLETE_STRUCTURALLY_VALID_REQUIRED_WINDOWS
EAI,N/A,false,true,false,true,true,2012-02-17,2016-12-30,123,123,T1-B0-S1-I1,INCOMPLETE_REQUIRED_WINDOWS,0,0,0,false,false,,TEXT_CONTENT_INTEGRITY_NOT_AUDITED_M2_02;TABLE_MEMBER_MISSING,INCOMPLETE_STRUCTURALLY_VALID_REQUIRED_WINDOWS
EAOA,N/A,false,true,false,true,true,,,0,0,T1-B0-S1-I1,INVALID_HEADER,0,0,0,false,false,,TEXT_CONTENT_INTEGRITY_NOT_AUDITED_M2_02;TABLE_MEMBER_MISSING,INCOMPLETE_STRUCTURALLY_VALID_REQUIRED_WINDOWS
EAOK,N/A,false,true,false,true,true,,,0,0,T1-B0-S1-I1,INVALID_HEADER,0,0,0,false,false,,TEXT_CONTENT_INTEGRITY_NOT_AUDITED_M2_02;TABLE_MEMBER_MISSING,INCOMPLETE_STRUCTURALLY_VALID_REQUIRED_WINDOWS
EAOM,N/A,false,true,false,true,true,,,0,0,T1-B0-S1-I1,INVALID_HEADER,0,0,0,false,false,,TEXT_CONTENT_INTEGRITY_NOT_AUDITED_M2_02;TABLE_MEMBER_MISSING,INCOMPLETE_STRUCTURALLY_VALID_REQUIRED_WINDOWS
EAOR,N/A,false,true,false,true,true,,,0,0,T1-B0-S1-I1,INVALID_HEADER,0,0,0,false,false,,TEXT_CONTENT_INTEGRITY_NOT_AUDITED_M2_02;TABLE_MEMBER_MISSING,INCOMPLETE_STRUCTURALLY_VALID_REQUIRED_WINDOWS
EARN,Financial Services,false,true,true,true,true,2013-07-26,2023-12-15,545,543,T1-B1-S1-I1,PASS_REQUIRED_WINDOWS,0,0,0,true,false,2278,TEXT_CONTENT_INTEGRITY_NOT_AUDITED_M2_02,NOT_SELECTED_BY_DETERMINISTIC_DIVERSITY_TIE_BREAK
EASG,N/A,false,true,false,true,true,,,0,0,T1-B0-S1-I1,INVALID_HEADER,0,0,0,false,false,,TEXT_CONTENT_INTEGRITY_NOT_AUDITED_M2_02;TABLE_MEMBER_MISSING,INCOMPLETE_STRUCTURALLY_VALID_REQUIRED_WINDOWS
EAT,Consumer Cyclical,false,true,true,true,true,2000-03-31,2023-12-15,1240,1238,T1-B1-S1-I1,PASS_REQUIRED_WINDOWS,0,0,0,true,false,2868,TEXT_CONTENT_INTEGRITY_NOT_AUDITED_M2_02,NOT_SELECTED_BY_DETERMINISTIC_DIVERSITY_TIE_BREAK
EB,Communication Services,false,true,true,true,true,2018-12-21,2023-12-15,263,261,T1-B1-S1-I1,PASS_REQUIRED_WINDOWS,0,0,0,true,false,2019,TEXT_CONTENT_INTEGRITY_NOT_AUDITED_M2_02,NOT_SELECTED_BY_DETERMINISTIC_DIVERSITY_TIE_BREAK
EBAY,Consumer Cyclical,false,true,true,true,true,2000-03-31,2023-12-15,1240,1238,T1-B1-S1-I1,PASS_REQUIRED_WINDOWS,0,0,0,true,false,2776,TEXT_CONTENT_INTEGRITY_NOT_AUDITED_M2_02,NOT_SELECTED_BY_DETERMINISTIC_DIVERSITY_TIE_BREAK
EBF,Industrials,false,true,true,true,true,2000-03-31,2023-12-15,1240,1238,T1-B1-S1-I1,PASS_REQUIRED_WINDOWS,0,0,0,true,false,1958,TEXT_CONTENT_INTEGRITY_NOT_AUDITED_M2_02,NOT_SELECTED_BY_DETERMINISTIC_DIVERSITY_TIE_BREAK
EBIZ,N/A,false,true,false,true,true,,,0,0,T1-B0-S1-I1,INVALID_HEADER,0,0,0,false,false,,TEXT_CONTENT_INTEGRITY_NOT_AUDITED_M2_02;TABLE_MEMBER_MISSING,INCOMPLETE_STRUCTURALLY_VALID_REQUIRED_WINDOWS
EBMT,Financial Services,false,true,true,true,true,2000-07-07,2023-12-15,1226,1224,T1-B1-S1-I1,PASS_REQUIRED_WINDOWS,0,0,0,true,false,2085,TEXT_CONTENT_INTEGRITY_NOT_AUDITED_M2_02,NOT_SELECTED_BY_DETERMINISTIC_DIVERSITY_TIE_BREAK
EBND,N/A,false,true,false,true,true,,,0,0,T1-B0-S1-I1,INVALID_HEADER,0,0,0,false,false,,TEXT_CONTENT_INTEGRITY_NOT_AUDITED_M2_02;TABLE_MEMBER_MISSING,INCOMPLETE_STRUCTURALLY_VALID_REQUIRED_WINDOWS
EBON,Technology,false,true,true,true,true,2020-09-25,2023-12-15,171,169,T1-B1-S1-I1,PASS_REQUIRED_WINDOWS,0,0,0,true,false,535,TEXT_CONTENT_INTEGRITY_NOT_AUDITED_M2_02,NOT_SELECTED_BY_DETERMINISTIC_DIVERSITY_TIE_BREAK
EBR,Utilities,false,true,true,true,true,2009-02-20,2023-12-15,776,774,T1-B1-S1-I1,PASS_REQUIRED_WINDOWS,0,0,0,true,false,490,TEXT_CONTENT_INTEGRITY_NOT_AUDITED_M2_02,NOT_SELECTED_BY_DETERMINISTIC_DIVERSITY_TIE_BREAK
EBR-B,Utilities,false,true,true,true,true,2000-03-31,2023-12-15,1212,1210,T1-B1-S1-I1,INCOMPLETE_REQUIRED_WINDOWS,2,0,0,false,false,,TEXT_CONTENT_INTEGRITY_NOT_AUDITED_M2_02,INCOMPLETE_STRUCTURALLY_VALID_REQUIRED_WINDOWS
EBS,Healthcare,false,true,true,true,true,2007-02-16,2023-12-15,881,879,T1-B1-S1-I1,PASS_REQUIRED_WINDOWS,0,0,0,true,false,2784,TEXT_CONTENT_INTEGRITY_NOT_AUDITED_M2_02,NOT_SELECTED_BY_DETERMINISTIC_DIVERSITY_TIE_BREAK
EBTC,Financial Services,false,true,true,true,true,2005-05-13,2023-12-15,973,971,T1-B1-S1-I1,PASS_REQUIRED_WINDOWS,0,0,0,true,false,1335,TEXT_CONTENT_INTEGRITY_NOT_AUDITED_M2_02,NOT_SELECTED_BY_DETERMINISTIC_DIVERSITY_TIE_BREAK
ECC,Financial Services,false,true,false,true,true,2015-01-09,2023-12-15,469,467,T1-B0-S1-I1,PASS_REQUIRED_WINDOWS,0,0,0,true,false,1160,TEXT_CONTENT_INTEGRITY_NOT_AUDITED_M2_02;TABLE_MEMBER_MISSING,NOT_SELECTED_BY_DETERMINISTIC_DIVERSITY_TIE_BREAK
ECCX,N/A,false,true,false,true,true,2022-05-13,2023-12-15,86,84,T1-B0-S1-I1,PASS_REQUIRED_WINDOWS,0,0,0,true,false,1722,TEXT_CONTENT_INTEGRITY_NOT_AUDITED_M2_02;TABLE_MEMBER_MISSING,NOT_SELECTED_BY_DETERMINISTIC_DIVERSITY_TIE_BREAK
ECF,Financial Services,false,true,false,true,true,2000-03-31,2023-12-15,1240,1238,T1-B0-S1-I1,PASS_REQUIRED_WINDOWS,0,0,0,true,false,1117,TEXT_CONTENT_INTEGRITY_NOT_AUDITED_M2_02;TABLE_MEMBER_MISSING,NOT_SELECTED_BY_DETERMINISTIC_DIVERSITY_TIE_BREAK
ECH,N/A,false,true,false,true,true,,,0,0,T1-B0-S1-I1,INVALID_HEADER,0,0,0,false,false,,TEXT_CONTENT_INTEGRITY_NOT_AUDITED_M2_02;TABLE_MEMBER_MISSING,INCOMPLETE_STRUCTURALLY_VALID_REQUIRED_WINDOWS
ECL,Basic Materials,false,true,true,true,true,2000-03-31,2023-12-15,1240,1238,T1-B1-S1-I1,PASS_REQUIRED_WINDOWS,0,0,0,true,false,2720,TEXT_CONTENT_INTEGRITY_NOT_AUDITED_M2_02,NOT_SELECTED_BY_DETERMINISTIC_DIVERSITY_TIE_BREAK
ECNS,N/A,false,true,false,true,true,,,0,0,T1-B0-S1-I1,INVALID_HEADER,0,0,0,false,false,,TEXT_CONTENT_INTEGRITY_NOT_AUDITED_M2_02;TABLE_MEMBER_MISSING,INCOMPLETE_STRUCTURALLY_VALID_REQUIRED_WINDOWS
ECPG,Financial Services,false,true,true,true,true,2000-03-31,2023-12-15,1240,1238,T1-B1-S1-I1,PASS_REQUIRED_WINDOWS,0,0,0,true,false,2916,TEXT_CONTENT_INTEGRITY_NOT_AUDITED_M2_02,NOT_SELECTED_BY_DETERMINISTIC_DIVERSITY_TIE_BREAK
ED,Utilities,false,true,true,true,true,2000-03-31,2023-12-15,1240,1238,T1-B1-S1-I1,PASS_REQUIRED_WINDOWS,0,0,0,true,false,1976,TEXT_CONTENT_INTEGRITY_NOT_AUDITED_M2_02,NOT_SELECTED_BY_DETERMINISTIC_DIVERSITY_TIE_BREAK
EDAP,Healthcare,false,true,true,true,true,2000-03-31,2023-12-15,1240,1238,T1-B1-S1-I1,PASS_REQUIRED_WINDOWS,0,0,0,true,false,1735,TEXT_CONTENT_INTEGRITY_NOT_AUDITED_M2_02,NOT_SELECTED_BY_DETERMINISTIC_DIVERSITY_TIE_BREAK
EDC,N/A,false,true,false,true,true,,,0,0,T1-B0-S1-I1,INVALID_HEADER,0,0,0,false,false,,TEXT_CONTENT_INTEGRITY_NOT_AUDITED_M2_02;TABLE_MEMBER_MISSING,INCOMPLETE_STRUCTURALLY_VALID_REQUIRED_WINDOWS
EDD,Financial Services,false,true,false,true,true,2007-07-20,2023-12-15,859,857,T1-B0-S1-I1,PASS_REQUIRED_WINDOWS,0,0,0,true,false,2793,TEXT_CONTENT_INTEGRITY_NOT_AUDITED_M2_02;TABLE_MEMBER_MISSING,NOT_SELECTED_BY_DETERMINISTIC_DIVERSITY_TIE_BREAK
EDF,Financial Services,false,true,false,true,true,2011-03-25,2023-12-15,667,665,T1-B0-S1-I1,PASS_REQUIRED_WINDOWS,0,0,0,true,false,269,TEXT_CONTENT_INTEGRITY_NOT_AUDITED_M2_02;TABLE_MEMBER_MISSING,NOT_SELECTED_BY_DETERMINISTIC_DIVERSITY_TIE_BREAK
EDIT,Healthcare,false,true,true,true,true,2016-04-29,2023-12-15,401,399,T1-B1-S1-I1,PASS_REQUIRED_WINDOWS,0,0,0,true,false,226,TEXT_CONTENT_INTEGRITY_NOT_AUDITED_M2_02,NOT_SELECTED_BY_DETERMINISTIC_DIVERSITY_TIE_BREAK
EDIV,N/A,false,true,false,true,true,,,0,0,T1-B0-S1-I1,INVALID_HEADER,0,0,0,false,false,,TEXT_CONTENT_INTEGRITY_NOT_AUDITED_M2_02;TABLE_MEMBER_MISSING,INCOMPLETE_STRUCTURALLY_VALID_REQUIRED_WINDOWS
EDN,Utilities,false,true,true,true,true,2007-07-27,2023-12-15,858,856,T1-B1-S1-I1,PASS_REQUIRED_WINDOWS,0,0,0,true,false,227,TEXT_CONTENT_INTEGRITY_NOT_AUDITED_M2_02,NOT_SELECTED_BY_DETERMINISTIC_DIVERSITY_TIE_BREAK
EDOG,N/A,false,true,false,true,true,,,0,0,T1-B0-S1-I1,INVALID_HEADER,0,0,0,false,false,,TEXT_CONTENT_INTEGRITY_NOT_AUDITED_M2_02;TABLE_MEMBER_MISSING,INCOMPLETE_STRUCTURALLY_VALID_REQUIRED_WINDOWS
EDOW,N/A,false,true,false,true,true,,,0,0,T1-B0-S1-I1,INVALID_HEADER,0,0,0,false,false,,TEXT_CONTENT_INTEGRITY_NOT_AUDITED_M2_02;TABLE_MEMBER_MISSING,INCOMPLETE_STRUCTURALLY_VALID_REQUIRED_WINDOWS
EDRY,Industrials,false,true,true,true,true,2018-08-31,2023-12-15,279,277,T1-B1-S1-I1,PASS_REQUIRED_WINDOWS,0,0,0,true,false,181,TEXT_CONTENT_INTEGRITY_NOT_AUDITED_M2_02,NOT_SELECTED_BY_DETERMINISTIC_DIVERSITY_TIE_BREAK
EDSA,Healthcare,false,true,true,true,true,2010-09-17,2023-12-15,694,692,T1-B1-S1-I1,PASS_REQUIRED_WINDOWS,0,0,0,true,false,189,TEXT_CONTENT_INTEGRITY_NOT_AUDITED_M2_02,NOT_SELECTED_BY_DETERMINISTIC_DIVERSITY_TIE_BREAK
EDU,Consumer Defensive,false,true,true,true,true,2006-12-15,2023-12-15,890,888,T1-B1-S1-I1,PASS_REQUIRED_WINDOWS,0,0,0,true,false,213,TEXT_CONTENT_INTEGRITY_NOT_AUDITED_M2_02,NOT_SELECTED_BY_DETERMINISTIC_DIVERSITY_TIE_BREAK
EDUC,Communication Services,false,true,true,true,true,2000-03-31,2023-12-15,1240,1238,T1-B1-S1-I1,PASS_REQUIRED_WINDOWS,0,0,0,true,false,2110,TEXT_CONTENT_INTEGRITY_NOT_AUDITED_M2_02,NOT_SELECTED_BY_DETERMINISTIC_DIVERSITY_TIE_BREAK
EDV,N/A,false,true,false,true,true,,,0,0,T1-B0-S1-I1,INVALID_HEADER,0,0,0,false,false,,TEXT_CONTENT_INTEGRITY_NOT_AUDITED_M2_02;TABLE_MEMBER_MISSING,INCOMPLETE_STRUCTURALLY_VALID_REQUIRED_WINDOWS
EDZ,N/A,false,true,false,true,true,,,0,0,T1-B0-S1-I1,INVALID_HEADER,0,0,0,false,false,,TEXT_CONTENT_INTEGRITY_NOT_AUDITED_M2_02;TABLE_MEMBER_MISSING,INCOMPLETE_STRUCTURALLY_VALID_REQUIRED_WINDOWS
EE,Energy,false,true,true,true,true,2022-07-15,2023-12-15,77,75,T1-B1-S1-I1,PASS_REQUIRED_WINDOWS,0,0,0,true,false,2159,TEXT_CONTENT_INTEGRITY_NOT_AUDITED_M2_02,NOT_SELECTED_BY_DETERMINISTIC_DIVERSITY_TIE_BREAK
EEA,Financial Services,false,true,false,true,true,2000-03-31,2023-12-15,1240,1238,T1-B0-S1-I1,PASS_REQUIRED_WINDOWS,0,0,0,true,false,1461,TEXT_CONTENT_INTEGRITY_NOT_AUDITED_M2_02;TABLE_MEMBER_MISSING,NOT_SELECTED_BY_DETERMINISTIC_DIVERSITY_TIE_BREAK
EEFT,Technology,false,true,true,true,true,2000-03-31,2023-12-15,1240,1238,T1-B1-S1-I1,PASS_REQUIRED_WINDOWS,0,0,0,true,false,1421,TEXT_CONTENT_INTEGRITY_NOT_AUDITED_M2_02,NOT_SELECTED_BY_DETERMINISTIC_DIVERSITY_TIE_BREAK
EELV,N/A,false,true,false,true,true,,,0,0,T1-B0-S1-I1,INVALID_HEADER,0,0,0,false,false,,TEXT_CONTENT_INTEGRITY_NOT_AUDITED_M2_02;TABLE_MEMBER_MISSING,INCOMPLETE_STRUCTURALLY_VALID_REQUIRED_WINDOWS
EEM,N/A,false,true,false,true,true,,,0,0,T1-B0-S1-I1,INVALID_HEADER,0,0,0,false,false,,TEXT_CONTENT_INTEGRITY_NOT_AUDITED_M2_02;TABLE_MEMBER_MISSING,INCOMPLETE_STRUCTURALLY_VALID_REQUIRED_WINDOWS
EEMA,N/A,false,true,false,true,true,,,0,0,T1-B0-S1-I1,INVALID_HEADER,0,0,0,false,false,,TEXT_CONTENT_INTEGRITY_NOT_AUDITED_M2_02;TABLE_MEMBER_MISSING,INCOMPLETE_STRUCTURALLY_VALID_REQUIRED_WINDOWS
EEMS,N/A,false,true,false,true,true,,,0,0,T1-B0-S1-I1,INVALID_HEADER,0,0,0,false,false,,TEXT_CONTENT_INTEGRITY_NOT_AUDITED_M2_02;TABLE_MEMBER_MISSING,INCOMPLETE_STRUCTURALLY_VALID_REQUIRED_WINDOWS
EEMV,N/A,false,true,false,true,true,,,0,0,T1-B0-S1-I1,INVALID_HEADER,0,0,0,false,false,,TEXT_CONTENT_INTEGRITY_NOT_AUDITED_M2_02;TABLE_MEMBER_MISSING,INCOMPLETE_STRUCTURALLY_VALID_REQUIRED_WINDOWS
EES,N/A,false,true,false,true,true,,,0,0,T1-B0-S1-I1,INVALID_HEADER,0,0,0,false,false,,TEXT_CONTENT_INTEGRITY_NOT_AUDITED_M2_02;TABLE_MEMBER_MISSING,INCOMPLETE_STRUCTURALLY_VALID_REQUIRED_WINDOWS
EEV,N/A,false,true,false,true,true,,,0,0,T1-B0-S1-I1,INVALID_HEADER,0,0,0,false,false,,TEXT_CONTENT_INTEGRITY_NOT_AUDITED_M2_02;TABLE_MEMBER_MISSING,INCOMPLETE_STRUCTURALLY_VALID_REQUIRED_WINDOWS
EEX,Communication Services,false,true,true,true,true,2017-07-28,2023-12-15,336,334,T1-B1-S1-I1,PASS_REQUIRED_WINDOWS,0,0,0,true,false,1273,TEXT_CONTENT_INTEGRITY_NOT_AUDITED_M2_02,NOT_SELECTED_BY_DETERMINISTIC_DIVERSITY_TIE_BREAK
EFA,N/A,false,true,false,true,true,,,0,0,T1-B0-S1-I1,INVALID_HEADER,0,0,0,false,false,,TEXT_CONTENT_INTEGRITY_NOT_AUDITED_M2_02;TABLE_MEMBER_MISSING,INCOMPLETE_STRUCTURALLY_VALID_REQUIRED_WINDOWS
EFAD,N/A,false,true,false,true,true,,,0,0,T1-B0-S1-I1,INVALID_HEADER,0,0,0,false,false,,TEXT_CONTENT_INTEGRITY_NOT_AUDITED_M2_02;TABLE_MEMBER_MISSING,INCOMPLETE_STRUCTURALLY_VALID_REQUIRED_WINDOWS
EFAV,N/A,false,true,false,true,true,,,0,0,T1-B0-S1-I1,INVALID_HEADER,0,0,0,false,false,,TEXT_CONTENT_INTEGRITY_NOT_AUDITED_M2_02;TABLE_MEMBER_MISSING,INCOMPLETE_STRUCTURALLY_VALID_REQUIRED_WINDOWS
EFC,Real Estate,false,true,true,true,true,2011-01-07,2023-12-15,678,676,T1-B1-S1-I1,PASS_REQUIRED_WINDOWS,0,0,0,true,false,1756,TEXT_CONTENT_INTEGRITY_NOT_AUDITED_M2_02,NOT_SELECTED_BY_DETERMINISTIC_DIVERSITY_TIE_BREAK
EFG,N/A,false,true,false,true,true,,,0,0,T1-B0-S1-I1,INVALID_HEADER,0,0,0,false,false,,TEXT_CONTENT_INTEGRITY_NOT_AUDITED_M2_02;TABLE_MEMBER_MISSING,INCOMPLETE_STRUCTURALLY_VALID_REQUIRED_WINDOWS
EFO,N/A,false,true,false,true,true,,,0,0,T1-B0-S1-I1,INVALID_HEADER,0,0,0,false,false,,TEXT_CONTENT_INTEGRITY_NOT_AUDITED_M2_02;TABLE_MEMBER_MISSING,INCOMPLETE_STRUCTURALLY_VALID_REQUIRED_WINDOWS
EFOI,Consumer Cyclical,false,true,true,true,true,2000-03-31,2023-12-15,1240,1238,T1-B1-S1-I1,PASS_REQUIRED_WINDOWS,0,0,0,true,false,752,TEXT_CONTENT_INTEGRITY_NOT_AUDITED_M2_02,NOT_SELECTED_BY_DETERMINISTIC_DIVERSITY_TIE_BREAK
EFR,Financial Services,false,true,false,true,true,2004-02-27,2023-12-15,1036,1034,T1-B0-S1-I1,PASS_REQUIRED_WINDOWS,0,0,0,true,false,318,TEXT_CONTENT_INTEGRITY_NOT_AUDITED_M2_02;TABLE_MEMBER_MISSING,NOT_SELECTED_BY_DETERMINISTIC_DIVERSITY_TIE_BREAK
EFT,Financial Services,false,true,false,true,true,2004-10-22,2023-12-15,1002,1000,T1-B0-S1-I1,PASS_REQUIRED_WINDOWS,0,0,0,true,false,491,TEXT_CONTENT_INTEGRITY_NOT_AUDITED_M2_02;TABLE_MEMBER_MISSING,NOT_SELECTED_BY_DETERMINISTIC_DIVERSITY_TIE_BREAK
EFU,N/A,false,true,false,true,true,,,0,0,T1-B0-S1-I1,INVALID_HEADER,0,0,0,false,false,,TEXT_CONTENT_INTEGRITY_NOT_AUDITED_M2_02;TABLE_MEMBER_MISSING,INCOMPLETE_STRUCTURALLY_VALID_REQUIRED_WINDOWS
EFV,N/A,false,true,false,true,true,,,0,0,T1-B0-S1-I1,INVALID_HEADER,0,0,0,false,false,,TEXT_CONTENT_INTEGRITY_NOT_AUDITED_M2_02;TABLE_MEMBER_MISSING,INCOMPLETE_STRUCTURALLY_VALID_REQUIRED_WINDOWS
EFX,Industrials,false,true,true,true,true,2000-03-31,2023-12-15,1240,1238,T1-B1-S1-I1,PASS_REQUIRED_WINDOWS,0,0,0,true,false,1940,TEXT_CONTENT_INTEGRITY_NOT_AUDITED_M2_02,NOT_SELECTED_BY_DETERMINISTIC_DIVERSITY_TIE_BREAK
EFZ,N/A,false,true,false,true,true,,,0,0,T1-B0-S1-I1,INVALID_HEADER,0,0,0,false,false,,TEXT_CONTENT_INTEGRITY_NOT_AUDITED_M2_02;TABLE_MEMBER_MISSING,INCOMPLETE_STRUCTURALLY_VALID_REQUIRED_WINDOWS
EGBN,Financial Services,false,true,true,true,true,2000-03-31,2023-12-15,1240,1238,T1-B1-S1-I1,PASS_REQUIRED_WINDOWS,0,0,0,true,false,2513,TEXT_CONTENT_INTEGRITY_NOT_AUDITED_M2_02,NOT_SELECTED_BY_DETERMINISTIC_DIVERSITY_TIE_BREAK
EGHT,Technology,false,true,true,true,true,2000-03-31,2023-12-15,1240,1238,T1-B1-S1-I1,PASS_REQUIRED_WINDOWS,0,0,0,true,false,2343,TEXT_CONTENT_INTEGRITY_NOT_AUDITED_M2_02,NOT_SELECTED_BY_DETERMINISTIC_DIVERSITY_TIE_BREAK
EGO,Basic Materials,false,true,true,true,true,2003-04-25,2023-12-15,1080,1078,T1-B1-S1-I1,PASS_REQUIRED_WINDOWS,0,0,0,true,false,155,TEXT_CONTENT_INTEGRITY_NOT_AUDITED_M2_02,NOT_SELECTED_BY_DETERMINISTIC_DIVERSITY_TIE_BREAK
EGP,Real Estate,false,true,true,true,true,2000-03-31,2023-12-15,1240,1238,T1-B1-S1-I1,PASS_REQUIRED_WINDOWS,0,0,0,true,false,2056,TEXT_CONTENT_INTEGRITY_NOT_AUDITED_M2_02,NOT_SELECTED_BY_DETERMINISTIC_DIVERSITY_TIE_BREAK
EGPT,N/A,false,true,false,true,true,,,0,0,T1-B0-S1-I1,INVALID_HEADER,0,0,0,false,false,,TEXT_CONTENT_INTEGRITY_NOT_AUDITED_M2_02;TABLE_MEMBER_MISSING,INCOMPLETE_STRUCTURALLY_VALID_REQUIRED_WINDOWS
EGRX,Healthcare,false,true,true,true,true,2014-05-09,2023-12-15,504,502,T1-B1-S1-I1,PASS_REQUIRED_WINDOWS,0,0,0,true,false,2122,TEXT_CONTENT_INTEGRITY_NOT_AUDITED_M2_02,NOT_SELECTED_BY_DETERMINISTIC_DIVERSITY_TIE_BREAK
EGY,Energy,false,true,true,true,true,2000-03-31,2023-12-15,1240,1238,T1-B1-S1-I1,PASS_REQUIRED_WINDOWS,0,0,0,true,false,1820,TEXT_CONTENT_INTEGRITY_NOT_AUDITED_M2_02,NOT_SELECTED_BY_DETERMINISTIC_DIVERSITY_TIE_BREAK
EH,Industrials,false,true,true,true,true,2020-03-13,2023-12-15,199,197,T1-B1-S1-I1,PASS_REQUIRED_WINDOWS,0,0,0,true,false,1889,TEXT_CONTENT_INTEGRITY_NOT_AUDITED_M2_02,NOT_SELECTED_BY_DETERMINISTIC_DIVERSITY_TIE_BREAK
EHC,Healthcare,false,true,true,true,true,2000-03-31,2023-12-15,1240,1238,T1-B1-S1-I1,PASS_REQUIRED_WINDOWS,0,0,0,true,false,1626,TEXT_CONTENT_INTEGRITY_NOT_AUDITED_M2_02,NOT_SELECTED_BY_DETERMINISTIC_DIVERSITY_TIE_BREAK
EHI,Financial Services,false,true,false,true,true,2003-10-24,2023-12-15,1054,1052,T1-B0-S1-I1,PASS_REQUIRED_WINDOWS,0,0,0,true,false,1127,TEXT_CONTENT_INTEGRITY_NOT_AUDITED_M2_02;TABLE_MEMBER_MISSING,NOT_SELECTED_BY_DETERMINISTIC_DIVERSITY_TIE_BREAK
EHTH,Financial Services,false,true,true,true,true,2007-01-19,2023-12-15,885,883,T1-B1-S1-I1,PASS_REQUIRED_WINDOWS,0,0,0,true,false,2683,TEXT_CONTENT_INTEGRITY_NOT_AUDITED_M2_02,NOT_SELECTED_BY_DETERMINISTIC_DIVERSITY_TIE_BREAK
EIC,Financial Services,false,true,false,true,true,2019-10-18,2023-12-15,220,218,T1-B0-S1-I1,PASS_REQUIRED_WINDOWS,0,0,0,true,false,2858,TEXT_CONTENT_INTEGRITY_NOT_AUDITED_M2_02;TABLE_MEMBER_MISSING,NOT_SELECTED_BY_DETERMINISTIC_DIVERSITY_TIE_BREAK
EIDO,N/A,false,true,false,true,true,,,0,0,T1-B0-S1-I1,INVALID_HEADER,0,0,0,false,false,,TEXT_CONTENT_INTEGRITY_NOT_AUDITED_M2_02;TABLE_MEMBER_MISSING,INCOMPLETE_STRUCTURALLY_VALID_REQUIRED_WINDOWS
EIG,Financial Services,false,true,true,true,true,2007-04-27,2023-12-15,871,869,T1-B1-S1-I1,PASS_REQUIRED_WINDOWS,0,0,0,true,false,710,TEXT_CONTENT_INTEGRITY_NOT_AUDITED_M2_02,NOT_SELECTED_BY_DETERMINISTIC_DIVERSITY_TIE_BREAK
EIGR,Healthcare,false,true,false,true,true,2014-05-02,2023-12-15,505,503,T1-B0-S1-I1,PASS_REQUIRED_WINDOWS,0,0,0,true,false,638,TEXT_CONTENT_INTEGRITY_NOT_AUDITED_M2_02;TABLE_MEMBER_MISSING,NOT_SELECTED_BY_DETERMINISTIC_DIVERSITY_TIE_BREAK
EIM,Financial Services,false,true,false,true,true,2002-11-22,2023-12-15,1102,1100,T1-B0-S1-I1,PASS_REQUIRED_WINDOWS,0,0,0,true,false,1354,TEXT_CONTENT_INTEGRITY_NOT_AUDITED_M2_02;TABLE_MEMBER_MISSING,NOT_SELECTED_BY_DETERMINISTIC_DIVERSITY_TIE_BREAK
EINC,N/A,false,true,false,true,true,,,0,0,T1-B0-S1-I1,INVALID_HEADER,0,0,0,false,false,,TEXT_CONTENT_INTEGRITY_NOT_AUDITED_M2_02;TABLE_MEMBER_MISSING,INCOMPLETE_STRUCTURALLY_VALID_REQUIRED_WINDOWS
EIS,N/A,false,true,false,true,true,,,0,0,T1-B0-S1-I1,INVALID_HEADER,0,0,0,false,false,,TEXT_CONTENT_INTEGRITY_NOT_AUDITED_M2_02;TABLE_MEMBER_MISSING,INCOMPLETE_STRUCTURALLY_VALID_REQUIRED_WINDOWS
EIX,Utilities,false,true,true,true,true,2000-03-31,2023-12-15,1240,1238,T1-B1-S1-I1,PASS_REQUIRED_WINDOWS,0,0,0,true,false,1529,TEXT_CONTENT_INTEGRITY_NOT_AUDITED_M2_02,NOT_SELECTED_BY_DETERMINISTIC_DIVERSITY_TIE_BREAK
EL,Consumer Defensive,false,true,true,true,true,2000-03-31,2023-12-15,1240,1238,T1-B1-S1-I1,PASS_REQUIRED_WINDOWS,0,0,0,true,false,163,TEXT_CONTENT_INTEGRITY_NOT_AUDITED_M2_02,NOT_SELECTED_BY_DETERMINISTIC_DIVERSITY_TIE_BREAK
ELA,Consumer Cyclical,false,true,true,true,true,2000-03-31,2023-12-15,1240,1238,T1-B1-S1-I1,PASS_REQUIRED_WINDOWS,0,0,0,true,false,1181,TEXT_CONTENT_INTEGRITY_NOT_AUDITED_M2_02,NOT_SELECTED_BY_DETERMINISTIC_DIVERSITY_TIE_BREAK
ELD,N/A,false,true,false,true,true,,,0,0,T1-B0-S1-I1,INVALID_HEADER,0,0,0,false,false,,TEXT_CONTENT_INTEGRITY_NOT_AUDITED_M2_02;TABLE_MEMBER_MISSING,INCOMPLETE_STRUCTURALLY_VALID_REQUIRED_WINDOWS
ELF,Consumer Defensive,false,true,true,true,true,2016-12-16,2023-12-15,368,366,T1-B1-S1-I1,PASS_REQUIRED_WINDOWS,0,0,0,true,false,275,TEXT_CONTENT_INTEGRITY_NOT_AUDITED_M2_02,NOT_SELECTED_BY_DETERMINISTIC_DIVERSITY_TIE_BREAK
ELMD,Healthcare,false,true,true,true,true,2010-11-12,2023-12-15,686,684,T1-B1-S1-I1,PASS_REQUIRED_WINDOWS,0,0,0,true,false,1048,TEXT_CONTENT_INTEGRITY_NOT_AUDITED_M2_02,NOT_SELECTED_BY_DETERMINISTIC_DIVERSITY_TIE_BREAK
ELOX,Healthcare,false,true,false,true,true,2000-03-31,2023-12-15,1240,1238,T1-B0-S1-I1,PASS_REQUIRED_WINDOWS,0,0,0,true,false,793,TEXT_CONTENT_INTEGRITY_NOT_AUDITED_M2_02;TABLE_MEMBER_MISSING,NOT_SELECTED_BY_DETERMINISTIC_DIVERSITY_TIE_BREAK
ELP,Utilities,false,true,true,true,true,2000-03-31,2023-12-15,1240,1238,T1-B1-S1-I1,PASS_REQUIRED_WINDOWS,0,0,0,true,false,808,TEXT_CONTENT_INTEGRITY_NOT_AUDITED_M2_02,NOT_SELECTED_BY_DETERMINISTIC_DIVERSITY_TIE_BREAK
ELTK,Technology,false,true,true,true,true,2000-03-31,2023-12-15,1240,1238,T1-B1-S1-I1,PASS_REQUIRED_WINDOWS,0,0,0,true,false,559,TEXT_CONTENT_INTEGRITY_NOT_AUDITED_M2_02,NOT_SELECTED_BY_DETERMINISTIC_DIVERSITY_TIE_BREAK
EMB,N/A,false,true,false,true,true,,,0,0,T1-B0-S1-I1,INVALID_HEADER,0,0,0,false,false,,TEXT_CONTENT_INTEGRITY_NOT_AUDITED_M2_02;TABLE_MEMBER_MISSING,INCOMPLETE_STRUCTURALLY_VALID_REQUIRED_WINDOWS
EMD,Financial Services,false,true,false,true,true,2004-03-05,2023-12-15,1035,1033,T1-B0-S1-I1,PASS_REQUIRED_WINDOWS,0,0,0,true,false,1201,TEXT_CONTENT_INTEGRITY_NOT_AUDITED_M2_02;TABLE_MEMBER_MISSING,NOT_SELECTED_BY_DETERMINISTIC_DIVERSITY_TIE_BREAK
EMDV,N/A,false,true,false,true,true,,,0,0,T1-B0-S1-I1,INVALID_HEADER,0,0,0,false,false,,TEXT_CONTENT_INTEGRITY_NOT_AUDITED_M2_02;TABLE_MEMBER_MISSING,INCOMPLETE_STRUCTURALLY_VALID_REQUIRED_WINDOWS
EME,Industrials,false,true,true,true,true,2000-03-31,2023-12-15,1240,1238,T1-B1-S1-I1,PASS_REQUIRED_WINDOWS,0,0,0,true,false,655,TEXT_CONTENT_INTEGRITY_NOT_AUDITED_M2_02,NOT_SELECTED_BY_DETERMINISTIC_DIVERSITY_TIE_BREAK
EMGF,N/A,false,true,false,true,true,,,0,0,T1-B0-S1-I1,INVALID_HEADER,0,0,0,false,false,,TEXT_CONTENT_INTEGRITY_NOT_AUDITED_M2_02;TABLE_MEMBER_MISSING,INCOMPLETE_STRUCTURALLY_VALID_REQUIRED_WINDOWS
EMIF,N/A,false,true,false,true,true,,,0,0,T1-B0-S1-I1,INVALID_HEADER,0,0,0,false,false,,TEXT_CONTENT_INTEGRITY_NOT_AUDITED_M2_02;TABLE_MEMBER_MISSING,INCOMPLETE_STRUCTURALLY_VALID_REQUIRED_WINDOWS
EMKR,Technology,false,true,false,true,true,2000-03-31,2023-12-15,1240,1238,T1-B0-S1-I1,PASS_REQUIRED_WINDOWS,0,0,0,true,false,2803,TEXT_CONTENT_INTEGRITY_NOT_AUDITED_M2_02;TABLE_MEMBER_MISSING,NOT_SELECTED_BY_DETERMINISTIC_DIVERSITY_TIE_BREAK
EML,Industrials,false,true,true,true,true,2000-03-31,2023-12-15,1240,1238,T1-B1-S1-I1,PASS_REQUIRED_WINDOWS,0,0,0,true,true,4,TEXT_CONTENT_INTEGRITY_NOT_AUDITED_M2_02,
EMLP,N/A,false,true,false,true,true,,,0,0,T1-B0-S1-I1,INVALID_HEADER,0,0,0,false,false,,TEXT_CONTENT_INTEGRITY_NOT_AUDITED_M2_02;TABLE_MEMBER_MISSING,INCOMPLETE_STRUCTURALLY_VALID_REQUIRED_WINDOWS
EMN,Basic Materials,false,true,true,true,true,2000-03-31,2023-12-15,1240,1238,T1-B1-S1-I1,PASS_REQUIRED_WINDOWS,0,0,0,true,false,2494,TEXT_CONTENT_INTEGRITY_NOT_AUDITED_M2_02,NOT_SELECTED_BY_DETERMINISTIC_DIVERSITY_TIE_BREAK
EMO,Financial Services,false,true,false,true,true,2011-09-09,2023-12-15,643,641,T1-B0-S1-I1,PASS_REQUIRED_WINDOWS,0,0,0,true,false,2197,TEXT_CONTENT_INTEGRITY_NOT_AUDITED_M2_02;TABLE_MEMBER_MISSING,NOT_SELECTED_BY_DETERMINISTIC_DIVERSITY_TIE_BREAK
EMQQ,N/A,false,true,false,true,true,,,0,0,T1-B0-S1-I1,INVALID_HEADER,0,0,0,false,false,,TEXT_CONTENT_INTEGRITY_NOT_AUDITED_M2_02;TABLE_MEMBER_MISSING,INCOMPLETE_STRUCTURALLY_VALID_REQUIRED_WINDOWS
EMR,Industrials,false,true,true,true,true,2000-03-31,2023-12-15,1240,1238,T1-B1-S1-I1,PASS_REQUIRED_WINDOWS,0,0,0,true,false,2074,TEXT_CONTENT_INTEGRITY_NOT_AUDITED_M2_02,NOT_SELECTED_BY_DETERMINISTIC_DIVERSITY_TIE_BREAK
EMTY,N/A,false,true,false,true,true,,,0,0,T1-B0-S1-I1,INVALID_HEADER,0,0,0,false,false,,TEXT_CONTENT_INTEGRITY_NOT_AUDITED_M2_02;TABLE_MEMBER_MISSING,INCOMPLETE_STRUCTURALLY_VALID_REQUIRED_WINDOWS
EMXC,N/A,false,true,false,true,true,,,0,0,T1-B0-S1-I1,INVALID_HEADER,0,0,0,false,false,,TEXT_CONTENT_INTEGRITY_NOT_AUDITED_M2_02;TABLE_MEMBER_MISSING,INCOMPLETE_STRUCTURALLY_VALID_REQUIRED_WINDOWS
ENB,Energy,false,true,true,true,true,2000-03-31,2023-12-15,1240,1238,T1-B1-S1-I1,PASS_REQUIRED_WINDOWS,0,0,0,true,false,2843,TEXT_CONTENT_INTEGRITY_NOT_AUDITED_M2_02,NOT_SELECTED_BY_DETERMINISTIC_DIVERSITY_TIE_BREAK
ENFR,N/A,false,true,false,true,true,,,0,0,T1-B0-S1-I1,INVALID_HEADER,0,0,0,false,false,,TEXT_CONTENT_INTEGRITY_NOT_AUDITED_M2_02;TABLE_MEMBER_MISSING,INCOMPLETE_STRUCTURALLY_VALID_REQUIRED_WINDOWS
ENG,N/A,false,true,false,true,true,2000-03-31,2023-12-15,1240,1238,T1-B0-S1-I1,PASS_REQUIRED_WINDOWS,0,0,0,true,false,539,TEXT_CONTENT_INTEGRITY_NOT_AUDITED_M2_02;TABLE_MEMBER_MISSING,NOT_SELECTED_BY_DETERMINISTIC_DIVERSITY_TIE_BREAK
ENIC,Utilities,false,true,true,true,true,2016-07-22,2023-12-15,389,387,T1-B1-S1-I1,PASS_REQUIRED_WINDOWS,0,0,0,true,false,1696,TEXT_CONTENT_INTEGRITY_NOT_AUDITED_M2_02,NOT_SELECTED_BY_DETERMINISTIC_DIVERSITY_TIE_BREAK
ENLV,Healthcare,false,true,true,true,true,2014-10-24,2023-12-15,480,478,T1-B1-S1-I1,PASS_REQUIRED_WINDOWS,0,0,0,true,false,780,TEXT_CONTENT_INTEGRITY_NOT_AUDITED_M2_02,NOT_SELECTED_BY_DETERMINISTIC_DIVERSITY_TIE_BREAK
ENO,N/A,false,true,false,true,true,2016-06-24,2023-12-15,393,391,T1-B0-S1-I1,PASS_REQUIRED_WINDOWS,0,0,0,true,false,2652,TEXT_CONTENT_INTEGRITY_NOT_AUDITED_M2_02;TABLE_MEMBER_MISSING,NOT_SELECTED_BY_DETERMINISTIC_DIVERSITY_TIE_BREAK
ENOR,N/A,false,true,false,true,true,,,0,0,T1-B0-S1-I1,INVALID_HEADER,0,0,0,false,false,,TEXT_CONTENT_INTEGRITY_NOT_AUDITED_M2_02;TABLE_MEMBER_MISSING,INCOMPLETE_STRUCTURALLY_VALID_REQUIRED_WINDOWS
ENPH,Technology,false,true,true,true,true,2012-06-29,2023-12-15,601,599,T1-B1-S1-I1,PASS_REQUIRED_WINDOWS,0,0,0,true,false,2011,TEXT_CONTENT_INTEGRITY_NOT_AUDITED_M2_02,NOT_SELECTED_BY_DETERMINISTIC_DIVERSITY_TIE_BREAK
ENR,Industrials,false,true,true,true,true,2015-09-11,2023-12-15,434,432,T1-B1-S1-I1,PASS_REQUIRED_WINDOWS,0,0,0,true,false,506,TEXT_CONTENT_INTEGRITY_NOT_AUDITED_M2_02,NOT_SELECTED_BY_DETERMINISTIC_DIVERSITY_TIE_BREAK
ENS,Industrials,false,true,true,true,true,2004-10-29,2023-12-15,1001,999,T1-B1-S1-I1,PASS_REQUIRED_WINDOWS,0,0,0,true,false,2071,TEXT_CONTENT_INTEGRITY_NOT_AUDITED_M2_02,NOT_SELECTED_BY_DETERMINISTIC_DIVERSITY_TIE_BREAK
ENSG,Healthcare,false,true,true,true,true,2008-02-08,2023-12-15,830,828,T1-B1-S1-I1,PASS_REQUIRED_WINDOWS,0,0,0,true,false,2168,TEXT_CONTENT_INTEGRITY_NOT_AUDITED_M2_02,NOT_SELECTED_BY_DETERMINISTIC_DIVERSITY_TIE_BREAK
ENSV,Energy,false,true,true,true,true,2000-03-31,2023-12-15,1226,1224,T1-B1-S1-I1,INCOMPLETE_REQUIRED_WINDOWS,1,0,0,false,false,,TEXT_CONTENT_INTEGRITY_NOT_AUDITED_M2_02,INCOMPLETE_STRUCTURALLY_VALID_REQUIRED_WINDOWS
ENTA,Healthcare,false,true,true,true,true,2013-06-21,2023-12-15,550,548,T1-B1-S1-I1,PASS_REQUIRED_WINDOWS,0,0,0,true,false,2139,TEXT_CONTENT_INTEGRITY_NOT_AUDITED_M2_02,NOT_SELECTED_BY_DETERMINISTIC_DIVERSITY_TIE_BREAK
ENTG,Technology,false,true,true,true,true,2000-10-06,2023-12-15,1213,1211,T1-B1-S1-I1,PASS_REQUIRED_WINDOWS,0,0,0,true,false,1656,TEXT_CONTENT_INTEGRITY_NOT_AUDITED_M2_02,NOT_SELECTED_BY_DETERMINISTIC_DIVERSITY_TIE_BREAK
ENTR,N/A,false,true,false,true,true,,,0,0,T1-B0-S1-I1,INVALID_HEADER,0,0,0,false,false,,TEXT_CONTENT_INTEGRITY_NOT_AUDITED_M2_02;TABLE_MEMBER_MISSING,INCOMPLETE_STRUCTURALLY_VALID_REQUIRED_WINDOWS
ENTX,Healthcare,false,true,true,true,true,2018-09-28,2023-12-15,275,273,T1-B1-S1-I1,PASS_REQUIRED_WINDOWS,0,0,0,true,false,2312,TEXT_CONTENT_INTEGRITY_NOT_AUDITED_M2_02,NOT_SELECTED_BY_DETERMINISTIC_DIVERSITY_TIE_BREAK
ENVA,Financial Services,false,true,true,true,true,2015-02-13,2023-12-15,464,462,T1-B1-S1-I1,PASS_REQUIRED_WINDOWS,0,0,0,true,false,813,TEXT_CONTENT_INTEGRITY_NOT_AUDITED_M2_02,NOT_SELECTED_BY_DETERMINISTIC_DIVERSITY_TIE_BREAK
ENZ,Healthcare,false,true,true,true,true,2000-03-31,2023-12-15,1240,1238,T1-B1-S1-I1,PASS_REQUIRED_WINDOWS,0,0,0,true,false,1556,TEXT_CONTENT_INTEGRITY_NOT_AUDITED_M2_02,NOT_SELECTED_BY_DETERMINISTIC_DIVERSITY_TIE_BREAK
ENZL,N/A,false,true,false,true,true,,,0,0,T1-B0-S1-I1,INVALID_HEADER,0,0,0,false,false,,TEXT_CONTENT_INTEGRITY_NOT_AUDITED_M2_02;TABLE_MEMBER_MISSING,INCOMPLETE_STRUCTURALLY_VALID_REQUIRED_WINDOWS
EOD,Financial Services,false,true,false,true,true,2007-06-22,2023-12-15,863,861,T1-B0-S1-I1,PASS_REQUIRED_WINDOWS,0,0,0,true,false,2347,TEXT_CONTENT_INTEGRITY_NOT_AUDITED_M2_02;TABLE_MEMBER_MISSING,NOT_SELECTED_BY_DETERMINISTIC_DIVERSITY_TIE_BREAK
EOG,Energy,false,true,true,true,true,2000-03-31,2023-12-15,1240,1238,T1-B1-S1-I1,PASS_REQUIRED_WINDOWS,0,0,0,true,false,2901,TEXT_CONTENT_INTEGRITY_NOT_AUDITED_M2_02,NOT_SELECTED_BY_DETERMINISTIC_DIVERSITY_TIE_BREAK
EOI,Financial Services,false,true,false,true,true,2005-01-28,2023-12-15,988,986,T1-B0-S1-I1,PASS_REQUIRED_WINDOWS,0,0,0,true,false,1230,TEXT_CONTENT_INTEGRITY_NOT_AUDITED_M2_02;TABLE_MEMBER_MISSING,NOT_SELECTED_BY_DETERMINISTIC_DIVERSITY_TIE_BREAK
EOT,Financial Services,false,true,false,true,true,2009-08-21,2023-12-15,750,748,T1-B0-S1-I1,PASS_REQUIRED_WINDOWS,0,0,0,true,false,1023,TEXT_CONTENT_INTEGRITY_NOT_AUDITED_M2_02;TABLE_MEMBER_MISSING,NOT_SELECTED_BY_DETERMINISTIC_DIVERSITY_TIE_BREAK
EPAC,Industrials,false,true,true,true,true,2000-10-20,2023-12-15,1211,1209,T1-B1-S1-I1,PASS_REQUIRED_WINDOWS,0,0,0,true,false,332,TEXT_CONTENT_INTEGRITY_NOT_AUDITED_M2_02,NOT_SELECTED_BY_DETERMINISTIC_DIVERSITY_TIE_BREAK
EPAM,Technology,false,true,true,true,true,2012-05-04,2023-12-15,609,607,T1-B1-S1-I1,PASS_REQUIRED_WINDOWS,0,0,0,true,false,609,TEXT_CONTENT_INTEGRITY_NOT_AUDITED_M2_02,NOT_SELECTED_BY_DETERMINISTIC_DIVERSITY_TIE_BREAK
EPD,Energy,false,true,true,true,true,2000-03-31,2023-12-15,1240,1238,T1-B1-S1-I1,PASS_REQUIRED_WINDOWS,0,0,0,true,false,1480,TEXT_CONTENT_INTEGRITY_NOT_AUDITED_M2_02,NOT_SELECTED_BY_DETERMINISTIC_DIVERSITY_TIE_BREAK
EPI,N/A,false,true,false,true,true,,,0,0,T1-B0-S1-I1,INVALID_HEADER,0,0,0,false,false,,TEXT_CONTENT_INTEGRITY_NOT_AUDITED_M2_02;TABLE_MEMBER_MISSING,INCOMPLETE_STRUCTURALLY_VALID_REQUIRED_WINDOWS
EPIX,Healthcare,false,true,true,true,true,2015-06-12,2023-12-15,447,445,T1-B1-S1-I1,PASS_REQUIRED_WINDOWS,0,0,0,true,false,2443,TEXT_CONTENT_INTEGRITY_NOT_AUDITED_M2_02,NOT_SELECTED_BY_DETERMINISTIC_DIVERSITY_TIE_BREAK
EPM,Energy,false,true,true,true,true,2000-03-31,2023-12-15,1240,1238,T1-B1-S1-I1,PASS_REQUIRED_WINDOWS,0,0,0,true,false,565,TEXT_CONTENT_INTEGRITY_NOT_AUDITED_M2_02,NOT_SELECTED_BY_DETERMINISTIC_DIVERSITY_TIE_BREAK
EPOL,N/A,false,true,false,true,true,,,0,0,T1-B0-S1-I1,INVALID_HEADER,0,0,0,false,false,,TEXT_CONTENT_INTEGRITY_NOT_AUDITED_M2_02;TABLE_MEMBER_MISSING,INCOMPLETE_STRUCTURALLY_VALID_REQUIRED_WINDOWS
EPR,Real Estate,false,true,true,true,true,2000-03-31,2023-12-15,1240,1238,T1-B1-S1-I1,PASS_REQUIRED_WINDOWS,0,0,0,true,false,2648,TEXT_CONTENT_INTEGRITY_NOT_AUDITED_M2_02,NOT_SELECTED_BY_DETERMINISTIC_DIVERSITY_TIE_BREAK
EPRT,Real Estate,false,true,true,true,true,2018-09-21,2023-12-15,276,274,T1-B1-S1-I1,PASS_REQUIRED_WINDOWS,0,0,0,true,false,1485,TEXT_CONTENT_INTEGRITY_NOT_AUDITED_M2_02,NOT_SELECTED_BY_DETERMINISTIC_DIVERSITY_TIE_BREAK
EPSN,Energy,false,true,true,true,true,2008-02-15,2023-12-15,829,827,T1-B1-S1-I1,PASS_REQUIRED_WINDOWS,0,0,0,true,false,2489,TEXT_CONTENT_INTEGRITY_NOT_AUDITED_M2_02,NOT_SELECTED_BY_DETERMINISTIC_DIVERSITY_TIE_BREAK
EPU,N/A,false,true,false,true,true,,,0,0,T1-B0-S1-I1,INVALID_HEADER,0,0,0,false,false,,TEXT_CONTENT_INTEGRITY_NOT_AUDITED_M2_02;TABLE_MEMBER_MISSING,INCOMPLETE_STRUCTURALLY_VALID_REQUIRED_WINDOWS
EPV,N/A,false,true,false,true,true,,,0,0,T1-B0-S1-I1,INVALID_HEADER,0,0,0,false,false,,TEXT_CONTENT_INTEGRITY_NOT_AUDITED_M2_02;TABLE_MEMBER_MISSING,INCOMPLETE_STRUCTURALLY_VALID_REQUIRED_WINDOWS
EQ,Healthcare,false,true,true,true,true,2019-01-11,2023-12-15,260,258,T1-B1-S1-I1,PASS_REQUIRED_WINDOWS,0,0,0,true,false,2403,TEXT_CONTENT_INTEGRITY_NOT_AUDITED_M2_02,NOT_SELECTED_BY_DETERMINISTIC_DIVERSITY_TIE_BREAK
EQAL,N/A,false,true,false,true,true,,,0,0,T1-B0-S1-I1,INVALID_HEADER,0,0,0,false,false,,TEXT_CONTENT_INTEGRITY_NOT_AUDITED_M2_02;TABLE_MEMBER_MISSING,INCOMPLETE_STRUCTURALLY_VALID_REQUIRED_WINDOWS
EQBK,Financial Services,false,true,true,true,true,2016-02-12,2023-12-15,412,410,T1-B1-S1-I1,PASS_REQUIRED_WINDOWS,0,0,0,true,false,816,TEXT_CONTENT_INTEGRITY_NOT_AUDITED_M2_02,NOT_SELECTED_BY_DETERMINISTIC_DIVERSITY_TIE_BREAK
EQC,Real Estate,false,true,true,true,true,2000-03-31,2023-12-15,1240,1238,T1-B1-S1-I1,PASS_REQUIRED_WINDOWS,0,0,0,true,false,599,TEXT_CONTENT_INTEGRITY_NOT_AUDITED_M2_02,NOT_SELECTED_BY_DETERMINISTIC_DIVERSITY_TIE_BREAK
EQH,Financial Services,false,true,true,true,true,2018-08-10,2023-12-15,282,280,T1-B1-S1-I1,PASS_REQUIRED_WINDOWS,0,0,0,true,false,1412,TEXT_CONTENT_INTEGRITY_NOT_AUDITED_M2_02,NOT_SELECTED_BY_DETERMINISTIC_DIVERSITY_TIE_BREAK
EQL,N/A,false,true,false,true,true,,,0,0,T1-B0-S1-I1,INVALID_HEADER,0,0,0,false,false,,TEXT_CONTENT_INTEGRITY_NOT_AUDITED_M2_02;TABLE_MEMBER_MISSING,INCOMPLETE_STRUCTURALLY_VALID_REQUIRED_WINDOWS
EQNR,Energy,false,true,true,true,true,2001-09-21,2023-12-15,1163,1161,T1-B1-S1-I1,PASS_REQUIRED_WINDOWS,0,0,0,true,false,2113,TEXT_CONTENT_INTEGRITY_NOT_AUDITED_M2_02,NOT_SELECTED_BY_DETERMINISTIC_DIVERSITY_TIE_BREAK
EQR,Real Estate,false,true,true,true,true,2000-03-31,2023-12-15,1240,1238,T1-B1-S1-I1,PASS_REQUIRED_WINDOWS,0,0,0,true,false,1496,TEXT_CONTENT_INTEGRITY_NOT_AUDITED_M2_02,NOT_SELECTED_BY_DETERMINISTIC_DIVERSITY_TIE_BREAK
EQRR,N/A,false,true,false,true,true,,,0,0,T1-B0-S1-I1,INVALID_HEADER,0,0,0,false,false,,TEXT_CONTENT_INTEGRITY_NOT_AUDITED_M2_02;TABLE_MEMBER_MISSING,INCOMPLETE_STRUCTURALLY_VALID_REQUIRED_WINDOWS
EQT,Energy,false,true,true,true,true,2000-03-31,2023-12-15,1240,1238,T1-B1-S1-I1,PASS_REQUIRED_WINDOWS,0,0,0,true,false,1265,TEXT_CONTENT_INTEGRITY_NOT_AUDITED_M2_02,NOT_SELECTED_BY_DETERMINISTIC_DIVERSITY_TIE_BREAK
EQWL,N/A,false,true,false,true,true,,,0,0,T1-B0-S1-I1,INVALID_HEADER,0,0,0,false,false,,TEXT_CONTENT_INTEGRITY_NOT_AUDITED_M2_02;TABLE_MEMBER_MISSING,INCOMPLETE_STRUCTURALLY_VALID_REQUIRED_WINDOWS
EQX,Basic Materials,false,true,true,true,true,2019-03-29,2023-12-15,249,247,T1-B1-S1-I1,PASS_REQUIRED_WINDOWS,0,0,0,true,false,1998,TEXT_CONTENT_INTEGRITY_NOT_AUDITED_M2_02,NOT_SELECTED_BY_DETERMINISTIC_DIVERSITY_TIE_BREAK
ERC,Financial Services,false,true,false,true,true,2003-09-19,2023-12-15,1059,1057,T1-B0-S1-I1,PASS_REQUIRED_WINDOWS,0,0,0,true,false,284,TEXT_CONTENT_INTEGRITY_NOT_AUDITED_M2_02;TABLE_MEMBER_MISSING,NOT_SELECTED_BY_DETERMINISTIC_DIVERSITY_TIE_BREAK
ERH,Financial Services,false,true,false,true,true,2004-07-30,2023-12-15,1014,1012,T1-B0-S1-I1,PASS_REQUIRED_WINDOWS,0,0,0,true,false,922,TEXT_CONTENT_INTEGRITY_NOT_AUDITED_M2_02;TABLE_MEMBER_MISSING,NOT_SELECTED_BY_DETERMINISTIC_DIVERSITY_TIE_BREAK
ERIC,Technology,false,true,true,true,true,2000-03-31,2023-12-15,1240,1238,T1-B1-S1-I1,PASS_REQUIRED_WINDOWS,0,0,0,true,false,2635,TEXT_CONTENT_INTEGRITY_NOT_AUDITED_M2_02,NOT_SELECTED_BY_DETERMINISTIC_DIVERSITY_TIE_BREAK
ERIE,Financial Services,false,true,true,true,true,2000-03-31,2023-12-15,1240,1238,T1-B1-S1-I1,PASS_REQUIRED_WINDOWS,0,0,0,true,false,2624,TEXT_CONTENT_INTEGRITY_NOT_AUDITED_M2_02,NOT_SELECTED_BY_DETERMINISTIC_DIVERSITY_TIE_BREAK
ERII,Industrials,false,true,true,true,true,2008-09-26,2023-12-15,797,795,T1-B1-S1-I1,PASS_REQUIRED_WINDOWS,0,0,0,true,false,852,TEXT_CONTENT_INTEGRITY_NOT_AUDITED_M2_02,NOT_SELECTED_BY_DETERMINISTIC_DIVERSITY_TIE_BREAK
ERJ,Industrials,false,true,true,true,true,2000-10-20,2023-12-15,1211,1209,T1-B1-S1-I1,PASS_REQUIRED_WINDOWS,0,0,0,true,false,763,TEXT_CONTENT_INTEGRITY_NOT_AUDITED_M2_02,NOT_SELECTED_BY_DETERMINISTIC_DIVERSITY_TIE_BREAK
ERSX,N/A,false,true,false,true,true,,,0,0,T1-B0-S1-I1,INVALID_HEADER,0,0,0,false,false,,TEXT_CONTENT_INTEGRITY_NOT_AUDITED_M2_02;TABLE_MEMBER_MISSING,INCOMPLETE_STRUCTURALLY_VALID_REQUIRED_WINDOWS
ERX,N/A,false,true,false,true,true,,,0,0,T1-B0-S1-I1,INVALID_HEADER,0,0,0,false,false,,TEXT_CONTENT_INTEGRITY_NOT_AUDITED_M2_02;TABLE_MEMBER_MISSING,INCOMPLETE_STRUCTURALLY_VALID_REQUIRED_WINDOWS
ERY,N/A,false,true,false,true,true,,,0,0,T1-B0-S1-I1,INVALID_HEADER,0,0,0,false,false,,TEXT_CONTENT_INTEGRITY_NOT_AUDITED_M2_02;TABLE_MEMBER_MISSING,INCOMPLETE_STRUCTURALLY_VALID_REQUIRED_WINDOWS
ES,Utilities,false,true,true,true,true,2000-03-31,2023-12-15,1240,1238,T1-B1-S1-I1,PASS_REQUIRED_WINDOWS,0,0,0,true,false,134,TEXT_CONTENT_INTEGRITY_NOT_AUDITED_M2_02,NOT_SELECTED_BY_DETERMINISTIC_DIVERSITY_TIE_BREAK
ESCA,Consumer Cyclical,false,true,true,true,true,2000-03-31,2023-12-15,1240,1238,T1-B1-S1-I1,PASS_REQUIRED_WINDOWS,0,0,0,true,false,58,TEXT_CONTENT_INTEGRITY_NOT_AUDITED_M2_02,NOT_SELECTED_BY_DETERMINISTIC_DIVERSITY_TIE_BREAK
ESE,Technology,false,true,true,true,true,2000-03-31,2023-12-15,1240,1238,T1-B1-S1-I1,PASS_REQUIRED_WINDOWS,0,0,0,true,false,1834,TEXT_CONTENT_INTEGRITY_NOT_AUDITED_M2_02,NOT_SELECTED_BY_DETERMINISTIC_DIVERSITY_TIE_BREAK
ESEA,Industrials,false,true,true,true,true,2006-08-04,2023-12-15,909,907,T1-B1-S1-I1,PASS_REQUIRED_WINDOWS,0,0,0,true,false,1897,TEXT_CONTENT_INTEGRITY_NOT_AUDITED_M2_02,NOT_SELECTED_BY_DETERMINISTIC_DIVERSITY_TIE_BREAK
ESEB,N/A,false,true,false,true,true,,,0,0,T1-B0-S1-I1,INVALID_HEADER,0,0,0,false,false,,TEXT_CONTENT_INTEGRITY_NOT_AUDITED_M2_02;TABLE_MEMBER_MISSING,INCOMPLETE_STRUCTURALLY_VALID_REQUIRED_WINDOWS
ESG,N/A,false,true,false,true,true,,,0,0,T1-B0-S1-I1,INVALID_HEADER,0,0,0,false,false,,TEXT_CONTENT_INTEGRITY_NOT_AUDITED_M2_02;TABLE_MEMBER_MISSING,INCOMPLETE_STRUCTURALLY_VALID_REQUIRED_WINDOWS
ESGD,N/A,false,true,false,true,true,,,0,0,T1-B0-S1-I1,INVALID_HEADER,0,0,0,false,false,,TEXT_CONTENT_INTEGRITY_NOT_AUDITED_M2_02;TABLE_MEMBER_MISSING,INCOMPLETE_STRUCTURALLY_VALID_REQUIRED_WINDOWS
ESGE,N/A,false,true,false,true,true,,,0,0,T1-B0-S1-I1,INVALID_HEADER,0,0,0,false,false,,TEXT_CONTENT_INTEGRITY_NOT_AUDITED_M2_02;TABLE_MEMBER_MISSING,INCOMPLETE_STRUCTURALLY_VALID_REQUIRED_WINDOWS
ESGG,N/A,false,true,false,true,true,,,0,0,T1-B0-S1-I1,INVALID_HEADER,0,0,0,false,false,,TEXT_CONTENT_INTEGRITY_NOT_AUDITED_M2_02;TABLE_MEMBER_MISSING,INCOMPLETE_STRUCTURALLY_VALID_REQUIRED_WINDOWS
ESGR,Financial Services,false,true,true,true,true,2000-03-31,2023-12-15,1240,1238,T1-B1-S1-I1,PASS_REQUIRED_WINDOWS,0,0,0,true,false,2785,TEXT_CONTENT_INTEGRITY_NOT_AUDITED_M2_02,NOT_SELECTED_BY_DETERMINISTIC_DIVERSITY_TIE_BREAK
ESGRO,Financial Services,false,true,true,true,true,2019-02-15,2023-12-15,255,253,T1-B1-S1-I1,PASS_REQUIRED_WINDOWS,0,0,0,true,false,282,TEXT_CONTENT_INTEGRITY_NOT_AUDITED_M2_02,NOT_SELECTED_BY_DETERMINISTIC_DIVERSITY_TIE_BREAK
ESGV,N/A,false,true,false,true,true,,,0,0,T1-B0-S1-I1,INVALID_HEADER,0,0,0,false,false,,TEXT_CONTENT_INTEGRITY_NOT_AUDITED_M2_02;TABLE_MEMBER_MISSING,INCOMPLETE_STRUCTURALLY_VALID_REQUIRED_WINDOWS
ESI,Basic Materials,false,true,true,true,true,2014-01-17,2023-12-15,520,518,T1-B1-S1-I1,PASS_REQUIRED_WINDOWS,0,0,0,true,false,2821,TEXT_CONTENT_INTEGRITY_NOT_AUDITED_M2_02,NOT_SELECTED_BY_DETERMINISTIC_DIVERSITY_TIE_BREAK
ESLT,Industrials,false,true,true,true,true,2000-03-31,2023-12-15,1240,1238,T1-B1-S1-I1,PASS_REQUIRED_WINDOWS,0,0,0,true,false,1918,TEXT_CONTENT_INTEGRITY_NOT_AUDITED_M2_02,NOT_SELECTED_BY_DETERMINISTIC_DIVERSITY_TIE_BREAK
ESML,N/A,false,true,false,true,true,,,0,0,T1-B0-S1-I1,INVALID_HEADER,0,0,0,false,false,,TEXT_CONTENT_INTEGRITY_NOT_AUDITED_M2_02;TABLE_MEMBER_MISSING,INCOMPLETE_STRUCTURALLY_VALID_REQUIRED_WINDOWS
ESNT,Financial Services,false,true,true,true,true,2014-01-31,2023-12-15,518,516,T1-B1-S1-I1,PASS_REQUIRED_WINDOWS,0,0,0,true,false,476,TEXT_CONTENT_INTEGRITY_NOT_AUDITED_M2_02,NOT_SELECTED_BY_DETERMINISTIC_DIVERSITY_TIE_BREAK
ESP,Industrials,false,true,true,true,true,2000-03-31,2023-12-15,1240,1238,T1-B1-S1-I1,PASS_REQUIRED_WINDOWS,0,0,0,true,false,1326,TEXT_CONTENT_INTEGRITY_NOT_AUDITED_M2_02,NOT_SELECTED_BY_DETERMINISTIC_DIVERSITY_TIE_BREAK
ESPO,N/A,false,true,false,true,true,,,0,0,T1-B0-S1-I1,INVALID_HEADER,0,0,0,false,false,,TEXT_CONTENT_INTEGRITY_NOT_AUDITED_M2_02;TABLE_MEMBER_MISSING,INCOMPLETE_STRUCTURALLY_VALID_REQUIRED_WINDOWS
ESPR,Healthcare,false,true,true,true,true,2013-09-20,2023-12-15,537,535,T1-B1-S1-I1,PASS_REQUIRED_WINDOWS,0,0,0,true,false,1356,TEXT_CONTENT_INTEGRITY_NOT_AUDITED_M2_02,NOT_SELECTED_BY_DETERMINISTIC_DIVERSITY_TIE_BREAK
ESQ,Financial Services,false,true,true,true,true,2017-09-22,2023-12-15,328,326,T1-B1-S1-I1,PASS_REQUIRED_WINDOWS,0,0,0,true,false,2668,TEXT_CONTENT_INTEGRITY_NOT_AUDITED_M2_02,NOT_SELECTED_BY_DETERMINISTIC_DIVERSITY_TIE_BREAK
ESRT,Real Estate,false,true,true,true,true,2013-12-27,2023-12-15,523,521,T1-B1-S1-I1,PASS_REQUIRED_WINDOWS,0,0,0,true,false,2031,TEXT_CONTENT_INTEGRITY_NOT_AUDITED_M2_02,NOT_SELECTED_BY_DETERMINISTIC_DIVERSITY_TIE_BREAK
ESS,Real Estate,false,true,true,true,true,2000-03-31,2023-12-15,1240,1238,T1-B1-S1-I1,PASS_REQUIRED_WINDOWS,0,0,0,true,false,317,TEXT_CONTENT_INTEGRITY_NOT_AUDITED_M2_02,NOT_SELECTED_BY_DETERMINISTIC_DIVERSITY_TIE_BREAK
ESSA,Financial Services,false,true,true,true,true,2007-06-29,2023-12-15,862,860,T1-B1-S1-I1,PASS_REQUIRED_WINDOWS,0,0,0,true,false,30,TEXT_CONTENT_INTEGRITY_NOT_AUDITED_M2_02,NOT_SELECTED_BY_DETERMINISTIC_DIVERSITY_TIE_BREAK
ESTA,Healthcare,false,true,true,true,true,2018-10-12,2023-12-15,273,271,T1-B1-S1-I1,PASS_REQUIRED_WINDOWS,0,0,0,true,false,1008,TEXT_CONTENT_INTEGRITY_NOT_AUDITED_M2_02,NOT_SELECTED_BY_DETERMINISTIC_DIVERSITY_TIE_BREAK
ESTC,Technology,false,true,true,true,true,2019-01-04,2023-12-15,261,259,T1-B1-S1-I1,PASS_REQUIRED_WINDOWS,0,0,0,true,false,1780,TEXT_CONTENT_INTEGRITY_NOT_AUDITED_M2_02,NOT_SELECTED_BY_DETERMINISTIC_DIVERSITY_TIE_BREAK
ETB,Financial Services,false,true,false,true,true,2005-07-22,2023-12-15,963,961,T1-B0-S1-I1,PASS_REQUIRED_WINDOWS,0,0,0,true,false,2507,TEXT_CONTENT_INTEGRITY_NOT_AUDITED_M2_02;TABLE_MEMBER_MISSING,NOT_SELECTED_BY_DETERMINISTIC_DIVERSITY_TIE_BREAK
ETG,Financial Services,false,true,false,true,true,2004-04-30,2023-12-15,1027,1025,T1-B0-S1-I1,PASS_REQUIRED_WINDOWS,0,0,0,true,false,238,TEXT_CONTENT_INTEGRITY_NOT_AUDITED_M2_02;TABLE_MEMBER_MISSING,NOT_SELECTED_BY_DETERMINISTIC_DIVERSITY_TIE_BREAK
ETH,N/A,false,true,true,true,true,,,0,0,T1-B1-S1-I1,INVALID_HEADER,0,0,0,false,false,,TEXT_CONTENT_INTEGRITY_NOT_AUDITED_M2_02,INCOMPLETE_STRUCTURALLY_VALID_REQUIRED_WINDOWS
ETHO,N/A,false,true,false,true,true,,,0,0,T1-B0-S1-I1,INVALID_HEADER,0,0,0,false,false,,TEXT_CONTENT_INTEGRITY_NOT_AUDITED_M2_02;TABLE_MEMBER_MISSING,INCOMPLETE_STRUCTURALLY_VALID_REQUIRED_WINDOWS
ETJ,Financial Services,false,true,false,true,true,2007-10-26,2023-12-15,845,843,T1-B0-S1-I1,PASS_REQUIRED_WINDOWS,0,0,0,true,false,1411,TEXT_CONTENT_INTEGRITY_NOT_AUDITED_M2_02;TABLE_MEMBER_MISSING,NOT_SELECTED_BY_DETERMINISTIC_DIVERSITY_TIE_BREAK
ETN,Industrials,false,true,true,true,true,2000-03-31,2023-12-15,1240,1238,T1-B1-S1-I1,PASS_REQUIRED_WINDOWS,0,0,0,true,false,645,TEXT_CONTENT_INTEGRITY_NOT_AUDITED_M2_02,NOT_SELECTED_BY_DETERMINISTIC_DIVERSITY_TIE_BREAK
ETNB,Healthcare,false,true,true,true,true,2020-02-07,2023-12-15,204,202,T1-B1-S1-I1,PASS_REQUIRED_WINDOWS,0,0,0,true,false,293,TEXT_CONTENT_INTEGRITY_NOT_AUDITED_M2_02,NOT_SELECTED_BY_DETERMINISTIC_DIVERSITY_TIE_BREAK
ETO,Financial Services,false,true,false,true,true,2004-08-27,2023-12-15,1010,1008,T1-B0-S1-I1,PASS_REQUIRED_WINDOWS,0,0,0,true,false,2200,TEXT_CONTENT_INTEGRITY_NOT_AUDITED_M2_02;TABLE_MEMBER_MISSING,NOT_SELECTED_BY_DETERMINISTIC_DIVERSITY_TIE_BREAK
ETON,Healthcare,false,true,true,true,true,2019-02-15,2023-12-15,255,253,T1-B1-S1-I1,PASS_REQUIRED_WINDOWS,0,0,0,true,false,510,TEXT_CONTENT_INTEGRITY_NOT_AUDITED_M2_02,NOT_SELECTED_BY_DETERMINISTIC_DIVERSITY_TIE_BREAK
ETR,Utilities,false,true,true,true,true,2000-03-31,2023-12-15,1240,1238,T1-B1-S1-I1,PASS_REQUIRED_WINDOWS,0,0,0,true,false,2919,TEXT_CONTENT_INTEGRITY_NOT_AUDITED_M2_02,NOT_SELECTED_BY_DETERMINISTIC_DIVERSITY_TIE_BREAK
ETV,Financial Services,false,true,false,true,true,2005-09-23,2023-12-15,954,952,T1-B0-S1-I1,PASS_REQUIRED_WINDOWS,0,0,0,true,false,462,TEXT_CONTENT_INTEGRITY_NOT_AUDITED_M2_02;TABLE_MEMBER_MISSING,NOT_SELECTED_BY_DETERMINISTIC_DIVERSITY_TIE_BREAK
ETW,Financial Services,false,true,false,true,true,2006-02-17,2023-12-15,933,931,T1-B0-S1-I1,PASS_REQUIRED_WINDOWS,0,0,0,true,false,330,TEXT_CONTENT_INTEGRITY_NOT_AUDITED_M2_02;TABLE_MEMBER_MISSING,NOT_SELECTED_BY_DETERMINISTIC_DIVERSITY_TIE_BREAK
ETX,Financial Services,false,true,false,true,true,2013-06-21,2023-12-15,550,548,T1-B0-S1-I1,PASS_REQUIRED_WINDOWS,0,0,0,true,false,405,TEXT_CONTENT_INTEGRITY_NOT_AUDITED_M2_02;TABLE_MEMBER_MISSING,NOT_SELECTED_BY_DETERMINISTIC_DIVERSITY_TIE_BREAK
ETY,Financial Services,false,true,false,true,true,2007-03-02,2023-12-15,879,877,T1-B0-S1-I1,PASS_REQUIRED_WINDOWS,0,0,0,true,false,646,TEXT_CONTENT_INTEGRITY_NOT_AUDITED_M2_02;TABLE_MEMBER_MISSING,NOT_SELECTED_BY_DETERMINISTIC_DIVERSITY_TIE_BREAK
EUDG,N/A,false,true,false,true,true,,,0,0,T1-B0-S1-I1,INVALID_HEADER,0,0,0,false,false,,TEXT_CONTENT_INTEGRITY_NOT_AUDITED_M2_02;TABLE_MEMBER_MISSING,INCOMPLETE_STRUCTURALLY_VALID_REQUIRED_WINDOWS
EUDV,N/A,false,true,false,true,true,,,0,0,T1-B0-S1-I1,INVALID_HEADER,0,0,0,false,false,,TEXT_CONTENT_INTEGRITY_NOT_AUDITED_M2_02;TABLE_MEMBER_MISSING,INCOMPLETE_STRUCTURALLY_VALID_REQUIRED_WINDOWS
EUFN,N/A,false,true,false,true,true,,,0,0,T1-B0-S1-I1,INVALID_HEADER,0,0,0,false,false,,TEXT_CONTENT_INTEGRITY_NOT_AUDITED_M2_02;TABLE_MEMBER_MISSING,INCOMPLETE_STRUCTURALLY_VALID_REQUIRED_WINDOWS
EUM,N/A,false,true,false,true,true,,,0,0,T1-B0-S1-I1,INVALID_HEADER,0,0,0,false,false,,TEXT_CONTENT_INTEGRITY_NOT_AUDITED_M2_02;TABLE_MEMBER_MISSING,INCOMPLETE_STRUCTURALLY_VALID_REQUIRED_WINDOWS
EUO,N/A,false,true,true,true,true,,,0,0,T1-B1-S1-I1,INVALID_HEADER,0,0,0,false,false,,TEXT_CONTENT_INTEGRITY_NOT_AUDITED_M2_02,INCOMPLETE_STRUCTURALLY_VALID_REQUIRED_WINDOWS
EURL,N/A,false,true,false,true,true,,,0,0,T1-B0-S1-I1,INVALID_HEADER,0,0,0,false,false,,TEXT_CONTENT_INTEGRITY_NOT_AUDITED_M2_02;TABLE_MEMBER_MISSING,INCOMPLETE_STRUCTURALLY_VALID_REQUIRED_WINDOWS
EUSA,N/A,false,true,false,true,true,,,0,0,T1-B0-S1-I1,INVALID_HEADER,0,0,0,false,false,,TEXT_CONTENT_INTEGRITY_NOT_AUDITED_M2_02;TABLE_MEMBER_MISSING,INCOMPLETE_STRUCTURALLY_VALID_REQUIRED_WINDOWS
EUSB,N/A,false,true,false,true,true,,,0,0,T1-B0-S1-I1,INVALID_HEADER,0,0,0,false,false,,TEXT_CONTENT_INTEGRITY_NOT_AUDITED_M2_02;TABLE_MEMBER_MISSING,INCOMPLETE_STRUCTURALLY_VALID_REQUIRED_WINDOWS
EUSC,N/A,false,true,false,true,true,,,0,0,T1-B0-S1-I1,INVALID_HEADER,0,0,0,false,false,,TEXT_CONTENT_INTEGRITY_NOT_AUDITED_M2_02;TABLE_MEMBER_MISSING,INCOMPLETE_STRUCTURALLY_VALID_REQUIRED_WINDOWS
EVA,Basic Materials,false,true,false,true,true,2015-07-24,2023-12-15,427,425,T1-B0-S1-I1,INCOMPLETE_REQUIRED_WINDOWS,1,0,0,false,false,,TEXT_CONTENT_INTEGRITY_NOT_AUDITED_M2_02;TABLE_MEMBER_MISSING,INCOMPLETE_STRUCTURALLY_VALID_REQUIRED_WINDOWS
EVBN,Financial Services,false,true,true,true,true,2002-07-12,2023-12-15,1121,1119,T1-B1-S1-I1,PASS_REQUIRED_WINDOWS,0,0,0,true,false,2679,TEXT_CONTENT_INTEGRITY_NOT_AUDITED_M2_02,NOT_SELECTED_BY_DETERMINISTIC_DIVERSITY_TIE_BREAK
EVC,Communication Services,false,true,true,true,true,2000-10-27,2023-12-15,1210,1208,T1-B1-S1-I1,PASS_REQUIRED_WINDOWS,0,0,0,true,false,2560,TEXT_CONTENT_INTEGRITY_NOT_AUDITED_M2_02,NOT_SELECTED_BY_DETERMINISTIC_DIVERSITY_TIE_BREAK
EVER,Communication Services,false,true,true,true,true,2018-09-28,2023-12-15,275,273,T1-B1-S1-I1,PASS_REQUIRED_WINDOWS,0,0,0,true,false,95,TEXT_CONTENT_INTEGRITY_NOT_AUDITED_M2_02,NOT_SELECTED_BY_DETERMINISTIC_DIVERSITY_TIE_BREAK
EVF,Financial Services,false,true,false,true,true,2000-03-31,2023-12-15,1240,1238,T1-B0-S1-I1,PASS_REQUIRED_WINDOWS,0,0,0,true,false,331,TEXT_CONTENT_INTEGRITY_NOT_AUDITED_M2_02;TABLE_MEMBER_MISSING,NOT_SELECTED_BY_DETERMINISTIC_DIVERSITY_TIE_BREAK
EVFM,Healthcare,false,true,true,true,true,2015-02-20,2023-12-15,463,461,T1-B1-S1-I1,PASS_REQUIRED_WINDOWS,0,0,0,true,false,2017,TEXT_CONTENT_INTEGRITY_NOT_AUDITED_M2_02,NOT_SELECTED_BY_DETERMINISTIC_DIVERSITY_TIE_BREAK
EVG,Financial Services,false,true,false,true,true,2005-05-20,2023-12-15,972,970,T1-B0-S1-I1,PASS_REQUIRED_WINDOWS,0,0,0,true,false,1850,TEXT_CONTENT_INTEGRITY_NOT_AUDITED_M2_02;TABLE_MEMBER_MISSING,NOT_SELECTED_BY_DETERMINISTIC_DIVERSITY_TIE_BREAK
EVGN,Healthcare,false,true,true,true,true,2011-01-14,2023-12-15,677,675,T1-B1-S1-I1,PASS_REQUIRED_WINDOWS,0,0,0,true,false,1891,TEXT_CONTENT_INTEGRITY_NOT_AUDITED_M2_02,NOT_SELECTED_BY_DETERMINISTIC_DIVERSITY_TIE_BREAK
EVI,Industrials,false,true,true,true,true,2000-03-31,2023-12-15,1240,1238,T1-B1-S1-I1,PASS_REQUIRED_WINDOWS,0,0,0,true,false,1166,TEXT_CONTENT_INTEGRITY_NOT_AUDITED_M2_02,NOT_SELECTED_BY_DETERMINISTIC_DIVERSITY_TIE_BREAK
EVLO,Healthcare,false,true,false,true,true,2018-08-03,2023-12-15,283,281,T1-B0-S1-I1,PASS_REQUIRED_WINDOWS,0,0,0,true,false,1512,TEXT_CONTENT_INTEGRITY_NOT_AUDITED_M2_02;TABLE_MEMBER_MISSING,NOT_SELECTED_BY_DETERMINISTIC_DIVERSITY_TIE_BREAK
EVN,Financial Services,false,true,false,true,true,2000-03-31,2023-12-15,1240,1238,T1-B0-S1-I1,PASS_REQUIRED_WINDOWS,0,0,0,true,false,1043,TEXT_CONTENT_INTEGRITY_NOT_AUDITED_M2_02;TABLE_MEMBER_MISSING,NOT_SELECTED_BY_DETERMINISTIC_DIVERSITY_TIE_BREAK
EVOK,Healthcare,false,true,true,true,true,2013-12-20,2023-12-15,524,522,T1-B1-S1-I1,PASS_REQUIRED_WINDOWS,0,0,0,true,false,2844,TEXT_CONTENT_INTEGRITY_NOT_AUDITED_M2_02,NOT_SELECTED_BY_DETERMINISTIC_DIVERSITY_TIE_BREAK
EVOL,Technology,false,true,false,true,true,2000-03-31,2023-12-15,1240,1238,T1-B0-S1-I1,PASS_REQUIRED_WINDOWS,0,0,0,true,false,1861,TEXT_CONTENT_INTEGRITY_NOT_AUDITED_M2_02;TABLE_MEMBER_MISSING,NOT_SELECTED_BY_DETERMINISTIC_DIVERSITY_TIE_BREAK
EVR,Financial Services,false,true,true,true,true,2006-11-10,2023-12-15,895,893,T1-B1-S1-I1,PASS_REQUIRED_WINDOWS,0,0,0,true,false,2503,TEXT_CONTENT_INTEGRITY_NOT_AUDITED_M2_02,NOT_SELECTED_BY_DETERMINISTIC_DIVERSITY_TIE_BREAK
EVRG,Utilities,false,true,true,true,true,2000-03-31,2023-12-15,1240,1238,T1-B1-S1-I1,PASS_REQUIRED_WINDOWS,0,0,0,true,false,1742,TEXT_CONTENT_INTEGRITY_NOT_AUDITED_M2_02,NOT_SELECTED_BY_DETERMINISTIC_DIVERSITY_TIE_BREAK
EVRI,Consumer Cyclical,false,true,true,true,true,2005-12-23,2023-12-15,941,939,T1-B1-S1-I1,PASS_REQUIRED_WINDOWS,0,0,0,true,false,1619,TEXT_CONTENT_INTEGRITY_NOT_AUDITED_M2_02,NOT_SELECTED_BY_DETERMINISTIC_DIVERSITY_TIE_BREAK
EVTC,Technology,false,true,true,true,true,2013-07-12,2023-12-15,547,545,T1-B1-S1-I1,PASS_REQUIRED_WINDOWS,0,0,0,true,false,375,TEXT_CONTENT_INTEGRITY_NOT_AUDITED_M2_02,NOT_SELECTED_BY_DETERMINISTIC_DIVERSITY_TIE_BREAK
EVV,Financial Services,false,true,false,true,true,2003-09-05,2023-12-15,1061,1059,T1-B0-S1-I1,PASS_REQUIRED_WINDOWS,0,0,0,true,false,2399,TEXT_CONTENT_INTEGRITY_NOT_AUDITED_M2_02;TABLE_MEMBER_MISSING,NOT_SELECTED_BY_DETERMINISTIC_DIVERSITY_TIE_BREAK
EVX,N/A,false,true,false,true,true,,,0,0,T1-B0-S1-I1,INVALID_HEADER,0,0,0,false,false,,TEXT_CONTENT_INTEGRITY_NOT_AUDITED_M2_02;TABLE_MEMBER_MISSING,INCOMPLETE_STRUCTURALLY_VALID_REQUIRED_WINDOWS
EW,Healthcare,false,true,true,true,true,2000-06-23,2023-12-15,1228,1226,T1-B1-S1-I1,PASS_REQUIRED_WINDOWS,0,0,0,true,false,628,TEXT_CONTENT_INTEGRITY_NOT_AUDITED_M2_02,NOT_SELECTED_BY_DETERMINISTIC_DIVERSITY_TIE_BREAK
EWA,N/A,false,true,false,true,true,,,0,0,T1-B0-S1-I1,INVALID_HEADER,0,0,0,false,false,,TEXT_CONTENT_INTEGRITY_NOT_AUDITED_M2_02;TABLE_MEMBER_MISSING,INCOMPLETE_STRUCTURALLY_VALID_REQUIRED_WINDOWS
EWBC,Financial Services,false,true,true,true,true,2000-03-31,2023-12-15,1240,1238,T1-B1-S1-I1,PASS_REQUIRED_WINDOWS,0,0,0,true,false,2091,TEXT_CONTENT_INTEGRITY_NOT_AUDITED_M2_02,NOT_SELECTED_BY_DETERMINISTIC_DIVERSITY_TIE_BREAK
EWC,N/A,false,true,false,true,true,,,0,0,T1-B0-S1-I1,INVALID_HEADER,0,0,0,false,false,,TEXT_CONTENT_INTEGRITY_NOT_AUDITED_M2_02;TABLE_MEMBER_MISSING,INCOMPLETE_STRUCTURALLY_VALID_REQUIRED_WINDOWS
EWD,N/A,false,true,false,true,true,,,0,0,T1-B0-S1-I1,INVALID_HEADER,0,0,0,false,false,,TEXT_CONTENT_INTEGRITY_NOT_AUDITED_M2_02;TABLE_MEMBER_MISSING,INCOMPLETE_STRUCTURALLY_VALID_REQUIRED_WINDOWS
EWG,N/A,false,true,false,true,true,,,0,0,T1-B0-S1-I1,INVALID_HEADER,0,0,0,false,false,,TEXT_CONTENT_INTEGRITY_NOT_AUDITED_M2_02;TABLE_MEMBER_MISSING,INCOMPLETE_STRUCTURALLY_VALID_REQUIRED_WINDOWS
EWI,N/A,false,true,false,true,true,,,0,0,T1-B0-S1-I1,INVALID_HEADER,0,0,0,false,false,,TEXT_CONTENT_INTEGRITY_NOT_AUDITED_M2_02;TABLE_MEMBER_MISSING,INCOMPLETE_STRUCTURALLY_VALID_REQUIRED_WINDOWS
EWJ,N/A,false,true,false,true,true,,,0,0,T1-B0-S1-I1,INVALID_HEADER,0,0,0,false,false,,TEXT_CONTENT_INTEGRITY_NOT_AUDITED_M2_02;TABLE_MEMBER_MISSING,INCOMPLETE_STRUCTURALLY_VALID_REQUIRED_WINDOWS
EWK,N/A,false,true,false,true,true,,,0,0,T1-B0-S1-I1,INVALID_HEADER,0,0,0,false,false,,TEXT_CONTENT_INTEGRITY_NOT_AUDITED_M2_02;TABLE_MEMBER_MISSING,INCOMPLETE_STRUCTURALLY_VALID_REQUIRED_WINDOWS
EWL,N/A,false,true,false,true,true,,,0,0,T1-B0-S1-I1,INVALID_HEADER,0,0,0,false,false,,TEXT_CONTENT_INTEGRITY_NOT_AUDITED_M2_02;TABLE_MEMBER_MISSING,INCOMPLETE_STRUCTURALLY_VALID_REQUIRED_WINDOWS
EWN,N/A,false,true,false,true,true,,,0,0,T1-B0-S1-I1,INVALID_HEADER,0,0,0,false,false,,TEXT_CONTENT_INTEGRITY_NOT_AUDITED_M2_02;TABLE_MEMBER_MISSING,INCOMPLETE_STRUCTURALLY_VALID_REQUIRED_WINDOWS
EWO,N/A,false,true,false,true,true,,,0,0,T1-B0-S1-I1,INVALID_HEADER,0,0,0,false,false,,TEXT_CONTENT_INTEGRITY_NOT_AUDITED_M2_02;TABLE_MEMBER_MISSING,INCOMPLETE_STRUCTURALLY_VALID_REQUIRED_WINDOWS
EWP,N/A,false,true,false,true,true,,,0,0,T1-B0-S1-I1,INVALID_HEADER,0,0,0,false,false,,TEXT_CONTENT_INTEGRITY_NOT_AUDITED_M2_02;TABLE_MEMBER_MISSING,INCOMPLETE_STRUCTURALLY_VALID_REQUIRED_WINDOWS
EWQ,N/A,false,true,false,true,true,,,0,0,T1-B0-S1-I1,INVALID_HEADER,0,0,0,false,false,,TEXT_CONTENT_INTEGRITY_NOT_AUDITED_M2_02;TABLE_MEMBER_MISSING,INCOMPLETE_STRUCTURALLY_VALID_REQUIRED_WINDOWS
EWS,N/A,false,true,false,true,true,,,0,0,T1-B0-S1-I1,INVALID_HEADER,0,0,0,false,false,,TEXT_CONTENT_INTEGRITY_NOT_AUDITED_M2_02;TABLE_MEMBER_MISSING,INCOMPLETE_STRUCTURALLY_VALID_REQUIRED_WINDOWS
EWT,N/A,false,true,false,true,true,,,0,0,T1-B0-S1-I1,INVALID_HEADER,0,0,0,false,false,,TEXT_CONTENT_INTEGRITY_NOT_AUDITED_M2_02;TABLE_MEMBER_MISSING,INCOMPLETE_STRUCTURALLY_VALID_REQUIRED_WINDOWS
EWU,N/A,false,true,false,true,true,,,0,0,T1-B0-S1-I1,INVALID_HEADER,0,0,0,false,false,,TEXT_CONTENT_INTEGRITY_NOT_AUDITED_M2_02;TABLE_MEMBER_MISSING,INCOMPLETE_STRUCTURALLY_VALID_REQUIRED_WINDOWS
EWUS,N/A,false,true,false,true,true,,,0,0,T1-B0-S1-I1,INVALID_HEADER,0,0,0,false,false,,TEXT_CONTENT_INTEGRITY_NOT_AUDITED_M2_02;TABLE_MEMBER_MISSING,INCOMPLETE_STRUCTURALLY_VALID_REQUIRED_WINDOWS
EWW,N/A,false,true,false,true,true,,,0,0,T1-B0-S1-I1,INVALID_HEADER,0,0,0,false,false,,TEXT_CONTENT_INTEGRITY_NOT_AUDITED_M2_02;TABLE_MEMBER_MISSING,INCOMPLETE_STRUCTURALLY_VALID_REQUIRED_WINDOWS
EWX,N/A,false,true,false,true,true,,,0,0,T1-B0-S1-I1,INVALID_HEADER,0,0,0,false,false,,TEXT_CONTENT_INTEGRITY_NOT_AUDITED_M2_02;TABLE_MEMBER_MISSING,INCOMPLETE_STRUCTURALLY_VALID_REQUIRED_WINDOWS
EWY,N/A,false,true,false,true,true,,,0,0,T1-B0-S1-I1,INVALID_HEADER,0,0,0,false,false,,TEXT_CONTENT_INTEGRITY_NOT_AUDITED_M2_02;TABLE_MEMBER_MISSING,INCOMPLETE_STRUCTURALLY_VALID_REQUIRED_WINDOWS
EWZ,N/A,false,true,false,true,true,,,0,0,T1-B0-S1-I1,INVALID_HEADER,0,0,0,false,false,,TEXT_CONTENT_INTEGRITY_NOT_AUDITED_M2_02;TABLE_MEMBER_MISSING,INCOMPLETE_STRUCTURALLY_VALID_REQUIRED_WINDOWS
EWZS,N/A,false,true,false,true,true,,,0,0,T1-B0-S1-I1,INVALID_HEADER,0,0,0,false,false,,TEXT_CONTENT_INTEGRITY_NOT_AUDITED_M2_02;TABLE_MEMBER_MISSING,INCOMPLETE_STRUCTURALLY_VALID_REQUIRED_WINDOWS
EXAS,Healthcare,false,true,true,true,true,2001-05-04,2023-12-15,1183,1181,T1-B1-S1-I1,PASS_REQUIRED_WINDOWS,0,0,0,true,false,2890,TEXT_CONTENT_INTEGRITY_NOT_AUDITED_M2_02,NOT_SELECTED_BY_DETERMINISTIC_DIVERSITY_TIE_BREAK
EXC,Utilities,false,true,true,true,true,2000-03-31,2023-12-15,1240,1238,T1-B1-S1-I1,PASS_REQUIRED_WINDOWS,0,0,0,true,false,502,TEXT_CONTENT_INTEGRITY_NOT_AUDITED_M2_02,NOT_SELECTED_BY_DETERMINISTIC_DIVERSITY_TIE_BREAK
EXEL,Healthcare,false,true,true,true,true,2000-07-14,2023-12-15,1225,1223,T1-B1-S1-I1,PASS_REQUIRED_WINDOWS,0,0,0,true,false,2549,TEXT_CONTENT_INTEGRITY_NOT_AUDITED_M2_02,NOT_SELECTED_BY_DETERMINISTIC_DIVERSITY_TIE_BREAK
EXG,Financial Services,false,true,false,true,true,2007-07-20,2023-12-15,859,857,T1-B0-S1-I1,PASS_REQUIRED_WINDOWS,0,0,0,true,false,140,TEXT_CONTENT_INTEGRITY_NOT_AUDITED_M2_02;TABLE_MEMBER_MISSING,NOT_SELECTED_BY_DETERMINISTIC_DIVERSITY_TIE_BREAK
EXI,N/A,false,true,false,true,true,,,0,0,T1-B0-S1-I1,INVALID_HEADER,0,0,0,false,false,,TEXT_CONTENT_INTEGRITY_NOT_AUDITED_M2_02;TABLE_MEMBER_MISSING,INCOMPLETE_STRUCTURALLY_VALID_REQUIRED_WINDOWS
EXK,Basic Materials,false,true,true,true,true,2006-07-21,2023-12-15,911,909,T1-B1-S1-I1,PASS_REQUIRED_WINDOWS,0,0,0,true,false,2908,TEXT_CONTENT_INTEGRITY_NOT_AUDITED_M2_02,NOT_SELECTED_BY_DETERMINISTIC_DIVERSITY_TIE_BREAK
EXLS,Technology,false,true,true,true,true,2007-01-19,2023-12-15,885,883,T1-B1-S1-I1,PASS_REQUIRED_WINDOWS,0,0,0,true,false,1184,TEXT_CONTENT_INTEGRITY_NOT_AUDITED_M2_02,NOT_SELECTED_BY_DETERMINISTIC_DIVERSITY_TIE_BREAK
EXP,Basic Materials,false,true,true,true,true,2000-03-31,2023-12-15,1240,1238,T1-B1-S1-I1,PASS_REQUIRED_WINDOWS,0,0,0,true,false,2366,TEXT_CONTENT_INTEGRITY_NOT_AUDITED_M2_02,NOT_SELECTED_BY_DETERMINISTIC_DIVERSITY_TIE_BREAK
EXPE,Consumer Cyclical,false,true,true,true,true,2005-10-14,2023-12-15,951,949,T1-B1-S1-I1,PASS_REQUIRED_WINDOWS,0,0,0,true,false,1902,TEXT_CONTENT_INTEGRITY_NOT_AUDITED_M2_02,NOT_SELECTED_BY_DETERMINISTIC_DIVERSITY_TIE_BREAK
EXPI,Real Estate,false,true,true,true,true,2018-05-04,2023-12-15,296,294,T1-B1-S1-I1,PASS_REQUIRED_WINDOWS,0,0,0,true,false,2545,TEXT_CONTENT_INTEGRITY_NOT_AUDITED_M2_02,NOT_SELECTED_BY_DETERMINISTIC_DIVERSITY_TIE_BREAK
EXPO,Industrials,false,true,true,true,true,2000-03-31,2023-12-15,1240,1238,T1-B1-S1-I1,PASS_REQUIRED_WINDOWS,0,0,0,true,false,333,TEXT_CONTENT_INTEGRITY_NOT_AUDITED_M2_02,NOT_SELECTED_BY_DETERMINISTIC_DIVERSITY_TIE_BREAK
EXR,Real Estate,false,true,true,true,true,2004-11-12,2023-12-15,999,997,T1-B1-S1-I1,PASS_REQUIRED_WINDOWS,0,0,0,true,false,473,TEXT_CONTENT_INTEGRITY_NOT_AUDITED_M2_02,NOT_SELECTED_BY_DETERMINISTIC_DIVERSITY_TIE_BREAK
EXTR,Technology,false,true,true,true,true,2000-03-31,2023-12-15,1240,1238,T1-B1-S1-I1,PASS_REQUIRED_WINDOWS,0,0,0,true,false,1895,TEXT_CONTENT_INTEGRITY_NOT_AUDITED_M2_02,NOT_SELECTED_BY_DETERMINISTIC_DIVERSITY_TIE_BREAK
EYE,Consumer Cyclical,false,true,true,true,true,2018-01-26,2023-12-15,310,308,T1-B1-S1-I1,PASS_REQUIRED_WINDOWS,0,0,0,true,false,1226,TEXT_CONTENT_INTEGRITY_NOT_AUDITED_M2_02,NOT_SELECTED_BY_DETERMINISTIC_DIVERSITY_TIE_BREAK
EYEN,Healthcare,false,true,true,true,true,2018-04-27,2023-12-15,297,295,T1-B1-S1-I1,PASS_REQUIRED_WINDOWS,0,0,0,true,false,497,TEXT_CONTENT_INTEGRITY_NOT_AUDITED_M2_02,NOT_SELECTED_BY_DETERMINISTIC_DIVERSITY_TIE_BREAK
EYPT,Healthcare,false,true,true,true,true,2005-04-29,2023-12-15,975,973,T1-B1-S1-I1,PASS_REQUIRED_WINDOWS,0,0,0,true,false,2126,TEXT_CONTENT_INTEGRITY_NOT_AUDITED_M2_02,NOT_SELECTED_BY_DETERMINISTIC_DIVERSITY_TIE_BREAK
EZA,N/A,false,true,false,true,true,,,0,0,T1-B0-S1-I1,INVALID_HEADER,0,0,0,false,false,,TEXT_CONTENT_INTEGRITY_NOT_AUDITED_M2_02;TABLE_MEMBER_MISSING,INCOMPLETE_STRUCTURALLY_VALID_REQUIRED_WINDOWS
EZJ,N/A,false,true,false,true,true,,,0,0,T1-B0-S1-I1,INVALID_HEADER,0,0,0,false,false,,TEXT_CONTENT_INTEGRITY_NOT_AUDITED_M2_02;TABLE_MEMBER_MISSING,INCOMPLETE_STRUCTURALLY_VALID_REQUIRED_WINDOWS
EZM,N/A,false,true,false,true,true,,,0,0,T1-B0-S1-I1,INVALID_HEADER,0,0,0,false,false,,TEXT_CONTENT_INTEGRITY_NOT_AUDITED_M2_02;TABLE_MEMBER_MISSING,INCOMPLETE_STRUCTURALLY_VALID_REQUIRED_WINDOWS
EZPW,Financial Services,false,true,true,true,true,2000-03-31,2023-12-15,1240,1238,T1-B1-S1-I1,PASS_REQUIRED_WINDOWS,0,0,0,true,false,2771,TEXT_CONTENT_INTEGRITY_NOT_AUDITED_M2_02,NOT_SELECTED_BY_DETERMINISTIC_DIVERSITY_TIE_BREAK
EZU,N/A,false,true,false,true,true,,,0,0,T1-B0-S1-I1,INVALID_HEADER,0,0,0,false,false,,TEXT_CONTENT_INTEGRITY_NOT_AUDITED_M2_02;TABLE_MEMBER_MISSING,INCOMPLETE_STRUCTURALLY_VALID_REQUIRED_WINDOWS
F,Consumer Cyclical,false,true,false,true,true,2000-03-31,2023-12-15,1240,1238,T1-B0-S1-I1,PASS_REQUIRED_WINDOWS,0,0,0,true,false,1928,TEXT_CONTENT_INTEGRITY_NOT_AUDITED_M2_02;TABLE_MEMBER_MISSING,NOT_SELECTED_BY_DETERMINISTIC_DIVERSITY_TIE_BREAK
FAAR,N/A,false,true,false,true,true,,,0,0,T1-B0-S1-I1,INVALID_HEADER,0,0,0,false,false,,TEXT_CONTENT_INTEGRITY_NOT_AUDITED_M2_02;TABLE_MEMBER_MISSING,INCOMPLETE_STRUCTURALLY_VALID_REQUIRED_WINDOWS
FAB,N/A,false,true,false,true,true,,,0,0,T1-B0-S1-I1,INVALID_HEADER,0,0,0,false,false,,TEXT_CONTENT_INTEGRITY_NOT_AUDITED_M2_02;TABLE_MEMBER_MISSING,INCOMPLETE_STRUCTURALLY_VALID_REQUIRED_WINDOWS
FAD,N/A,false,true,false,true,true,,,0,0,T1-B0-S1-I1,INVALID_HEADER,0,0,0,false,false,,TEXT_CONTENT_INTEGRITY_NOT_AUDITED_M2_02;TABLE_MEMBER_MISSING,INCOMPLETE_STRUCTURALLY_VALID_REQUIRED_WINDOWS
FAF,Financial Services,false,true,true,true,true,2010-08-27,2023-12-15,697,695,T1-B1-S1-I1,PASS_REQUIRED_WINDOWS,0,0,0,true,false,688,TEXT_CONTENT_INTEGRITY_NOT_AUDITED_M2_02,NOT_SELECTED_BY_DETERMINISTIC_DIVERSITY_TIE_BREAK
FALN,N/A,false,true,false,true,true,,,0,0,T1-B0-S1-I1,INVALID_HEADER,0,0,0,false,false,,TEXT_CONTENT_INTEGRITY_NOT_AUDITED_M2_02;TABLE_MEMBER_MISSING,INCOMPLETE_STRUCTURALLY_VALID_REQUIRED_WINDOWS
FAMI,Consumer Defensive,false,true,true,true,true,2018-05-18,2023-12-15,294,292,T1-B1-S1-I1,PASS_REQUIRED_WINDOWS,0,0,0,true,false,904,TEXT_CONTENT_INTEGRITY_NOT_AUDITED_M2_02,NOT_SELECTED_BY_DETERMINISTIC_DIVERSITY_TIE_BREAK
FANG,Energy,false,true,true,true,true,2013-01-11,2023-12-15,573,571,T1-B1-S1-I1,PASS_REQUIRED_WINDOWS,0,0,0,true,false,193,TEXT_CONTENT_INTEGRITY_NOT_AUDITED_M2_02,NOT_SELECTED_BY_DETERMINISTIC_DIVERSITY_TIE_BREAK
FARM,Consumer Defensive,false,true,true,true,true,2000-03-31,2023-12-15,1240,1238,T1-B1-S1-I1,PASS_REQUIRED_WINDOWS,0,0,0,true,false,1135,TEXT_CONTENT_INTEGRITY_NOT_AUDITED_M2_02,NOT_SELECTED_BY_DETERMINISTIC_DIVERSITY_TIE_BREAK
FARO,Technology,false,true,true,true,true,2000-03-31,2023-12-15,1240,1238,T1-B1-S1-I1,PASS_REQUIRED_WINDOWS,0,0,0,true,false,1730,TEXT_CONTENT_INTEGRITY_NOT_AUDITED_M2_02,NOT_SELECTED_BY_DETERMINISTIC_DIVERSITY_TIE_BREAK
FAS,N/A,false,true,false,true,true,,,0,0,T1-B0-S1-I1,INVALID_HEADER,0,0,0,false,false,,TEXT_CONTENT_INTEGRITY_NOT_AUDITED_M2_02;TABLE_MEMBER_MISSING,INCOMPLETE_STRUCTURALLY_VALID_REQUIRED_WINDOWS
FAST,Industrials,false,true,true,true,true,2000-03-31,2023-12-15,1240,1238,T1-B1-S1-I1,PASS_REQUIRED_WINDOWS,0,0,0,true,false,1465,TEXT_CONTENT_INTEGRITY_NOT_AUDITED_M2_02,NOT_SELECTED_BY_DETERMINISTIC_DIVERSITY_TIE_BREAK
FAT,Consumer Cyclical,false,true,true,true,true,2018-01-19,2023-12-15,311,309,T1-B1-S1-I1,PASS_REQUIRED_WINDOWS,0,0,0,true,false,1024,TEXT_CONTENT_INTEGRITY_NOT_AUDITED_M2_02,NOT_SELECTED_BY_DETERMINISTIC_DIVERSITY_TIE_BREAK
FATE,Healthcare,false,true,true,true,true,2013-12-27,2023-12-15,523,521,T1-B1-S1-I1,PASS_REQUIRED_WINDOWS,0,0,0,true,false,653,TEXT_CONTENT_INTEGRITY_NOT_AUDITED_M2_02,NOT_SELECTED_BY_DETERMINISTIC_DIVERSITY_TIE_BREAK
FAX,Financial Services,false,true,false,true,true,2000-03-31,2023-12-15,1240,1238,T1-B0-S1-I1,PASS_REQUIRED_WINDOWS,0,0,0,true,false,652,TEXT_CONTENT_INTEGRITY_NOT_AUDITED_M2_02;TABLE_MEMBER_MISSING,NOT_SELECTED_BY_DETERMINISTIC_DIVERSITY_TIE_BREAK
FAZ,N/A,false,true,false,true,true,,,0,0,T1-B0-S1-I1,INVALID_HEADER,0,0,0,false,false,,TEXT_CONTENT_INTEGRITY_NOT_AUDITED_M2_02;TABLE_MEMBER_MISSING,INCOMPLETE_STRUCTURALLY_VALID_REQUIRED_WINDOWS
FBCG,N/A,false,true,false,true,true,,,0,0,T1-B0-S1-I1,INVALID_HEADER,0,0,0,false,false,,TEXT_CONTENT_INTEGRITY_NOT_AUDITED_M2_02;TABLE_MEMBER_MISSING,INCOMPLETE_STRUCTURALLY_VALID_REQUIRED_WINDOWS
FBCV,N/A,false,true,false,true,true,,,0,0,T1-B0-S1-I1,INVALID_HEADER,0,0,0,false,false,,TEXT_CONTENT_INTEGRITY_NOT_AUDITED_M2_02;TABLE_MEMBER_MISSING,INCOMPLETE_STRUCTURALLY_VALID_REQUIRED_WINDOWS
FBGX,N/A,false,true,false,true,true,,,0,0,T1-B0-S1-I1,INVALID_HEADER,0,0,0,false,false,,TEXT_CONTENT_INTEGRITY_NOT_AUDITED_M2_02;TABLE_MEMBER_MISSING,INCOMPLETE_STRUCTURALLY_VALID_REQUIRED_WINDOWS
FBIO,Healthcare,false,true,true,true,true,2012-02-17,2023-12-15,620,618,T1-B1-S1-I1,PASS_REQUIRED_WINDOWS,0,0,0,true,false,2485,TEXT_CONTENT_INTEGRITY_NOT_AUDITED_M2_02,NOT_SELECTED_BY_DETERMINISTIC_DIVERSITY_TIE_BREAK
FBIOP,Healthcare,false,true,true,true,true,2018-02-16,2023-12-15,307,305,T1-B1-S1-I1,PASS_REQUIRED_WINDOWS,0,0,0,true,false,2299,TEXT_CONTENT_INTEGRITY_NOT_AUDITED_M2_02,NOT_SELECTED_BY_DETERMINISTIC_DIVERSITY_TIE_BREAK
FBIZ,Financial Services,false,true,true,true,true,2006-02-10,2023-12-15,934,932,T1-B1-S1-I1,PASS_REQUIRED_WINDOWS,0,0,0,true,false,1494,TEXT_CONTENT_INTEGRITY_NOT_AUDITED_M2_02,NOT_SELECTED_BY_DETERMINISTIC_DIVERSITY_TIE_BREAK
FBK,Financial Services,false,true,true,true,true,2016-12-16,2023-12-15,368,366,T1-B1-S1-I1,PASS_REQUIRED_WINDOWS,0,0,0,true,false,1990,TEXT_CONTENT_INTEGRITY_NOT_AUDITED_M2_02,NOT_SELECTED_BY_DETERMINISTIC_DIVERSITY_TIE_BREAK
FBMS,Financial Services,false,true,false,true,true,2003-04-04,2023-12-15,1036,1034,T1-B0-S1-I1,PASS_REQUIRED_WINDOWS,4,0,0,true,false,2697,TEXT_CONTENT_INTEGRITY_NOT_AUDITED_M2_02;TABLE_MEMBER_MISSING,NOT_SELECTED_BY_DETERMINISTIC_DIVERSITY_TIE_BREAK
FBNC,Financial Services,false,true,true,true,true,2000-03-31,2023-12-15,1240,1238,T1-B1-S1-I1,PASS_REQUIRED_WINDOWS,0,0,0,true,false,578,TEXT_CONTENT_INTEGRITY_NOT_AUDITED_M2_02,NOT_SELECTED_BY_DETERMINISTIC_DIVERSITY_TIE_BREAK
FBND,N/A,false,true,false,true,true,,,0,0,T1-B0-S1-I1,INVALID_HEADER,0,0,0,false,false,,TEXT_CONTENT_INTEGRITY_NOT_AUDITED_M2_02;TABLE_MEMBER_MISSING,INCOMPLETE_STRUCTURALLY_VALID_REQUIRED_WINDOWS
FBP,Financial Services,false,true,true,true,true,2000-03-31,2023-12-15,1240,1238,T1-B1-S1-I1,PASS_REQUIRED_WINDOWS,0,0,0,true,false,177,TEXT_CONTENT_INTEGRITY_NOT_AUDITED_M2_02,NOT_SELECTED_BY_DETERMINISTIC_DIVERSITY_TIE_BREAK
FBRX,Healthcare,false,true,true,true,true,2017-07-14,2023-12-15,338,336,T1-B1-S1-I1,PASS_REQUIRED_WINDOWS,0,0,0,true,false,210,TEXT_CONTENT_INTEGRITY_NOT_AUDITED_M2_02,NOT_SELECTED_BY_DETERMINISTIC_DIVERSITY_TIE_BREAK
FBT,N/A,false,true,false,true,true,,,0,0,T1-B0-S1-I1,INVALID_HEADER,0,0,0,false,false,,TEXT_CONTENT_INTEGRITY_NOT_AUDITED_M2_02;TABLE_MEMBER_MISSING,INCOMPLETE_STRUCTURALLY_VALID_REQUIRED_WINDOWS
FBZ,N/A,false,true,false,true,true,,,0,0,T1-B0-S1-I1,INVALID_HEADER,0,0,0,false,false,,TEXT_CONTENT_INTEGRITY_NOT_AUDITED_M2_02;TABLE_MEMBER_MISSING,INCOMPLETE_STRUCTURALLY_VALID_REQUIRED_WINDOWS
FC,Consumer Defensive,false,true,true,true,true,2000-03-31,2023-12-15,1240,1238,T1-B1-S1-I1,PASS_REQUIRED_WINDOWS,0,0,0,true,false,429,TEXT_CONTENT_INTEGRITY_NOT_AUDITED_M2_02,NOT_SELECTED_BY_DETERMINISTIC_DIVERSITY_TIE_BREAK
FCAL,N/A,false,true,false,true,true,,,0,0,T1-B0-S1-I1,INVALID_HEADER,0,0,0,false,false,,TEXT_CONTENT_INTEGRITY_NOT_AUDITED_M2_02;TABLE_MEMBER_MISSING,INCOMPLETE_STRUCTURALLY_VALID_REQUIRED_WINDOWS
FCAP,Financial Services,false,true,true,true,true,2000-03-31,2023-12-15,1240,1238,T1-B1-S1-I1,PASS_REQUIRED_WINDOWS,0,0,0,true,false,2550,TEXT_CONTENT_INTEGRITY_NOT_AUDITED_M2_02,NOT_SELECTED_BY_DETERMINISTIC_DIVERSITY_TIE_BREAK
FCBC,Financial Services,false,true,true,true,true,2000-03-31,2023-12-15,1240,1238,T1-B1-S1-I1,PASS_REQUIRED_WINDOWS,0,0,0,true,false,2463,TEXT_CONTENT_INTEGRITY_NOT_AUDITED_M2_02,NOT_SELECTED_BY_DETERMINISTIC_DIVERSITY_TIE_BREAK
FCEL,Industrials,false,true,true,true,true,2000-03-31,2023-12-15,1240,1238,T1-B1-S1-I1,PASS_REQUIRED_WINDOWS,0,0,0,true,false,514,TEXT_CONTENT_INTEGRITY_NOT_AUDITED_M2_02,NOT_SELECTED_BY_DETERMINISTIC_DIVERSITY_TIE_BREAK
FCFS,Financial Services,false,true,true,true,true,2000-03-31,2023-12-15,1240,1238,T1-B1-S1-I1,PASS_REQUIRED_WINDOWS,0,0,0,true,false,127,TEXT_CONTENT_INTEGRITY_NOT_AUDITED_M2_02,NOT_SELECTED_BY_DETERMINISTIC_DIVERSITY_TIE_BREAK
FCG,N/A,false,true,false,true,true,,,0,0,T1-B0-S1-I1,INVALID_HEADER,0,0,0,false,false,,TEXT_CONTENT_INTEGRITY_NOT_AUDITED_M2_02;TABLE_MEMBER_MISSING,INCOMPLETE_STRUCTURALLY_VALID_REQUIRED_WINDOWS
FCN,Industrials,false,true,true,true,true,2000-03-31,2023-12-15,1240,1238,T1-B1-S1-I1,PASS_REQUIRED_WINDOWS,0,0,0,true,false,905,TEXT_CONTENT_INTEGRITY_NOT_AUDITED_M2_02,NOT_SELECTED_BY_DETERMINISTIC_DIVERSITY_TIE_BREAK
FCNCA,Financial Services,false,true,true,true,true,2000-03-31,2023-12-15,1240,1238,T1-B1-S1-I1,PASS_REQUIRED_WINDOWS,0,0,0,true,false,369,TEXT_CONTENT_INTEGRITY_NOT_AUDITED_M2_02,NOT_SELECTED_BY_DETERMINISTIC_DIVERSITY_TIE_BREAK
FCO,Financial Services,false,true,false,true,true,2000-03-31,2023-12-15,1240,1238,T1-B0-S1-I1,PASS_REQUIRED_WINDOWS,0,0,0,true,false,2041,TEXT_CONTENT_INTEGRITY_NOT_AUDITED_M2_02;TABLE_MEMBER_MISSING,NOT_SELECTED_BY_DETERMINISTIC_DIVERSITY_TIE_BREAK
FCOM,N/A,false,true,false,true,true,,,0,0,T1-B0-S1-I1,INVALID_HEADER,0,0,0,false,false,,TEXT_CONTENT_INTEGRITY_NOT_AUDITED_M2_02;TABLE_MEMBER_MISSING,INCOMPLETE_STRUCTURALLY_VALID_REQUIRED_WINDOWS
FCOR,N/A,false,true,false,true,true,,,0,0,T1-B0-S1-I1,INVALID_HEADER,0,0,0,false,false,,TEXT_CONTENT_INTEGRITY_NOT_AUDITED_M2_02;TABLE_MEMBER_MISSING,INCOMPLETE_STRUCTURALLY_VALID_REQUIRED_WINDOWS
FCPI,N/A,false,true,false,true,true,,,0,0,T1-B0-S1-I1,INVALID_HEADER,0,0,0,false,false,,TEXT_CONTENT_INTEGRITY_NOT_AUDITED_M2_02;TABLE_MEMBER_MISSING,INCOMPLETE_STRUCTURALLY_VALID_REQUIRED_WINDOWS
FCPT,Real Estate,false,true,true,true,true,2016-02-12,2023-12-15,412,410,T1-B1-S1-I1,PASS_REQUIRED_WINDOWS,0,0,0,true,false,14,TEXT_CONTENT_INTEGRITY_NOT_AUDITED_M2_02,NOT_SELECTED_BY_DETERMINISTIC_DIVERSITY_TIE_BREAK
FCT,Financial Services,false,true,false,true,true,2004-08-27,2023-12-15,1010,1008,T1-B0-S1-I1,PASS_REQUIRED_WINDOWS,0,0,0,true,false,1050,TEXT_CONTENT_INTEGRITY_NOT_AUDITED_M2_02;TABLE_MEMBER_MISSING,NOT_SELECTED_BY_DETERMINISTIC_DIVERSITY_TIE_BREAK
FCTR,N/A,false,true,false,true,true,,,0,0,T1-B0-S1-I1,INVALID_HEADER,0,0,0,false,false,,TEXT_CONTENT_INTEGRITY_NOT_AUDITED_M2_02;TABLE_MEMBER_MISSING,INCOMPLETE_STRUCTURALLY_VALID_REQUIRED_WINDOWS
FCVT,N/A,false,true,false,true,true,,,0,0,T1-B0-S1-I1,INVALID_HEADER,0,0,0,false,false,,TEXT_CONTENT_INTEGRITY_NOT_AUDITED_M2_02;TABLE_MEMBER_MISSING,INCOMPLETE_STRUCTURALLY_VALID_REQUIRED_WINDOWS
FDBC,Financial Services,false,true,true,true,true,2000-03-31,2023-12-15,1240,1238,T1-B1-S1-I1,PASS_REQUIRED_WINDOWS,0,0,0,true,false,372,TEXT_CONTENT_INTEGRITY_NOT_AUDITED_M2_02,NOT_SELECTED_BY_DETERMINISTIC_DIVERSITY_TIE_BREAK
FDD,N/A,false,true,false,true,true,,,0,0,T1-B0-S1-I1,INVALID_HEADER,0,0,0,false,false,,TEXT_CONTENT_INTEGRITY_NOT_AUDITED_M2_02;TABLE_MEMBER_MISSING,INCOMPLETE_STRUCTURALLY_VALID_REQUIRED_WINDOWS
FDEM,N/A,false,true,false,true,true,,,0,0,T1-B0-S1-I1,INVALID_HEADER,0,0,0,false,false,,TEXT_CONTENT_INTEGRITY_NOT_AUDITED_M2_02;TABLE_MEMBER_MISSING,INCOMPLETE_STRUCTURALLY_VALID_REQUIRED_WINDOWS
FDEV,N/A,false,true,false,true,true,,,0,0,T1-B0-S1-I1,INVALID_HEADER,0,0,0,false,false,,TEXT_CONTENT_INTEGRITY_NOT_AUDITED_M2_02;TABLE_MEMBER_MISSING,INCOMPLETE_STRUCTURALLY_VALID_REQUIRED_WINDOWS
FDHY,N/A,false,true,false,true,true,,,0,0,T1-B0-S1-I1,INVALID_HEADER,0,0,0,false,false,,TEXT_CONTENT_INTEGRITY_NOT_AUDITED_M2_02;TABLE_MEMBER_MISSING,INCOMPLETE_STRUCTURALLY_VALID_REQUIRED_WINDOWS
FDIS,N/A,false,true,false,true,true,,,0,0,T1-B0-S1-I1,INVALID_HEADER,0,0,0,false,false,,TEXT_CONTENT_INTEGRITY_NOT_AUDITED_M2_02;TABLE_MEMBER_MISSING,INCOMPLETE_STRUCTURALLY_VALID_REQUIRED_WINDOWS
FDIV,N/A,false,true,false,true,true,,,0,0,T1-B0-S1-I1,INVALID_HEADER,0,0,0,false,false,,TEXT_CONTENT_INTEGRITY_NOT_AUDITED_M2_02;TABLE_MEMBER_MISSING,INCOMPLETE_STRUCTURALLY_VALID_REQUIRED_WINDOWS
FDLO,N/A,false,true,false,true,true,,,0,0,T1-B0-S1-I1,INVALID_HEADER,0,0,0,false,false,,TEXT_CONTENT_INTEGRITY_NOT_AUDITED_M2_02;TABLE_MEMBER_MISSING,INCOMPLETE_STRUCTURALLY_VALID_REQUIRED_WINDOWS
FDMO,N/A,false,true,false,true,true,,,0,0,T1-B0-S1-I1,INVALID_HEADER,0,0,0,false,false,,TEXT_CONTENT_INTEGRITY_NOT_AUDITED_M2_02;TABLE_MEMBER_MISSING,INCOMPLETE_STRUCTURALLY_VALID_REQUIRED_WINDOWS
FDN,N/A,false,true,false,true,true,,,0,0,T1-B0-S1-I1,INVALID_HEADER,0,0,0,false,false,,TEXT_CONTENT_INTEGRITY_NOT_AUDITED_M2_02;TABLE_MEMBER_MISSING,INCOMPLETE_STRUCTURALLY_VALID_REQUIRED_WINDOWS
FDNI,N/A,false,true,false,true,true,,,0,0,T1-B0-S1-I1,INVALID_HEADER,0,0,0,false,false,,TEXT_CONTENT_INTEGRITY_NOT_AUDITED_M2_02;TABLE_MEMBER_MISSING,INCOMPLETE_STRUCTURALLY_VALID_REQUIRED_WINDOWS
FDRR,N/A,false,true,false,true,true,,,0,0,T1-B0-S1-I1,INVALID_HEADER,0,0,0,false,false,,TEXT_CONTENT_INTEGRITY_NOT_AUDITED_M2_02;TABLE_MEMBER_MISSING,INCOMPLETE_STRUCTURALLY_VALID_REQUIRED_WINDOWS
FDS,Financial Services,false,true,true,true,true,2000-03-31,2023-12-15,1240,1238,T1-B1-S1-I1,PASS_REQUIRED_WINDOWS,0,0,0,true,false,2361,TEXT_CONTENT_INTEGRITY_NOT_AUDITED_M2_02,NOT_SELECTED_BY_DETERMINISTIC_DIVERSITY_TIE_BREAK
FDT,N/A,false,true,false,true,true,,,0,0,T1-B0-S1-I1,INVALID_HEADER,0,0,0,false,false,,TEXT_CONTENT_INTEGRITY_NOT_AUDITED_M2_02;TABLE_MEMBER_MISSING,INCOMPLETE_STRUCTURALLY_VALID_REQUIRED_WINDOWS
FDTS,N/A,false,true,false,true,true,,,0,0,T1-B0-S1-I1,INVALID_HEADER,0,0,0,false,false,,TEXT_CONTENT_INTEGRITY_NOT_AUDITED_M2_02;TABLE_MEMBER_MISSING,INCOMPLETE_STRUCTURALLY_VALID_REQUIRED_WINDOWS
FDUS,Financial Services,false,true,true,true,true,2011-09-16,2023-12-15,642,640,T1-B1-S1-I1,PASS_REQUIRED_WINDOWS,0,0,0,true,false,1750,TEXT_CONTENT_INTEGRITY_NOT_AUDITED_M2_02,NOT_SELECTED_BY_DETERMINISTIC_DIVERSITY_TIE_BREAK
FDVV,N/A,false,true,false,true,true,,,0,0,T1-B0-S1-I1,INVALID_HEADER,0,0,0,false,false,,TEXT_CONTENT_INTEGRITY_NOT_AUDITED_M2_02;TABLE_MEMBER_MISSING,INCOMPLETE_STRUCTURALLY_VALID_REQUIRED_WINDOWS
FDX,Industrials,false,true,true,true,true,2000-03-31,2023-12-15,1240,1238,T1-B1-S1-I1,PASS_REQUIRED_WINDOWS,0,0,0,true,false,579,TEXT_CONTENT_INTEGRITY_NOT_AUDITED_M2_02,NOT_SELECTED_BY_DETERMINISTIC_DIVERSITY_TIE_BREAK
FEDU,Consumer Defensive,false,true,true,true,true,2018-02-09,2023-12-15,308,306,T1-B1-S1-I1,PASS_REQUIRED_WINDOWS,0,0,0,true,false,1921,TEXT_CONTENT_INTEGRITY_NOT_AUDITED_M2_02,NOT_SELECTED_BY_DETERMINISTIC_DIVERSITY_TIE_BREAK
FEIM,Technology,false,true,true,true,true,2000-03-31,2023-12-15,1240,1238,T1-B1-S1-I1,PASS_REQUIRED_WINDOWS,0,0,0,true,false,1172,TEXT_CONTENT_INTEGRITY_NOT_AUDITED_M2_02,NOT_SELECTED_BY_DETERMINISTIC_DIVERSITY_TIE_BREAK
FELE,Industrials,false,true,true,true,true,2000-03-31,2023-12-15,1240,1238,T1-B1-S1-I1,PASS_REQUIRED_WINDOWS,0,0,0,true,false,2521,TEXT_CONTENT_INTEGRITY_NOT_AUDITED_M2_02,NOT_SELECTED_BY_DETERMINISTIC_DIVERSITY_TIE_BREAK
FEM,N/A,false,true,false,true,true,,,0,0,T1-B0-S1-I1,INVALID_HEADER,0,0,0,false,false,,TEXT_CONTENT_INTEGRITY_NOT_AUDITED_M2_02;TABLE_MEMBER_MISSING,INCOMPLETE_STRUCTURALLY_VALID_REQUIRED_WINDOWS
FEMB,N/A,false,true,false,true,true,,,0,0,T1-B0-S1-I1,INVALID_HEADER,0,0,0,false,false,,TEXT_CONTENT_INTEGRITY_NOT_AUDITED_M2_02;TABLE_MEMBER_MISSING,INCOMPLETE_STRUCTURALLY_VALID_REQUIRED_WINDOWS
FEMS,N/A,false,true,false,true,true,,,0,0,T1-B0-S1-I1,INVALID_HEADER,0,0,0,false,false,,TEXT_CONTENT_INTEGRITY_NOT_AUDITED_M2_02;TABLE_MEMBER_MISSING,INCOMPLETE_STRUCTURALLY_VALID_REQUIRED_WINDOWS
FENC,Healthcare,false,true,true,true,true,2017-12-15,2023-12-15,316,314,T1-B1-S1-I1,PASS_REQUIRED_WINDOWS,0,0,0,true,false,2177,TEXT_CONTENT_INTEGRITY_NOT_AUDITED_M2_02,NOT_SELECTED_BY_DETERMINISTIC_DIVERSITY_TIE_BREAK
FENG,Communication Services,false,true,true,true,true,2011-08-12,2023-12-15,647,645,T1-B1-S1-I1,PASS_REQUIRED_WINDOWS,0,0,0,true,false,1243,TEXT_CONTENT_INTEGRITY_NOT_AUDITED_M2_02,NOT_SELECTED_BY_DETERMINISTIC_DIVERSITY_TIE_BREAK
FENY,N/A,false,true,false,true,true,,,0,0,T1-B0-S1-I1,INVALID_HEADER,0,0,0,false,false,,TEXT_CONTENT_INTEGRITY_NOT_AUDITED_M2_02;TABLE_MEMBER_MISSING,INCOMPLETE_STRUCTURALLY_VALID_REQUIRED_WINDOWS
FET,Energy,false,true,true,true,true,2012-07-13,2023-12-15,599,597,T1-B1-S1-I1,PASS_REQUIRED_WINDOWS,0,0,0,true,false,791,TEXT_CONTENT_INTEGRITY_NOT_AUDITED_M2_02,NOT_SELECTED_BY_DETERMINISTIC_DIVERSITY_TIE_BREAK
FEUZ,N/A,false,true,false,true,true,,,0,0,T1-B0-S1-I1,INVALID_HEADER,0,0,0,false,false,,TEXT_CONTENT_INTEGRITY_NOT_AUDITED_M2_02;TABLE_MEMBER_MISSING,INCOMPLETE_STRUCTURALLY_VALID_REQUIRED_WINDOWS
FEX,N/A,false,true,false,true,true,,,0,0,T1-B0-S1-I1,INVALID_HEADER,0,0,0,false,false,,TEXT_CONTENT_INTEGRITY_NOT_AUDITED_M2_02;TABLE_MEMBER_MISSING,INCOMPLETE_STRUCTURALLY_VALID_REQUIRED_WINDOWS
FEZ,N/A,false,true,false,true,true,,,0,0,T1-B0-S1-I1,INVALID_HEADER,0,0,0,false,false,,TEXT_CONTENT_INTEGRITY_NOT_AUDITED_M2_02;TABLE_MEMBER_MISSING,INCOMPLETE_STRUCTURALLY_VALID_REQUIRED_WINDOWS
FF,Basic Materials,false,true,true,true,true,2011-06-17,2023-12-15,655,653,T1-B1-S1-I1,PASS_REQUIRED_WINDOWS,0,0,0,true,false,2334,TEXT_CONTENT_INTEGRITY_NOT_AUDITED_M2_02,NOT_SELECTED_BY_DETERMINISTIC_DIVERSITY_TIE_BREAK
FFA,Financial Services,false,true,false,true,true,2004-11-26,2023-12-15,997,995,T1-B0-S1-I1,PASS_REQUIRED_WINDOWS,0,0,0,true,false,328,TEXT_CONTENT_INTEGRITY_NOT_AUDITED_M2_02;TABLE_MEMBER_MISSING,NOT_SELECTED_BY_DETERMINISTIC_DIVERSITY_TIE_BREAK
FFBC,Financial Services,false,true,true,true,true,2000-03-31,2023-12-15,1240,1238,T1-B1-S1-I1,PASS_REQUIRED_WINDOWS,0,0,0,true,false,1817,TEXT_CONTENT_INTEGRITY_NOT_AUDITED_M2_02,NOT_SELECTED_BY_DETERMINISTIC_DIVERSITY_TIE_BREAK
FFBW,Financial Services,false,true,true,true,true,,,0,0,T1-B1-S1-I1,INCOMPLETE_REQUIRED_WINDOWS,0,0,0,false,false,,TEXT_CONTENT_INTEGRITY_NOT_AUDITED_M2_02,INCOMPLETE_STRUCTURALLY_VALID_REQUIRED_WINDOWS
FFC,Financial Services,false,true,false,true,true,2003-05-02,2023-12-15,1079,1077,T1-B0-S1-I1,PASS_REQUIRED_WINDOWS,0,0,0,true,false,2381,TEXT_CONTENT_INTEGRITY_NOT_AUDITED_M2_02;TABLE_MEMBER_MISSING,NOT_SELECTED_BY_DETERMINISTIC_DIVERSITY_TIE_BREAK
FFEB,N/A,false,true,false,true,true,,,0,0,T1-B0-S1-I1,INVALID_HEADER,0,0,0,false,false,,TEXT_CONTENT_INTEGRITY_NOT_AUDITED_M2_02;TABLE_MEMBER_MISSING,INCOMPLETE_STRUCTURALLY_VALID_REQUIRED_WINDOWS
FFIC,Financial Services,false,true,true,true,true,2000-03-31,2023-12-15,1240,1238,T1-B1-S1-I1,PASS_REQUIRED_WINDOWS,0,0,0,true,false,37,TEXT_CONTENT_INTEGRITY_NOT_AUDITED_M2_02,NOT_SELECTED_BY_DETERMINISTIC_DIVERSITY_TIE_BREAK
FFIN,Financial Services,false,true,true,true,true,2000-03-31,2023-12-15,1240,1238,T1-B1-S1-I1,PASS_REQUIRED_WINDOWS,0,0,0,true,false,272,TEXT_CONTENT_INTEGRITY_NOT_AUDITED_M2_02,NOT_SELECTED_BY_DETERMINISTIC_DIVERSITY_TIE_BREAK
FFIU,N/A,false,true,false,true,true,,,0,0,T1-B0-S1-I1,INVALID_HEADER,0,0,0,false,false,,TEXT_CONTENT_INTEGRITY_NOT_AUDITED_M2_02;TABLE_MEMBER_MISSING,INCOMPLETE_STRUCTURALLY_VALID_REQUIRED_WINDOWS
FFIV,Technology,false,true,true,true,true,2000-03-31,2023-12-15,1240,1238,T1-B1-S1-I1,PASS_REQUIRED_WINDOWS,0,0,0,true,false,1769,TEXT_CONTENT_INTEGRITY_NOT_AUDITED_M2_02,NOT_SELECTED_BY_DETERMINISTIC_DIVERSITY_TIE_BREAK
FFNW,Financial Services,false,true,true,true,true,2008-01-11,2023-12-15,834,832,T1-B1-S1-I1,PASS_REQUIRED_WINDOWS,0,0,0,true,false,527,TEXT_CONTENT_INTEGRITY_NOT_AUDITED_M2_02,NOT_SELECTED_BY_DETERMINISTIC_DIVERSITY_TIE_BREAK
FFTY,N/A,false,true,false,true,true,,,0,0,T1-B0-S1-I1,INVALID_HEADER,0,0,0,false,false,,TEXT_CONTENT_INTEGRITY_NOT_AUDITED_M2_02;TABLE_MEMBER_MISSING,INCOMPLETE_STRUCTURALLY_VALID_REQUIRED_WINDOWS
FFWM,Financial Services,false,true,true,true,true,2015-01-30,2023-12-15,466,464,T1-B1-S1-I1,PASS_REQUIRED_WINDOWS,0,0,0,true,false,1231,TEXT_CONTENT_INTEGRITY_NOT_AUDITED_M2_02,NOT_SELECTED_BY_DETERMINISTIC_DIVERSITY_TIE_BREAK
FGB,Financial Services,false,true,false,true,true,2007-08-24,2023-12-15,854,852,T1-B0-S1-I1,PASS_REQUIRED_WINDOWS,0,0,0,true,false,755,TEXT_CONTENT_INTEGRITY_NOT_AUDITED_M2_02;TABLE_MEMBER_MISSING,NOT_SELECTED_BY_DETERMINISTIC_DIVERSITY_TIE_BREAK
FGBI,Financial Services,false,true,true,true,true,2012-11-09,2023-12-15,582,580,T1-B1-S1-I1,PASS_REQUIRED_WINDOWS,0,0,0,true,false,192,TEXT_CONTENT_INTEGRITY_NOT_AUDITED_M2_02,NOT_SELECTED_BY_DETERMINISTIC_DIVERSITY_TIE_BREAK
FGD,N/A,false,true,false,true,true,,,0,0,T1-B0-S1-I1,INVALID_HEADER,0,0,0,false,false,,TEXT_CONTENT_INTEGRITY_NOT_AUDITED_M2_02;TABLE_MEMBER_MISSING,INCOMPLETE_STRUCTURALLY_VALID_REQUIRED_WINDOWS
FGEN,Healthcare,false,true,true,true,true,2015-02-13,2023-12-15,464,462,T1-B1-S1-I1,PASS_REQUIRED_WINDOWS,0,0,0,true,false,2524,TEXT_CONTENT_INTEGRITY_NOT_AUDITED_M2_02,NOT_SELECTED_BY_DETERMINISTIC_DIVERSITY_TIE_BREAK
FGM,N/A,false,true,false,true,true,,,0,0,T1-B0-S1-I1,INVALID_HEADER,0,0,0,false,false,,TEXT_CONTENT_INTEGRITY_NOT_AUDITED_M2_02;TABLE_MEMBER_MISSING,INCOMPLETE_STRUCTURALLY_VALID_REQUIRED_WINDOWS
FHB,Financial Services,false,true,true,true,true,2016-11-04,2023-12-15,374,372,T1-B1-S1-I1,PASS_REQUIRED_WINDOWS,0,0,0,true,false,2364,TEXT_CONTENT_INTEGRITY_NOT_AUDITED_M2_02,NOT_SELECTED_BY_DETERMINISTIC_DIVERSITY_TIE_BREAK
FHI,Financial Services,false,true,true,true,true,2000-03-31,2023-12-15,1240,1238,T1-B1-S1-I1,PASS_REQUIRED_WINDOWS,0,0,0,true,false,1488,TEXT_CONTENT_INTEGRITY_NOT_AUDITED_M2_02,NOT_SELECTED_BY_DETERMINISTIC_DIVERSITY_TIE_BREAK
FHLC,N/A,false,true,false,true,true,,,0,0,T1-B0-S1-I1,INVALID_HEADER,0,0,0,false,false,,TEXT_CONTENT_INTEGRITY_NOT_AUDITED_M2_02;TABLE_MEMBER_MISSING,INCOMPLETE_STRUCTURALLY_VALID_REQUIRED_WINDOWS
FHN,Financial Services,false,true,true,true,true,2000-03-31,2023-12-15,1240,1238,T1-B1-S1-I1,PASS_REQUIRED_WINDOWS,0,0,0,true,false,1638,TEXT_CONTENT_INTEGRITY_NOT_AUDITED_M2_02,NOT_SELECTED_BY_DETERMINISTIC_DIVERSITY_TIE_BREAK
FI,Technology,false,true,true,true,true,2000-03-31,2023-12-15,1240,1238,T1-B1-S1-I1,PASS_REQUIRED_WINDOWS,0,0,0,true,false,2218,TEXT_CONTENT_INTEGRITY_NOT_AUDITED_M2_02,NOT_SELECTED_BY_DETERMINISTIC_DIVERSITY_TIE_BREAK
FIBK,Financial Services,false,true,true,true,true,2010-06-18,2023-12-15,707,705,T1-B1-S1-I1,PASS_REQUIRED_WINDOWS,0,0,0,true,false,198,TEXT_CONTENT_INTEGRITY_NOT_AUDITED_M2_02,NOT_SELECTED_BY_DETERMINISTIC_DIVERSITY_TIE_BREAK
FIBR,N/A,false,true,false,true,true,,,0,0,T1-B0-S1-I1,INVALID_HEADER,0,0,0,false,false,,TEXT_CONTENT_INTEGRITY_NOT_AUDITED_M2_02;TABLE_MEMBER_MISSING,INCOMPLETE_STRUCTURALLY_VALID_REQUIRED_WINDOWS
FICO,Technology,false,true,true,true,true,2000-03-31,2023-12-15,1240,1238,T1-B1-S1-I1,PASS_REQUIRED_WINDOWS,0,0,0,true,false,148,TEXT_CONTENT_INTEGRITY_NOT_AUDITED_M2_02,NOT_SELECTED_BY_DETERMINISTIC_DIVERSITY_TIE_BREAK
FID,N/A,false,true,false,true,true,,,0,0,T1-B0-S1-I1,INVALID_HEADER,0,0,0,false,false,,TEXT_CONTENT_INTEGRITY_NOT_AUDITED_M2_02;TABLE_MEMBER_MISSING,INCOMPLETE_STRUCTURALLY_VALID_REQUIRED_WINDOWS
FIDI,N/A,false,true,false,true,true,,,0,0,T1-B0-S1-I1,INVALID_HEADER,0,0,0,false,false,,TEXT_CONTENT_INTEGRITY_NOT_AUDITED_M2_02;TABLE_MEMBER_MISSING,INCOMPLETE_STRUCTURALLY_VALID_REQUIRED_WINDOWS
FIDU,N/A,false,true,false,true,true,,,0,0,T1-B0-S1-I1,INVALID_HEADER,0,0,0,false,false,,TEXT_CONTENT_INTEGRITY_NOT_AUDITED_M2_02;TABLE_MEMBER_MISSING,INCOMPLETE_STRUCTURALLY_VALID_REQUIRED_WINDOWS
FILL,N/A,false,true,false,true,true,,,0,0,T1-B0-S1-I1,INVALID_HEADER,0,0,0,false,false,,TEXT_CONTENT_INTEGRITY_NOT_AUDITED_M2_02;TABLE_MEMBER_MISSING,INCOMPLETE_STRUCTURALLY_VALID_REQUIRED_WINDOWS
FINS,Financial Services,false,true,false,true,true,2019-08-23,2023-12-15,228,226,T1-B0-S1-I1,PASS_REQUIRED_WINDOWS,0,0,0,true,false,2163,TEXT_CONTENT_INTEGRITY_NOT_AUDITED_M2_02;TABLE_MEMBER_MISSING,NOT_SELECTED_BY_DETERMINISTIC_DIVERSITY_TIE_BREAK
FINV,Financial Services,false,true,true,true,true,2018-02-09,2023-12-15,308,306,T1-B1-S1-I1,PASS_REQUIRED_WINDOWS,0,0,0,true,false,596,TEXT_CONTENT_INTEGRITY_NOT_AUDITED_M2_02,NOT_SELECTED_BY_DETERMINISTIC_DIVERSITY_TIE_BREAK
FINX,N/A,false,true,false,true,true,,,0,0,T1-B0-S1-I1,INVALID_HEADER,0,0,0,false,false,,TEXT_CONTENT_INTEGRITY_NOT_AUDITED_M2_02;TABLE_MEMBER_MISSING,INCOMPLETE_STRUCTURALLY_VALID_REQUIRED_WINDOWS
FIS,Technology,false,true,true,true,true,2001-09-21,2023-12-15,1163,1161,T1-B1-S1-I1,PASS_REQUIRED_WINDOWS,0,0,0,true,false,1541,TEXT_CONTENT_INTEGRITY_NOT_AUDITED_M2_02,NOT_SELECTED_BY_DETERMINISTIC_DIVERSITY_TIE_BREAK
FISK,Real Estate,false,true,true,true,true,2014-01-03,2023-12-15,522,520,T1-B1-S1-I1,PASS_REQUIRED_WINDOWS,0,0,0,true,false,2058,TEXT_CONTENT_INTEGRITY_NOT_AUDITED_M2_02,NOT_SELECTED_BY_DETERMINISTIC_DIVERSITY_TIE_BREAK
FISR,N/A,false,true,false,true,true,,,0,0,T1-B0-S1-I1,INVALID_HEADER,0,0,0,false,false,,TEXT_CONTENT_INTEGRITY_NOT_AUDITED_M2_02;TABLE_MEMBER_MISSING,INCOMPLETE_STRUCTURALLY_VALID_REQUIRED_WINDOWS
FITB,Financial Services,false,true,true,true,true,2000-03-31,2023-12-15,1240,1238,T1-B1-S1-I1,PASS_REQUIRED_WINDOWS,0,0,0,true,false,62,TEXT_CONTENT_INTEGRITY_NOT_AUDITED_M2_02,NOT_SELECTED_BY_DETERMINISTIC_DIVERSITY_TIE_BREAK
FITBI,Financial Services,false,true,true,true,true,2014-03-07,2023-12-15,513,511,T1-B1-S1-I1,PASS_REQUIRED_WINDOWS,0,0,0,true,false,626,TEXT_CONTENT_INTEGRITY_NOT_AUDITED_M2_02,NOT_SELECTED_BY_DETERMINISTIC_DIVERSITY_TIE_BREAK
FITBO,Financial Services,false,true,true,true,true,2019-12-13,2023-12-15,212,210,T1-B1-S1-I1,PASS_REQUIRED_WINDOWS,0,0,0,true,false,1259,TEXT_CONTENT_INTEGRITY_NOT_AUDITED_M2_02,NOT_SELECTED_BY_DETERMINISTIC_DIVERSITY_TIE_BREAK
FITBP,Financial Services,false,true,true,true,true,2019-11-22,2023-12-15,215,213,T1-B1-S1-I1,PASS_REQUIRED_WINDOWS,0,0,0,true,false,1956,TEXT_CONTENT_INTEGRITY_NOT_AUDITED_M2_02,NOT_SELECTED_BY_DETERMINISTIC_DIVERSITY_TIE_BREAK
FITE,N/A,false,true,false,true,true,,,0,0,T1-B0-S1-I1,INVALID_HEADER,0,0,0,false,false,,TEXT_CONTENT_INTEGRITY_NOT_AUDITED_M2_02;TABLE_MEMBER_MISSING,INCOMPLETE_STRUCTURALLY_VALID_REQUIRED_WINDOWS
FIVA,N/A,false,true,false,true,true,,,0,0,T1-B0-S1-I1,INVALID_HEADER,0,0,0,false,false,,TEXT_CONTENT_INTEGRITY_NOT_AUDITED_M2_02;TABLE_MEMBER_MISSING,INCOMPLETE_STRUCTURALLY_VALID_REQUIRED_WINDOWS
FIVE,Consumer Cyclical,false,true,true,true,true,2012-10-12,2023-12-15,586,584,T1-B1-S1-I1,PASS_REQUIRED_WINDOWS,0,0,0,true,false,1151,TEXT_CONTENT_INTEGRITY_NOT_AUDITED_M2_02,NOT_SELECTED_BY_DETERMINISTIC_DIVERSITY_TIE_BREAK
FIVG,N/A,false,true,false,true,true,,,0,0,T1-B0-S1-I1,INVALID_HEADER,0,0,0,false,false,,TEXT_CONTENT_INTEGRITY_NOT_AUDITED_M2_02;TABLE_MEMBER_MISSING,INCOMPLETE_STRUCTURALLY_VALID_REQUIRED_WINDOWS
FIVN,Technology,false,true,true,true,true,2014-07-03,2023-12-15,496,494,T1-B1-S1-I1,PASS_REQUIRED_WINDOWS,0,0,0,true,false,98,TEXT_CONTENT_INTEGRITY_NOT_AUDITED_M2_02,NOT_SELECTED_BY_DETERMINISTIC_DIVERSITY_TIE_BREAK
FIW,N/A,false,true,false,true,true,,,0,0,T1-B0-S1-I1,INVALID_HEADER,0,0,0,false,false,,TEXT_CONTENT_INTEGRITY_NOT_AUDITED_M2_02;TABLE_MEMBER_MISSING,INCOMPLETE_STRUCTURALLY_VALID_REQUIRED_WINDOWS
FIX,Industrials,false,true,true,true,true,2000-03-31,2023-12-15,1240,1238,T1-B1-S1-I1,PASS_REQUIRED_WINDOWS,0,0,0,true,false,209,TEXT_CONTENT_INTEGRITY_NOT_AUDITED_M2_02,NOT_SELECTED_BY_DETERMINISTIC_DIVERSITY_TIE_BREAK
FIXD,N/A,false,true,false,true,true,,,0,0,T1-B0-S1-I1,INVALID_HEADER,0,0,0,false,false,,TEXT_CONTENT_INTEGRITY_NOT_AUDITED_M2_02;TABLE_MEMBER_MISSING,INCOMPLETE_STRUCTURALLY_VALID_REQUIRED_WINDOWS
FIZZ,Consumer Defensive,false,true,true,true,true,2000-03-31,2023-12-15,1240,1238,T1-B1-S1-I1,PASS_REQUIRED_WINDOWS,0,0,0,true,false,1157,TEXT_CONTENT_INTEGRITY_NOT_AUDITED_M2_02,NOT_SELECTED_BY_DETERMINISTIC_DIVERSITY_TIE_BREAK
FJP,N/A,false,true,false,true,true,,,0,0,T1-B0-S1-I1,INVALID_HEADER,0,0,0,false,false,,TEXT_CONTENT_INTEGRITY_NOT_AUDITED_M2_02;TABLE_MEMBER_MISSING,INCOMPLETE_STRUCTURALLY_VALID_REQUIRED_WINDOWS
FJUN,N/A,false,true,false,true,true,,,0,0,T1-B0-S1-I1,INVALID_HEADER,0,0,0,false,false,,TEXT_CONTENT_INTEGRITY_NOT_AUDITED_M2_02;TABLE_MEMBER_MISSING,INCOMPLETE_STRUCTURALLY_VALID_REQUIRED_WINDOWS
FKU,N/A,false,true,false,true,true,,,0,0,T1-B0-S1-I1,INVALID_HEADER,0,0,0,false,false,,TEXT_CONTENT_INTEGRITY_NOT_AUDITED_M2_02;TABLE_MEMBER_MISSING,INCOMPLETE_STRUCTURALLY_VALID_REQUIRED_WINDOWS
FL,Consumer Cyclical,false,true,true,true,true,2000-03-31,2023-12-15,1240,1238,T1-B1-S1-I1,PASS_REQUIRED_WINDOWS,0,0,0,true,false,1606,TEXT_CONTENT_INTEGRITY_NOT_AUDITED_M2_02,NOT_SELECTED_BY_DETERMINISTIC_DIVERSITY_TIE_BREAK
FLAU,N/A,false,true,false,true,true,,,0,0,T1-B0-S1-I1,INVALID_HEADER,0,0,0,false,false,,TEXT_CONTENT_INTEGRITY_NOT_AUDITED_M2_02;TABLE_MEMBER_MISSING,INCOMPLETE_STRUCTURALLY_VALID_REQUIRED_WINDOWS
FLC,Financial Services,false,true,false,true,true,2003-11-21,2023-12-15,1050,1048,T1-B0-S1-I1,PASS_REQUIRED_WINDOWS,0,0,0,true,false,1576,TEXT_CONTENT_INTEGRITY_NOT_AUDITED_M2_02;TABLE_MEMBER_MISSING,NOT_SELECTED_BY_DETERMINISTIC_DIVERSITY_TIE_BREAK
FLCA,N/A,false,true,false,true,true,,,0,0,T1-B0-S1-I1,INVALID_HEADER,0,0,0,false,false,,TEXT_CONTENT_INTEGRITY_NOT_AUDITED_M2_02;TABLE_MEMBER_MISSING,INCOMPLETE_STRUCTURALLY_VALID_REQUIRED_WINDOWS
FLCB,N/A,false,true,false,true,true,,,0,0,T1-B0-S1-I1,INVALID_HEADER,0,0,0,false,false,,TEXT_CONTENT_INTEGRITY_NOT_AUDITED_M2_02;TABLE_MEMBER_MISSING,INCOMPLETE_STRUCTURALLY_VALID_REQUIRED_WINDOWS
FLEX,Technology,false,true,true,true,true,2000-03-31,2023-12-15,1240,1238,T1-B1-S1-I1,PASS_REQUIRED_WINDOWS,0,0,0,true,false,2063,TEXT_CONTENT_INTEGRITY_NOT_AUDITED_M2_02,NOT_SELECTED_BY_DETERMINISTIC_DIVERSITY_TIE_BREAK
FLIC,Financial Services,false,true,true,true,true,2000-03-31,2023-12-15,1240,1238,T1-B1-S1-I1,PASS_REQUIRED_WINDOWS,0,0,0,true,false,969,TEXT_CONTENT_INTEGRITY_NOT_AUDITED_M2_02,NOT_SELECTED_BY_DETERMINISTIC_DIVERSITY_TIE_BREAK
FLL,Consumer Cyclical,false,true,true,true,true,2000-03-31,2023-12-15,1240,1238,T1-B1-S1-I1,PASS_REQUIRED_WINDOWS,0,0,0,true,false,426,TEXT_CONTENT_INTEGRITY_NOT_AUDITED_M2_02,NOT_SELECTED_BY_DETERMINISTIC_DIVERSITY_TIE_BREAK
FLLV,N/A,false,true,false,true,true,,,0,0,T1-B0-S1-I1,INVALID_HEADER,0,0,0,false,false,,TEXT_CONTENT_INTEGRITY_NOT_AUDITED_M2_02;TABLE_MEMBER_MISSING,INCOMPLETE_STRUCTURALLY_VALID_REQUIRED_WINDOWS
FLN,N/A,false,true,false,true,true,,,0,0,T1-B0-S1-I1,INVALID_HEADER,0,0,0,false,false,,TEXT_CONTENT_INTEGRITY_NOT_AUDITED_M2_02;TABLE_MEMBER_MISSING,INCOMPLETE_STRUCTURALLY_VALID_REQUIRED_WINDOWS
FLNG,Energy,false,true,true,true,true,2019-09-13,2023-12-15,225,223,T1-B1-S1-I1,PASS_REQUIRED_WINDOWS,0,0,0,true,false,682,TEXT_CONTENT_INTEGRITY_NOT_AUDITED_M2_02,NOT_SELECTED_BY_DETERMINISTIC_DIVERSITY_TIE_BREAK
FLNT,Communication Services,false,true,true,true,true,2008-03-28,2023-12-15,823,821,T1-B1-S1-I1,PASS_REQUIRED_WINDOWS,0,0,0,true,false,1253,TEXT_CONTENT_INTEGRITY_NOT_AUDITED_M2_02,NOT_SELECTED_BY_DETERMINISTIC_DIVERSITY_TIE_BREAK
FLO,Consumer Defensive,false,true,true,true,true,2000-03-31,2023-12-15,1240,1238,T1-B1-S1-I1,PASS_REQUIRED_WINDOWS,0,0,0,true,false,2532,TEXT_CONTENT_INTEGRITY_NOT_AUDITED_M2_02,NOT_SELECTED_BY_DETERMINISTIC_DIVERSITY_TIE_BREAK
FLOT,N/A,false,true,false,true,true,,,0,0,T1-B0-S1-I1,INVALID_HEADER,0,0,0,false,false,,TEXT_CONTENT_INTEGRITY_NOT_AUDITED_M2_02;TABLE_MEMBER_MISSING,INCOMPLETE_STRUCTURALLY_VALID_REQUIRED_WINDOWS
FLQL,N/A,false,true,false,true,true,,,0,0,T1-B0-S1-I1,INVALID_HEADER,0,0,0,false,false,,TEXT_CONTENT_INTEGRITY_NOT_AUDITED_M2_02;TABLE_MEMBER_MISSING,INCOMPLETE_STRUCTURALLY_VALID_REQUIRED_WINDOWS
FLQM,N/A,false,true,false,true,true,,,0,0,T1-B0-S1-I1,INVALID_HEADER,0,0,0,false,false,,TEXT_CONTENT_INTEGRITY_NOT_AUDITED_M2_02;TABLE_MEMBER_MISSING,INCOMPLETE_STRUCTURALLY_VALID_REQUIRED_WINDOWS
FLQS,N/A,false,true,false,true,true,,,0,0,T1-B0-S1-I1,INVALID_HEADER,0,0,0,false,false,,TEXT_CONTENT_INTEGRITY_NOT_AUDITED_M2_02;TABLE_MEMBER_MISSING,INCOMPLETE_STRUCTURALLY_VALID_REQUIRED_WINDOWS
FLR,Industrials,false,true,true,true,true,2001-03-02,2023-12-15,1192,1190,T1-B1-S1-I1,PASS_REQUIRED_WINDOWS,0,0,0,true,false,1636,TEXT_CONTENT_INTEGRITY_NOT_AUDITED_M2_02,NOT_SELECTED_BY_DETERMINISTIC_DIVERSITY_TIE_BREAK
FLS,Industrials,false,true,true,true,true,2000-03-31,2023-12-15,1240,1238,T1-B1-S1-I1,PASS_REQUIRED_WINDOWS,0,0,0,true,false,2027,TEXT_CONTENT_INTEGRITY_NOT_AUDITED_M2_02,NOT_SELECTED_BY_DETERMINISTIC_DIVERSITY_TIE_BREAK
FLTR,N/A,false,true,false,true,true,,,0,0,T1-B0-S1-I1,INVALID_HEADER,0,0,0,false,false,,TEXT_CONTENT_INTEGRITY_NOT_AUDITED_M2_02;TABLE_MEMBER_MISSING,INCOMPLETE_STRUCTURALLY_VALID_REQUIRED_WINDOWS
FLV,N/A,false,true,false,true,true,,,0,0,T1-B0-S1-I1,INVALID_HEADER,0,0,0,false,false,,TEXT_CONTENT_INTEGRITY_NOT_AUDITED_M2_02;TABLE_MEMBER_MISSING,INCOMPLETE_STRUCTURALLY_VALID_REQUIRED_WINDOWS
FLWS,Consumer Cyclical,false,true,true,true,true,2000-03-31,2023-12-15,1240,1238,T1-B1-S1-I1,PASS_REQUIRED_WINDOWS,0,0,0,true,false,584,TEXT_CONTENT_INTEGRITY_NOT_AUDITED_M2_02,NOT_SELECTED_BY_DETERMINISTIC_DIVERSITY_TIE_BREAK
FLXS,Consumer Cyclical,false,true,true,true,true,2000-03-31,2023-12-15,1240,1238,T1-B1-S1-I1,PASS_REQUIRED_WINDOWS,0,0,0,true,false,2376,TEXT_CONTENT_INTEGRITY_NOT_AUDITED_M2_02,NOT_SELECTED_BY_DETERMINISTIC_DIVERSITY_TIE_BREAK
FM,N/A,false,true,false,true,true,,,0,0,T1-B0-S1-I1,INVALID_HEADER,0,0,0,false,false,,TEXT_CONTENT_INTEGRITY_NOT_AUDITED_M2_02;TABLE_MEMBER_MISSING,INCOMPLETE_STRUCTURALLY_VALID_REQUIRED_WINDOWS
FMB,N/A,false,true,false,true,true,,,0,0,T1-B0-S1-I1,INVALID_HEADER,0,0,0,false,false,,TEXT_CONTENT_INTEGRITY_NOT_AUDITED_M2_02;TABLE_MEMBER_MISSING,INCOMPLETE_STRUCTURALLY_VALID_REQUIRED_WINDOWS
FMBH,Financial Services,false,true,true,true,true,2000-03-31,2023-12-15,1240,1238,T1-B1-S1-I1,PASS_REQUIRED_WINDOWS,0,0,0,true,false,1967,TEXT_CONTENT_INTEGRITY_NOT_AUDITED_M2_02,NOT_SELECTED_BY_DETERMINISTIC_DIVERSITY_TIE_BREAK
FMC,Basic Materials,false,true,true,true,true,2000-03-31,2023-12-15,1240,1238,T1-B1-S1-I1,PASS_REQUIRED_WINDOWS,0,0,0,true,false,393,TEXT_CONTENT_INTEGRITY_NOT_AUDITED_M2_02,NOT_SELECTED_BY_DETERMINISTIC_DIVERSITY_TIE_BREAK
FMF,N/A,false,true,false,true,true,,,0,0,T1-B0-S1-I1,INVALID_HEADER,0,0,0,false,false,,TEXT_CONTENT_INTEGRITY_NOT_AUDITED_M2_02;TABLE_MEMBER_MISSING,INCOMPLETE_STRUCTURALLY_VALID_REQUIRED_WINDOWS
FMN,Financial Services,false,true,false,true,true,2003-03-21,2023-12-15,1085,1083,T1-B0-S1-I1,PASS_REQUIRED_WINDOWS,0,0,0,true,false,52,TEXT_CONTENT_INTEGRITY_NOT_AUDITED_M2_02;TABLE_MEMBER_MISSING,NOT_SELECTED_BY_DETERMINISTIC_DIVERSITY_TIE_BREAK
FMNB,Financial Services,false,true,true,true,true,2000-03-31,2023-12-15,1240,1238,T1-B1-S1-I1,PASS_REQUIRED_WINDOWS,0,0,0,true,false,2495,TEXT_CONTENT_INTEGRITY_NOT_AUDITED_M2_02,NOT_SELECTED_BY_DETERMINISTIC_DIVERSITY_TIE_BREAK
FMS,Healthcare,false,true,true,true,true,2000-03-31,2023-12-15,1240,1238,T1-B1-S1-I1,PASS_REQUIRED_WINDOWS,0,0,0,true,false,2660,TEXT_CONTENT_INTEGRITY_NOT_AUDITED_M2_02,NOT_SELECTED_BY_DETERMINISTIC_DIVERSITY_TIE_BREAK
FMX,Consumer Defensive,false,true,true,true,true,2000-03-31,2023-12-15,1240,1238,T1-B1-S1-I1,PASS_REQUIRED_WINDOWS,0,0,0,true,false,2915,TEXT_CONTENT_INTEGRITY_NOT_AUDITED_M2_02,NOT_SELECTED_BY_DETERMINISTIC_DIVERSITY_TIE_BREAK
FN,Technology,false,true,true,true,true,2010-09-24,2023-12-15,693,691,T1-B1-S1-I1,PASS_REQUIRED_WINDOWS,0,0,0,true,false,1508,TEXT_CONTENT_INTEGRITY_NOT_AUDITED_M2_02,NOT_SELECTED_BY_DETERMINISTIC_DIVERSITY_TIE_BREAK
FNB,Financial Services,false,true,true,true,true,2000-03-31,2023-12-15,1240,1238,T1-B1-S1-I1,PASS_REQUIRED_WINDOWS,0,0,0,true,false,96,TEXT_CONTENT_INTEGRITY_NOT_AUDITED_M2_02,NOT_SELECTED_BY_DETERMINISTIC_DIVERSITY_TIE_BREAK
FNCL,N/A,false,true,false,true,true,,,0,0,T1-B0-S1-I1,INVALID_HEADER,0,0,0,false,false,,TEXT_CONTENT_INTEGRITY_NOT_AUDITED_M2_02;TABLE_MEMBER_MISSING,INCOMPLETE_STRUCTURALLY_VALID_REQUIRED_WINDOWS
FND,Consumer Cyclical,false,true,true,true,true,2017-07-28,2023-12-15,336,334,T1-B1-S1-I1,PASS_REQUIRED_WINDOWS,0,0,0,true,false,1824,TEXT_CONTENT_INTEGRITY_NOT_AUDITED_M2_02,NOT_SELECTED_BY_DETERMINISTIC_DIVERSITY_TIE_BREAK
FNDA,N/A,false,true,false,true,true,,,0,0,T1-B0-S1-I1,INVALID_HEADER,0,0,0,false,false,,TEXT_CONTENT_INTEGRITY_NOT_AUDITED_M2_02;TABLE_MEMBER_MISSING,INCOMPLETE_STRUCTURALLY_VALID_REQUIRED_WINDOWS
FNDB,N/A,false,true,false,true,true,,,0,0,T1-B0-S1-I1,INVALID_HEADER,0,0,0,false,false,,TEXT_CONTENT_INTEGRITY_NOT_AUDITED_M2_02;TABLE_MEMBER_MISSING,INCOMPLETE_STRUCTURALLY_VALID_REQUIRED_WINDOWS
FNDC,N/A,false,true,false,true,true,,,0,0,T1-B0-S1-I1,INVALID_HEADER,0,0,0,false,false,,TEXT_CONTENT_INTEGRITY_NOT_AUDITED_M2_02;TABLE_MEMBER_MISSING,INCOMPLETE_STRUCTURALLY_VALID_REQUIRED_WINDOWS
FNDE,N/A,false,true,false,true,true,,,0,0,T1-B0-S1-I1,INVALID_HEADER,0,0,0,false,false,,TEXT_CONTENT_INTEGRITY_NOT_AUDITED_M2_02;TABLE_MEMBER_MISSING,INCOMPLETE_STRUCTURALLY_VALID_REQUIRED_WINDOWS
FNDX,N/A,false,true,false,true,true,,,0,0,T1-B0-S1-I1,INVALID_HEADER,0,0,0,false,false,,TEXT_CONTENT_INTEGRITY_NOT_AUDITED_M2_02;TABLE_MEMBER_MISSING,INCOMPLETE_STRUCTURALLY_VALID_REQUIRED_WINDOWS
FNF,Financial Services,false,true,true,true,true,2006-01-13,2023-12-15,938,936,T1-B1-S1-I1,PASS_REQUIRED_WINDOWS,0,0,0,true,false,1771,TEXT_CONTENT_INTEGRITY_NOT_AUDITED_M2_02,NOT_SELECTED_BY_DETERMINISTIC_DIVERSITY_TIE_BREAK
FNGD,N/A,false,true,true,true,true,,,0,0,T1-B1-S1-I1,INVALID_HEADER,0,0,0,false,false,,TEXT_CONTENT_INTEGRITY_NOT_AUDITED_M2_02,INCOMPLETE_STRUCTURALLY_VALID_REQUIRED_WINDOWS
FNGO,N/A,false,true,true,true,true,,,0,0,T1-B1-S1-I1,INVALID_HEADER,0,0,0,false,false,,TEXT_CONTENT_INTEGRITY_NOT_AUDITED_M2_02,INCOMPLETE_STRUCTURALLY_VALID_REQUIRED_WINDOWS
FNGS,N/A,false,true,true,true,true,,,0,0,T1-B1-S1-I1,INVALID_HEADER,0,0,0,false,false,,TEXT_CONTENT_INTEGRITY_NOT_AUDITED_M2_02,INCOMPLETE_STRUCTURALLY_VALID_REQUIRED_WINDOWS
FNGU,N/A,false,true,false,true,true,,,0,0,T1-B0-S1-I1,INVALID_HEADER,0,0,0,false,false,,TEXT_CONTENT_INTEGRITY_NOT_AUDITED_M2_02;TABLE_MEMBER_MISSING,INCOMPLETE_STRUCTURALLY_VALID_REQUIRED_WINDOWS
FNK,N/A,false,true,false,true,true,,,0,0,T1-B0-S1-I1,INVALID_HEADER,0,0,0,false,false,,TEXT_CONTENT_INTEGRITY_NOT_AUDITED_M2_02;TABLE_MEMBER_MISSING,INCOMPLETE_STRUCTURALLY_VALID_REQUIRED_WINDOWS
FNKO,Consumer Cyclical,false,true,true,true,true,2018-02-02,2023-12-15,309,307,T1-B1-S1-I1,PASS_REQUIRED_WINDOWS,0,0,0,true,false,1241,TEXT_CONTENT_INTEGRITY_NOT_AUDITED_M2_02,NOT_SELECTED_BY_DETERMINISTIC_DIVERSITY_TIE_BREAK
FNLC,Financial Services,false,true,true,true,true,2000-03-31,2023-12-15,1240,1238,T1-B1-S1-I1,PASS_REQUIRED_WINDOWS,0,0,0,true,false,2836,TEXT_CONTENT_INTEGRITY_NOT_AUDITED_M2_02,NOT_SELECTED_BY_DETERMINISTIC_DIVERSITY_TIE_BREAK
FNV,Basic Materials,false,true,true,true,true,2008-03-07,2023-12-15,826,824,T1-B1-S1-I1,PASS_REQUIRED_WINDOWS,0,0,0,true,false,2571,TEXT_CONTENT_INTEGRITY_NOT_AUDITED_M2_02,NOT_SELECTED_BY_DETERMINISTIC_DIVERSITY_TIE_BREAK
FNWB,Financial Services,false,true,true,true,true,2015-05-01,2023-12-15,453,451,T1-B1-S1-I1,PASS_REQUIRED_WINDOWS,0,0,0,true,false,391,TEXT_CONTENT_INTEGRITY_NOT_AUDITED_M2_02,NOT_SELECTED_BY_DETERMINISTIC_DIVERSITY_TIE_BREAK
FNX,N/A,false,true,false,true,true,,,0,0,T1-B0-S1-I1,INVALID_HEADER,0,0,0,false,false,,TEXT_CONTENT_INTEGRITY_NOT_AUDITED_M2_02;TABLE_MEMBER_MISSING,INCOMPLETE_STRUCTURALLY_VALID_REQUIRED_WINDOWS
FOF,Financial Services,false,true,false,true,true,2007-03-02,2023-12-15,879,877,T1-B0-S1-I1,PASS_REQUIRED_WINDOWS,0,0,0,true,false,1441,TEXT_CONTENT_INTEGRITY_NOT_AUDITED_M2_02;TABLE_MEMBER_MISSING,NOT_SELECTED_BY_DETERMINISTIC_DIVERSITY_TIE_BREAK
FOLD,Healthcare,false,true,true,true,true,2007-08-24,2023-12-15,854,852,T1-B1-S1-I1,PASS_REQUIRED_WINDOWS,0,0,0,true,false,1739,TEXT_CONTENT_INTEGRITY_NOT_AUDITED_M2_02,NOT_SELECTED_BY_DETERMINISTIC_DIVERSITY_TIE_BREAK
FONR,Healthcare,false,true,true,true,true,2000-03-31,2023-12-15,1240,1238,T1-B1-S1-I1,PASS_REQUIRED_WINDOWS,0,0,0,true,false,1282,TEXT_CONTENT_INTEGRITY_NOT_AUDITED_M2_02,NOT_SELECTED_BY_DETERMINISTIC_DIVERSITY_TIE_BREAK
FOR,Real Estate,false,true,true,true,true,2008-03-14,2023-12-15,825,823,T1-B1-S1-I1,PASS_REQUIRED_WINDOWS,0,0,0,true,false,1768,TEXT_CONTENT_INTEGRITY_NOT_AUDITED_M2_02,NOT_SELECTED_BY_DETERMINISTIC_DIVERSITY_TIE_BREAK
FORD,Consumer Cyclical,false,true,true,true,true,2000-03-31,2023-12-15,1240,1238,T1-B1-S1-I1,PASS_REQUIRED_WINDOWS,0,0,0,true,false,2675,TEXT_CONTENT_INTEGRITY_NOT_AUDITED_M2_02,NOT_SELECTED_BY_DETERMINISTIC_DIVERSITY_TIE_BREAK
FORM,Technology,false,true,true,true,true,2003-09-12,2023-12-15,1060,1058,T1-B1-S1-I1,PASS_REQUIRED_WINDOWS,0,0,0,true,false,440,TEXT_CONTENT_INTEGRITY_NOT_AUDITED_M2_02,NOT_SELECTED_BY_DETERMINISTIC_DIVERSITY_TIE_BREAK
FORR,Industrials,false,true,true,true,true,2000-03-31,2023-12-15,1240,1238,T1-B1-S1-I1,PASS_REQUIRED_WINDOWS,0,0,0,true,false,2750,TEXT_CONTENT_INTEGRITY_NOT_AUDITED_M2_02,NOT_SELECTED_BY_DETERMINISTIC_DIVERSITY_TIE_BREAK
FORTY,Technology,false,true,true,true,true,2000-03-31,2023-12-15,1240,1238,T1-B1-S1-I1,PASS_REQUIRED_WINDOWS,0,0,0,true,false,784,TEXT_CONTENT_INTEGRITY_NOT_AUDITED_M2_02,NOT_SELECTED_BY_DETERMINISTIC_DIVERSITY_TIE_BREAK
FOSL,Consumer Cyclical,false,true,true,true,true,2000-03-31,2023-12-15,1240,1238,T1-B1-S1-I1,PASS_REQUIRED_WINDOWS,0,0,0,true,false,797,TEXT_CONTENT_INTEGRITY_NOT_AUDITED_M2_02,NOT_SELECTED_BY_DETERMINISTIC_DIVERSITY_TIE_BREAK
FOUR,Technology,false,true,true,true,true,2020-09-04,2023-12-15,174,172,T1-B1-S1-I1,PASS_REQUIRED_WINDOWS,0,0,0,true,false,2490,TEXT_CONTENT_INTEGRITY_NOT_AUDITED_M2_02,NOT_SELECTED_BY_DETERMINISTIC_DIVERSITY_TIE_BREAK
FOX,Communication Services,false,true,true,true,true,2019-06-07,2023-12-15,239,237,T1-B1-S1-I1,PASS_REQUIRED_WINDOWS,0,0,0,true,false,1962,TEXT_CONTENT_INTEGRITY_NOT_AUDITED_M2_02,NOT_SELECTED_BY_DETERMINISTIC_DIVERSITY_TIE_BREAK
FOXA,Communication Services,false,true,true,true,true,2019-06-07,2023-12-15,239,237,T1-B1-S1-I1,PASS_REQUIRED_WINDOWS,0,0,0,true,false,430,TEXT_CONTENT_INTEGRITY_NOT_AUDITED_M2_02,NOT_SELECTED_BY_DETERMINISTIC_DIVERSITY_TIE_BREAK
FPA,N/A,false,true,false,true,true,,,0,0,T1-B0-S1-I1,INVALID_HEADER,0,0,0,false,false,,TEXT_CONTENT_INTEGRITY_NOT_AUDITED_M2_02;TABLE_MEMBER_MISSING,INCOMPLETE_STRUCTURALLY_VALID_REQUIRED_WINDOWS
FPAY,Industrials,false,true,true,true,true,2010-07-02,2023-12-15,705,703,T1-B1-S1-I1,PASS_REQUIRED_WINDOWS,0,0,0,true,false,2182,TEXT_CONTENT_INTEGRITY_NOT_AUDITED_M2_02,NOT_SELECTED_BY_DETERMINISTIC_DIVERSITY_TIE_BREAK
FPE,N/A,false,true,false,true,true,,,0,0,T1-B0-S1-I1,INVALID_HEADER,0,0,0,false,false,,TEXT_CONTENT_INTEGRITY_NOT_AUDITED_M2_02;TABLE_MEMBER_MISSING,INCOMPLETE_STRUCTURALLY_VALID_REQUIRED_WINDOWS
FPF,Financial Services,false,true,false,true,true,2013-08-23,2023-12-15,541,539,T1-B0-S1-I1,PASS_REQUIRED_WINDOWS,0,0,0,true,false,2183,TEXT_CONTENT_INTEGRITY_NOT_AUDITED_M2_02;TABLE_MEMBER_MISSING,NOT_SELECTED_BY_DETERMINISTIC_DIVERSITY_TIE_BREAK
FPI,Real Estate,false,true,true,true,true,2014-07-11,2023-12-15,495,493,T1-B1-S1-I1,PASS_REQUIRED_WINDOWS,0,0,0,true,false,2169,TEXT_CONTENT_INTEGRITY_NOT_AUDITED_M2_02,NOT_SELECTED_BY_DETERMINISTIC_DIVERSITY_TIE_BREAK
FPX,N/A,false,true,false,true,true,,,0,0,T1-B0-S1-I1,INVALID_HEADER,0,0,0,false,false,,TEXT_CONTENT_INTEGRITY_NOT_AUDITED_M2_02;TABLE_MEMBER_MISSING,INCOMPLETE_STRUCTURALLY_VALID_REQUIRED_WINDOWS
FPXI,N/A,false,true,false,true,true,,,0,0,T1-B0-S1-I1,INVALID_HEADER,0,0,0,false,false,,TEXT_CONTENT_INTEGRITY_NOT_AUDITED_M2_02;TABLE_MEMBER_MISSING,INCOMPLETE_STRUCTURALLY_VALID_REQUIRED_WINDOWS
FR,Real Estate,false,true,true,true,true,2000-03-31,2023-12-15,1240,1238,T1-B1-S1-I1,PASS_REQUIRED_WINDOWS,0,0,0,true,false,1339,TEXT_CONTENT_INTEGRITY_NOT_AUDITED_M2_02,NOT_SELECTED_BY_DETERMINISTIC_DIVERSITY_TIE_BREAK
FRA,Financial Services,false,true,false,true,true,2004-01-30,2023-12-15,1040,1038,T1-B0-S1-I1,PASS_REQUIRED_WINDOWS,0,0,0,true,false,1637,TEXT_CONTENT_INTEGRITY_NOT_AUDITED_M2_02;TABLE_MEMBER_MISSING,NOT_SELECTED_BY_DETERMINISTIC_DIVERSITY_TIE_BREAK
FRAF,Financial Services,false,true,true,true,true,2000-03-31,2023-12-15,1240,1238,T1-B1-S1-I1,PASS_REQUIRED_WINDOWS,0,0,0,true,false,1773,TEXT_CONTENT_INTEGRITY_NOT_AUDITED_M2_02,NOT_SELECTED_BY_DETERMINISTIC_DIVERSITY_TIE_BREAK
FRBA,Financial Services,false,true,false,true,true,2011-01-14,2023-12-15,677,675,T1-B0-S1-I1,PASS_REQUIRED_WINDOWS,0,0,0,true,false,2823,TEXT_CONTENT_INTEGRITY_NOT_AUDITED_M2_02;TABLE_MEMBER_MISSING,NOT_SELECTED_BY_DETERMINISTIC_DIVERSITY_TIE_BREAK
FRD,Basic Materials,false,true,true,true,true,2000-03-31,2023-12-15,1240,1238,T1-B1-S1-I1,PASS_REQUIRED_WINDOWS,0,0,0,true,false,2898,TEXT_CONTENT_INTEGRITY_NOT_AUDITED_M2_02,NOT_SELECTED_BY_DETERMINISTIC_DIVERSITY_TIE_BREAK
FRDM,N/A,false,true,false,true,true,,,0,0,T1-B0-S1-I1,INVALID_HEADER,0,0,0,false,false,,TEXT_CONTENT_INTEGRITY_NOT_AUDITED_M2_02;TABLE_MEMBER_MISSING,INCOMPLETE_STRUCTURALLY_VALID_REQUIRED_WINDOWS
FREL,N/A,false,true,false,true,true,,,0,0,T1-B0-S1-I1,INVALID_HEADER,0,0,0,false,false,,TEXT_CONTENT_INTEGRITY_NOT_AUDITED_M2_02;TABLE_MEMBER_MISSING,INCOMPLETE_STRUCTURALLY_VALID_REQUIRED_WINDOWS
FRHC,Financial Services,false,true,true,true,true,2018-05-04,2023-12-15,296,294,T1-B1-S1-I1,PASS_REQUIRED_WINDOWS,0,0,0,true,false,2008,TEXT_CONTENT_INTEGRITY_NOT_AUDITED_M2_02,NOT_SELECTED_BY_DETERMINISTIC_DIVERSITY_TIE_BREAK
FRI,N/A,false,true,false,true,true,,,0,0,T1-B0-S1-I1,INVALID_HEADER,0,0,0,false,false,,TEXT_CONTENT_INTEGRITY_NOT_AUDITED_M2_02;TABLE_MEMBER_MISSING,INCOMPLETE_STRUCTURALLY_VALID_REQUIRED_WINDOWS
FRME,Financial Services,false,true,true,true,true,2000-03-31,2023-12-15,1240,1238,T1-B1-S1-I1,PASS_REQUIRED_WINDOWS,0,0,0,true,false,588,TEXT_CONTENT_INTEGRITY_NOT_AUDITED_M2_02,NOT_SELECTED_BY_DETERMINISTIC_DIVERSITY_TIE_BREAK
FRO,Energy,false,true,true,true,true,2001-11-09,2023-12-15,1156,1154,T1-B1-S1-I1,PASS_REQUIRED_WINDOWS,0,0,0,true,false,2554,TEXT_CONTENT_INTEGRITY_NOT_AUDITED_M2_02,NOT_SELECTED_BY_DETERMINISTIC_DIVERSITY_TIE_BREAK
FRPH,Real Estate,false,true,true,true,true,2000-03-31,2023-12-15,1240,1238,T1-B1-S1-I1,PASS_REQUIRED_WINDOWS,0,0,0,true,false,287,TEXT_CONTENT_INTEGRITY_NOT_AUDITED_M2_02,NOT_SELECTED_BY_DETERMINISTIC_DIVERSITY_TIE_BREAK
FRPT,Consumer Defensive,false,true,true,true,true,2015-02-06,2023-12-15,465,463,T1-B1-S1-I1,PASS_REQUIRED_WINDOWS,0,0,0,true,false,2824,TEXT_CONTENT_INTEGRITY_NOT_AUDITED_M2_02,NOT_SELECTED_BY_DETERMINISTIC_DIVERSITY_TIE_BREAK
FRSX,Consumer Cyclical,false,true,true,true,true,2017-09-15,2023-12-15,329,327,T1-B1-S1-I1,PASS_REQUIRED_WINDOWS,0,0,0,true,false,2631,TEXT_CONTENT_INTEGRITY_NOT_AUDITED_M2_02,NOT_SELECTED_BY_DETERMINISTIC_DIVERSITY_TIE_BREAK
FRT,Real Estate,false,true,true,true,true,2000-03-31,2023-12-15,1240,1238,T1-B1-S1-I1,PASS_REQUIRED_WINDOWS,0,0,0,true,false,1365,TEXT_CONTENT_INTEGRITY_NOT_AUDITED_M2_02,NOT_SELECTED_BY_DETERMINISTIC_DIVERSITY_TIE_BREAK
FSBW,Financial Services,false,true,true,true,true,2012-10-05,2023-12-15,587,585,T1-B1-S1-I1,PASS_REQUIRED_WINDOWS,0,0,0,true,false,1810,TEXT_CONTENT_INTEGRITY_NOT_AUDITED_M2_02,NOT_SELECTED_BY_DETERMINISTIC_DIVERSITY_TIE_BREAK
FSFG,Financial Services,false,true,true,true,true,2009-01-09,2023-12-15,782,780,T1-B1-S1-I1,PASS_REQUIRED_WINDOWS,0,0,0,true,false,435,TEXT_CONTENT_INTEGRITY_NOT_AUDITED_M2_02,NOT_SELECTED_BY_DETERMINISTIC_DIVERSITY_TIE_BREAK
FSI,Basic Materials,false,true,true,true,true,2000-03-31,2023-12-15,1240,1238,T1-B1-S1-I1,PASS_REQUIRED_WINDOWS,0,0,0,true,false,2043,TEXT_CONTENT_INTEGRITY_NOT_AUDITED_M2_02,NOT_SELECTED_BY_DETERMINISTIC_DIVERSITY_TIE_BREAK
FSK,Financial Services,false,true,true,true,true,2014-07-18,2023-12-15,494,492,T1-B1-S1-I1,PASS_REQUIRED_WINDOWS,0,0,0,true,false,2905,TEXT_CONTENT_INTEGRITY_NOT_AUDITED_M2_02,NOT_SELECTED_BY_DETERMINISTIC_DIVERSITY_TIE_BREAK
FSLR,Technology,false,true,true,true,true,2007-02-16,2023-12-15,881,879,T1-B1-S1-I1,PASS_REQUIRED_WINDOWS,0,0,0,true,false,2308,TEXT_CONTENT_INTEGRITY_NOT_AUDITED_M2_02,NOT_SELECTED_BY_DETERMINISTIC_DIVERSITY_TIE_BREAK
FSLY,Technology,false,true,true,true,true,2019-08-16,2023-12-15,229,227,T1-B1-S1-I1,PASS_REQUIRED_WINDOWS,0,0,0,true,false,2773,TEXT_CONTENT_INTEGRITY_NOT_AUDITED_M2_02,NOT_SELECTED_BY_DETERMINISTIC_DIVERSITY_TIE_BREAK
FSM,Basic Materials,false,true,true,true,true,2007-04-05,2023-12-15,874,872,T1-B1-S1-I1,PASS_REQUIRED_WINDOWS,0,0,0,true,false,1343,TEXT_CONTENT_INTEGRITY_NOT_AUDITED_M2_02,NOT_SELECTED_BY_DETERMINISTIC_DIVERSITY_TIE_BREAK
FSMB,N/A,false,true,false,true,true,,,0,0,T1-B0-S1-I1,INVALID_HEADER,0,0,0,false,false,,TEXT_CONTENT_INTEGRITY_NOT_AUDITED_M2_02;TABLE_MEMBER_MISSING,INCOMPLETE_STRUCTURALLY_VALID_REQUIRED_WINDOWS
FSP,Real Estate,false,true,true,true,true,2005-08-26,2023-12-15,958,956,T1-B1-S1-I1,PASS_REQUIRED_WINDOWS,0,0,0,true,false,482,TEXT_CONTENT_INTEGRITY_NOT_AUDITED_M2_02,NOT_SELECTED_BY_DETERMINISTIC_DIVERSITY_TIE_BREAK
FSS,Industrials,false,true,true,true,true,2000-03-31,2023-12-15,1240,1238,T1-B1-S1-I1,PASS_REQUIRED_WINDOWS,0,0,0,true,false,455,TEXT_CONTENT_INTEGRITY_NOT_AUDITED_M2_02,NOT_SELECTED_BY_DETERMINISTIC_DIVERSITY_TIE_BREAK
FSTA,N/A,false,true,false,true,true,,,0,0,T1-B0-S1-I1,INVALID_HEADER,0,0,0,false,false,,TEXT_CONTENT_INTEGRITY_NOT_AUDITED_M2_02;TABLE_MEMBER_MISSING,INCOMPLETE_STRUCTURALLY_VALID_REQUIRED_WINDOWS
FSTR,Industrials,false,true,true,true,true,2000-03-31,2023-12-15,1240,1238,T1-B1-S1-I1,PASS_REQUIRED_WINDOWS,0,0,0,true,false,2076,TEXT_CONTENT_INTEGRITY_NOT_AUDITED_M2_02,NOT_SELECTED_BY_DETERMINISTIC_DIVERSITY_TIE_BREAK
FSV,Real Estate,false,true,true,true,true,2015-08-28,2023-12-15,436,434,T1-B1-S1-I1,PASS_REQUIRED_WINDOWS,0,0,0,true,false,2141,TEXT_CONTENT_INTEGRITY_NOT_AUDITED_M2_02,NOT_SELECTED_BY_DETERMINISTIC_DIVERSITY_TIE_BREAK
FSZ,N/A,false,true,false,true,true,,,0,0,T1-B0-S1-I1,INVALID_HEADER,0,0,0,false,false,,TEXT_CONTENT_INTEGRITY_NOT_AUDITED_M2_02;TABLE_MEMBER_MISSING,INCOMPLETE_STRUCTURALLY_VALID_REQUIRED_WINDOWS
FT,Financial Services,false,true,false,true,true,2000-03-31,2023-12-15,1240,1238,T1-B0-S1-I1,PASS_REQUIRED_WINDOWS,0,0,0,true,false,2205,TEXT_CONTENT_INTEGRITY_NOT_AUDITED_M2_02;TABLE_MEMBER_MISSING,NOT_SELECTED_BY_DETERMINISTIC_DIVERSITY_TIE_BREAK
FTA,N/A,false,true,false,true,true,,,0,0,T1-B0-S1-I1,INVALID_HEADER,0,0,0,false,false,,TEXT_CONTENT_INTEGRITY_NOT_AUDITED_M2_02;TABLE_MEMBER_MISSING,INCOMPLETE_STRUCTURALLY_VALID_REQUIRED_WINDOWS
FTAG,N/A,false,true,false,true,true,,,0,0,T1-B0-S1-I1,INVALID_HEADER,0,0,0,false,false,,TEXT_CONTENT_INTEGRITY_NOT_AUDITED_M2_02;TABLE_MEMBER_MISSING,INCOMPLETE_STRUCTURALLY_VALID_REQUIRED_WINDOWS
FTAI,Industrials,false,true,true,true,true,2015-08-14,2023-12-15,438,436,T1-B1-S1-I1,PASS_REQUIRED_WINDOWS,0,0,0,true,false,2373,TEXT_CONTENT_INTEGRITY_NOT_AUDITED_M2_02,NOT_SELECTED_BY_DETERMINISTIC_DIVERSITY_TIE_BREAK
FTC,N/A,false,true,false,true,true,,,0,0,T1-B0-S1-I1,INVALID_HEADER,0,0,0,false,false,,TEXT_CONTENT_INTEGRITY_NOT_AUDITED_M2_02;TABLE_MEMBER_MISSING,INCOMPLETE_STRUCTURALLY_VALID_REQUIRED_WINDOWS
FTCS,N/A,false,true,false,true,true,,,0,0,T1-B0-S1-I1,INVALID_HEADER,0,0,0,false,false,,TEXT_CONTENT_INTEGRITY_NOT_AUDITED_M2_02;TABLE_MEMBER_MISSING,INCOMPLETE_STRUCTURALLY_VALID_REQUIRED_WINDOWS
FTDR,Consumer Cyclical,false,true,true,true,true,2018-12-14,2023-12-15,264,262,T1-B1-S1-I1,PASS_REQUIRED_WINDOWS,0,0,0,true,false,2903,TEXT_CONTENT_INTEGRITY_NOT_AUDITED_M2_02,NOT_SELECTED_BY_DETERMINISTIC_DIVERSITY_TIE_BREAK
FTEC,N/A,false,true,false,true,true,,,0,0,T1-B0-S1-I1,INVALID_HEADER,0,0,0,false,false,,TEXT_CONTENT_INTEGRITY_NOT_AUDITED_M2_02;TABLE_MEMBER_MISSING,INCOMPLETE_STRUCTURALLY_VALID_REQUIRED_WINDOWS
FTEK,Industrials,false,true,true,true,true,2000-03-31,2023-12-15,1240,1238,T1-B1-S1-I1,PASS_REQUIRED_WINDOWS,0,0,0,true,false,540,TEXT_CONTENT_INTEGRITY_NOT_AUDITED_M2_02,NOT_SELECTED_BY_DETERMINISTIC_DIVERSITY_TIE_BREAK
FTFT,Technology,false,true,true,true,true,2008-09-05,2023-12-15,800,798,T1-B1-S1-I1,PASS_REQUIRED_WINDOWS,0,0,0,true,false,1170,TEXT_CONTENT_INTEGRITY_NOT_AUDITED_M2_02,NOT_SELECTED_BY_DETERMINISTIC_DIVERSITY_TIE_BREAK
FTGC,N/A,false,true,false,true,true,,,0,0,T1-B0-S1-I1,INVALID_HEADER,0,0,0,false,false,,TEXT_CONTENT_INTEGRITY_NOT_AUDITED_M2_02;TABLE_MEMBER_MISSING,INCOMPLETE_STRUCTURALLY_VALID_REQUIRED_WINDOWS
FTHI,N/A,false,true,false,true,true,,,0,0,T1-B0-S1-I1,INVALID_HEADER,0,0,0,false,false,,TEXT_CONTENT_INTEGRITY_NOT_AUDITED_M2_02;TABLE_MEMBER_MISSING,INCOMPLETE_STRUCTURALLY_VALID_REQUIRED_WINDOWS
FTHY,N/A,false,true,false,true,true,2020-09-25,2023-12-15,171,169,T1-B0-S1-I1,PASS_REQUIRED_WINDOWS,0,0,0,true,false,222,TEXT_CONTENT_INTEGRITY_NOT_AUDITED_M2_02;TABLE_MEMBER_MISSING,NOT_SELECTED_BY_DETERMINISTIC_DIVERSITY_TIE_BREAK
FTI,Energy,false,true,true,true,true,2001-09-21,2023-12-15,1163,1161,T1-B1-S1-I1,PASS_REQUIRED_WINDOWS,0,0,0,true,false,2150,TEXT_CONTENT_INTEGRITY_NOT_AUDITED_M2_02,NOT_SELECTED_BY_DETERMINISTIC_DIVERSITY_TIE_BREAK
FTK,Energy,false,true,true,true,true,2005-10-21,2023-12-15,950,948,T1-B1-S1-I1,PASS_REQUIRED_WINDOWS,0,0,0,true,false,2940,TEXT_CONTENT_INTEGRITY_NOT_AUDITED_M2_02,NOT_SELECTED_BY_DETERMINISTIC_DIVERSITY_TIE_BREAK
FTLS,N/A,false,true,false,true,true,,,0,0,T1-B0-S1-I1,INVALID_HEADER,0,0,0,false,false,,TEXT_CONTENT_INTEGRITY_NOT_AUDITED_M2_02;TABLE_MEMBER_MISSING,INCOMPLETE_STRUCTURALLY_VALID_REQUIRED_WINDOWS
FTNT,Technology,false,true,true,true,true,2010-02-19,2023-12-15,724,722,T1-B1-S1-I1,PASS_REQUIRED_WINDOWS,0,0,0,true,false,1047,TEXT_CONTENT_INTEGRITY_NOT_AUDITED_M2_02,NOT_SELECTED_BY_DETERMINISTIC_DIVERSITY_TIE_BREAK
FTRI,N/A,false,true,false,true,true,,,0,0,T1-B0-S1-I1,INVALID_HEADER,0,0,0,false,false,,TEXT_CONTENT_INTEGRITY_NOT_AUDITED_M2_02;TABLE_MEMBER_MISSING,INCOMPLETE_STRUCTURALLY_VALID_REQUIRED_WINDOWS
FTS,Utilities,false,true,true,true,true,2010-04-01,2023-12-15,718,716,T1-B1-S1-I1,PASS_REQUIRED_WINDOWS,0,0,0,true,false,563,TEXT_CONTENT_INTEGRITY_NOT_AUDITED_M2_02,NOT_SELECTED_BY_DETERMINISTIC_DIVERSITY_TIE_BREAK
FTSL,N/A,false,true,false,true,true,,,0,0,T1-B0-S1-I1,INVALID_HEADER,0,0,0,false,false,,TEXT_CONTENT_INTEGRITY_NOT_AUDITED_M2_02;TABLE_MEMBER_MISSING,INCOMPLETE_STRUCTURALLY_VALID_REQUIRED_WINDOWS
FTSM,N/A,false,true,false,true,true,,,0,0,T1-B0-S1-I1,INVALID_HEADER,0,0,0,false,false,,TEXT_CONTENT_INTEGRITY_NOT_AUDITED_M2_02;TABLE_MEMBER_MISSING,INCOMPLETE_STRUCTURALLY_VALID_REQUIRED_WINDOWS
FTV,Technology,false,true,true,true,true,2016-09-30,2023-12-15,379,377,T1-B1-S1-I1,PASS_REQUIRED_WINDOWS,0,0,0,true,false,2241,TEXT_CONTENT_INTEGRITY_NOT_AUDITED_M2_02,NOT_SELECTED_BY_DETERMINISTIC_DIVERSITY_TIE_BREAK
FTXG,N/A,false,true,false,true,true,,,0,0,T1-B0-S1-I1,INVALID_HEADER,0,0,0,false,false,,TEXT_CONTENT_INTEGRITY_NOT_AUDITED_M2_02;TABLE_MEMBER_MISSING,INCOMPLETE_STRUCTURALLY_VALID_REQUIRED_WINDOWS
FTXH,N/A,false,true,false,true,true,,,0,0,T1-B0-S1-I1,INVALID_HEADER,0,0,0,false,false,,TEXT_CONTENT_INTEGRITY_NOT_AUDITED_M2_02;TABLE_MEMBER_MISSING,INCOMPLETE_STRUCTURALLY_VALID_REQUIRED_WINDOWS
FTXL,N/A,false,true,false,true,true,,,0,0,T1-B0-S1-I1,INVALID_HEADER,0,0,0,false,false,,TEXT_CONTENT_INTEGRITY_NOT_AUDITED_M2_02;TABLE_MEMBER_MISSING,INCOMPLETE_STRUCTURALLY_VALID_REQUIRED_WINDOWS
FTXN,N/A,false,true,false,true,true,,,0,0,T1-B0-S1-I1,INVALID_HEADER,0,0,0,false,false,,TEXT_CONTENT_INTEGRITY_NOT_AUDITED_M2_02;TABLE_MEMBER_MISSING,INCOMPLETE_STRUCTURALLY_VALID_REQUIRED_WINDOWS
FTXO,N/A,false,true,false,true,true,,,0,0,T1-B0-S1-I1,INVALID_HEADER,0,0,0,false,false,,TEXT_CONTENT_INTEGRITY_NOT_AUDITED_M2_02;TABLE_MEMBER_MISSING,INCOMPLETE_STRUCTURALLY_VALID_REQUIRED_WINDOWS
FTXR,N/A,false,true,false,true,true,,,0,0,T1-B0-S1-I1,INVALID_HEADER,0,0,0,false,false,,TEXT_CONTENT_INTEGRITY_NOT_AUDITED_M2_02;TABLE_MEMBER_MISSING,INCOMPLETE_STRUCTURALLY_VALID_REQUIRED_WINDOWS
FUL,Basic Materials,false,true,true,true,true,2000-03-31,2023-12-15,1240,1238,T1-B1-S1-I1,PASS_REQUIRED_WINDOWS,0,0,0,true,false,2709,TEXT_CONTENT_INTEGRITY_NOT_AUDITED_M2_02,NOT_SELECTED_BY_DETERMINISTIC_DIVERSITY_TIE_BREAK
FULC,Healthcare,false,true,true,true,true,2019-10-11,2023-12-15,221,219,T1-B1-S1-I1,PASS_REQUIRED_WINDOWS,0,0,0,true,false,680,TEXT_CONTENT_INTEGRITY_NOT_AUDITED_M2_02,NOT_SELECTED_BY_DETERMINISTIC_DIVERSITY_TIE_BREAK
FULT,Financial Services,false,true,true,true,true,2000-03-31,2023-12-15,1240,1238,T1-B1-S1-I1,PASS_REQUIRED_WINDOWS,0,0,0,true,false,1308,TEXT_CONTENT_INTEGRITY_NOT_AUDITED_M2_02,NOT_SELECTED_BY_DETERMINISTIC_DIVERSITY_TIE_BREAK
FUN,Consumer Cyclical,false,true,true,true,true,2000-03-31,2023-12-15,1240,1238,T1-B1-S1-I1,PASS_REQUIRED_WINDOWS,0,0,0,true,false,1227,TEXT_CONTENT_INTEGRITY_NOT_AUDITED_M2_02,NOT_SELECTED_BY_DETERMINISTIC_DIVERSITY_TIE_BREAK
FUNC,Financial Services,false,true,true,true,true,2000-03-31,2023-12-15,1240,1238,T1-B1-S1-I1,PASS_REQUIRED_WINDOWS,0,0,0,true,false,2956,TEXT_CONTENT_INTEGRITY_NOT_AUDITED_M2_02,NOT_SELECTED_BY_DETERMINISTIC_DIVERSITY_TIE_BREAK
FUND,Financial Services,false,true,false,true,true,2000-03-31,2023-12-15,1240,1238,T1-B0-S1-I1,PASS_REQUIRED_WINDOWS,0,0,0,true,false,1732,TEXT_CONTENT_INTEGRITY_NOT_AUDITED_M2_02;TABLE_MEMBER_MISSING,NOT_SELECTED_BY_DETERMINISTIC_DIVERSITY_TIE_BREAK
FUSB,Financial Services,false,true,true,true,true,2000-03-31,2023-12-15,1240,1238,T1-B1-S1-I1,PASS_REQUIRED_WINDOWS,0,0,0,true,false,2022,TEXT_CONTENT_INTEGRITY_NOT_AUDITED_M2_02,NOT_SELECTED_BY_DETERMINISTIC_DIVERSITY_TIE_BREAK
FUTU,Financial Services,false,true,true,true,true,2019-06-07,2023-12-15,239,237,T1-B1-S1-I1,PASS_REQUIRED_WINDOWS,0,0,0,true,false,2604,TEXT_CONTENT_INTEGRITY_NOT_AUDITED_M2_02,NOT_SELECTED_BY_DETERMINISTIC_DIVERSITY_TIE_BREAK
FUTY,N/A,false,true,false,true,true,,,0,0,T1-B0-S1-I1,INVALID_HEADER,0,0,0,false,false,,TEXT_CONTENT_INTEGRITY_NOT_AUDITED_M2_02;TABLE_MEMBER_MISSING,INCOMPLETE_STRUCTURALLY_VALID_REQUIRED_WINDOWS
FUV,N/A,false,true,false,true,true,2017-12-15,2023-12-15,316,314,T1-B0-S1-I1,PASS_REQUIRED_WINDOWS,0,0,0,true,false,829,TEXT_CONTENT_INTEGRITY_NOT_AUDITED_M2_02;TABLE_MEMBER_MISSING,NOT_SELECTED_BY_DETERMINISTIC_DIVERSITY_TIE_BREAK
FV,N/A,false,true,false,true,true,,,0,0,T1-B0-S1-I1,INVALID_HEADER,0,0,0,false,false,,TEXT_CONTENT_INTEGRITY_NOT_AUDITED_M2_02;TABLE_MEMBER_MISSING,INCOMPLETE_STRUCTURALLY_VALID_REQUIRED_WINDOWS
FVC,N/A,false,true,false,true,true,,,0,0,T1-B0-S1-I1,INVALID_HEADER,0,0,0,false,false,,TEXT_CONTENT_INTEGRITY_NOT_AUDITED_M2_02;TABLE_MEMBER_MISSING,INCOMPLETE_STRUCTURALLY_VALID_REQUIRED_WINDOWS
FVCB,Financial Services,false,true,true,true,true,2015-07-31,2023-12-15,440,438,T1-B1-S1-I1,PASS_REQUIRED_WINDOWS,0,0,0,true,false,2931,TEXT_CONTENT_INTEGRITY_NOT_AUDITED_M2_02,NOT_SELECTED_BY_DETERMINISTIC_DIVERSITY_TIE_BREAK
FVD,N/A,false,true,false,true,true,,,0,0,T1-B0-S1-I1,INVALID_HEADER,0,0,0,false,false,,TEXT_CONTENT_INTEGRITY_NOT_AUDITED_M2_02;TABLE_MEMBER_MISSING,INCOMPLETE_STRUCTURALLY_VALID_REQUIRED_WINDOWS
FWONK,Communication Services,false,true,true,true,true,2014-10-03,2023-12-15,483,481,T1-B1-S1-I1,PASS_REQUIRED_WINDOWS,0,0,0,true,false,1258,TEXT_CONTENT_INTEGRITY_NOT_AUDITED_M2_02,NOT_SELECTED_BY_DETERMINISTIC_DIVERSITY_TIE_BREAK
FWRD,Industrials,false,true,true,true,true,2000-03-31,2023-12-15,1240,1238,T1-B1-S1-I1,PASS_REQUIRED_WINDOWS,0,0,0,true,false,158,TEXT_CONTENT_INTEGRITY_NOT_AUDITED_M2_02,NOT_SELECTED_BY_DETERMINISTIC_DIVERSITY_TIE_BREAK
FXA,N/A,false,true,true,true,true,,,0,0,T1-B1-S1-I1,INVALID_HEADER,0,0,0,false,false,,TEXT_CONTENT_INTEGRITY_NOT_AUDITED_M2_02,INCOMPLETE_STRUCTURALLY_VALID_REQUIRED_WINDOWS
FXC,N/A,false,true,true,true,true,,,0,0,T1-B1-S1-I1,INVALID_HEADER,0,0,0,false,false,,TEXT_CONTENT_INTEGRITY_NOT_AUDITED_M2_02,INCOMPLETE_STRUCTURALLY_VALID_REQUIRED_WINDOWS
FXD,N/A,false,true,false,true,true,,,0,0,T1-B0-S1-I1,INVALID_HEADER,0,0,0,false,false,,TEXT_CONTENT_INTEGRITY_NOT_AUDITED_M2_02;TABLE_MEMBER_MISSING,INCOMPLETE_STRUCTURALLY_VALID_REQUIRED_WINDOWS
FXF,N/A,false,true,true,true,true,,,0,0,T1-B1-S1-I1,INVALID_HEADER,0,0,0,false,false,,TEXT_CONTENT_INTEGRITY_NOT_AUDITED_M2_02,INCOMPLETE_STRUCTURALLY_VALID_REQUIRED_WINDOWS
FXG,N/A,false,true,false,true,true,,,0,0,T1-B0-S1-I1,INVALID_HEADER,0,0,0,false,false,,TEXT_CONTENT_INTEGRITY_NOT_AUDITED_M2_02;TABLE_MEMBER_MISSING,INCOMPLETE_STRUCTURALLY_VALID_REQUIRED_WINDOWS
FXH,N/A,false,true,false,true,true,,,0,0,T1-B0-S1-I1,INVALID_HEADER,0,0,0,false,false,,TEXT_CONTENT_INTEGRITY_NOT_AUDITED_M2_02;TABLE_MEMBER_MISSING,INCOMPLETE_STRUCTURALLY_VALID_REQUIRED_WINDOWS
FXI,N/A,false,true,false,true,true,,,0,0,T1-B0-S1-I1,INVALID_HEADER,0,0,0,false,false,,TEXT_CONTENT_INTEGRITY_NOT_AUDITED_M2_02;TABLE_MEMBER_MISSING,INCOMPLETE_STRUCTURALLY_VALID_REQUIRED_WINDOWS
FXL,N/A,false,true,false,true,true,,,0,0,T1-B0-S1-I1,INVALID_HEADER,0,0,0,false,false,,TEXT_CONTENT_INTEGRITY_NOT_AUDITED_M2_02;TABLE_MEMBER_MISSING,INCOMPLETE_STRUCTURALLY_VALID_REQUIRED_WINDOWS
FXNC,Financial Services,false,true,true,true,true,2000-03-31,2023-12-15,1240,1238,T1-B1-S1-I1,PASS_REQUIRED_WINDOWS,0,0,0,true,false,1594,TEXT_CONTENT_INTEGRITY_NOT_AUDITED_M2_02,NOT_SELECTED_BY_DETERMINISTIC_DIVERSITY_TIE_BREAK
FXO,N/A,false,true,false,true,true,,,0,0,T1-B0-S1-I1,INVALID_HEADER,0,0,0,false,false,,TEXT_CONTENT_INTEGRITY_NOT_AUDITED_M2_02;TABLE_MEMBER_MISSING,INCOMPLETE_STRUCTURALLY_VALID_REQUIRED_WINDOWS
FXP,N/A,false,true,false,true,true,,,0,0,T1-B0-S1-I1,INVALID_HEADER,0,0,0,false,false,,TEXT_CONTENT_INTEGRITY_NOT_AUDITED_M2_02;TABLE_MEMBER_MISSING,INCOMPLETE_STRUCTURALLY_VALID_REQUIRED_WINDOWS
FXR,N/A,false,true,false,true,true,,,0,0,T1-B0-S1-I1,INVALID_HEADER,0,0,0,false,false,,TEXT_CONTENT_INTEGRITY_NOT_AUDITED_M2_02;TABLE_MEMBER_MISSING,INCOMPLETE_STRUCTURALLY_VALID_REQUIRED_WINDOWS
FXU,N/A,false,true,false,true,true,,,0,0,T1-B0-S1-I1,INVALID_HEADER,0,0,0,false,false,,TEXT_CONTENT_INTEGRITY_NOT_AUDITED_M2_02;TABLE_MEMBER_MISSING,INCOMPLETE_STRUCTURALLY_VALID_REQUIRED_WINDOWS
FXY,N/A,false,true,true,true,true,,,0,0,T1-B1-S1-I1,INVALID_HEADER,0,0,0,false,false,,TEXT_CONTENT_INTEGRITY_NOT_AUDITED_M2_02,INCOMPLETE_STRUCTURALLY_VALID_REQUIRED_WINDOWS
FXZ,N/A,false,true,false,true,true,,,0,0,T1-B0-S1-I1,INVALID_HEADER,0,0,0,false,false,,TEXT_CONTENT_INTEGRITY_NOT_AUDITED_M2_02;TABLE_MEMBER_MISSING,INCOMPLETE_STRUCTURALLY_VALID_REQUIRED_WINDOWS
FYC,N/A,false,true,false,true,true,,,0,0,T1-B0-S1-I1,INVALID_HEADER,0,0,0,false,false,,TEXT_CONTENT_INTEGRITY_NOT_AUDITED_M2_02;TABLE_MEMBER_MISSING,INCOMPLETE_STRUCTURALLY_VALID_REQUIRED_WINDOWS
FYLD,N/A,false,true,false,true,true,,,0,0,T1-B0-S1-I1,INVALID_HEADER,0,0,0,false,false,,TEXT_CONTENT_INTEGRITY_NOT_AUDITED_M2_02;TABLE_MEMBER_MISSING,INCOMPLETE_STRUCTURALLY_VALID_REQUIRED_WINDOWS
FYT,N/A,false,true,false,true,true,,,0,0,T1-B0-S1-I1,INVALID_HEADER,0,0,0,false,false,,TEXT_CONTENT_INTEGRITY_NOT_AUDITED_M2_02;TABLE_MEMBER_MISSING,INCOMPLETE_STRUCTURALLY_VALID_REQUIRED_WINDOWS
FYX,N/A,false,true,false,true,true,,,0,0,T1-B0-S1-I1,INVALID_HEADER,0,0,0,false,false,,TEXT_CONTENT_INTEGRITY_NOT_AUDITED_M2_02;TABLE_MEMBER_MISSING,INCOMPLETE_STRUCTURALLY_VALID_REQUIRED_WINDOWS
G,Technology,false,true,false,true,true,2007-10-26,2023-12-15,845,843,T1-B0-S1-I1,PASS_REQUIRED_WINDOWS,0,0,0,true,false,1195,TEXT_CONTENT_INTEGRITY_NOT_AUDITED_M2_02;TABLE_MEMBER_MISSING,NOT_SELECTED_BY_DETERMINISTIC_DIVERSITY_TIE_BREAK
GAA,N/A,false,true,false,true,true,,,0,0,T1-B0-S1-I1,INVALID_HEADER,0,0,0,false,false,,TEXT_CONTENT_INTEGRITY_NOT_AUDITED_M2_02;TABLE_MEMBER_MISSING,INCOMPLETE_STRUCTURALLY_VALID_REQUIRED_WINDOWS
GAB,Financial Services,false,true,false,true,true,2000-03-31,2023-12-15,1240,1238,T1-B0-S1-I1,PASS_REQUIRED_WINDOWS,0,0,0,true,false,2680,TEXT_CONTENT_INTEGRITY_NOT_AUDITED_M2_02;TABLE_MEMBER_MISSING,NOT_SELECTED_BY_DETERMINISTIC_DIVERSITY_TIE_BREAK
GAIA,Communication Services,false,true,true,true,true,2000-03-31,2023-12-15,1240,1238,T1-B1-S1-I1,PASS_REQUIRED_WINDOWS,0,0,0,true,false,1467,TEXT_CONTENT_INTEGRITY_NOT_AUDITED_M2_02,NOT_SELECTED_BY_DETERMINISTIC_DIVERSITY_TIE_BREAK
GAIN,Financial Services,false,true,true,true,true,2005-09-23,2023-12-15,954,952,T1-B1-S1-I1,PASS_REQUIRED_WINDOWS,0,0,0,true,false,2151,TEXT_CONTENT_INTEGRITY_NOT_AUDITED_M2_02,NOT_SELECTED_BY_DETERMINISTIC_DIVERSITY_TIE_BREAK
GAINL,N/A,false,true,true,true,true,2023-09-01,2023-12-15,18,16,T1-B1-S1-I1,INCOMPLETE_REQUIRED_WINDOWS,0,0,0,false,false,,TEXT_CONTENT_INTEGRITY_NOT_AUDITED_M2_02,INCOMPLETE_STRUCTURALLY_VALID_REQUIRED_WINDOWS
GALT,Healthcare,false,true,true,true,true,2002-11-29,2023-12-15,1101,1099,T1-B1-S1-I1,PASS_REQUIRED_WINDOWS,0,0,0,true,false,2293,TEXT_CONTENT_INTEGRITY_NOT_AUDITED_M2_02,NOT_SELECTED_BY_DETERMINISTIC_DIVERSITY_TIE_BREAK
GAM,Financial Services,false,true,false,true,true,2000-03-31,2023-12-15,1240,1238,T1-B0-S1-I1,PASS_REQUIRED_WINDOWS,0,0,0,true,false,303,TEXT_CONTENT_INTEGRITY_NOT_AUDITED_M2_02;TABLE_MEMBER_MISSING,NOT_SELECTED_BY_DETERMINISTIC_DIVERSITY_TIE_BREAK
GAMR,N/A,false,true,false,true,true,,,0,0,T1-B0-S1-I1,INVALID_HEADER,0,0,0,false,false,,TEXT_CONTENT_INTEGRITY_NOT_AUDITED_M2_02;TABLE_MEMBER_MISSING,INCOMPLETE_STRUCTURALLY_VALID_REQUIRED_WINDOWS
GAN,Consumer Cyclical,false,true,true,true,true,2020-07-31,2023-12-15,179,177,T1-B1-S1-I1,PASS_REQUIRED_WINDOWS,0,0,0,true,false,1064,TEXT_CONTENT_INTEGRITY_NOT_AUDITED_M2_02,NOT_SELECTED_BY_DETERMINISTIC_DIVERSITY_TIE_BREAK
GASS,Industrials,false,true,true,true,true,2006-01-06,2023-12-15,939,937,T1-B1-S1-I1,PASS_REQUIRED_WINDOWS,0,0,0,true,false,2482,TEXT_CONTENT_INTEGRITY_NOT_AUDITED_M2_02,NOT_SELECTED_BY_DETERMINISTIC_DIVERSITY_TIE_BREAK
GATX,Industrials,false,true,true,true,true,2000-03-31,2023-12-15,1240,1238,T1-B1-S1-I1,PASS_REQUIRED_WINDOWS,0,0,0,true,false,2147,TEXT_CONTENT_INTEGRITY_NOT_AUDITED_M2_02,NOT_SELECTED_BY_DETERMINISTIC_DIVERSITY_TIE_BREAK
GAU,Basic Materials,false,true,true,true,true,2008-04-04,2023-12-15,822,820,T1-B1-S1-I1,PASS_REQUIRED_WINDOWS,0,0,0,true,false,1197,TEXT_CONTENT_INTEGRITY_NOT_AUDITED_M2_02,NOT_SELECTED_BY_DETERMINISTIC_DIVERSITY_TIE_BREAK
GBAB,Financial Services,false,true,false,true,true,2011-01-28,2023-12-15,675,673,T1-B0-S1-I1,PASS_REQUIRED_WINDOWS,0,0,0,true,false,2270,TEXT_CONTENT_INTEGRITY_NOT_AUDITED_M2_02;TABLE_MEMBER_MISSING,NOT_SELECTED_BY_DETERMINISTIC_DIVERSITY_TIE_BREAK
GBCI,Financial Services,false,true,true,true,true,2000-03-31,2023-12-15,1240,1238,T1-B1-S1-I1,PASS_REQUIRED_WINDOWS,0,0,0,true,false,2748,TEXT_CONTENT_INTEGRITY_NOT_AUDITED_M2_02,NOT_SELECTED_BY_DETERMINISTIC_DIVERSITY_TIE_BREAK
GBDC,Financial Services,false,true,true,true,true,2010-07-16,2023-12-15,703,701,T1-B1-S1-I1,PASS_REQUIRED_WINDOWS,0,0,0,true,false,2016,TEXT_CONTENT_INTEGRITY_NOT_AUDITED_M2_02,NOT_SELECTED_BY_DETERMINISTIC_DIVERSITY_TIE_BREAK
GBF,N/A,false,true,false,true,true,,,0,0,T1-B0-S1-I1,INVALID_HEADER,0,0,0,false,false,,TEXT_CONTENT_INTEGRITY_NOT_AUDITED_M2_02;TABLE_MEMBER_MISSING,INCOMPLETE_STRUCTURALLY_VALID_REQUIRED_WINDOWS
GBLI,Financial Services,false,true,true,true,true,2004-03-19,2023-12-15,1033,1031,T1-B1-S1-I1,PASS_REQUIRED_WINDOWS,0,0,0,true,false,47,TEXT_CONTENT_INTEGRITY_NOT_AUDITED_M2_02,NOT_SELECTED_BY_DETERMINISTIC_DIVERSITY_TIE_BREAK
GBR,Real Estate,false,true,true,true,true,2000-03-31,2023-12-15,1240,1238,T1-B1-S1-I1,PASS_REQUIRED_WINDOWS,0,0,0,true,false,1056,TEXT_CONTENT_INTEGRITY_NOT_AUDITED_M2_02,NOT_SELECTED_BY_DETERMINISTIC_DIVERSITY_TIE_BREAK
GBUY,N/A,false,true,false,true,true,,,0,0,T1-B0-S1-I1,INVALID_HEADER,0,0,0,false,false,,TEXT_CONTENT_INTEGRITY_NOT_AUDITED_M2_02;TABLE_MEMBER_MISSING,INCOMPLETE_STRUCTURALLY_VALID_REQUIRED_WINDOWS
GBX,Industrials,false,true,true,true,true,2000-03-31,2023-12-15,1240,1238,T1-B1-S1-I1,PASS_REQUIRED_WINDOWS,0,0,0,true,false,2965,TEXT_CONTENT_INTEGRITY_NOT_AUDITED_M2_02,NOT_SELECTED_BY_DETERMINISTIC_DIVERSITY_TIE_BREAK
GCBC,Financial Services,false,true,true,true,true,2000-03-31,2023-12-15,1240,1238,T1-B1-S1-I1,PASS_REQUIRED_WINDOWS,0,0,0,true,false,123,TEXT_CONTENT_INTEGRITY_NOT_AUDITED_M2_02,NOT_SELECTED_BY_DETERMINISTIC_DIVERSITY_TIE_BREAK
GCC,N/A,false,true,false,true,true,,,0,0,T1-B0-S1-I1,INVALID_HEADER,0,0,0,false,false,,TEXT_CONTENT_INTEGRITY_NOT_AUDITED_M2_02;TABLE_MEMBER_MISSING,INCOMPLETE_STRUCTURALLY_VALID_REQUIRED_WINDOWS
GCI,Communication Services,false,true,true,true,true,2014-05-02,2023-12-15,505,503,T1-B1-S1-I1,PASS_REQUIRED_WINDOWS,0,0,0,true,false,13,TEXT_CONTENT_INTEGRITY_NOT_AUDITED_M2_02,NOT_SELECTED_BY_DETERMINISTIC_DIVERSITY_TIE_BREAK
GCO,Consumer Cyclical,false,true,true,true,true,2000-03-31,2023-12-15,1240,1238,T1-B1-S1-I1,PASS_REQUIRED_WINDOWS,0,0,0,true,false,2238,TEXT_CONTENT_INTEGRITY_NOT_AUDITED_M2_02,NOT_SELECTED_BY_DETERMINISTIC_DIVERSITY_TIE_BREAK
GCV,Financial Services,false,true,false,true,true,2000-03-31,2023-12-15,1240,1238,T1-B0-S1-I1,PASS_REQUIRED_WINDOWS,0,0,0,true,false,980,TEXT_CONTENT_INTEGRITY_NOT_AUDITED_M2_02;TABLE_MEMBER_MISSING,NOT_SELECTED_BY_DETERMINISTIC_DIVERSITY_TIE_BREAK
GDDY,Technology,false,true,true,true,true,2015-06-26,2023-12-15,445,443,T1-B1-S1-I1,PASS_REQUIRED_WINDOWS,0,0,0,true,false,2949,TEXT_CONTENT_INTEGRITY_NOT_AUDITED_M2_02,NOT_SELECTED_BY_DETERMINISTIC_DIVERSITY_TIE_BREAK
GDEN,Consumer Cyclical,false,true,true,true,true,2000-03-31,2023-12-15,1240,1238,T1-B1-S1-I1,PASS_REQUIRED_WINDOWS,0,0,0,true,false,2853,TEXT_CONTENT_INTEGRITY_NOT_AUDITED_M2_02,NOT_SELECTED_BY_DETERMINISTIC_DIVERSITY_TIE_BREAK
GDL,Financial Services,false,true,false,true,true,2007-07-20,2023-12-15,859,857,T1-B0-S1-I1,PASS_REQUIRED_WINDOWS,0,0,0,true,false,138,TEXT_CONTENT_INTEGRITY_NOT_AUDITED_M2_02;TABLE_MEMBER_MISSING,NOT_SELECTED_BY_DETERMINISTIC_DIVERSITY_TIE_BREAK
GDMA,N/A,false,true,false,true,true,,,0,0,T1-B0-S1-I1,INVALID_HEADER,0,0,0,false,false,,TEXT_CONTENT_INTEGRITY_NOT_AUDITED_M2_02;TABLE_MEMBER_MISSING,INCOMPLETE_STRUCTURALLY_VALID_REQUIRED_WINDOWS
GDOT,Financial Services,false,true,true,true,true,2010-10-15,2023-12-15,690,688,T1-B1-S1-I1,PASS_REQUIRED_WINDOWS,0,0,0,true,false,1953,TEXT_CONTENT_INTEGRITY_NOT_AUDITED_M2_02,NOT_SELECTED_BY_DETERMINISTIC_DIVERSITY_TIE_BREAK
GDS,Technology,false,true,true,true,true,2017-02-03,2023-12-15,361,359,T1-B1-S1-I1,PASS_REQUIRED_WINDOWS,0,0,0,true,false,2854,TEXT_CONTENT_INTEGRITY_NOT_AUDITED_M2_02,NOT_SELECTED_BY_DETERMINISTIC_DIVERSITY_TIE_BREAK
GDV,Financial Services,false,true,false,true,true,2004-02-27,2023-12-15,1036,1034,T1-B0-S1-I1,PASS_REQUIRED_WINDOWS,0,0,0,true,false,368,TEXT_CONTENT_INTEGRITY_NOT_AUDITED_M2_02;TABLE_MEMBER_MISSING,NOT_SELECTED_BY_DETERMINISTIC_DIVERSITY_TIE_BREAK
GDVD,N/A,false,true,false,true,true,,,0,0,T1-B0-S1-I1,INVALID_HEADER,0,0,0,false,false,,TEXT_CONTENT_INTEGRITY_NOT_AUDITED_M2_02;TABLE_MEMBER_MISSING,INCOMPLETE_STRUCTURALLY_VALID_REQUIRED_WINDOWS
GDX,N/A,false,true,false,true,true,,,0,0,T1-B0-S1-I1,INVALID_HEADER,0,0,0,false,false,,TEXT_CONTENT_INTEGRITY_NOT_AUDITED_M2_02;TABLE_MEMBER_MISSING,INCOMPLETE_STRUCTURALLY_VALID_REQUIRED_WINDOWS
GDYN,Technology,false,true,true,true,true,2019-02-01,2023-12-15,257,255,T1-B1-S1-I1,PASS_REQUIRED_WINDOWS,0,0,0,true,false,2681,TEXT_CONTENT_INTEGRITY_NOT_AUDITED_M2_02,NOT_SELECTED_BY_DETERMINISTIC_DIVERSITY_TIE_BREAK
GE,Industrials,false,true,true,true,true,2000-03-31,2023-12-15,1240,1238,T1-B1-S1-I1,PASS_REQUIRED_WINDOWS,0,0,0,true,false,1957,TEXT_CONTENT_INTEGRITY_NOT_AUDITED_M2_02,NOT_SELECTED_BY_DETERMINISTIC_DIVERSITY_TIE_BREAK
GECC,Financial Services,false,true,true,true,true,2017-02-03,2023-12-15,361,359,T1-B1-S1-I1,PASS_REQUIRED_WINDOWS,0,0,0,true,false,1719,TEXT_CONTENT_INTEGRITY_NOT_AUDITED_M2_02,NOT_SELECTED_BY_DETERMINISTIC_DIVERSITY_TIE_BREAK
GEF,Consumer Cyclical,false,true,true,true,true,2000-03-31,2023-12-15,1240,1238,T1-B1-S1-I1,PASS_REQUIRED_WINDOWS,0,0,0,true,false,887,TEXT_CONTENT_INTEGRITY_NOT_AUDITED_M2_02,NOT_SELECTED_BY_DETERMINISTIC_DIVERSITY_TIE_BREAK
GEL,Energy,false,true,true,true,true,2000-03-31,2023-12-15,1240,1238,T1-B1-S1-I1,PASS_REQUIRED_WINDOWS,0,0,0,true,false,2638,TEXT_CONTENT_INTEGRITY_NOT_AUDITED_M2_02,NOT_SELECTED_BY_DETERMINISTIC_DIVERSITY_TIE_BREAK
GEM,N/A,false,true,false,true,true,,,0,0,T1-B0-S1-I1,INVALID_HEADER,0,0,0,false,false,,TEXT_CONTENT_INTEGRITY_NOT_AUDITED_M2_02;TABLE_MEMBER_MISSING,INCOMPLETE_STRUCTURALLY_VALID_REQUIRED_WINDOWS
GEN,Technology,false,true,true,true,true,2000-03-31,2023-12-15,1240,1238,T1-B1-S1-I1,PASS_REQUIRED_WINDOWS,0,0,0,true,false,2173,TEXT_CONTENT_INTEGRITY_NOT_AUDITED_M2_02,NOT_SELECTED_BY_DETERMINISTIC_DIVERSITY_TIE_BREAK
GENC,Industrials,false,true,true,true,true,2003-10-10,2023-12-15,1056,1054,T1-B1-S1-I1,PASS_REQUIRED_WINDOWS,0,0,0,true,false,147,TEXT_CONTENT_INTEGRITY_NOT_AUDITED_M2_02,NOT_SELECTED_BY_DETERMINISTIC_DIVERSITY_TIE_BREAK
GENE,Healthcare,false,true,false,true,true,2003-01-10,2023-12-15,1054,1052,T1-B0-S1-I1,PASS_REQUIRED_WINDOWS,3,0,0,true,false,1037,TEXT_CONTENT_INTEGRITY_NOT_AUDITED_M2_02;TABLE_MEMBER_MISSING,NOT_SELECTED_BY_DETERMINISTIC_DIVERSITY_TIE_BREAK
GEO,Industrials,false,true,true,true,true,2000-03-31,2023-12-15,1240,1238,T1-B1-S1-I1,PASS_REQUIRED_WINDOWS,0,0,0,true,false,289,TEXT_CONTENT_INTEGRITY_NOT_AUDITED_M2_02,NOT_SELECTED_BY_DETERMINISTIC_DIVERSITY_TIE_BREAK
GEOS,Energy,false,true,true,true,true,2000-03-31,2023-12-15,1240,1238,T1-B1-S1-I1,PASS_REQUIRED_WINDOWS,0,0,0,true,false,1118,TEXT_CONTENT_INTEGRITY_NOT_AUDITED_M2_02,NOT_SELECTED_BY_DETERMINISTIC_DIVERSITY_TIE_BREAK
GERM,N/A,false,true,false,true,true,,,0,0,T1-B0-S1-I1,INVALID_HEADER,0,0,0,false,false,,TEXT_CONTENT_INTEGRITY_NOT_AUDITED_M2_02;TABLE_MEMBER_MISSING,INCOMPLETE_STRUCTURALLY_VALID_REQUIRED_WINDOWS
GERN,Healthcare,false,true,true,true,true,2000-03-31,2023-12-15,1240,1238,T1-B1-S1-I1,PASS_REQUIRED_WINDOWS,0,0,0,true,false,2013,TEXT_CONTENT_INTEGRITY_NOT_AUDITED_M2_02,NOT_SELECTED_BY_DETERMINISTIC_DIVERSITY_TIE_BREAK
GES,Consumer Cyclical,false,true,true,true,true,2000-03-31,2023-12-15,1240,1238,T1-B1-S1-I1,PASS_REQUIRED_WINDOWS,0,0,0,true,false,889,TEXT_CONTENT_INTEGRITY_NOT_AUDITED_M2_02,NOT_SELECTED_BY_DETERMINISTIC_DIVERSITY_TIE_BREAK
GEVO,Basic Materials,false,true,true,true,true,2011-05-06,2023-12-15,661,659,T1-B1-S1-I1,PASS_REQUIRED_WINDOWS,0,0,0,true,false,1690,TEXT_CONTENT_INTEGRITY_NOT_AUDITED_M2_02,NOT_SELECTED_BY_DETERMINISTIC_DIVERSITY_TIE_BREAK
GF,Financial Services,false,true,false,true,true,2000-03-31,2023-12-15,1240,1238,T1-B0-S1-I1,PASS_REQUIRED_WINDOWS,0,0,0,true,false,637,TEXT_CONTENT_INTEGRITY_NOT_AUDITED_M2_02;TABLE_MEMBER_MISSING,NOT_SELECTED_BY_DETERMINISTIC_DIVERSITY_TIE_BREAK
GFF,Industrials,false,true,true,true,true,2000-03-31,2023-12-15,1240,1238,T1-B1-S1-I1,PASS_REQUIRED_WINDOWS,0,0,0,true,false,2204,TEXT_CONTENT_INTEGRITY_NOT_AUDITED_M2_02,NOT_SELECTED_BY_DETERMINISTIC_DIVERSITY_TIE_BREAK
GFI,Basic Materials,false,true,true,true,true,2000-03-31,2023-12-15,1240,1238,T1-B1-S1-I1,PASS_REQUIRED_WINDOWS,0,0,0,true,false,2670,TEXT_CONTENT_INTEGRITY_NOT_AUDITED_M2_02,NOT_SELECTED_BY_DETERMINISTIC_DIVERSITY_TIE_BREAK
GFL,Industrials,false,true,true,true,true,2020-05-29,2023-12-15,188,186,T1-B1-S1-I1,PASS_REQUIRED_WINDOWS,0,0,0,true,false,1630,TEXT_CONTENT_INTEGRITY_NOT_AUDITED_M2_02,NOT_SELECTED_BY_DETERMINISTIC_DIVERSITY_TIE_BREAK
GGAL,Financial Services,false,true,true,true,true,2000-10-20,2023-12-15,1211,1209,T1-B1-S1-I1,PASS_REQUIRED_WINDOWS,0,0,0,true,false,1304,TEXT_CONTENT_INTEGRITY_NOT_AUDITED_M2_02,NOT_SELECTED_BY_DETERMINISTIC_DIVERSITY_TIE_BREAK
GGB,Basic Materials,false,true,true,true,true,2000-03-31,2023-12-15,1240,1238,T1-B1-S1-I1,PASS_REQUIRED_WINDOWS,0,0,0,true,false,972,TEXT_CONTENT_INTEGRITY_NOT_AUDITED_M2_02,NOT_SELECTED_BY_DETERMINISTIC_DIVERSITY_TIE_BREAK
GGG,Industrials,false,true,true,true,true,2000-03-31,2023-12-15,1240,1238,T1-B1-S1-I1,PASS_REQUIRED_WINDOWS,0,0,0,true,false,2068,TEXT_CONTENT_INTEGRITY_NOT_AUDITED_M2_02,NOT_SELECTED_BY_DETERMINISTIC_DIVERSITY_TIE_BREAK
GGN,Financial Services,false,true,false,true,true,2005-06-24,2023-12-15,967,965,T1-B0-S1-I1,PASS_REQUIRED_WINDOWS,0,0,0,true,false,605,TEXT_CONTENT_INTEGRITY_NOT_AUDITED_M2_02;TABLE_MEMBER_MISSING,NOT_SELECTED_BY_DETERMINISTIC_DIVERSITY_TIE_BREAK
GHC,Consumer Defensive,false,true,true,true,true,2000-03-31,2023-12-15,1240,1238,T1-B1-S1-I1,PASS_REQUIRED_WINDOWS,0,0,0,true,false,1217,TEXT_CONTENT_INTEGRITY_NOT_AUDITED_M2_02,NOT_SELECTED_BY_DETERMINISTIC_DIVERSITY_TIE_BREAK
GHG,Consumer Cyclical,false,true,true,true,true,2018-06-22,2023-12-15,289,287,T1-B1-S1-I1,PASS_REQUIRED_WINDOWS,0,0,0,true,false,668,TEXT_CONTENT_INTEGRITY_NOT_AUDITED_M2_02,NOT_SELECTED_BY_DETERMINISTIC_DIVERSITY_TIE_BREAK
GHSI,Healthcare,false,true,false,true,true,2019-07-05,2023-12-15,235,233,T1-B0-S1-I1,PASS_REQUIRED_WINDOWS,0,0,0,true,false,172,TEXT_CONTENT_INTEGRITY_NOT_AUDITED_M2_02;TABLE_MEMBER_MISSING,NOT_SELECTED_BY_DETERMINISTIC_DIVERSITY_TIE_BREAK
GHY,Financial Services,false,true,false,true,true,2013-03-22,2023-12-15,563,561,T1-B0-S1-I1,PASS_REQUIRED_WINDOWS,0,0,0,true,false,2250,TEXT_CONTENT_INTEGRITY_NOT_AUDITED_M2_02;TABLE_MEMBER_MISSING,NOT_SELECTED_BY_DETERMINISTIC_DIVERSITY_TIE_BREAK
GII,N/A,false,true,false,true,true,,,0,0,T1-B0-S1-I1,INVALID_HEADER,0,0,0,false,false,,TEXT_CONTENT_INTEGRITY_NOT_AUDITED_M2_02;TABLE_MEMBER_MISSING,INCOMPLETE_STRUCTURALLY_VALID_REQUIRED_WINDOWS
GIII,Consumer Cyclical,false,true,true,true,true,2000-03-31,2023-12-15,1240,1238,T1-B1-S1-I1,PASS_REQUIRED_WINDOWS,0,0,0,true,false,1800,TEXT_CONTENT_INTEGRITY_NOT_AUDITED_M2_02,NOT_SELECTED_BY_DETERMINISTIC_DIVERSITY_TIE_BREAK
GIL,Consumer Cyclical,false,true,true,true,true,2000-03-31,2023-12-15,1240,1238,T1-B1-S1-I1,PASS_REQUIRED_WINDOWS,0,0,0,true,false,1682,TEXT_CONTENT_INTEGRITY_NOT_AUDITED_M2_02,NOT_SELECTED_BY_DETERMINISTIC_DIVERSITY_TIE_BREAK
GILD,Healthcare,false,true,true,true,true,2000-03-31,2023-12-15,1240,1238,T1-B1-S1-I1,PASS_REQUIRED_WINDOWS,0,0,0,true,false,2024,TEXT_CONTENT_INTEGRITY_NOT_AUDITED_M2_02,NOT_SELECTED_BY_DETERMINISTIC_DIVERSITY_TIE_BREAK
GILT,Technology,false,true,true,true,true,2000-03-31,2023-12-15,1240,1238,T1-B1-S1-I1,PASS_REQUIRED_WINDOWS,0,0,0,true,false,1623,TEXT_CONTENT_INTEGRITY_NOT_AUDITED_M2_02,NOT_SELECTED_BY_DETERMINISTIC_DIVERSITY_TIE_BREAK
GIS,Consumer Defensive,false,true,true,true,true,2000-03-31,2023-12-15,1240,1238,T1-B1-S1-I1,PASS_REQUIRED_WINDOWS,0,0,0,true,false,2398,TEXT_CONTENT_INTEGRITY_NOT_AUDITED_M2_02,NOT_SELECTED_BY_DETERMINISTIC_DIVERSITY_TIE_BREAK
GJO,N/A,false,true,false,true,true,2006-02-17,2023-12-15,933,931,T1-B0-S1-I1,PASS_REQUIRED_WINDOWS,0,0,0,true,false,2362,TEXT_CONTENT_INTEGRITY_NOT_AUDITED_M2_02;TABLE_MEMBER_MISSING,NOT_SELECTED_BY_DETERMINISTIC_DIVERSITY_TIE_BREAK
GJP,N/A,false,true,false,true,true,2008-03-28,2023-12-15,823,821,T1-B0-S1-I1,PASS_REQUIRED_WINDOWS,0,0,0,true,false,687,TEXT_CONTENT_INTEGRITY_NOT_AUDITED_M2_02;TABLE_MEMBER_MISSING,NOT_SELECTED_BY_DETERMINISTIC_DIVERSITY_TIE_BREAK
GJS,N/A,false,true,false,true,true,2006-07-28,2023-12-15,910,908,T1-B0-S1-I1,PASS_REQUIRED_WINDOWS,0,0,0,true,false,1746,TEXT_CONTENT_INTEGRITY_NOT_AUDITED_M2_02;TABLE_MEMBER_MISSING,NOT_SELECTED_BY_DETERMINISTIC_DIVERSITY_TIE_BREAK
GJT,N/A,false,true,false,true,true,2007-10-26,2023-12-15,845,843,T1-B0-S1-I1,PASS_REQUIRED_WINDOWS,0,0,0,true,false,2637,TEXT_CONTENT_INTEGRITY_NOT_AUDITED_M2_02;TABLE_MEMBER_MISSING,NOT_SELECTED_BY_DETERMINISTIC_DIVERSITY_TIE_BREAK
GKOS,Healthcare,false,true,true,true,true,2015-09-25,2023-12-15,432,430,T1-B1-S1-I1,PASS_REQUIRED_WINDOWS,0,0,0,true,false,1582,TEXT_CONTENT_INTEGRITY_NOT_AUDITED_M2_02,NOT_SELECTED_BY_DETERMINISTIC_DIVERSITY_TIE_BREAK
GL,Financial Services,false,true,true,true,true,2000-03-31,2023-12-15,1240,1238,T1-B1-S1-I1,PASS_REQUIRED_WINDOWS,0,0,0,true,false,2261,TEXT_CONTENT_INTEGRITY_NOT_AUDITED_M2_02,NOT_SELECTED_BY_DETERMINISTIC_DIVERSITY_TIE_BREAK
GLBS,Industrials,false,true,true,true,true,2008-06-06,2023-12-15,813,811,T1-B1-S1-I1,PASS_REQUIRED_WINDOWS,0,0,0,true,false,2082,TEXT_CONTENT_INTEGRITY_NOT_AUDITED_M2_02,NOT_SELECTED_BY_DETERMINISTIC_DIVERSITY_TIE_BREAK
GLBZ,Financial Services,false,true,true,true,true,2000-03-31,2023-12-15,1240,1238,T1-B1-S1-I1,PASS_REQUIRED_WINDOWS,0,0,0,true,false,1952,TEXT_CONTENT_INTEGRITY_NOT_AUDITED_M2_02,NOT_SELECTED_BY_DETERMINISTIC_DIVERSITY_TIE_BREAK
GLD,N/A,false,true,true,true,true,,,0,0,T1-B1-S1-I1,INVALID_HEADER,0,0,0,false,false,,TEXT_CONTENT_INTEGRITY_NOT_AUDITED_M2_02,INCOMPLETE_STRUCTURALLY_VALID_REQUIRED_WINDOWS
GLDD,Industrials,false,true,true,true,true,2007-03-30,2023-12-15,875,873,T1-B1-S1-I1,PASS_REQUIRED_WINDOWS,0,0,0,true,false,2042,TEXT_CONTENT_INTEGRITY_NOT_AUDITED_M2_02,NOT_SELECTED_BY_DETERMINISTIC_DIVERSITY_TIE_BREAK
GLDI,N/A,false,true,true,true,true,,,0,0,T1-B1-S1-I1,INVALID_HEADER,0,0,0,false,false,,TEXT_CONTENT_INTEGRITY_NOT_AUDITED_M2_02,INCOMPLETE_STRUCTURALLY_VALID_REQUIRED_WINDOWS
GLDM,N/A,false,true,true,true,true,,,0,0,T1-B1-S1-I1,INVALID_HEADER,0,0,0,false,false,,TEXT_CONTENT_INTEGRITY_NOT_AUDITED_M2_02,INCOMPLETE_STRUCTURALLY_VALID_REQUIRED_WINDOWS
GLIN,N/A,false,true,false,true,true,,,0,0,T1-B0-S1-I1,INVALID_HEADER,0,0,0,false,false,,TEXT_CONTENT_INTEGRITY_NOT_AUDITED_M2_02;TABLE_MEMBER_MISSING,INCOMPLETE_STRUCTURALLY_VALID_REQUIRED_WINDOWS
GLL,N/A,false,true,true,true,true,,,0,0,T1-B1-S1-I1,INVALID_HEADER,0,0,0,false,false,,TEXT_CONTENT_INTEGRITY_NOT_AUDITED_M2_02,INCOMPLETE_STRUCTURALLY_VALID_REQUIRED_WINDOWS
GLNG,Energy,false,true,true,true,true,2003-10-10,2023-12-15,1056,1054,T1-B1-S1-I1,PASS_REQUIRED_WINDOWS,0,0,0,true,false,1436,TEXT_CONTENT_INTEGRITY_NOT_AUDITED_M2_02,NOT_SELECTED_BY_DETERMINISTIC_DIVERSITY_TIE_BREAK
GLO,Financial Services,false,true,false,true,true,2006-07-28,2023-12-15,910,908,T1-B0-S1-I1,PASS_REQUIRED_WINDOWS,0,0,0,true,false,961,TEXT_CONTENT_INTEGRITY_NOT_AUDITED_M2_02;TABLE_MEMBER_MISSING,NOT_SELECTED_BY_DETERMINISTIC_DIVERSITY_TIE_BREAK
GLPI,Real Estate,false,true,true,true,true,2014-01-10,2023-12-15,521,519,T1-B1-S1-I1,PASS_REQUIRED_WINDOWS,0,0,0,true,false,60,TEXT_CONTENT_INTEGRITY_NOT_AUDITED_M2_02,NOT_SELECTED_BY_DETERMINISTIC_DIVERSITY_TIE_BREAK
GLQ,Financial Services,false,true,false,true,true,2005-07-22,2023-12-15,963,961,T1-B0-S1-I1,PASS_REQUIRED_WINDOWS,0,0,0,true,false,2531,TEXT_CONTENT_INTEGRITY_NOT_AUDITED_M2_02;TABLE_MEMBER_MISSING,NOT_SELECTED_BY_DETERMINISTIC_DIVERSITY_TIE_BREAK
GLTR,N/A,false,true,true,true,true,,,0,0,T1-B1-S1-I1,INVALID_HEADER,0,0,0,false,false,,TEXT_CONTENT_INTEGRITY_NOT_AUDITED_M2_02,INCOMPLETE_STRUCTURALLY_VALID_REQUIRED_WINDOWS
GLU,Financial Services,false,true,false,true,true,2004-08-27,2023-12-15,1010,1008,T1-B0-S1-I1,PASS_REQUIRED_WINDOWS,0,0,0,true,false,2412,TEXT_CONTENT_INTEGRITY_NOT_AUDITED_M2_02;TABLE_MEMBER_MISSING,NOT_SELECTED_BY_DETERMINISTIC_DIVERSITY_TIE_BREAK
GLW,Technology,false,true,true,true,true,2000-03-31,2023-12-15,1240,1238,T1-B1-S1-I1,PASS_REQUIRED_WINDOWS,0,0,0,true,false,1647,TEXT_CONTENT_INTEGRITY_NOT_AUDITED_M2_02,NOT_SELECTED_BY_DETERMINISTIC_DIVERSITY_TIE_BREAK
GLYC,Healthcare,false,true,true,true,true,2014-04-11,2023-12-15,508,506,T1-B1-S1-I1,PASS_REQUIRED_WINDOWS,0,0,0,true,false,203,TEXT_CONTENT_INTEGRITY_NOT_AUDITED_M2_02,NOT_SELECTED_BY_DETERMINISTIC_DIVERSITY_TIE_BREAK
GM,Consumer Cyclical,false,true,true,true,true,2011-02-18,2023-12-15,672,670,T1-B1-S1-I1,PASS_REQUIRED_WINDOWS,0,0,0,true,false,1430,TEXT_CONTENT_INTEGRITY_NOT_AUDITED_M2_02,NOT_SELECTED_BY_DETERMINISTIC_DIVERSITY_TIE_BREAK
GMAB,Healthcare,false,true,true,true,true,2009-08-28,2023-12-15,749,747,T1-B1-S1-I1,PASS_REQUIRED_WINDOWS,0,0,0,true,false,1193,TEXT_CONTENT_INTEGRITY_NOT_AUDITED_M2_02,NOT_SELECTED_BY_DETERMINISTIC_DIVERSITY_TIE_BREAK
GMBL,Consumer Cyclical,false,true,true,true,true,2017-10-13,2023-12-15,325,323,T1-B1-S1-I1,PASS_REQUIRED_WINDOWS,0,0,0,true,false,2910,TEXT_CONTENT_INTEGRITY_NOT_AUDITED_M2_02,NOT_SELECTED_BY_DETERMINISTIC_DIVERSITY_TIE_BREAK
GMDA,Healthcare,false,true,false,true,true,2019-01-25,2023-12-15,258,256,T1-B0-S1-I1,PASS_REQUIRED_WINDOWS,0,0,0,true,false,1242,TEXT_CONTENT_INTEGRITY_NOT_AUDITED_M2_02;TABLE_MEMBER_MISSING,NOT_SELECTED_BY_DETERMINISTIC_DIVERSITY_TIE_BREAK
GME,Consumer Cyclical,false,true,true,true,true,2002-05-10,2023-12-15,1130,1128,T1-B1-S1-I1,PASS_REQUIRED_WINDOWS,0,0,0,true,false,180,TEXT_CONTENT_INTEGRITY_NOT_AUDITED_M2_02,NOT_SELECTED_BY_DETERMINISTIC_DIVERSITY_TIE_BREAK
GMED,Healthcare,false,true,true,true,true,2012-11-02,2023-12-15,583,581,T1-B1-S1-I1,PASS_REQUIRED_WINDOWS,0,0,0,true,false,2221,TEXT_CONTENT_INTEGRITY_NOT_AUDITED_M2_02,NOT_SELECTED_BY_DETERMINISTIC_DIVERSITY_TIE_BREAK
GMF,N/A,false,true,false,true,true,,,0,0,T1-B0-S1-I1,INVALID_HEADER,0,0,0,false,false,,TEXT_CONTENT_INTEGRITY_NOT_AUDITED_M2_02;TABLE_MEMBER_MISSING,INCOMPLETE_STRUCTURALLY_VALID_REQUIRED_WINDOWS
GMOM,N/A,false,true,false,true,true,,,0,0,T1-B0-S1-I1,INVALID_HEADER,0,0,0,false,false,,TEXT_CONTENT_INTEGRITY_NOT_AUDITED_M2_02;TABLE_MEMBER_MISSING,INCOMPLETE_STRUCTURALLY_VALID_REQUIRED_WINDOWS
GMRE,Real Estate,false,true,true,true,true,2016-09-30,2023-12-15,379,377,T1-B1-S1-I1,PASS_REQUIRED_WINDOWS,0,0,0,true,false,2551,TEXT_CONTENT_INTEGRITY_NOT_AUDITED_M2_02,NOT_SELECTED_BY_DETERMINISTIC_DIVERSITY_TIE_BREAK
GMS,Industrials,false,true,true,true,true,2016-08-26,2023-12-15,384,382,T1-B1-S1-I1,PASS_REQUIRED_WINDOWS,0,0,0,true,false,1237,TEXT_CONTENT_INTEGRITY_NOT_AUDITED_M2_02,NOT_SELECTED_BY_DETERMINISTIC_DIVERSITY_TIE_BREAK
GNE,Utilities,false,true,true,true,true,2012-01-27,2023-12-15,623,621,T1-B1-S1-I1,PASS_REQUIRED_WINDOWS,0,0,0,true,false,1132,TEXT_CONTENT_INTEGRITY_NOT_AUDITED_M2_02,NOT_SELECTED_BY_DETERMINISTIC_DIVERSITY_TIE_BREAK
GNFT,Healthcare,false,true,true,true,true,2019-06-21,2023-12-15,237,235,T1-B1-S1-I1,PASS_REQUIRED_WINDOWS,0,0,0,true,false,406,TEXT_CONTENT_INTEGRITY_NOT_AUDITED_M2_02,NOT_SELECTED_BY_DETERMINISTIC_DIVERSITY_TIE_BREAK
GNK,Industrials,false,true,true,true,true,2014-10-10,2023-12-15,482,480,T1-B1-S1-I1,PASS_REQUIRED_WINDOWS,0,0,0,true,false,893,TEXT_CONTENT_INTEGRITY_NOT_AUDITED_M2_02,NOT_SELECTED_BY_DETERMINISTIC_DIVERSITY_TIE_BREAK
GNL,Real Estate,false,true,true,true,true,2015-08-28,2023-12-15,436,434,T1-B1-S1-I1,PASS_REQUIRED_WINDOWS,0,0,0,true,false,2514,TEXT_CONTENT_INTEGRITY_NOT_AUDITED_M2_02,NOT_SELECTED_BY_DETERMINISTIC_DIVERSITY_TIE_BREAK
GNLN,Consumer Defensive,false,true,true,true,true,2019-07-19,2023-12-15,233,231,T1-B1-S1-I1,PASS_REQUIRED_WINDOWS,0,0,0,true,false,975,TEXT_CONTENT_INTEGRITY_NOT_AUDITED_M2_02,NOT_SELECTED_BY_DETERMINISTIC_DIVERSITY_TIE_BREAK
GNMA,N/A,false,true,false,true,true,,,0,0,T1-B0-S1-I1,INVALID_HEADER,0,0,0,false,false,,TEXT_CONTENT_INTEGRITY_NOT_AUDITED_M2_02;TABLE_MEMBER_MISSING,INCOMPLETE_STRUCTURALLY_VALID_REQUIRED_WINDOWS
GNOM,N/A,false,true,false,true,true,,,0,0,T1-B0-S1-I1,INVALID_HEADER,0,0,0,false,false,,TEXT_CONTENT_INTEGRITY_NOT_AUDITED_M2_02;TABLE_MEMBER_MISSING,INCOMPLETE_STRUCTURALLY_VALID_REQUIRED_WINDOWS
GNPX,Healthcare,false,true,true,true,true,2018-06-29,2023-12-15,288,286,T1-B1-S1-I1,PASS_REQUIRED_WINDOWS,0,0,0,true,false,1687,TEXT_CONTENT_INTEGRITY_NOT_AUDITED_M2_02,NOT_SELECTED_BY_DETERMINISTIC_DIVERSITY_TIE_BREAK
GNR,N/A,false,true,false,true,true,,,0,0,T1-B0-S1-I1,INVALID_HEADER,0,0,0,false,false,,TEXT_CONTENT_INTEGRITY_NOT_AUDITED_M2_02;TABLE_MEMBER_MISSING,INCOMPLETE_STRUCTURALLY_VALID_REQUIRED_WINDOWS
GNRC,Industrials,false,true,true,true,true,2010-05-14,2023-12-15,712,710,T1-B1-S1-I1,PASS_REQUIRED_WINDOWS,0,0,0,true,false,1929,TEXT_CONTENT_INTEGRITY_NOT_AUDITED_M2_02,NOT_SELECTED_BY_DETERMINISTIC_DIVERSITY_TIE_BREAK
GNSS,Technology,false,true,true,true,true,2000-03-31,2023-12-15,1240,1238,T1-B1-S1-I1,PASS_REQUIRED_WINDOWS,0,0,0,true,false,1808,TEXT_CONTENT_INTEGRITY_NOT_AUDITED_M2_02,NOT_SELECTED_BY_DETERMINISTIC_DIVERSITY_TIE_BREAK
GNT,Financial Services,false,true,false,true,true,2011-04-29,2023-12-15,662,660,T1-B0-S1-I1,PASS_REQUIRED_WINDOWS,0,0,0,true,false,70,TEXT_CONTENT_INTEGRITY_NOT_AUDITED_M2_02;TABLE_MEMBER_MISSING,NOT_SELECTED_BY_DETERMINISTIC_DIVERSITY_TIE_BREAK
GNTX,Consumer Cyclical,false,true,true,true,true,2000-03-31,2023-12-15,1240,1238,T1-B1-S1-I1,PASS_REQUIRED_WINDOWS,0,0,0,true,false,1143,TEXT_CONTENT_INTEGRITY_NOT_AUDITED_M2_02,NOT_SELECTED_BY_DETERMINISTIC_DIVERSITY_TIE_BREAK
GNTY,Financial Services,false,true,true,true,true,2017-08-04,2023-12-15,335,333,T1-B1-S1-I1,PASS_REQUIRED_WINDOWS,0,0,0,true,false,541,TEXT_CONTENT_INTEGRITY_NOT_AUDITED_M2_02,NOT_SELECTED_BY_DETERMINISTIC_DIVERSITY_TIE_BREAK
GOAU,N/A,false,true,false,true,true,,,0,0,T1-B0-S1-I1,INVALID_HEADER,0,0,0,false,false,,TEXT_CONTENT_INTEGRITY_NOT_AUDITED_M2_02;TABLE_MEMBER_MISSING,INCOMPLETE_STRUCTURALLY_VALID_REQUIRED_WINDOWS
GOEX,N/A,false,true,false,true,true,,,0,0,T1-B0-S1-I1,INVALID_HEADER,0,0,0,false,false,,TEXT_CONTENT_INTEGRITY_NOT_AUDITED_M2_02;TABLE_MEMBER_MISSING,INCOMPLETE_STRUCTURALLY_VALID_REQUIRED_WINDOWS
GOF,Financial Services,false,true,false,true,true,2007-10-26,2023-12-15,845,843,T1-B0-S1-I1,PASS_REQUIRED_WINDOWS,0,0,0,true,false,214,TEXT_CONTENT_INTEGRITY_NOT_AUDITED_M2_02;TABLE_MEMBER_MISSING,NOT_SELECTED_BY_DETERMINISTIC_DIVERSITY_TIE_BREAK
GOGL,Industrials,false,true,true,true,true,2000-03-31,2023-12-15,1240,1238,T1-B1-S1-I1,PASS_REQUIRED_WINDOWS,0,0,0,true,false,2644,TEXT_CONTENT_INTEGRITY_NOT_AUDITED_M2_02,NOT_SELECTED_BY_DETERMINISTIC_DIVERSITY_TIE_BREAK
GOGO,Communication Services,false,true,true,true,true,2013-09-20,2023-12-15,537,535,T1-B1-S1-I1,PASS_REQUIRED_WINDOWS,0,0,0,true,false,2779,TEXT_CONTENT_INTEGRITY_NOT_AUDITED_M2_02,NOT_SELECTED_BY_DETERMINISTIC_DIVERSITY_TIE_BREAK
GOLD,Basic Materials,false,true,true,true,true,2000-03-31,2023-12-15,1240,1238,T1-B1-S1-I1,PASS_REQUIRED_WINDOWS,0,0,0,true,false,766,TEXT_CONTENT_INTEGRITY_NOT_AUDITED_M2_02,NOT_SELECTED_BY_DETERMINISTIC_DIVERSITY_TIE_BREAK
GOLF,Consumer Cyclical,false,true,true,true,true,2017-01-27,2023-12-15,362,360,T1-B1-S1-I1,PASS_REQUIRED_WINDOWS,0,0,0,true,false,1063,TEXT_CONTENT_INTEGRITY_NOT_AUDITED_M2_02,NOT_SELECTED_BY_DETERMINISTIC_DIVERSITY_TIE_BREAK
GOOD,Real Estate,false,true,true,true,true,2003-11-07,2023-12-15,1052,1050,T1-B1-S1-I1,PASS_REQUIRED_WINDOWS,0,0,0,true,false,459,TEXT_CONTENT_INTEGRITY_NOT_AUDITED_M2_02,NOT_SELECTED_BY_DETERMINISTIC_DIVERSITY_TIE_BREAK
GOODN,Real Estate,false,true,true,true,true,2019-12-20,2023-12-15,211,209,T1-B1-S1-I1,PASS_REQUIRED_WINDOWS,0,0,0,true,false,945,TEXT_CONTENT_INTEGRITY_NOT_AUDITED_M2_02,NOT_SELECTED_BY_DETERMINISTIC_DIVERSITY_TIE_BREAK
GOOG,Communication Services,false,true,true,true,true,2004-11-12,2023-12-15,999,997,T1-B1-S1-I1,PASS_REQUIRED_WINDOWS,0,0,0,true,false,2353,TEXT_CONTENT_INTEGRITY_NOT_AUDITED_M2_02,NOT_SELECTED_BY_DETERMINISTIC_DIVERSITY_TIE_BREAK
GPC,Consumer Cyclical,false,true,true,true,true,2000-03-31,2023-12-15,1240,1238,T1-B1-S1-I1,PASS_REQUIRED_WINDOWS,0,0,0,true,false,1762,TEXT_CONTENT_INTEGRITY_NOT_AUDITED_M2_02,NOT_SELECTED_BY_DETERMINISTIC_DIVERSITY_TIE_BREAK
GPI,Consumer Cyclical,false,true,true,true,true,2000-03-31,2023-12-15,1240,1238,T1-B1-S1-I1,PASS_REQUIRED_WINDOWS,0,0,0,true,false,184,TEXT_CONTENT_INTEGRITY_NOT_AUDITED_M2_02,NOT_SELECTED_BY_DETERMINISTIC_DIVERSITY_TIE_BREAK
GPJA,N/A,false,true,false,true,true,2019-03-01,2023-12-15,253,251,T1-B0-S1-I1,PASS_REQUIRED_WINDOWS,0,0,0,true,false,1492,TEXT_CONTENT_INTEGRITY_NOT_AUDITED_M2_02;TABLE_MEMBER_MISSING,NOT_SELECTED_BY_DETERMINISTIC_DIVERSITY_TIE_BREAK
GPMT,Real Estate,false,true,true,true,true,2017-09-22,2023-12-15,328,326,T1-B1-S1-I1,PASS_REQUIRED_WINDOWS,0,0,0,true,false,1406,TEXT_CONTENT_INTEGRITY_NOT_AUDITED_M2_02,NOT_SELECTED_BY_DETERMINISTIC_DIVERSITY_TIE_BREAK
GPN,Industrials,false,true,true,true,true,2001-04-12,2023-12-15,1186,1184,T1-B1-S1-I1,PASS_REQUIRED_WINDOWS,0,0,0,true,false,866,TEXT_CONTENT_INTEGRITY_NOT_AUDITED_M2_02,NOT_SELECTED_BY_DETERMINISTIC_DIVERSITY_TIE_BREAK
GPOR,Energy,false,true,true,true,true,2021-08-13,2023-12-15,125,123,T1-B1-S1-I1,PASS_REQUIRED_WINDOWS,0,0,0,true,false,2037,TEXT_CONTENT_INTEGRITY_NOT_AUDITED_M2_02,NOT_SELECTED_BY_DETERMINISTIC_DIVERSITY_TIE_BREAK
GPRK,Energy,false,true,true,true,true,2011-01-14,2023-12-15,677,675,T1-B1-S1-I1,PASS_REQUIRED_WINDOWS,0,0,0,true,false,1497,TEXT_CONTENT_INTEGRITY_NOT_AUDITED_M2_02,NOT_SELECTED_BY_DETERMINISTIC_DIVERSITY_TIE_BREAK
GPRO,Technology,false,true,true,true,true,2014-09-26,2023-12-15,484,482,T1-B1-S1-I1,PASS_REQUIRED_WINDOWS,0,0,0,true,false,2351,TEXT_CONTENT_INTEGRITY_NOT_AUDITED_M2_02,NOT_SELECTED_BY_DETERMINISTIC_DIVERSITY_TIE_BREAK
GRAM,Consumer Defensive,false,true,false,true,true,2020-12-18,2023-12-15,159,157,T1-B0-S1-I1,PASS_REQUIRED_WINDOWS,0,0,0,true,false,117,TEXT_CONTENT_INTEGRITY_NOT_AUDITED_M2_02;TABLE_MEMBER_MISSING,NOT_SELECTED_BY_DETERMINISTIC_DIVERSITY_TIE_BREAK
GRBK,Consumer Cyclical,false,true,true,true,true,2007-09-14,2023-12-15,851,849,T1-B1-S1-I1,PASS_REQUIRED_WINDOWS,0,0,0,true,false,2887,TEXT_CONTENT_INTEGRITY_NOT_AUDITED_M2_02,NOT_SELECTED_BY_DETERMINISTIC_DIVERSITY_TIE_BREAK
GREK,N/A,false,true,false,true,true,,,0,0,T1-B0-S1-I1,INVALID_HEADER,0,0,0,false,false,,TEXT_CONTENT_INTEGRITY_NOT_AUDITED_M2_02;TABLE_MEMBER_MISSING,INCOMPLETE_STRUCTURALLY_VALID_REQUIRED_WINDOWS
GRES,N/A,false,false,false,true,true,,,0,0,T0-B0-S1-I1,INVALID_HEADER,0,0,0,false,false,,TEXT_CONTENT_INTEGRITY_NOT_AUDITED_M2_02;TEXT_MEMBER_MISSING;TABLE_MEMBER_MISSING,INCOMPLETE_STRUCTURALLY_VALID_REQUIRED_WINDOWS
GRF,Financial Services,false,true,false,true,true,2004-04-23,2023-12-15,1028,1026,T1-B0-S1-I1,PASS_REQUIRED_WINDOWS,0,0,0,true,false,603,TEXT_CONTENT_INTEGRITY_NOT_AUDITED_M2_02;TABLE_MEMBER_MISSING,NOT_SELECTED_BY_DETERMINISTIC_DIVERSITY_TIE_BREAK
GRFS,Healthcare,false,true,true,true,true,2011-08-26,2023-12-15,645,643,T1-B1-S1-I1,PASS_REQUIRED_WINDOWS,0,0,0,true,false,2721,TEXT_CONTENT_INTEGRITY_NOT_AUDITED_M2_02,NOT_SELECTED_BY_DETERMINISTIC_DIVERSITY_TIE_BREAK
GRID,N/A,false,true,false,true,true,,,0,0,T1-B0-S1-I1,INVALID_HEADER,0,0,0,false,false,,TEXT_CONTENT_INTEGRITY_NOT_AUDITED_M2_02;TABLE_MEMBER_MISSING,INCOMPLETE_STRUCTURALLY_VALID_REQUIRED_WINDOWS
GRMN,Technology,false,true,true,true,true,2001-03-09,2023-12-15,1191,1189,T1-B1-S1-I1,PASS_REQUIRED_WINDOWS,0,0,0,true,false,314,TEXT_CONTENT_INTEGRITY_NOT_AUDITED_M2_02,NOT_SELECTED_BY_DETERMINISTIC_DIVERSITY_TIE_BREAK
GRN,N/A,false,true,true,true,true,,,0,0,T1-B1-S1-I1,INVALID_HEADER,0,0,0,false,false,,TEXT_CONTENT_INTEGRITY_NOT_AUDITED_M2_02,INCOMPLETE_STRUCTURALLY_VALID_REQUIRED_WINDOWS
GRNQ,Industrials,false,true,true,true,true,2018-09-07,2023-12-15,278,276,T1-B1-S1-I1,PASS_REQUIRED_WINDOWS,0,0,0,true,false,2155,TEXT_CONTENT_INTEGRITY_NOT_AUDITED_M2_02,NOT_SELECTED_BY_DETERMINISTIC_DIVERSITY_TIE_BREAK
GROW,Financial Services,false,true,true,true,true,2000-03-31,2023-12-15,1240,1238,T1-B1-S1-I1,PASS_REQUIRED_WINDOWS,0,0,0,true,false,2726,TEXT_CONTENT_INTEGRITY_NOT_AUDITED_M2_02,NOT_SELECTED_BY_DETERMINISTIC_DIVERSITY_TIE_BREAK
GRPN,Communication Services,false,true,true,true,true,2012-02-03,2023-12-15,622,620,T1-B1-S1-I1,PASS_REQUIRED_WINDOWS,0,0,0,true,false,1741,TEXT_CONTENT_INTEGRITY_NOT_AUDITED_M2_02,NOT_SELECTED_BY_DETERMINISTIC_DIVERSITY_TIE_BREAK
GRVY,Communication Services,false,true,true,true,true,2005-05-06,2023-12-15,974,972,T1-B1-S1-I1,PASS_REQUIRED_WINDOWS,0,0,0,true,false,2322,TEXT_CONTENT_INTEGRITY_NOT_AUDITED_M2_02,NOT_SELECTED_BY_DETERMINISTIC_DIVERSITY_TIE_BREAK
GRX,Financial Services,false,true,false,true,true,2007-09-14,2023-12-15,851,849,T1-B0-S1-I1,PASS_REQUIRED_WINDOWS,0,0,0,true,false,956,TEXT_CONTENT_INTEGRITY_NOT_AUDITED_M2_02;TABLE_MEMBER_MISSING,NOT_SELECTED_BY_DETERMINISTIC_DIVERSITY_TIE_BREAK
GS,Financial Services,false,true,true,true,true,2000-03-31,2023-12-15,1240,1238,T1-B1-S1-I1,PASS_REQUIRED_WINDOWS,0,0,0,true,false,2377,TEXT_CONTENT_INTEGRITY_NOT_AUDITED_M2_02,NOT_SELECTED_BY_DETERMINISTIC_DIVERSITY_TIE_BREAK
GSAT,Communication Services,false,true,true,true,true,2007-02-02,2023-12-15,883,881,T1-B1-S1-I1,PASS_REQUIRED_WINDOWS,0,0,0,true,false,675,TEXT_CONTENT_INTEGRITY_NOT_AUDITED_M2_02,NOT_SELECTED_BY_DETERMINISTIC_DIVERSITY_TIE_BREAK
GSBC,Financial Services,false,true,true,true,true,2000-03-31,2023-12-15,1240,1238,T1-B1-S1-I1,PASS_REQUIRED_WINDOWS,0,0,0,true,false,2525,TEXT_CONTENT_INTEGRITY_NOT_AUDITED_M2_02,NOT_SELECTED_BY_DETERMINISTIC_DIVERSITY_TIE_BREAK
GSBD,Financial Services,false,true,true,true,true,2015-06-12,2023-12-15,447,445,T1-B1-S1-I1,PASS_REQUIRED_WINDOWS,0,0,0,true,false,1491,TEXT_CONTENT_INTEGRITY_NOT_AUDITED_M2_02,NOT_SELECTED_BY_DETERMINISTIC_DIVERSITY_TIE_BREAK
GSEE,N/A,false,true,false,true,true,,,0,0,T1-B0-S1-I1,INVALID_HEADER,0,0,0,false,false,,TEXT_CONTENT_INTEGRITY_NOT_AUDITED_M2_02;TABLE_MEMBER_MISSING,INCOMPLETE_STRUCTURALLY_VALID_REQUIRED_WINDOWS
GSEW,N/A,false,true,false,true,true,,,0,0,T1-B0-S1-I1,INVALID_HEADER,0,0,0,false,false,,TEXT_CONTENT_INTEGRITY_NOT_AUDITED_M2_02;TABLE_MEMBER_MISSING,INCOMPLETE_STRUCTURALLY_VALID_REQUIRED_WINDOWS
GSG,N/A,false,true,true,true,true,,,0,0,T1-B1-S1-I1,INVALID_HEADER,0,0,0,false,false,,TEXT_CONTENT_INTEGRITY_NOT_AUDITED_M2_02,INCOMPLETE_STRUCTURALLY_VALID_REQUIRED_WINDOWS
GSHD,Financial Services,false,true,true,true,true,2018-07-27,2023-12-15,284,282,T1-B1-S1-I1,PASS_REQUIRED_WINDOWS,0,0,0,true,false,1072,TEXT_CONTENT_INTEGRITY_NOT_AUDITED_M2_02,NOT_SELECTED_BY_DETERMINISTIC_DIVERSITY_TIE_BREAK
GSID,N/A,false,true,false,true,true,,,0,0,T1-B0-S1-I1,INVALID_HEADER,0,0,0,false,false,,TEXT_CONTENT_INTEGRITY_NOT_AUDITED_M2_02;TABLE_MEMBER_MISSING,INCOMPLETE_STRUCTURALLY_VALID_REQUIRED_WINDOWS
GSIT,Technology,false,true,true,true,true,2007-06-29,2023-12-15,862,860,T1-B1-S1-I1,PASS_REQUIRED_WINDOWS,0,0,0,true,false,2933,TEXT_CONTENT_INTEGRITY_NOT_AUDITED_M2_02,NOT_SELECTED_BY_DETERMINISTIC_DIVERSITY_TIE_BREAK
GSK,Healthcare,false,true,true,true,true,2000-03-31,2023-12-15,1240,1238,T1-B1-S1-I1,PASS_REQUIRED_WINDOWS,0,0,0,true,false,1444,TEXT_CONTENT_INTEGRITY_NOT_AUDITED_M2_02,NOT_SELECTED_BY_DETERMINISTIC_DIVERSITY_TIE_BREAK
GSL,Industrials,false,true,true,true,true,2008-11-14,2023-12-15,790,788,T1-B1-S1-I1,PASS_REQUIRED_WINDOWS,0,0,0,true,false,1786,TEXT_CONTENT_INTEGRITY_NOT_AUDITED_M2_02,NOT_SELECTED_BY_DETERMINISTIC_DIVERSITY_TIE_BREAK
GSSC,N/A,false,true,false,true,true,,,0,0,T1-B0-S1-I1,INVALID_HEADER,0,0,0,false,false,,TEXT_CONTENT_INTEGRITY_NOT_AUDITED_M2_02;TABLE_MEMBER_MISSING,INCOMPLETE_STRUCTURALLY_VALID_REQUIRED_WINDOWS
GSY,N/A,false,true,false,true,true,,,0,0,T1-B0-S1-I1,INVALID_HEADER,0,0,0,false,false,,TEXT_CONTENT_INTEGRITY_NOT_AUDITED_M2_02;TABLE_MEMBER_MISSING,INCOMPLETE_STRUCTURALLY_VALID_REQUIRED_WINDOWS
GT,Consumer Cyclical,false,true,true,true,true,2000-03-31,2023-12-15,1240,1238,T1-B1-S1-I1,PASS_REQUIRED_WINDOWS,0,0,0,true,false,1812,TEXT_CONTENT_INTEGRITY_NOT_AUDITED_M2_02,NOT_SELECTED_BY_DETERMINISTIC_DIVERSITY_TIE_BREAK
GTE,Energy,false,true,true,true,true,2006-03-24,2023-12-15,928,926,T1-B1-S1-I1,PASS_REQUIRED_WINDOWS,0,0,0,true,false,1278,TEXT_CONTENT_INTEGRITY_NOT_AUDITED_M2_02,NOT_SELECTED_BY_DETERMINISTIC_DIVERSITY_TIE_BREAK
GTEC,Consumer Cyclical,false,true,true,true,true,2018-11-02,2023-12-15,270,268,T1-B1-S1-I1,PASS_REQUIRED_WINDOWS,0,0,0,true,false,1579,TEXT_CONTENT_INTEGRITY_NOT_AUDITED_M2_02,NOT_SELECTED_BY_DETERMINISTIC_DIVERSITY_TIE_BREAK
GTES,Industrials,false,true,true,true,true,2018-04-27,2023-12-15,297,295,T1-B1-S1-I1,PASS_REQUIRED_WINDOWS,0,0,0,true,false,1819,TEXT_CONTENT_INTEGRITY_NOT_AUDITED_M2_02,NOT_SELECTED_BY_DETERMINISTIC_DIVERSITY_TIE_BREAK
GTIM,Consumer Cyclical,false,true,true,true,true,2000-03-31,2023-12-15,1240,1238,T1-B1-S1-I1,PASS_REQUIRED_WINDOWS,0,0,0,true,false,1071,TEXT_CONTENT_INTEGRITY_NOT_AUDITED_M2_02,NOT_SELECTED_BY_DETERMINISTIC_DIVERSITY_TIE_BREAK
GTLS,Industrials,false,true,true,true,true,2006-10-20,2023-12-15,898,896,T1-B1-S1-I1,PASS_REQUIRED_WINDOWS,0,0,0,true,false,2710,TEXT_CONTENT_INTEGRITY_NOT_AUDITED_M2_02,NOT_SELECTED_BY_DETERMINISTIC_DIVERSITY_TIE_BREAK
GTN,Communication Services,false,true,true,true,true,2002-11-29,2023-12-15,1101,1099,T1-B1-S1-I1,PASS_REQUIRED_WINDOWS,0,0,0,true,false,1633,TEXT_CONTENT_INTEGRITY_NOT_AUDITED_M2_02,NOT_SELECTED_BY_DETERMINISTIC_DIVERSITY_TIE_BREAK
GTN-A,Communication Services,false,true,true,true,true,2000-03-31,2023-12-15,1240,1238,T1-B1-S1-I1,PASS_REQUIRED_WINDOWS,0,0,0,true,false,872,TEXT_CONTENT_INTEGRITY_NOT_AUDITED_M2_02,NOT_SELECTED_BY_DETERMINISTIC_DIVERSITY_TIE_BREAK
GTO,N/A,false,true,false,true,true,,,0,0,T1-B0-S1-I1,INVALID_HEADER,0,0,0,false,false,,TEXT_CONTENT_INTEGRITY_NOT_AUDITED_M2_02;TABLE_MEMBER_MISSING,INCOMPLETE_STRUCTURALLY_VALID_REQUIRED_WINDOWS
GTX,Consumer Cyclical,false,true,true,true,true,2018-12-14,2023-12-15,264,262,T1-B1-S1-I1,PASS_REQUIRED_WINDOWS,0,0,0,true,false,1706,TEXT_CONTENT_INTEGRITY_NOT_AUDITED_M2_02,NOT_SELECTED_BY_DETERMINISTIC_DIVERSITY_TIE_BREAK
GUNR,N/A,false,true,false,true,true,,,0,0,T1-B0-S1-I1,INVALID_HEADER,0,0,0,false,false,,TEXT_CONTENT_INTEGRITY_NOT_AUDITED_M2_02;TABLE_MEMBER_MISSING,INCOMPLETE_STRUCTURALLY_VALID_REQUIRED_WINDOWS
GURE,Basic Materials,false,true,true,true,true,2007-01-26,2023-12-15,884,882,T1-B1-S1-I1,PASS_REQUIRED_WINDOWS,0,0,0,true,false,967,TEXT_CONTENT_INTEGRITY_NOT_AUDITED_M2_02,NOT_SELECTED_BY_DETERMINISTIC_DIVERSITY_TIE_BREAK
GUSH,N/A,false,true,false,true,true,,,0,0,T1-B0-S1-I1,INVALID_HEADER,0,0,0,false,false,,TEXT_CONTENT_INTEGRITY_NOT_AUDITED_M2_02;TABLE_MEMBER_MISSING,INCOMPLETE_STRUCTURALLY_VALID_REQUIRED_WINDOWS
GUT,Financial Services,false,true,false,true,true,2000-03-31,2023-12-15,1240,1238,T1-B0-S1-I1,PASS_REQUIRED_WINDOWS,0,0,0,true,false,2800,TEXT_CONTENT_INTEGRITY_NOT_AUDITED_M2_02;TABLE_MEMBER_MISSING,NOT_SELECTED_BY_DETERMINISTIC_DIVERSITY_TIE_BREAK
GVA,Industrials,false,true,true,true,true,2000-03-31,2023-12-15,1240,1238,T1-B1-S1-I1,PASS_REQUIRED_WINDOWS,0,0,0,true,false,1787,TEXT_CONTENT_INTEGRITY_NOT_AUDITED_M2_02,NOT_SELECTED_BY_DETERMINISTIC_DIVERSITY_TIE_BREAK
GVAL,N/A,false,true,false,true,true,,,0,0,T1-B0-S1-I1,INVALID_HEADER,0,0,0,false,false,,TEXT_CONTENT_INTEGRITY_NOT_AUDITED_M2_02;TABLE_MEMBER_MISSING,INCOMPLETE_STRUCTURALLY_VALID_REQUIRED_WINDOWS
GVI,N/A,false,true,false,true,true,,,0,0,T1-B0-S1-I1,INVALID_HEADER,0,0,0,false,false,,TEXT_CONTENT_INTEGRITY_NOT_AUDITED_M2_02;TABLE_MEMBER_MISSING,INCOMPLETE_STRUCTURALLY_VALID_REQUIRED_WINDOWS
GWRE,Technology,false,true,true,true,true,2012-04-20,2023-12-15,611,609,T1-B1-S1-I1,PASS_REQUIRED_WINDOWS,0,0,0,true,false,2739,TEXT_CONTENT_INTEGRITY_NOT_AUDITED_M2_02,NOT_SELECTED_BY_DETERMINISTIC_DIVERSITY_TIE_BREAK
GWW,Industrials,false,true,true,true,true,2000-03-31,2023-12-15,1240,1238,T1-B1-S1-I1,PASS_REQUIRED_WINDOWS,0,0,0,true,false,1641,TEXT_CONTENT_INTEGRITY_NOT_AUDITED_M2_02,NOT_SELECTED_BY_DETERMINISTIC_DIVERSITY_TIE_BREAK
GWX,N/A,false,true,false,true,true,,,0,0,T1-B0-S1-I1,INVALID_HEADER,0,0,0,false,false,,TEXT_CONTENT_INTEGRITY_NOT_AUDITED_M2_02;TABLE_MEMBER_MISSING,INCOMPLETE_STRUCTURALLY_VALID_REQUIRED_WINDOWS
GXC,N/A,false,true,false,true,true,,,0,0,T1-B0-S1-I1,INVALID_HEADER,0,0,0,false,false,,TEXT_CONTENT_INTEGRITY_NOT_AUDITED_M2_02;TABLE_MEMBER_MISSING,INCOMPLETE_STRUCTURALLY_VALID_REQUIRED_WINDOWS
GXG,N/A,false,true,false,true,true,,,0,0,T1-B0-S1-I1,INVALID_HEADER,0,0,0,false,false,,TEXT_CONTENT_INTEGRITY_NOT_AUDITED_M2_02;TABLE_MEMBER_MISSING,INCOMPLETE_STRUCTURALLY_VALID_REQUIRED_WINDOWS
GYLD,N/A,false,true,false,true,true,,,0,0,T1-B0-S1-I1,INVALID_HEADER,0,0,0,false,false,,TEXT_CONTENT_INTEGRITY_NOT_AUDITED_M2_02;TABLE_MEMBER_MISSING,INCOMPLETE_STRUCTURALLY_VALID_REQUIRED_WINDOWS
H,Consumer Cyclical,false,true,false,true,true,2010-02-05,2023-12-15,726,724,T1-B0-S1-I1,PASS_REQUIRED_WINDOWS,0,0,0,true,false,834,TEXT_CONTENT_INTEGRITY_NOT_AUDITED_M2_02;TABLE_MEMBER_MISSING,NOT_SELECTED_BY_DETERMINISTIC_DIVERSITY_TIE_BREAK
HACK,N/A,false,true,false,true,true,,,0,0,T1-B0-S1-I1,INVALID_HEADER,0,0,0,false,false,,TEXT_CONTENT_INTEGRITY_NOT_AUDITED_M2_02;TABLE_MEMBER_MISSING,INCOMPLETE_STRUCTURALLY_VALID_REQUIRED_WINDOWS
HAE,Healthcare,false,true,true,true,true,2000-03-31,2023-12-15,1240,1238,T1-B1-S1-I1,PASS_REQUIRED_WINDOWS,0,0,0,true,false,2266,TEXT_CONTENT_INTEGRITY_NOT_AUDITED_M2_02,NOT_SELECTED_BY_DETERMINISTIC_DIVERSITY_TIE_BREAK
HAIL,N/A,false,true,false,true,true,,,0,0,T1-B0-S1-I1,INVALID_HEADER,0,0,0,false,false,,TEXT_CONTENT_INTEGRITY_NOT_AUDITED_M2_02;TABLE_MEMBER_MISSING,INCOMPLETE_STRUCTURALLY_VALID_REQUIRED_WINDOWS
HAIN,Consumer Defensive,false,true,true,true,true,2000-03-31,2023-12-15,1240,1238,T1-B1-S1-I1,PASS_REQUIRED_WINDOWS,0,0,0,true,false,2871,TEXT_CONTENT_INTEGRITY_NOT_AUDITED_M2_02,NOT_SELECTED_BY_DETERMINISTIC_DIVERSITY_TIE_BREAK
HAL,Energy,false,true,true,true,true,2000-03-31,2023-12-15,1240,1238,T1-B1-S1-I1,PASS_REQUIRED_WINDOWS,0,0,0,true,false,2925,TEXT_CONTENT_INTEGRITY_NOT_AUDITED_M2_02,NOT_SELECTED_BY_DETERMINISTIC_DIVERSITY_TIE_BREAK
HALL,Financial Services,false,true,false,true,true,2000-03-31,2023-12-15,1184,1182,T1-B0-S1-I1,PASS_REQUIRED_WINDOWS,5,0,0,true,false,2303,TEXT_CONTENT_INTEGRITY_NOT_AUDITED_M2_02;TABLE_MEMBER_MISSING,NOT_SELECTED_BY_DETERMINISTIC_DIVERSITY_TIE_BREAK
HALO,Healthcare,false,true,true,true,true,2004-06-10,2023-12-15,1021,1019,T1-B1-S1-I1,PASS_REQUIRED_WINDOWS,0,0,0,true,false,1327,TEXT_CONTENT_INTEGRITY_NOT_AUDITED_M2_02,NOT_SELECTED_BY_DETERMINISTIC_DIVERSITY_TIE_BREAK
HAP,N/A,false,true,false,true,true,,,0,0,T1-B0-S1-I1,INVALID_HEADER,0,0,0,false,false,,TEXT_CONTENT_INTEGRITY_NOT_AUDITED_M2_02;TABLE_MEMBER_MISSING,INCOMPLETE_STRUCTURALLY_VALID_REQUIRED_WINDOWS
HAS,Consumer Cyclical,false,true,true,true,true,2000-03-31,2023-12-15,1240,1238,T1-B1-S1-I1,PASS_REQUIRED_WINDOWS,0,0,0,true,false,728,TEXT_CONTENT_INTEGRITY_NOT_AUDITED_M2_02,NOT_SELECTED_BY_DETERMINISTIC_DIVERSITY_TIE_BREAK
HASI,Financial Services,false,true,true,true,true,2013-07-19,2023-12-15,546,544,T1-B1-S1-I1,PASS_REQUIRED_WINDOWS,0,0,0,true,false,523,TEXT_CONTENT_INTEGRITY_NOT_AUDITED_M2_02,NOT_SELECTED_BY_DETERMINISTIC_DIVERSITY_TIE_BREAK
HAUZ,N/A,false,true,false,true,true,,,0,0,T1-B0-S1-I1,INVALID_HEADER,0,0,0,false,false,,TEXT_CONTENT_INTEGRITY_NOT_AUDITED_M2_02;TABLE_MEMBER_MISSING,INCOMPLETE_STRUCTURALLY_VALID_REQUIRED_WINDOWS
HAWX,N/A,false,true,false,true,true,,,0,0,T1-B0-S1-I1,INVALID_HEADER,0,0,0,false,false,,TEXT_CONTENT_INTEGRITY_NOT_AUDITED_M2_02;TABLE_MEMBER_MISSING,INCOMPLETE_STRUCTURALLY_VALID_REQUIRED_WINDOWS
HBAN,Financial Services,false,true,true,true,true,2000-03-31,2023-12-15,1240,1238,T1-B1-S1-I1,PASS_REQUIRED_WINDOWS,0,0,0,true,false,2906,TEXT_CONTENT_INTEGRITY_NOT_AUDITED_M2_02,NOT_SELECTED_BY_DETERMINISTIC_DIVERSITY_TIE_BREAK
HBB,Consumer Cyclical,false,true,true,true,true,2017-12-22,2023-12-15,315,313,T1-B1-S1-I1,PASS_REQUIRED_WINDOWS,0,0,0,true,false,909,TEXT_CONTENT_INTEGRITY_NOT_AUDITED_M2_02,NOT_SELECTED_BY_DETERMINISTIC_DIVERSITY_TIE_BREAK
HBCP,Financial Services,false,true,true,true,true,2009-01-09,2023-12-15,782,780,T1-B1-S1-I1,PASS_REQUIRED_WINDOWS,0,0,0,true,false,308,TEXT_CONTENT_INTEGRITY_NOT_AUDITED_M2_02,NOT_SELECTED_BY_DETERMINISTIC_DIVERSITY_TIE_BREAK
HBI,Consumer Cyclical,false,true,true,true,true,2006-12-01,2023-12-15,892,890,T1-B1-S1-I1,PASS_REQUIRED_WINDOWS,0,0,0,true,false,279,TEXT_CONTENT_INTEGRITY_NOT_AUDITED_M2_02,NOT_SELECTED_BY_DETERMINISTIC_DIVERSITY_TIE_BREAK
HBIO,Healthcare,false,true,true,true,true,2001-06-15,2023-12-15,1177,1175,T1-B1-S1-I1,PASS_REQUIRED_WINDOWS,0,0,0,true,false,1142,TEXT_CONTENT_INTEGRITY_NOT_AUDITED_M2_02,NOT_SELECTED_BY_DETERMINISTIC_DIVERSITY_TIE_BREAK
HBM,Basic Materials,false,true,true,true,true,2009-05-15,2023-12-15,764,762,T1-B1-S1-I1,PASS_REQUIRED_WINDOWS,0,0,0,true,false,831,TEXT_CONTENT_INTEGRITY_NOT_AUDITED_M2_02,NOT_SELECTED_BY_DETERMINISTIC_DIVERSITY_TIE_BREAK
HBT,Financial Services,false,true,true,true,true,2020-01-10,2023-12-15,208,206,T1-B1-S1-I1,PASS_REQUIRED_WINDOWS,0,0,0,true,false,873,TEXT_CONTENT_INTEGRITY_NOT_AUDITED_M2_02,NOT_SELECTED_BY_DETERMINISTIC_DIVERSITY_TIE_BREAK
HCA,Healthcare,false,true,true,true,true,2011-06-10,2023-12-15,656,654,T1-B1-S1-I1,PASS_REQUIRED_WINDOWS,0,0,0,true,false,1211,TEXT_CONTENT_INTEGRITY_NOT_AUDITED_M2_02,NOT_SELECTED_BY_DETERMINISTIC_DIVERSITY_TIE_BREAK
HCI,Financial Services,false,true,true,true,true,2008-12-12,2023-12-15,786,784,T1-B1-S1-I1,PASS_REQUIRED_WINDOWS,0,0,0,true,false,864,TEXT_CONTENT_INTEGRITY_NOT_AUDITED_M2_02,NOT_SELECTED_BY_DETERMINISTIC_DIVERSITY_TIE_BREAK
HCKT,Technology,false,true,true,true,true,2000-03-31,2023-12-15,1240,1238,T1-B1-S1-I1,PASS_REQUIRED_WINDOWS,0,0,0,true,false,1734,TEXT_CONTENT_INTEGRITY_NOT_AUDITED_M2_02,NOT_SELECTED_BY_DETERMINISTIC_DIVERSITY_TIE_BREAK
HCM,Healthcare,false,true,true,true,true,2016-06-10,2023-12-15,395,393,T1-B1-S1-I1,PASS_REQUIRED_WINDOWS,0,0,0,true,false,1856,TEXT_CONTENT_INTEGRITY_NOT_AUDITED_M2_02,NOT_SELECTED_BY_DETERMINISTIC_DIVERSITY_TIE_BREAK
HCRB,N/A,false,true,false,true,true,,,0,0,T1-B0-S1-I1,INVALID_HEADER,0,0,0,false,false,,TEXT_CONTENT_INTEGRITY_NOT_AUDITED_M2_02;TABLE_MEMBER_MISSING,INCOMPLETE_STRUCTURALLY_VALID_REQUIRED_WINDOWS
HCSG,Healthcare,false,true,true,true,true,2000-03-31,2023-12-15,1240,1238,T1-B1-S1-I1,PASS_REQUIRED_WINDOWS,0,0,0,true,false,854,TEXT_CONTENT_INTEGRITY_NOT_AUDITED_M2_02,NOT_SELECTED_BY_DETERMINISTIC_DIVERSITY_TIE_BREAK
HCXY,N/A,false,true,true,true,true,2018-12-28,2023-12-15,262,260,T1-B1-S1-I1,PASS_REQUIRED_WINDOWS,0,0,0,true,false,1397,TEXT_CONTENT_INTEGRITY_NOT_AUDITED_M2_02,NOT_SELECTED_BY_DETERMINISTIC_DIVERSITY_TIE_BREAK
HDAW,N/A,false,true,false,true,true,,,0,0,T1-B0-S1-I1,INVALID_HEADER,0,0,0,false,false,,TEXT_CONTENT_INTEGRITY_NOT_AUDITED_M2_02;TABLE_MEMBER_MISSING,INCOMPLETE_STRUCTURALLY_VALID_REQUIRED_WINDOWS
HDEF,N/A,false,true,false,true,true,,,0,0,T1-B0-S1-I1,INVALID_HEADER,0,0,0,false,false,,TEXT_CONTENT_INTEGRITY_NOT_AUDITED_M2_02;TABLE_MEMBER_MISSING,INCOMPLETE_STRUCTURALLY_VALID_REQUIRED_WINDOWS
HDG,N/A,false,true,false,true,true,,,0,0,T1-B0-S1-I1,INVALID_HEADER,0,0,0,false,false,,TEXT_CONTENT_INTEGRITY_NOT_AUDITED_M2_02;TABLE_MEMBER_MISSING,INCOMPLETE_STRUCTURALLY_VALID_REQUIRED_WINDOWS
HDGE,N/A,false,true,false,true,true,,,0,0,T1-B0-S1-I1,INVALID_HEADER,0,0,0,false,false,,TEXT_CONTENT_INTEGRITY_NOT_AUDITED_M2_02;TABLE_MEMBER_MISSING,INCOMPLETE_STRUCTURALLY_VALID_REQUIRED_WINDOWS
HDMV,N/A,false,true,false,true,true,,,0,0,T1-B0-S1-I1,INVALID_HEADER,0,0,0,false,false,,TEXT_CONTENT_INTEGRITY_NOT_AUDITED_M2_02;TABLE_MEMBER_MISSING,INCOMPLETE_STRUCTURALLY_VALID_REQUIRED_WINDOWS
HDV,N/A,false,true,false,true,true,,,0,0,T1-B0-S1-I1,INVALID_HEADER,0,0,0,false,false,,TEXT_CONTENT_INTEGRITY_NOT_AUDITED_M2_02;TABLE_MEMBER_MISSING,INCOMPLETE_STRUCTURALLY_VALID_REQUIRED_WINDOWS
HE,Utilities,false,true,true,true,true,2000-03-31,2023-12-15,1240,1238,T1-B1-S1-I1,PASS_REQUIRED_WINDOWS,0,0,0,true,false,1112,TEXT_CONTENT_INTEGRITY_NOT_AUDITED_M2_02,NOT_SELECTED_BY_DETERMINISTIC_DIVERSITY_TIE_BREAK
HEEM,N/A,false,true,false,true,true,,,0,0,T1-B0-S1-I1,INVALID_HEADER,0,0,0,false,false,,TEXT_CONTENT_INTEGRITY_NOT_AUDITED_M2_02;TABLE_MEMBER_MISSING,INCOMPLETE_STRUCTURALLY_VALID_REQUIRED_WINDOWS
HEES,Industrials,false,true,true,true,true,2006-04-28,2023-12-15,923,921,T1-B1-S1-I1,PASS_REQUIRED_WINDOWS,0,0,0,true,false,2047,TEXT_CONTENT_INTEGRITY_NOT_AUDITED_M2_02,NOT_SELECTED_BY_DETERMINISTIC_DIVERSITY_TIE_BREAK
HEFA,N/A,false,true,false,true,true,,,0,0,T1-B0-S1-I1,INVALID_HEADER,0,0,0,false,false,,TEXT_CONTENT_INTEGRITY_NOT_AUDITED_M2_02;TABLE_MEMBER_MISSING,INCOMPLETE_STRUCTURALLY_VALID_REQUIRED_WINDOWS
HEI,Industrials,false,true,true,true,true,2000-03-31,2023-12-15,1240,1238,T1-B1-S1-I1,PASS_REQUIRED_WINDOWS,0,0,0,true,false,2453,TEXT_CONTENT_INTEGRITY_NOT_AUDITED_M2_02,NOT_SELECTED_BY_DETERMINISTIC_DIVERSITY_TIE_BREAK
HELE,Consumer Defensive,false,true,true,true,true,2000-03-31,2023-12-15,1240,1238,T1-B1-S1-I1,PASS_REQUIRED_WINDOWS,0,0,0,true,false,1146,TEXT_CONTENT_INTEGRITY_NOT_AUDITED_M2_02,NOT_SELECTED_BY_DETERMINISTIC_DIVERSITY_TIE_BREAK
HELX,N/A,false,true,false,true,true,,,0,0,T1-B0-S1-I1,INVALID_HEADER,0,0,0,false,false,,TEXT_CONTENT_INTEGRITY_NOT_AUDITED_M2_02;TABLE_MEMBER_MISSING,INCOMPLETE_STRUCTURALLY_VALID_REQUIRED_WINDOWS
HEQ,Financial Services,false,true,false,true,true,2011-08-26,2023-12-15,645,643,T1-B0-S1-I1,PASS_REQUIRED_WINDOWS,0,0,0,true,false,2622,TEXT_CONTENT_INTEGRITY_NOT_AUDITED_M2_02;TABLE_MEMBER_MISSING,NOT_SELECTED_BY_DETERMINISTIC_DIVERSITY_TIE_BREAK
HERD,N/A,false,true,false,true,true,,,0,0,T1-B0-S1-I1,INVALID_HEADER,0,0,0,false,false,,TEXT_CONTENT_INTEGRITY_NOT_AUDITED_M2_02;TABLE_MEMBER_MISSING,INCOMPLETE_STRUCTURALLY_VALID_REQUIRED_WINDOWS
HERO,N/A,false,true,false,true,true,,,0,0,T1-B0-S1-I1,INVALID_HEADER,0,0,0,false,false,,TEXT_CONTENT_INTEGRITY_NOT_AUDITED_M2_02;TABLE_MEMBER_MISSING,INCOMPLETE_STRUCTURALLY_VALID_REQUIRED_WINDOWS
HES,Energy,false,true,true,true,true,2000-03-31,2023-12-15,1240,1238,T1-B1-S1-I1,PASS_REQUIRED_WINDOWS,0,0,0,true,false,1055,TEXT_CONTENT_INTEGRITY_NOT_AUDITED_M2_02,NOT_SELECTED_BY_DETERMINISTIC_DIVERSITY_TIE_BREAK
HESM,Energy,false,true,true,true,true,2017-06-30,2023-12-15,340,338,T1-B1-S1-I1,PASS_REQUIRED_WINDOWS,0,0,0,true,false,110,TEXT_CONTENT_INTEGRITY_NOT_AUDITED_M2_02,NOT_SELECTED_BY_DETERMINISTIC_DIVERSITY_TIE_BREAK
HEWG,N/A,false,true,false,true,true,,,0,0,T1-B0-S1-I1,INVALID_HEADER,0,0,0,false,false,,TEXT_CONTENT_INTEGRITY_NOT_AUDITED_M2_02;TABLE_MEMBER_MISSING,INCOMPLETE_STRUCTURALLY_VALID_REQUIRED_WINDOWS
HEWJ,N/A,false,true,false,true,true,,,0,0,T1-B0-S1-I1,INVALID_HEADER,0,0,0,false,false,,TEXT_CONTENT_INTEGRITY_NOT_AUDITED_M2_02;TABLE_MEMBER_MISSING,INCOMPLETE_STRUCTURALLY_VALID_REQUIRED_WINDOWS
HEZU,N/A,false,true,false,true,true,,,0,0,T1-B0-S1-I1,INVALID_HEADER,0,0,0,false,false,,TEXT_CONTENT_INTEGRITY_NOT_AUDITED_M2_02;TABLE_MEMBER_MISSING,INCOMPLETE_STRUCTURALLY_VALID_REQUIRED_WINDOWS
HFFG,Consumer Defensive,false,true,true,true,true,2017-12-01,2023-12-15,318,316,T1-B1-S1-I1,PASS_REQUIRED_WINDOWS,0,0,0,true,false,320,TEXT_CONTENT_INTEGRITY_NOT_AUDITED_M2_02,NOT_SELECTED_BY_DETERMINISTIC_DIVERSITY_TIE_BREAK
HFRO,Financial Services,false,true,false,true,true,2018-02-02,2023-12-15,309,307,T1-B0-S1-I1,PASS_REQUIRED_WINDOWS,0,0,0,true,false,1816,TEXT_CONTENT_INTEGRITY_NOT_AUDITED_M2_02;TABLE_MEMBER_MISSING,NOT_SELECTED_BY_DETERMINISTIC_DIVERSITY_TIE_BREAK
HFXI,N/A,false,true,false,true,true,,,0,0,T1-B0-S1-I1,INVALID_HEADER,0,0,0,false,false,,TEXT_CONTENT_INTEGRITY_NOT_AUDITED_M2_02;TABLE_MEMBER_MISSING,INCOMPLETE_STRUCTURALLY_VALID_REQUIRED_WINDOWS
HGLB,N/A,false,true,false,true,true,2019-05-31,2023-12-15,240,238,T1-B0-S1-I1,PASS_REQUIRED_WINDOWS,0,0,0,true,false,1119,TEXT_CONTENT_INTEGRITY_NOT_AUDITED_M2_02;TABLE_MEMBER_MISSING,NOT_SELECTED_BY_DETERMINISTIC_DIVERSITY_TIE_BREAK
HGV,Consumer Cyclical,false,true,true,true,true,2017-03-31,2023-12-15,353,351,T1-B1-S1-I1,PASS_REQUIRED_WINDOWS,0,0,0,true,false,2498,TEXT_CONTENT_INTEGRITY_NOT_AUDITED_M2_02,NOT_SELECTED_BY_DETERMINISTIC_DIVERSITY_TIE_BREAK
HHS,Industrials,false,true,true,true,true,2000-03-31,2023-12-15,1240,1238,T1-B1-S1-I1,PASS_REQUIRED_WINDOWS,0,0,0,true,false,165,TEXT_CONTENT_INTEGRITY_NOT_AUDITED_M2_02,NOT_SELECTED_BY_DETERMINISTIC_DIVERSITY_TIE_BREAK
HI,Industrials,false,true,true,true,true,2008-06-27,2023-12-15,810,808,T1-B1-S1-I1,PASS_REQUIRED_WINDOWS,0,0,0,true,false,1853,TEXT_CONTENT_INTEGRITY_NOT_AUDITED_M2_02,NOT_SELECTED_BY_DETERMINISTIC_DIVERSITY_TIE_BREAK
HIBS,N/A,false,true,false,true,true,,,0,0,T1-B0-S1-I1,INVALID_HEADER,0,0,0,false,false,,TEXT_CONTENT_INTEGRITY_NOT_AUDITED_M2_02;TABLE_MEMBER_MISSING,INCOMPLETE_STRUCTURALLY_VALID_REQUIRED_WINDOWS
HIG,Financial Services,false,true,true,true,true,2000-03-31,2023-12-15,1240,1238,T1-B1-S1-I1,PASS_REQUIRED_WINDOWS,0,0,0,true,false,2761,TEXT_CONTENT_INTEGRITY_NOT_AUDITED_M2_02,NOT_SELECTED_BY_DETERMINISTIC_DIVERSITY_TIE_BREAK
HIHO,Industrials,false,true,true,true,true,2000-03-31,2023-12-15,1240,1238,T1-B1-S1-I1,PASS_REQUIRED_WINDOWS,0,0,0,true,false,2755,TEXT_CONTENT_INTEGRITY_NOT_AUDITED_M2_02,NOT_SELECTED_BY_DETERMINISTIC_DIVERSITY_TIE_BREAK
HIMX,Technology,false,true,true,true,true,2006-06-30,2023-12-15,914,912,T1-B1-S1-I1,PASS_REQUIRED_WINDOWS,0,0,0,true,false,329,TEXT_CONTENT_INTEGRITY_NOT_AUDITED_M2_02,NOT_SELECTED_BY_DETERMINISTIC_DIVERSITY_TIE_BREAK
HIO,Financial Services,false,true,false,true,true,2000-03-31,2023-12-15,1240,1238,T1-B0-S1-I1,PASS_REQUIRED_WINDOWS,0,0,0,true,false,1408,TEXT_CONTENT_INTEGRITY_NOT_AUDITED_M2_02;TABLE_MEMBER_MISSING,NOT_SELECTED_BY_DETERMINISTIC_DIVERSITY_TIE_BREAK
HIPS,N/A,false,true,false,true,true,,,0,0,T1-B0-S1-I1,INVALID_HEADER,0,0,0,false,false,,TEXT_CONTENT_INTEGRITY_NOT_AUDITED_M2_02;TABLE_MEMBER_MISSING,INCOMPLETE_STRUCTURALLY_VALID_REQUIRED_WINDOWS
HIW,Real Estate,false,true,true,true,true,2000-03-31,2023-12-15,1240,1238,T1-B1-S1-I1,PASS_REQUIRED_WINDOWS,0,0,0,true,false,218,TEXT_CONTENT_INTEGRITY_NOT_AUDITED_M2_02,NOT_SELECTED_BY_DETERMINISTIC_DIVERSITY_TIE_BREAK
HIX,Financial Services,false,true,false,true,true,2000-03-31,2023-12-15,1240,1238,T1-B0-S1-I1,PASS_REQUIRED_WINDOWS,0,0,0,true,false,2385,TEXT_CONTENT_INTEGRITY_NOT_AUDITED_M2_02;TABLE_MEMBER_MISSING,NOT_SELECTED_BY_DETERMINISTIC_DIVERSITY_TIE_BREAK
HL,Basic Materials,false,true,true,true,true,2000-03-31,2023-12-15,1240,1238,T1-B1-S1-I1,PASS_REQUIRED_WINDOWS,0,0,0,true,false,843,TEXT_CONTENT_INTEGRITY_NOT_AUDITED_M2_02,NOT_SELECTED_BY_DETERMINISTIC_DIVERSITY_TIE_BREAK
HLAL,N/A,false,true,false,true,true,,,0,0,T1-B0-S1-I1,INVALID_HEADER,0,0,0,false,false,,TEXT_CONTENT_INTEGRITY_NOT_AUDITED_M2_02;TABLE_MEMBER_MISSING,INCOMPLETE_STRUCTURALLY_VALID_REQUIRED_WINDOWS
HLF,Consumer Defensive,false,true,true,true,true,2005-03-18,2023-12-15,981,979,T1-B1-S1-I1,PASS_REQUIRED_WINDOWS,0,0,0,true,false,1066,TEXT_CONTENT_INTEGRITY_NOT_AUDITED_M2_02,NOT_SELECTED_BY_DETERMINISTIC_DIVERSITY_TIE_BREAK
HNI,Consumer Cyclical,false,true,true,true,true,2000-03-31,2023-12-15,1240,1238,T1-B1-S1-I1,PASS_REQUIRED_WINDOWS,0,0,0,true,false,2607,TEXT_CONTENT_INTEGRITY_NOT_AUDITED_M2_02,NOT_SELECTED_BY_DETERMINISTIC_DIVERSITY_TIE_BREAK
HNNA,Financial Services,false,true,true,true,true,2005-06-03,2023-12-15,970,968,T1-B1-S1-I1,PASS_REQUIRED_WINDOWS,0,0,0,true,false,2185,TEXT_CONTENT_INTEGRITY_NOT_AUDITED_M2_02,NOT_SELECTED_BY_DETERMINISTIC_DIVERSITY_TIE_BREAK
HNRG,Energy,false,true,true,true,true,2000-03-31,2023-12-15,1240,1238,T1-B1-S1-I1,PASS_REQUIRED_WINDOWS,0,0,0,true,false,2842,TEXT_CONTENT_INTEGRITY_NOT_AUDITED_M2_02,NOT_SELECTED_BY_DETERMINISTIC_DIVERSITY_TIE_BREAK
HNW,Financial Services,false,true,false,true,true,2007-08-24,2023-12-15,854,852,T1-B0-S1-I1,PASS_REQUIRED_WINDOWS,0,0,0,true,false,55,TEXT_CONTENT_INTEGRITY_NOT_AUDITED_M2_02;TABLE_MEMBER_MISSING,NOT_SELECTED_BY_DETERMINISTIC_DIVERSITY_TIE_BREAK
HOFT,Consumer Cyclical,false,true,true,true,true,2002-09-27,2023-12-15,1110,1108,T1-B1-S1-I1,PASS_REQUIRED_WINDOWS,0,0,0,true,false,702,TEXT_CONTENT_INTEGRITY_NOT_AUDITED_M2_02,NOT_SELECTED_BY_DETERMINISTIC_DIVERSITY_TIE_BREAK
HOG,Consumer Cyclical,false,true,true,true,true,2000-03-31,2023-12-15,1240,1238,T1-B1-S1-I1,PASS_REQUIRED_WINDOWS,0,0,0,true,false,1165,TEXT_CONTENT_INTEGRITY_NOT_AUDITED_M2_02,NOT_SELECTED_BY_DETERMINISTIC_DIVERSITY_TIE_BREAK
HOLX,Healthcare,false,true,true,true,true,2000-03-31,2023-12-15,1240,1238,T1-B1-S1-I1,PASS_REQUIRED_WINDOWS,0,0,0,true,false,894,TEXT_CONTENT_INTEGRITY_NOT_AUDITED_M2_02,NOT_SELECTED_BY_DETERMINISTIC_DIVERSITY_TIE_BREAK
HOMZ,N/A,false,true,false,true,true,,,0,0,T1-B0-S1-I1,INVALID_HEADER,0,0,0,false,false,,TEXT_CONTENT_INTEGRITY_NOT_AUDITED_M2_02;TABLE_MEMBER_MISSING,INCOMPLETE_STRUCTURALLY_VALID_REQUIRED_WINDOWS
HONE,Financial Services,false,true,true,true,true,2016-09-30,2023-12-15,379,377,T1-B1-S1-I1,PASS_REQUIRED_WINDOWS,0,0,0,true,false,211,TEXT_CONTENT_INTEGRITY_NOT_AUDITED_M2_02,NOT_SELECTED_BY_DETERMINISTIC_DIVERSITY_TIE_BREAK
HOOK,Healthcare,false,true,true,true,true,2019-07-19,2023-12-15,233,231,T1-B1-S1-I1,PASS_REQUIRED_WINDOWS,0,0,0,true,false,1254,TEXT_CONTENT_INTEGRITY_NOT_AUDITED_M2_02,NOT_SELECTED_BY_DETERMINISTIC_DIVERSITY_TIE_BREAK
HOPE,Financial Services,false,true,true,true,true,2000-03-31,2023-12-15,1240,1238,T1-B1-S1-I1,PASS_REQUIRED_WINDOWS,0,0,0,true,false,886,TEXT_CONTENT_INTEGRITY_NOT_AUDITED_M2_02,NOT_SELECTED_BY_DETERMINISTIC_DIVERSITY_TIE_BREAK
HOV,Consumer Cyclical,false,true,true,true,true,2000-03-31,2023-12-15,1240,1238,T1-B1-S1-I1,PASS_REQUIRED_WINDOWS,0,0,0,true,false,2382,TEXT_CONTENT_INTEGRITY_NOT_AUDITED_M2_02,NOT_SELECTED_BY_DETERMINISTIC_DIVERSITY_TIE_BREAK
HOVNP,N/A,false,true,true,true,true,2006-03-03,2023-12-15,931,929,T1-B1-S1-I1,PASS_REQUIRED_WINDOWS,0,0,0,true,false,2137,TEXT_CONTENT_INTEGRITY_NOT_AUDITED_M2_02,NOT_SELECTED_BY_DETERMINISTIC_DIVERSITY_TIE_BREAK
HP,Energy,false,true,true,true,true,2000-03-31,2023-12-15,1240,1238,T1-B1-S1-I1,PASS_REQUIRED_WINDOWS,0,0,0,true,false,1455,TEXT_CONTENT_INTEGRITY_NOT_AUDITED_M2_02,NOT_SELECTED_BY_DETERMINISTIC_DIVERSITY_TIE_BREAK
HPE,Technology,false,true,true,true,true,2016-01-15,2023-12-15,416,414,T1-B1-S1-I1,PASS_REQUIRED_WINDOWS,0,0,0,true,false,120,TEXT_CONTENT_INTEGRITY_NOT_AUDITED_M2_02,NOT_SELECTED_BY_DETERMINISTIC_DIVERSITY_TIE_BREAK
HPF,Financial Services,false,true,false,true,true,2003-02-28,2023-12-15,1088,1086,T1-B0-S1-I1,PASS_REQUIRED_WINDOWS,0,0,0,true,false,2302,TEXT_CONTENT_INTEGRITY_NOT_AUDITED_M2_02;TABLE_MEMBER_MISSING,NOT_SELECTED_BY_DETERMINISTIC_DIVERSITY_TIE_BREAK
HPI,Financial Services,false,true,false,true,true,2003-10-10,2023-12-15,1056,1054,T1-B0-S1-I1,PASS_REQUIRED_WINDOWS,0,0,0,true,false,1757,TEXT_CONTENT_INTEGRITY_NOT_AUDITED_M2_02;TABLE_MEMBER_MISSING,NOT_SELECTED_BY_DETERMINISTIC_DIVERSITY_TIE_BREAK
HPP,Real Estate,false,true,true,true,true,2010-09-24,2023-12-15,693,691,T1-B1-S1-I1,PASS_REQUIRED_WINDOWS,0,0,0,true,false,2614,TEXT_CONTENT_INTEGRITY_NOT_AUDITED_M2_02,NOT_SELECTED_BY_DETERMINISTIC_DIVERSITY_TIE_BREAK
HPQ,Technology,false,true,true,true,true,2000-03-31,2023-12-15,1240,1238,T1-B1-S1-I1,PASS_REQUIRED_WINDOWS,0,0,0,true,false,697,TEXT_CONTENT_INTEGRITY_NOT_AUDITED_M2_02,NOT_SELECTED_BY_DETERMINISTIC_DIVERSITY_TIE_BREAK
HPS,Financial Services,false,true,false,true,true,2003-09-12,2023-12-15,1060,1058,T1-B0-S1-I1,PASS_REQUIRED_WINDOWS,0,0,0,true,false,1898,TEXT_CONTENT_INTEGRITY_NOT_AUDITED_M2_02;TABLE_MEMBER_MISSING,NOT_SELECTED_BY_DETERMINISTIC_DIVERSITY_TIE_BREAK
HQH,Financial Services,false,true,false,true,true,2000-03-31,2023-12-15,1240,1238,T1-B0-S1-I1,PASS_REQUIRED_WINDOWS,0,0,0,true,false,516,TEXT_CONTENT_INTEGRITY_NOT_AUDITED_M2_02;TABLE_MEMBER_MISSING,NOT_SELECTED_BY_DETERMINISTIC_DIVERSITY_TIE_BREAK
HQI,Industrials,false,true,true,true,true,2004-01-02,2023-12-15,1044,1042,T1-B1-S1-I1,PASS_REQUIRED_WINDOWS,0,0,0,true,false,1105,TEXT_CONTENT_INTEGRITY_NOT_AUDITED_M2_02,NOT_SELECTED_BY_DETERMINISTIC_DIVERSITY_TIE_BREAK
HQL,Financial Services,false,true,false,true,true,2000-03-31,2023-12-15,1240,1238,T1-B0-S1-I1,PASS_REQUIRED_WINDOWS,0,0,0,true,false,234,TEXT_CONTENT_INTEGRITY_NOT_AUDITED_M2_02;TABLE_MEMBER_MISSING,NOT_SELECTED_BY_DETERMINISTIC_DIVERSITY_TIE_BREAK
HQY,Healthcare,false,true,true,true,true,2014-10-24,2023-12-15,480,478,T1-B1-S1-I1,PASS_REQUIRED_WINDOWS,0,0,0,true,false,2688,TEXT_CONTENT_INTEGRITY_NOT_AUDITED_M2_02,NOT_SELECTED_BY_DETERMINISTIC_DIVERSITY_TIE_BREAK
HR,Real Estate,false,true,true,true,true,2000-03-31,2023-12-15,1240,1238,T1-B1-S1-I1,PASS_REQUIRED_WINDOWS,0,0,0,true,false,2789,TEXT_CONTENT_INTEGRITY_NOT_AUDITED_M2_02,NOT_SELECTED_BY_DETERMINISTIC_DIVERSITY_TIE_BREAK
HRB,Consumer Cyclical,false,true,true,true,true,2000-03-31,2023-12-15,1240,1238,T1-B1-S1-I1,PASS_REQUIRED_WINDOWS,0,0,0,true,false,1574,TEXT_CONTENT_INTEGRITY_NOT_AUDITED_M2_02,NOT_SELECTED_BY_DETERMINISTIC_DIVERSITY_TIE_BREAK
HRI,Industrials,false,true,true,true,true,2007-02-16,2023-12-15,881,879,T1-B1-S1-I1,PASS_REQUIRED_WINDOWS,0,0,0,true,false,1358,TEXT_CONTENT_INTEGRITY_NOT_AUDITED_M2_02,NOT_SELECTED_BY_DETERMINISTIC_DIVERSITY_TIE_BREAK
HRL,Consumer Defensive,false,true,true,true,true,2000-03-31,2023-12-15,1240,1238,T1-B1-S1-I1,PASS_REQUIRED_WINDOWS,0,0,0,true,false,1336,TEXT_CONTENT_INTEGRITY_NOT_AUDITED_M2_02,NOT_SELECTED_BY_DETERMINISTIC_DIVERSITY_TIE_BREAK
HROW,Healthcare,false,true,true,true,true,2007-12-28,2023-12-15,836,834,T1-B1-S1-I1,PASS_REQUIRED_WINDOWS,0,0,0,true,false,832,TEXT_CONTENT_INTEGRITY_NOT_AUDITED_M2_02,NOT_SELECTED_BY_DETERMINISTIC_DIVERSITY_TIE_BREAK
HRTG,Financial Services,false,true,true,true,true,2014-08-22,2023-12-15,489,487,T1-B1-S1-I1,PASS_REQUIRED_WINDOWS,0,0,0,true,false,183,TEXT_CONTENT_INTEGRITY_NOT_AUDITED_M2_02,NOT_SELECTED_BY_DETERMINISTIC_DIVERSITY_TIE_BREAK
HRTX,Healthcare,false,true,true,true,true,2000-03-31,2023-12-15,1240,1238,T1-B1-S1-I1,PASS_REQUIRED_WINDOWS,0,0,0,true,false,356,TEXT_CONTENT_INTEGRITY_NOT_AUDITED_M2_02,NOT_SELECTED_BY_DETERMINISTIC_DIVERSITY_TIE_BREAK
HRZN,Financial Services,false,true,true,true,true,2011-01-28,2023-12-15,675,673,T1-B1-S1-I1,PASS_REQUIRED_WINDOWS,0,0,0,true,false,2700,TEXT_CONTENT_INTEGRITY_NOT_AUDITED_M2_02,NOT_SELECTED_BY_DETERMINISTIC_DIVERSITY_TIE_BREAK
HSBC,Financial Services,false,true,true,true,true,2000-03-31,2023-12-15,1240,1238,T1-B1-S1-I1,PASS_REQUIRED_WINDOWS,0,0,0,true,false,200,TEXT_CONTENT_INTEGRITY_NOT_AUDITED_M2_02,NOT_SELECTED_BY_DETERMINISTIC_DIVERSITY_TIE_BREAK
HSCZ,N/A,false,true,false,true,true,,,0,0,T1-B0-S1-I1,INVALID_HEADER,0,0,0,false,false,,TEXT_CONTENT_INTEGRITY_NOT_AUDITED_M2_02;TABLE_MEMBER_MISSING,INCOMPLETE_STRUCTURALLY_VALID_REQUIRED_WINDOWS
HSDT,Healthcare,false,true,true,true,true,2014-09-26,2023-12-15,484,482,T1-B1-S1-I1,PASS_REQUIRED_WINDOWS,0,0,0,true,false,2976,TEXT_CONTENT_INTEGRITY_NOT_AUDITED_M2_02,NOT_SELECTED_BY_DETERMINISTIC_DIVERSITY_TIE_BREAK
HSIC,Healthcare,false,true,true,true,true,2000-03-31,2023-12-15,1240,1238,T1-B1-S1-I1,PASS_REQUIRED_WINDOWS,0,0,0,true,false,663,TEXT_CONTENT_INTEGRITY_NOT_AUDITED_M2_02,NOT_SELECTED_BY_DETERMINISTIC_DIVERSITY_TIE_BREAK
HSII,Industrials,false,true,true,true,true,2000-03-31,2023-12-15,1240,1238,T1-B1-S1-I1,PASS_REQUIRED_WINDOWS,0,0,0,true,false,1280,TEXT_CONTENT_INTEGRITY_NOT_AUDITED_M2_02,NOT_SELECTED_BY_DETERMINISTIC_DIVERSITY_TIE_BREAK
HSMV,N/A,false,true,false,true,true,,,0,0,T1-B0-S1-I1,INVALID_HEADER,0,0,0,false,false,,TEXT_CONTENT_INTEGRITY_NOT_AUDITED_M2_02;TABLE_MEMBER_MISSING,INCOMPLETE_STRUCTURALLY_VALID_REQUIRED_WINDOWS
HSON,Industrials,false,true,true,true,true,2003-06-13,2023-12-15,1073,1071,T1-B1-S1-I1,PASS_REQUIRED_WINDOWS,0,0,0,true,false,1661,TEXT_CONTENT_INTEGRITY_NOT_AUDITED_M2_02,NOT_SELECTED_BY_DETERMINISTIC_DIVERSITY_TIE_BREAK
HST,Real Estate,false,true,true,true,true,2000-03-31,2023-12-15,1240,1238,T1-B1-S1-I1,PASS_REQUIRED_WINDOWS,0,0,0,true,false,2107,TEXT_CONTENT_INTEGRITY_NOT_AUDITED_M2_02,NOT_SELECTED_BY_DETERMINISTIC_DIVERSITY_TIE_BREAK
HSTM,Healthcare,false,true,true,true,true,2000-07-07,2023-12-15,1226,1224,T1-B1-S1-I1,PASS_REQUIRED_WINDOWS,0,0,0,true,false,470,TEXT_CONTENT_INTEGRITY_NOT_AUDITED_M2_02,NOT_SELECTED_BY_DETERMINISTIC_DIVERSITY_TIE_BREAK
HTAB,N/A,false,true,false,true,true,,,0,0,T1-B0-S1-I1,INVALID_HEADER,0,0,0,false,false,,TEXT_CONTENT_INTEGRITY_NOT_AUDITED_M2_02;TABLE_MEMBER_MISSING,INCOMPLETE_STRUCTURALLY_VALID_REQUIRED_WINDOWS
HTBI,N/A,false,true,false,true,true,2004-06-10,2023-12-15,723,721,T1-B0-S1-I1,PASS_REQUIRED_WINDOWS,6,0,0,true,false,2704,TEXT_CONTENT_INTEGRITY_NOT_AUDITED_M2_02;TABLE_MEMBER_MISSING,NOT_SELECTED_BY_DETERMINISTIC_DIVERSITY_TIE_BREAK
HTGC,Financial Services,false,true,true,true,true,2005-09-02,2023-12-15,957,955,T1-B1-S1-I1,PASS_REQUIRED_WINDOWS,0,0,0,true,false,201,TEXT_CONTENT_INTEGRITY_NOT_AUDITED_M2_02,NOT_SELECTED_BY_DETERMINISTIC_DIVERSITY_TIE_BREAK
HTH,Financial Services,false,true,true,true,true,2004-05-14,2023-12-15,1025,1023,T1-B1-S1-I1,PASS_REQUIRED_WINDOWS,0,0,0,true,false,2290,TEXT_CONTENT_INTEGRITY_NOT_AUDITED_M2_02,NOT_SELECTED_BY_DETERMINISTIC_DIVERSITY_TIE_BREAK
HTHT,Consumer Cyclical,false,true,true,true,true,2010-06-25,2023-12-15,706,704,T1-B1-S1-I1,PASS_REQUIRED_WINDOWS,0,0,0,true,false,994,TEXT_CONTENT_INTEGRITY_NOT_AUDITED_M2_02,NOT_SELECTED_BY_DETERMINISTIC_DIVERSITY_TIE_BREAK
HTLD,Industrials,false,true,true,true,true,2000-03-31,2023-12-15,1240,1238,T1-B1-S1-I1,PASS_REQUIRED_WINDOWS,0,0,0,true,false,982,TEXT_CONTENT_INTEGRITY_NOT_AUDITED_M2_02,NOT_SELECTED_BY_DETERMINISTIC_DIVERSITY_TIE_BREAK
HTRB,N/A,false,true,false,true,true,,,0,0,T1-B0-S1-I1,INVALID_HEADER,0,0,0,false,false,,TEXT_CONTENT_INTEGRITY_NOT_AUDITED_M2_02;TABLE_MEMBER_MISSING,INCOMPLETE_STRUCTURALLY_VALID_REQUIRED_WINDOWS
HTUS,N/A,false,true,false,true,true,,,0,0,T1-B0-S1-I1,INVALID_HEADER,0,0,0,false,false,,TEXT_CONTENT_INTEGRITY_NOT_AUDITED_M2_02;TABLE_MEMBER_MISSING,INCOMPLETE_STRUCTURALLY_VALID_REQUIRED_WINDOWS
HTZ,Industrials,false,true,true,true,true,2021-10-01,2023-12-15,118,116,T1-B1-S1-I1,PASS_REQUIRED_WINDOWS,0,0,0,true,false,2318,TEXT_CONTENT_INTEGRITY_NOT_AUDITED_M2_02,NOT_SELECTED_BY_DETERMINISTIC_DIVERSITY_TIE_BREAK
HUBB,Industrials,false,true,true,true,true,2000-03-31,2023-12-15,1226,1224,T1-B1-S1-I1,PASS_REQUIRED_WINDOWS,1,0,0,true,false,1807,TEXT_CONTENT_INTEGRITY_NOT_AUDITED_M2_02,NOT_SELECTED_BY_DETERMINISTIC_DIVERSITY_TIE_BREAK
HUBG,Industrials,false,true,true,true,true,2000-03-31,2023-12-15,1240,1238,T1-B1-S1-I1,PASS_REQUIRED_WINDOWS,0,0,0,true,false,315,TEXT_CONTENT_INTEGRITY_NOT_AUDITED_M2_02,NOT_SELECTED_BY_DETERMINISTIC_DIVERSITY_TIE_BREAK
HUBS,Technology,false,true,true,true,true,2015-01-09,2023-12-15,469,467,T1-B1-S1-I1,PASS_REQUIRED_WINDOWS,0,0,0,true,false,996,TEXT_CONTENT_INTEGRITY_NOT_AUDITED_M2_02,NOT_SELECTED_BY_DETERMINISTIC_DIVERSITY_TIE_BREAK
HUIZ,Financial Services,false,true,true,true,true,2020-05-08,2023-12-15,191,189,T1-B1-S1-I1,PASS_REQUIRED_WINDOWS,0,0,0,true,false,2672,TEXT_CONTENT_INTEGRITY_NOT_AUDITED_M2_02,NOT_SELECTED_BY_DETERMINISTIC_DIVERSITY_TIE_BREAK
HUM,Healthcare,false,true,true,true,true,2000-03-31,2023-12-15,1240,1238,T1-B1-S1-I1,PASS_REQUIRED_WINDOWS,0,0,0,true,false,2359,TEXT_CONTENT_INTEGRITY_NOT_AUDITED_M2_02,NOT_SELECTED_BY_DETERMINISTIC_DIVERSITY_TIE_BREAK
HUN,Basic Materials,false,true,true,true,true,2005-05-13,2023-12-15,973,971,T1-B1-S1-I1,PASS_REQUIRED_WINDOWS,0,0,0,true,false,1833,TEXT_CONTENT_INTEGRITY_NOT_AUDITED_M2_02,NOT_SELECTED_BY_DETERMINISTIC_DIVERSITY_TIE_BREAK
HURC,Industrials,false,true,true,true,true,2000-03-31,2023-12-15,1240,1238,T1-B1-S1-I1,PASS_REQUIRED_WINDOWS,0,0,0,true,false,1724,TEXT_CONTENT_INTEGRITY_NOT_AUDITED_M2_02,NOT_SELECTED_BY_DETERMINISTIC_DIVERSITY_TIE_BREAK
HURN,Industrials,false,true,true,true,true,2005-01-07,2023-12-15,991,989,T1-B1-S1-I1,PASS_REQUIRED_WINDOWS,0,0,0,true,false,2530,TEXT_CONTENT_INTEGRITY_NOT_AUDITED_M2_02,NOT_SELECTED_BY_DETERMINISTIC_DIVERSITY_TIE_BREAK
HUSA,Energy,false,true,true,true,true,2002-04-19,2023-12-15,1133,1131,T1-B1-S1-I1,PASS_REQUIRED_WINDOWS,0,0,0,true,false,1501,TEXT_CONTENT_INTEGRITY_NOT_AUDITED_M2_02,NOT_SELECTED_BY_DETERMINISTIC_DIVERSITY_TIE_BREAK
HUSV,N/A,false,true,false,true,true,,,0,0,T1-B0-S1-I1,INVALID_HEADER,0,0,0,false,false,,TEXT_CONTENT_INTEGRITY_NOT_AUDITED_M2_02;TABLE_MEMBER_MISSING,INCOMPLETE_STRUCTURALLY_VALID_REQUIRED_WINDOWS
HUYA,Communication Services,false,true,true,true,true,2018-08-10,2023-12-15,282,280,T1-B1-S1-I1,PASS_REQUIRED_WINDOWS,0,0,0,true,false,1059,TEXT_CONTENT_INTEGRITY_NOT_AUDITED_M2_02,NOT_SELECTED_BY_DETERMINISTIC_DIVERSITY_TIE_BREAK
HVT,Consumer Cyclical,false,true,true,true,true,2000-03-31,2023-12-15,1240,1238,T1-B1-S1-I1,PASS_REQUIRED_WINDOWS,0,0,0,true,false,2338,TEXT_CONTENT_INTEGRITY_NOT_AUDITED_M2_02,NOT_SELECTED_BY_DETERMINISTIC_DIVERSITY_TIE_BREAK
HVT-A,Consumer Cyclical,false,true,true,true,true,2000-03-31,2023-12-15,1240,1238,T1-B1-S1-I1,PASS_REQUIRED_WINDOWS,0,0,0,true,false,1982,TEXT_CONTENT_INTEGRITY_NOT_AUDITED_M2_02,NOT_SELECTED_BY_DETERMINISTIC_DIVERSITY_TIE_BREAK
IAC,Communication Services,false,true,true,true,true,2000-03-31,2023-12-15,1240,1238,T1-B1-S1-I1,PASS_REQUIRED_WINDOWS,0,0,0,true,false,1937,TEXT_CONTENT_INTEGRITY_NOT_AUDITED_M2_02,NOT_SELECTED_BY_DETERMINISTIC_DIVERSITY_TIE_BREAK
IAE,Financial Services,false,true,false,true,true,2007-06-22,2023-12-15,863,861,T1-B0-S1-I1,PASS_REQUIRED_WINDOWS,0,0,0,true,false,1505,TEXT_CONTENT_INTEGRITY_NOT_AUDITED_M2_02;TABLE_MEMBER_MISSING,NOT_SELECTED_BY_DETERMINISTIC_DIVERSITY_TIE_BREAK
IAF,Financial Services,false,true,false,true,true,2000-03-31,2023-12-15,1240,1238,T1-B0-S1-I1,PASS_REQUIRED_WINDOWS,0,0,0,true,false,1676,TEXT_CONTENT_INTEGRITY_NOT_AUDITED_M2_02;TABLE_MEMBER_MISSING,NOT_SELECTED_BY_DETERMINISTIC_DIVERSITY_TIE_BREAK
IAG,Basic Materials,false,true,true,true,true,2003-10-10,2023-12-15,1056,1054,T1-B1-S1-I1,PASS_REQUIRED_WINDOWS,0,0,0,true,false,2166,TEXT_CONTENT_INTEGRITY_NOT_AUDITED_M2_02,NOT_SELECTED_BY_DETERMINISTIC_DIVERSITY_TIE_BREAK
IAGG,N/A,false,true,false,true,true,,,0,0,T1-B0-S1-I1,INVALID_HEADER,0,0,0,false,false,,TEXT_CONTENT_INTEGRITY_NOT_AUDITED_M2_02;TABLE_MEMBER_MISSING,INCOMPLETE_STRUCTURALLY_VALID_REQUIRED_WINDOWS
IAK,N/A,false,true,false,true,true,,,0,0,T1-B0-S1-I1,INVALID_HEADER,0,0,0,false,false,,TEXT_CONTENT_INTEGRITY_NOT_AUDITED_M2_02;TABLE_MEMBER_MISSING,INCOMPLETE_STRUCTURALLY_VALID_REQUIRED_WINDOWS
IART,Healthcare,false,true,true,true,true,2000-03-31,2023-12-15,1240,1238,T1-B1-S1-I1,PASS_REQUIRED_WINDOWS,0,0,0,true,false,2841,TEXT_CONTENT_INTEGRITY_NOT_AUDITED_M2_02,NOT_SELECTED_BY_DETERMINISTIC_DIVERSITY_TIE_BREAK
IAU,N/A,false,true,true,true,true,,,0,0,T1-B1-S1-I1,INVALID_HEADER,0,0,0,false,false,,TEXT_CONTENT_INTEGRITY_NOT_AUDITED_M2_02,INCOMPLETE_STRUCTURALLY_VALID_REQUIRED_WINDOWS
IBB,N/A,false,true,false,true,true,,,0,0,T1-B0-S1-I1,INVALID_HEADER,0,0,0,false,false,,TEXT_CONTENT_INTEGRITY_NOT_AUDITED_M2_02;TABLE_MEMBER_MISSING,INCOMPLETE_STRUCTURALLY_VALID_REQUIRED_WINDOWS
IBD,N/A,false,true,false,true,true,,,0,0,T1-B0-S1-I1,INVALID_HEADER,0,0,0,false,false,,TEXT_CONTENT_INTEGRITY_NOT_AUDITED_M2_02;TABLE_MEMBER_MISSING,INCOMPLETE_STRUCTURALLY_VALID_REQUIRED_WINDOWS
IBDO,N/A,false,false,false,true,true,,,0,0,T0-B0-S1-I1,INVALID_HEADER,0,0,0,false,false,,TEXT_CONTENT_INTEGRITY_NOT_AUDITED_M2_02;TEXT_MEMBER_MISSING;TABLE_MEMBER_MISSING,INCOMPLETE_STRUCTURALLY_VALID_REQUIRED_WINDOWS
IBDP,N/A,false,true,false,true,true,,,0,0,T1-B0-S1-I1,INVALID_HEADER,0,0,0,false,false,,TEXT_CONTENT_INTEGRITY_NOT_AUDITED_M2_02;TABLE_MEMBER_MISSING,INCOMPLETE_STRUCTURALLY_VALID_REQUIRED_WINDOWS
IBDQ,N/A,false,true,false,true,true,,,0,0,T1-B0-S1-I1,INVALID_HEADER,0,0,0,false,false,,TEXT_CONTENT_INTEGRITY_NOT_AUDITED_M2_02;TABLE_MEMBER_MISSING,INCOMPLETE_STRUCTURALLY_VALID_REQUIRED_WINDOWS
IBDR,N/A,false,true,false,true,true,,,0,0,T1-B0-S1-I1,INVALID_HEADER,0,0,0,false,false,,TEXT_CONTENT_INTEGRITY_NOT_AUDITED_M2_02;TABLE_MEMBER_MISSING,INCOMPLETE_STRUCTURALLY_VALID_REQUIRED_WINDOWS
IBDS,N/A,false,true,false,true,true,,,0,0,T1-B0-S1-I1,INVALID_HEADER,0,0,0,false,false,,TEXT_CONTENT_INTEGRITY_NOT_AUDITED_M2_02;TABLE_MEMBER_MISSING,INCOMPLETE_STRUCTURALLY_VALID_REQUIRED_WINDOWS
IBDT,N/A,false,true,false,true,true,,,0,0,T1-B0-S1-I1,INVALID_HEADER,0,0,0,false,false,,TEXT_CONTENT_INTEGRITY_NOT_AUDITED_M2_02;TABLE_MEMBER_MISSING,INCOMPLETE_STRUCTURALLY_VALID_REQUIRED_WINDOWS
IBDU,N/A,false,true,false,true,true,,,0,0,T1-B0-S1-I1,INVALID_HEADER,0,0,0,false,false,,TEXT_CONTENT_INTEGRITY_NOT_AUDITED_M2_02;TABLE_MEMBER_MISSING,INCOMPLETE_STRUCTURALLY_VALID_REQUIRED_WINDOWS
IBDV,N/A,false,true,false,true,true,,,0,0,T1-B0-S1-I1,INVALID_HEADER,0,0,0,false,false,,TEXT_CONTENT_INTEGRITY_NOT_AUDITED_M2_02;TABLE_MEMBER_MISSING,INCOMPLETE_STRUCTURALLY_VALID_REQUIRED_WINDOWS
IBHD,N/A,false,true,false,true,true,,,0,0,T1-B0-S1-I1,INVALID_HEADER,0,0,0,false,false,,TEXT_CONTENT_INTEGRITY_NOT_AUDITED_M2_02;TABLE_MEMBER_MISSING,INCOMPLETE_STRUCTURALLY_VALID_REQUIRED_WINDOWS
IBHE,N/A,false,true,false,true,true,,,0,0,T1-B0-S1-I1,INVALID_HEADER,0,0,0,false,false,,TEXT_CONTENT_INTEGRITY_NOT_AUDITED_M2_02;TABLE_MEMBER_MISSING,INCOMPLETE_STRUCTURALLY_VALID_REQUIRED_WINDOWS
IBIO,Healthcare,false,true,true,true,true,2008-11-14,2023-12-15,790,788,T1-B1-S1-I1,PASS_REQUIRED_WINDOWS,0,0,0,true,false,970,TEXT_CONTENT_INTEGRITY_NOT_AUDITED_M2_02,NOT_SELECTED_BY_DETERMINISTIC_DIVERSITY_TIE_BREAK
IBKR,Financial Services,false,true,true,true,true,2007-08-03,2023-12-15,857,855,T1-B1-S1-I1,PASS_REQUIRED_WINDOWS,0,0,0,true,false,1229,TEXT_CONTENT_INTEGRITY_NOT_AUDITED_M2_02,NOT_SELECTED_BY_DETERMINISTIC_DIVERSITY_TIE_BREAK
IBM,Technology,false,true,true,true,true,2000-03-31,2023-12-15,1240,1238,T1-B1-S1-I1,PASS_REQUIRED_WINDOWS,0,0,0,true,false,1403,TEXT_CONTENT_INTEGRITY_NOT_AUDITED_M2_02,NOT_SELECTED_BY_DETERMINISTIC_DIVERSITY_TIE_BREAK
IBML,N/A,false,false,false,true,true,,,0,0,T0-B0-S1-I1,INVALID_HEADER,0,0,0,false,false,,TEXT_CONTENT_INTEGRITY_NOT_AUDITED_M2_02;TEXT_MEMBER_MISSING;TABLE_MEMBER_MISSING,INCOMPLETE_STRUCTURALLY_VALID_REQUIRED_WINDOWS
IBMM,N/A,false,true,false,true,true,,,0,0,T1-B0-S1-I1,INVALID_HEADER,0,0,0,false,false,,TEXT_CONTENT_INTEGRITY_NOT_AUDITED_M2_02;TABLE_MEMBER_MISSING,INCOMPLETE_STRUCTURALLY_VALID_REQUIRED_WINDOWS
IBMN,N/A,false,true,false,true,true,,,0,0,T1-B0-S1-I1,INVALID_HEADER,0,0,0,false,false,,TEXT_CONTENT_INTEGRITY_NOT_AUDITED_M2_02;TABLE_MEMBER_MISSING,INCOMPLETE_STRUCTURALLY_VALID_REQUIRED_WINDOWS
IBMO,N/A,false,true,false,true,true,,,0,0,T1-B0-S1-I1,INVALID_HEADER,0,0,0,false,false,,TEXT_CONTENT_INTEGRITY_NOT_AUDITED_M2_02;TABLE_MEMBER_MISSING,INCOMPLETE_STRUCTURALLY_VALID_REQUIRED_WINDOWS
IBMP,N/A,false,true,false,true,true,,,0,0,T1-B0-S1-I1,INVALID_HEADER,0,0,0,false,false,,TEXT_CONTENT_INTEGRITY_NOT_AUDITED_M2_02;TABLE_MEMBER_MISSING,INCOMPLETE_STRUCTURALLY_VALID_REQUIRED_WINDOWS
IBMQ,N/A,false,true,false,true,true,,,0,0,T1-B0-S1-I1,INVALID_HEADER,0,0,0,false,false,,TEXT_CONTENT_INTEGRITY_NOT_AUDITED_M2_02;TABLE_MEMBER_MISSING,INCOMPLETE_STRUCTURALLY_VALID_REQUIRED_WINDOWS
IBN,Financial Services,false,true,false,true,true,2000-06-23,2023-12-15,1228,1226,T1-B0-S1-I1,PASS_REQUIRED_WINDOWS,0,0,0,true,false,1084,TEXT_CONTENT_INTEGRITY_NOT_AUDITED_M2_02;TABLE_MEMBER_MISSING,NOT_SELECTED_BY_DETERMINISTIC_DIVERSITY_TIE_BREAK
IBOC,Financial Services,false,true,true,true,true,2000-03-31,2023-12-15,1240,1238,T1-B1-S1-I1,PASS_REQUIRED_WINDOWS,0,0,0,true,false,407,TEXT_CONTENT_INTEGRITY_NOT_AUDITED_M2_02,NOT_SELECTED_BY_DETERMINISTIC_DIVERSITY_TIE_BREAK
IBP,Consumer Cyclical,false,true,true,true,true,2014-05-16,2023-12-15,503,501,T1-B1-S1-I1,PASS_REQUIRED_WINDOWS,0,0,0,true,false,2389,TEXT_CONTENT_INTEGRITY_NOT_AUDITED_M2_02,NOT_SELECTED_BY_DETERMINISTIC_DIVERSITY_TIE_BREAK
IBTD,N/A,false,false,false,true,true,,,0,0,T0-B0-S1-I1,INVALID_HEADER,0,0,0,false,false,,TEXT_CONTENT_INTEGRITY_NOT_AUDITED_M2_02;TEXT_MEMBER_MISSING;TABLE_MEMBER_MISSING,INCOMPLETE_STRUCTURALLY_VALID_REQUIRED_WINDOWS
IBTE,N/A,false,true,false,true,true,,,0,0,T1-B0-S1-I1,INVALID_HEADER,0,0,0,false,false,,TEXT_CONTENT_INTEGRITY_NOT_AUDITED_M2_02;TABLE_MEMBER_MISSING,INCOMPLETE_STRUCTURALLY_VALID_REQUIRED_WINDOWS
IBTF,N/A,false,true,false,true,true,,,0,0,T1-B0-S1-I1,INVALID_HEADER,0,0,0,false,false,,TEXT_CONTENT_INTEGRITY_NOT_AUDITED_M2_02;TABLE_MEMBER_MISSING,INCOMPLETE_STRUCTURALLY_VALID_REQUIRED_WINDOWS
IBTG,N/A,false,true,false,true,true,,,0,0,T1-B0-S1-I1,INVALID_HEADER,0,0,0,false,false,,TEXT_CONTENT_INTEGRITY_NOT_AUDITED_M2_02;TABLE_MEMBER_MISSING,INCOMPLETE_STRUCTURALLY_VALID_REQUIRED_WINDOWS
IBTH,N/A,false,true,false,true,true,,,0,0,T1-B0-S1-I1,INVALID_HEADER,0,0,0,false,false,,TEXT_CONTENT_INTEGRITY_NOT_AUDITED_M2_02;TABLE_MEMBER_MISSING,INCOMPLETE_STRUCTURALLY_VALID_REQUIRED_WINDOWS
IBTI,N/A,false,true,false,true,true,,,0,0,T1-B0-S1-I1,INVALID_HEADER,0,0,0,false,false,,TEXT_CONTENT_INTEGRITY_NOT_AUDITED_M2_02;TABLE_MEMBER_MISSING,INCOMPLETE_STRUCTURALLY_VALID_REQUIRED_WINDOWS
IBTJ,N/A,false,true,false,true,true,,,0,0,T1-B0-S1-I1,INVALID_HEADER,0,0,0,false,false,,TEXT_CONTENT_INTEGRITY_NOT_AUDITED_M2_02;TABLE_MEMBER_MISSING,INCOMPLETE_STRUCTURALLY_VALID_REQUIRED_WINDOWS
ICAD,Healthcare,false,true,true,true,true,2000-03-31,2023-12-15,1240,1238,T1-B1-S1-I1,PASS_REQUIRED_WINDOWS,0,0,0,true,false,1767,TEXT_CONTENT_INTEGRITY_NOT_AUDITED_M2_02,NOT_SELECTED_BY_DETERMINISTIC_DIVERSITY_TIE_BREAK
ICCC,Healthcare,false,true,true,true,true,2000-03-31,2023-12-15,1240,1238,T1-B1-S1-I1,PASS_REQUIRED_WINDOWS,0,0,0,true,false,2556,TEXT_CONTENT_INTEGRITY_NOT_AUDITED_M2_02,NOT_SELECTED_BY_DETERMINISTIC_DIVERSITY_TIE_BREAK
ICCH,Financial Services,false,true,false,true,true,2017-06-23,2023-11-10,321,321,T1-B0-S1-I1,INCOMPLETE_REQUIRED_WINDOWS,2,0,0,false,false,,TEXT_CONTENT_INTEGRITY_NOT_AUDITED_M2_02;TABLE_MEMBER_MISSING,INCOMPLETE_STRUCTURALLY_VALID_REQUIRED_WINDOWS
ICE,Financial Services,false,true,true,true,true,2006-02-17,2023-12-15,933,931,T1-B1-S1-I1,PASS_REQUIRED_WINDOWS,0,0,0,true,false,985,TEXT_CONTENT_INTEGRITY_NOT_AUDITED_M2_02,NOT_SELECTED_BY_DETERMINISTIC_DIVERSITY_TIE_BREAK
ICF,N/A,false,true,false,true,true,,,0,0,T1-B0-S1-I1,INVALID_HEADER,0,0,0,false,false,,TEXT_CONTENT_INTEGRITY_NOT_AUDITED_M2_02;TABLE_MEMBER_MISSING,INCOMPLETE_STRUCTURALLY_VALID_REQUIRED_WINDOWS
INBK,Financial Services,false,true,true,true,true,2006-06-30,2023-12-15,914,912,T1-B1-S1-I1,PASS_REQUIRED_WINDOWS,0,0,0,true,false,1836,TEXT_CONTENT_INTEGRITY_NOT_AUDITED_M2_02,NOT_SELECTED_BY_DETERMINISTIC_DIVERSITY_TIE_BREAK
INBKZ,N/A,false,true,true,true,true,2019-09-13,2023-12-15,225,223,T1-B1-S1-I1,PASS_REQUIRED_WINDOWS,0,0,0,true,false,924,TEXT_CONTENT_INTEGRITY_NOT_AUDITED_M2_02,NOT_SELECTED_BY_DETERMINISTIC_DIVERSITY_TIE_BREAK
INCO,N/A,false,true,false,true,true,,,0,0,T1-B0-S1-I1,INVALID_HEADER,0,0,0,false,false,,TEXT_CONTENT_INTEGRITY_NOT_AUDITED_M2_02;TABLE_MEMBER_MISSING,INCOMPLETE_STRUCTURALLY_VALID_REQUIRED_WINDOWS
INCY,Healthcare,false,true,true,true,true,2000-03-31,2023-12-15,1240,1238,T1-B1-S1-I1,PASS_REQUIRED_WINDOWS,0,0,0,true,false,2010,TEXT_CONTENT_INTEGRITY_NOT_AUDITED_M2_02,NOT_SELECTED_BY_DETERMINISTIC_DIVERSITY_TIE_BREAK
INDA,N/A,false,true,false,true,true,,,0,0,T1-B0-S1-I1,INVALID_HEADER,0,0,0,false,false,,TEXT_CONTENT_INTEGRITY_NOT_AUDITED_M2_02;TABLE_MEMBER_MISSING,INCOMPLETE_STRUCTURALLY_VALID_REQUIRED_WINDOWS
INDB,Financial Services,false,true,true,true,true,2000-03-31,2023-12-15,1240,1238,T1-B1-S1-I1,PASS_REQUIRED_WINDOWS,0,0,0,true,false,1409,TEXT_CONTENT_INTEGRITY_NOT_AUDITED_M2_02,NOT_SELECTED_BY_DETERMINISTIC_DIVERSITY_TIE_BREAK
INDL,N/A,false,true,false,true,true,,,0,0,T1-B0-S1-I1,INVALID_HEADER,0,0,0,false,false,,TEXT_CONTENT_INTEGRITY_NOT_AUDITED_M2_02;TABLE_MEMBER_MISSING,INCOMPLETE_STRUCTURALLY_VALID_REQUIRED_WINDOWS
INDO,Energy,false,true,true,true,true,2020-03-20,2023-12-15,198,196,T1-B1-S1-I1,PASS_REQUIRED_WINDOWS,0,0,0,true,false,1972,TEXT_CONTENT_INTEGRITY_NOT_AUDITED_M2_02,NOT_SELECTED_BY_DETERMINISTIC_DIVERSITY_TIE_BREAK
INDS,N/A,false,true,false,true,true,,,0,0,T1-B0-S1-I1,INVALID_HEADER,0,0,0,false,false,,TEXT_CONTENT_INTEGRITY_NOT_AUDITED_M2_02;TABLE_MEMBER_MISSING,INCOMPLETE_STRUCTURALLY_VALID_REQUIRED_WINDOWS
INDY,N/A,false,true,false,true,true,,,0,0,T1-B0-S1-I1,INVALID_HEADER,0,0,0,false,false,,TEXT_CONTENT_INTEGRITY_NOT_AUDITED_M2_02;TABLE_MEMBER_MISSING,INCOMPLETE_STRUCTURALLY_VALID_REQUIRED_WINDOWS
INFN,Technology,false,true,false,true,true,2007-08-31,2023-12-15,853,851,T1-B0-S1-I1,PASS_REQUIRED_WINDOWS,0,0,0,true,false,16,TEXT_CONTENT_INTEGRITY_NOT_AUDITED_M2_02;TABLE_MEMBER_MISSING,NOT_SELECTED_BY_DETERMINISTIC_DIVERSITY_TIE_BREAK
INFR,N/A,false,true,false,true,true,,,0,0,T1-B0-S1-I1,INVALID_HEADER,0,0,0,false,false,,TEXT_CONTENT_INTEGRITY_NOT_AUDITED_M2_02;TABLE_MEMBER_MISSING,INCOMPLETE_STRUCTURALLY_VALID_REQUIRED_WINDOWS
INFU,Healthcare,false,true,true,true,true,2008-03-28,2023-12-15,823,821,T1-B1-S1-I1,PASS_REQUIRED_WINDOWS,0,0,0,true,false,2863,TEXT_CONTENT_INTEGRITY_NOT_AUDITED_M2_02,NOT_SELECTED_BY_DETERMINISTIC_DIVERSITY_TIE_BREAK
INFY,Technology,false,true,true,true,true,2000-03-31,2023-12-15,1240,1238,T1-B1-S1-I1,PASS_REQUIRED_WINDOWS,0,0,0,true,false,2810,TEXT_CONTENT_INTEGRITY_NOT_AUDITED_M2_02,NOT_SELECTED_BY_DETERMINISTIC_DIVERSITY_TIE_BREAK
ING,Financial Services,false,true,true,true,true,2000-03-31,2023-12-15,1240,1238,T1-B1-S1-I1,PASS_REQUIRED_WINDOWS,0,0,0,true,false,1920,TEXT_CONTENT_INTEGRITY_NOT_AUDITED_M2_02,NOT_SELECTED_BY_DETERMINISTIC_DIVERSITY_TIE_BREAK
INGN,Healthcare,false,true,true,true,true,2014-05-16,2023-12-15,503,501,T1-B1-S1-I1,PASS_REQUIRED_WINDOWS,0,0,0,true,false,128,TEXT_CONTENT_INTEGRITY_NOT_AUDITED_M2_02,NOT_SELECTED_BY_DETERMINISTIC_DIVERSITY_TIE_BREAK
INGR,Consumer Defensive,false,true,true,true,true,2000-03-31,2023-12-15,1240,1238,T1-B1-S1-I1,PASS_REQUIRED_WINDOWS,0,0,0,true,false,1484,TEXT_CONTENT_INTEGRITY_NOT_AUDITED_M2_02,NOT_SELECTED_BY_DETERMINISTIC_DIVERSITY_TIE_BREAK
INKM,N/A,false,true,false,true,true,,,0,0,T1-B0-S1-I1,INVALID_HEADER,0,0,0,false,false,,TEXT_CONTENT_INTEGRITY_NOT_AUDITED_M2_02;TABLE_MEMBER_MISSING,INCOMPLETE_STRUCTURALLY_VALID_REQUIRED_WINDOWS
INMB,Healthcare,false,true,true,true,true,2019-05-03,2023-12-15,244,242,T1-B1-S1-I1,PASS_REQUIRED_WINDOWS,0,0,0,true,false,1045,TEXT_CONTENT_INTEGRITY_NOT_AUDITED_M2_02,NOT_SELECTED_BY_DETERMINISTIC_DIVERSITY_TIE_BREAK
INMD,Healthcare,false,true,true,true,true,2019-11-01,2023-12-15,218,216,T1-B1-S1-I1,PASS_REQUIRED_WINDOWS,0,0,0,true,false,1949,TEXT_CONTENT_INTEGRITY_NOT_AUDITED_M2_02,NOT_SELECTED_BY_DETERMINISTIC_DIVERSITY_TIE_BREAK
INO,Healthcare,false,true,true,true,true,2000-03-31,2023-12-15,1240,1238,T1-B1-S1-I1,PASS_REQUIRED_WINDOWS,0,0,0,true,false,2384,TEXT_CONTENT_INTEGRITY_NOT_AUDITED_M2_02,NOT_SELECTED_BY_DETERMINISTIC_DIVERSITY_TIE_BREAK
INOD,Technology,false,true,true,true,true,2000-03-31,2023-12-15,1240,1238,T1-B1-S1-I1,PASS_REQUIRED_WINDOWS,0,0,0,true,false,1751,TEXT_CONTENT_INTEGRITY_NOT_AUDITED_M2_02,NOT_SELECTED_BY_DETERMINISTIC_DIVERSITY_TIE_BREAK
INSG,Technology,false,true,true,true,true,2001-02-23,2023-12-15,1193,1191,T1-B1-S1-I1,PASS_REQUIRED_WINDOWS,0,0,0,true,false,651,TEXT_CONTENT_INTEGRITY_NOT_AUDITED_M2_02,NOT_SELECTED_BY_DETERMINISTIC_DIVERSITY_TIE_BREAK
INSM,Healthcare,false,true,true,true,true,2000-08-25,2023-12-15,1219,1217,T1-B1-S1-I1,PASS_REQUIRED_WINDOWS,0,0,0,true,false,434,TEXT_CONTENT_INTEGRITY_NOT_AUDITED_M2_02,NOT_SELECTED_BY_DETERMINISTIC_DIVERSITY_TIE_BREAK
INSW,Energy,false,true,true,true,true,2017-02-17,2023-12-15,359,357,T1-B1-S1-I1,PASS_REQUIRED_WINDOWS,0,0,0,true,false,428,TEXT_CONTENT_INTEGRITY_NOT_AUDITED_M2_02,NOT_SELECTED_BY_DETERMINISTIC_DIVERSITY_TIE_BREAK
INTC,Technology,false,true,true,true,true,2000-03-31,2023-12-15,1240,1238,T1-B1-S1-I1,PASS_REQUIRED_WINDOWS,0,0,0,true,false,897,TEXT_CONTENT_INTEGRITY_NOT_AUDITED_M2_02,NOT_SELECTED_BY_DETERMINISTIC_DIVERSITY_TIE_BREAK
INTL,N/A,false,true,false,true,true,,,0,0,T1-B0-S1-I1,INVALID_HEADER,0,0,0,false,false,,TEXT_CONTENT_INTEGRITY_NOT_AUDITED_M2_02;TABLE_MEMBER_MISSING,INCOMPLETE_STRUCTURALLY_VALID_REQUIRED_WINDOWS
J,Industrials,false,false,false,true,true,2000-03-31,2023-12-15,1240,1238,T0-B0-S1-I1,PASS_REQUIRED_WINDOWS,0,0,0,true,false,1884,TEXT_CONTENT_INTEGRITY_NOT_AUDITED_M2_02;TEXT_MEMBER_MISSING;TABLE_MEMBER_MISSING,NOT_SELECTED_BY_DETERMINISTIC_DIVERSITY_TIE_BREAK
JACK,Consumer Cyclical,false,false,true,true,true,2000-03-31,2023-12-15,1240,1238,T0-B1-S1-I1,PASS_REQUIRED_WINDOWS,0,0,0,true,false,18,TEXT_CONTENT_INTEGRITY_NOT_AUDITED_M2_02;TEXT_MEMBER_MISSING,NOT_SELECTED_BY_DETERMINISTIC_DIVERSITY_TIE_BREAK
JAGX,Healthcare,false,false,true,true,true,2015-08-07,2023-12-15,439,437,T0-B1-S1-I1,PASS_REQUIRED_WINDOWS,0,0,0,true,false,1069,TEXT_CONTENT_INTEGRITY_NOT_AUDITED_M2_02;TEXT_MEMBER_MISSING,NOT_SELECTED_BY_DETERMINISTIC_DIVERSITY_TIE_BREAK
JAKK,Consumer Cyclical,false,false,true,true,true,2000-03-31,2023-12-15,1240,1238,T0-B1-S1-I1,PASS_REQUIRED_WINDOWS,0,0,0,true,false,1345,TEXT_CONTENT_INTEGRITY_NOT_AUDITED_M2_02;TEXT_MEMBER_MISSING,NOT_SELECTED_BY_DETERMINISTIC_DIVERSITY_TIE_BREAK
JBGS,Real Estate,false,false,true,true,true,2017-09-29,2023-12-15,327,325,T0-B1-S1-I1,PASS_REQUIRED_WINDOWS,0,0,0,true,false,9,TEXT_CONTENT_INTEGRITY_NOT_AUDITED_M2_02;TEXT_MEMBER_MISSING,NOT_SELECTED_BY_DETERMINISTIC_DIVERSITY_TIE_BREAK
JBHT,Industrials,false,false,true,true,true,2000-03-31,2023-12-15,1240,1238,T0-B1-S1-I1,PASS_REQUIRED_WINDOWS,0,0,0,true,false,154,TEXT_CONTENT_INTEGRITY_NOT_AUDITED_M2_02;TEXT_MEMBER_MISSING,NOT_SELECTED_BY_DETERMINISTIC_DIVERSITY_TIE_BREAK
JBK,N/A,false,false,false,true,true,2004-07-02,2023-12-15,1018,1016,T0-B0-S1-I1,PASS_REQUIRED_WINDOWS,0,0,0,true,false,124,TEXT_CONTENT_INTEGRITY_NOT_AUDITED_M2_02;TEXT_MEMBER_MISSING;TABLE_MEMBER_MISSING,NOT_SELECTED_BY_DETERMINISTIC_DIVERSITY_TIE_BREAK
JBL,Technology,false,false,true,true,true,2000-03-31,2023-12-15,1240,1238,T0-B1-S1-I1,PASS_REQUIRED_WINDOWS,0,0,0,true,false,2849,TEXT_CONTENT_INTEGRITY_NOT_AUDITED_M2_02;TEXT_MEMBER_MISSING,NOT_SELECTED_BY_DETERMINISTIC_DIVERSITY_TIE_BREAK
JBLU,Industrials,false,false,true,true,true,2002-07-12,2023-12-15,1121,1119,T0-B1-S1-I1,PASS_REQUIRED_WINDOWS,0,0,0,true,false,2961,TEXT_CONTENT_INTEGRITY_NOT_AUDITED_M2_02;TEXT_MEMBER_MISSING,NOT_SELECTED_BY_DETERMINISTIC_DIVERSITY_TIE_BREAK
JBSS,Consumer Defensive,false,false,true,true,true,2000-03-31,2023-12-15,1240,1238,T0-B1-S1-I1,PASS_REQUIRED_WINDOWS,0,0,0,true,true,2,TEXT_CONTENT_INTEGRITY_NOT_AUDITED_M2_02;TEXT_MEMBER_MISSING,
JCE,Financial Services,false,false,false,true,true,2007-06-22,2023-12-15,863,861,T0-B0-S1-I1,PASS_REQUIRED_WINDOWS,0,0,0,true,false,1624,TEXT_CONTENT_INTEGRITY_NOT_AUDITED_M2_02;TEXT_MEMBER_MISSING;TABLE_MEMBER_MISSING,NOT_SELECTED_BY_DETERMINISTIC_DIVERSITY_TIE_BREAK
JCI,Industrials,false,false,true,true,true,2000-03-31,2023-12-15,1240,1238,T0-B1-S1-I1,PASS_REQUIRED_WINDOWS,0,0,0,true,false,1615,TEXT_CONTENT_INTEGRITY_NOT_AUDITED_M2_02;TEXT_MEMBER_MISSING,NOT_SELECTED_BY_DETERMINISTIC_DIVERSITY_TIE_BREAK
JCPB,N/A,false,false,false,true,true,,,0,0,T0-B0-S1-I1,INVALID_HEADER,0,0,0,false,false,,TEXT_CONTENT_INTEGRITY_NOT_AUDITED_M2_02;TEXT_MEMBER_MISSING;TABLE_MEMBER_MISSING,INCOMPLETE_STRUCTURALLY_VALID_REQUIRED_WINDOWS
JD,Consumer Cyclical,false,false,true,true,true,2014-08-22,2023-12-15,489,487,T0-B1-S1-I1,PASS_REQUIRED_WINDOWS,0,0,0,true,false,2390,TEXT_CONTENT_INTEGRITY_NOT_AUDITED_M2_02;TEXT_MEMBER_MISSING,NOT_SELECTED_BY_DETERMINISTIC_DIVERSITY_TIE_BREAK
JDST,N/A,false,false,false,true,true,,,0,0,T0-B0-S1-I1,INVALID_HEADER,0,0,0,false,false,,TEXT_CONTENT_INTEGRITY_NOT_AUDITED_M2_02;TEXT_MEMBER_MISSING;TABLE_MEMBER_MISSING,INCOMPLETE_STRUCTURALLY_VALID_REQUIRED_WINDOWS
JEF,Financial Services,false,false,true,true,true,2000-03-31,2023-12-15,1240,1238,T0-B1-S1-I1,PASS_REQUIRED_WINDOWS,0,0,0,true,false,2874,TEXT_CONTENT_INTEGRITY_NOT_AUDITED_M2_02;TEXT_MEMBER_MISSING,NOT_SELECTED_BY_DETERMINISTIC_DIVERSITY_TIE_BREAK
JELD,Industrials,false,false,true,true,true,2017-04-28,2023-12-15,349,347,T0-B1-S1-I1,PASS_REQUIRED_WINDOWS,0,0,0,true,false,2744,TEXT_CONTENT_INTEGRITY_NOT_AUDITED_M2_02;TEXT_MEMBER_MISSING,NOT_SELECTED_BY_DETERMINISTIC_DIVERSITY_TIE_BREAK
JEPI,N/A,false,false,false,true,true,,,0,0,T0-B0-S1-I1,INVALID_HEADER,0,0,0,false,false,,TEXT_CONTENT_INTEGRITY_NOT_AUDITED_M2_02;TEXT_MEMBER_MISSING;TABLE_MEMBER_MISSING,INCOMPLETE_STRUCTURALLY_VALID_REQUIRED_WINDOWS
JEQ,Financial Services,false,false,false,true,true,2000-03-31,2023-12-15,1240,1238,T0-B0-S1-I1,PASS_REQUIRED_WINDOWS,0,0,0,true,false,1871,TEXT_CONTENT_INTEGRITY_NOT_AUDITED_M2_02;TEXT_MEMBER_MISSING;TABLE_MEMBER_MISSING,NOT_SELECTED_BY_DETERMINISTIC_DIVERSITY_TIE_BREAK
JFIN,Communication Services,false,false,true,true,true,2019-08-09,2023-12-15,230,228,T0-B1-S1-I1,PASS_REQUIRED_WINDOWS,0,0,0,true,false,1913,TEXT_CONTENT_INTEGRITY_NOT_AUDITED_M2_02;TEXT_MEMBER_MISSING,NOT_SELECTED_BY_DETERMINISTIC_DIVERSITY_TIE_BREAK
JFR,Financial Services,false,false,false,true,true,2004-06-25,2023-12-15,1019,1017,T0-B0-S1-I1,PASS_REQUIRED_WINDOWS,0,0,0,true,false,90,TEXT_CONTENT_INTEGRITY_NOT_AUDITED_M2_02;TEXT_MEMBER_MISSING;TABLE_MEMBER_MISSING,NOT_SELECTED_BY_DETERMINISTIC_DIVERSITY_TIE_BREAK
JFU,Technology,false,false,true,true,true,2019-11-08,2023-12-15,217,215,T0-B1-S1-I1,PASS_REQUIRED_WINDOWS,0,0,0,true,false,2252,TEXT_CONTENT_INTEGRITY_NOT_AUDITED_M2_02;TEXT_MEMBER_MISSING,NOT_SELECTED_BY_DETERMINISTIC_DIVERSITY_TIE_BREAK
JGH,Financial Services,false,false,false,true,true,2015-02-27,2023-12-15,462,460,T0-B0-S1-I1,PASS_REQUIRED_WINDOWS,0,0,0,true,false,2733,TEXT_CONTENT_INTEGRITY_NOT_AUDITED_M2_02;TEXT_MEMBER_MISSING;TABLE_MEMBER_MISSING,NOT_SELECTED_BY_DETERMINISTIC_DIVERSITY_TIE_BREAK
JHEM,N/A,false,false,false,true,true,,,0,0,T0-B0-S1-I1,INVALID_HEADER,0,0,0,false,false,,TEXT_CONTENT_INTEGRITY_NOT_AUDITED_M2_02;TEXT_MEMBER_MISSING;TABLE_MEMBER_MISSING,INCOMPLETE_STRUCTURALLY_VALID_REQUIRED_WINDOWS
JHG,Financial Services,false,false,true,true,true,2017-08-25,2023-12-15,332,330,T0-B1-S1-I1,PASS_REQUIRED_WINDOWS,0,0,0,true,false,2193,TEXT_CONTENT_INTEGRITY_NOT_AUDITED_M2_02;TEXT_MEMBER_MISSING,NOT_SELECTED_BY_DETERMINISTIC_DIVERSITY_TIE_BREAK
JHI,Financial Services,false,false,false,true,true,2000-03-31,2023-12-15,1240,1238,T0-B0-S1-I1,PASS_REQUIRED_WINDOWS,0,0,0,true,false,2770,TEXT_CONTENT_INTEGRITY_NOT_AUDITED_M2_02;TEXT_MEMBER_MISSING;TABLE_MEMBER_MISSING,NOT_SELECTED_BY_DETERMINISTIC_DIVERSITY_TIE_BREAK
JHML,N/A,false,false,false,true,true,,,0,0,T0-B0-S1-I1,INVALID_HEADER,0,0,0,false,false,,TEXT_CONTENT_INTEGRITY_NOT_AUDITED_M2_02;TEXT_MEMBER_MISSING;TABLE_MEMBER_MISSING,INCOMPLETE_STRUCTURALLY_VALID_REQUIRED_WINDOWS
JHMM,N/A,false,false,false,true,true,,,0,0,T0-B0-S1-I1,INVALID_HEADER,0,0,0,false,false,,TEXT_CONTENT_INTEGRITY_NOT_AUDITED_M2_02;TEXT_MEMBER_MISSING;TABLE_MEMBER_MISSING,INCOMPLETE_STRUCTURALLY_VALID_REQUIRED_WINDOWS
JHMU,N/A,false,false,false,true,true,,,0,0,T0-B0-S1-I1,INVALID_HEADER,0,0,0,false,false,,TEXT_CONTENT_INTEGRITY_NOT_AUDITED_M2_02;TEXT_MEMBER_MISSING;TABLE_MEMBER_MISSING,INCOMPLETE_STRUCTURALLY_VALID_REQUIRED_WINDOWS
JHS,Financial Services,false,false,false,true,true,2000-03-31,2023-12-15,1240,1238,T0-B0-S1-I1,PASS_REQUIRED_WINDOWS,0,0,0,true,false,493,TEXT_CONTENT_INTEGRITY_NOT_AUDITED_M2_02;TEXT_MEMBER_MISSING;TABLE_MEMBER_MISSING,NOT_SELECTED_BY_DETERMINISTIC_DIVERSITY_TIE_BREAK
JHSC,N/A,false,false,false,true,true,,,0,0,T0-B0-S1-I1,INVALID_HEADER,0,0,0,false,false,,TEXT_CONTENT_INTEGRITY_NOT_AUDITED_M2_02;TEXT_MEMBER_MISSING;TABLE_MEMBER_MISSING,INCOMPLETE_STRUCTURALLY_VALID_REQUIRED_WINDOWS
JHX,Basic Materials,false,false,true,true,true,2002-01-18,2023-12-15,1146,1144,T0-B1-S1-I1,PASS_REQUIRED_WINDOWS,0,0,0,true,false,2447,TEXT_CONTENT_INTEGRITY_NOT_AUDITED_M2_02;TEXT_MEMBER_MISSING,NOT_SELECTED_BY_DETERMINISTIC_DIVERSITY_TIE_BREAK
JIG,N/A,false,false,false,true,true,,,0,0,T0-B0-S1-I1,INVALID_HEADER,0,0,0,false,false,,TEXT_CONTENT_INTEGRITY_NOT_AUDITED_M2_02;TEXT_MEMBER_MISSING;TABLE_MEMBER_MISSING,INCOMPLETE_STRUCTURALLY_VALID_REQUIRED_WINDOWS
JILL,Consumer Cyclical,false,false,true,true,true,2017-06-09,2023-12-15,343,341,T0-B1-S1-I1,PASS_REQUIRED_WINDOWS,0,0,0,true,false,1723,TEXT_CONTENT_INTEGRITY_NOT_AUDITED_M2_02;TEXT_MEMBER_MISSING,NOT_SELECTED_BY_DETERMINISTIC_DIVERSITY_TIE_BREAK
JJSF,Consumer Defensive,false,false,true,true,true,2000-03-31,2023-12-15,1240,1238,T0-B1-S1-I1,PASS_REQUIRED_WINDOWS,0,0,0,true,false,983,TEXT_CONTENT_INTEGRITY_NOT_AUDITED_M2_02;TEXT_MEMBER_MISSING,NOT_SELECTED_BY_DETERMINISTIC_DIVERSITY_TIE_BREAK
JKS,Technology,false,false,true,true,true,2010-08-13,2023-12-15,699,697,T0-B1-S1-I1,PASS_REQUIRED_WINDOWS,0,0,0,true,false,2690,TEXT_CONTENT_INTEGRITY_NOT_AUDITED_M2_02;TEXT_MEMBER_MISSING,NOT_SELECTED_BY_DETERMINISTIC_DIVERSITY_TIE_BREAK
JLS,Financial Services,false,false,false,true,true,2010-02-26,2023-12-15,723,721,T0-B0-S1-I1,PASS_REQUIRED_WINDOWS,0,0,0,true,false,2861,TEXT_CONTENT_INTEGRITY_NOT_AUDITED_M2_02;TEXT_MEMBER_MISSING;TABLE_MEMBER_MISSING,NOT_SELECTED_BY_DETERMINISTIC_DIVERSITY_TIE_BREAK
JMBS,N/A,false,false,false,true,true,,,0,0,T0-B0-S1-I1,INVALID_HEADER,0,0,0,false,false,,TEXT_CONTENT_INTEGRITY_NOT_AUDITED_M2_02;TEXT_MEMBER_MISSING;TABLE_MEMBER_MISSING,INCOMPLETE_STRUCTURALLY_VALID_REQUIRED_WINDOWS
JMIA,Consumer Cyclical,false,false,true,true,true,2019-07-12,2023-12-15,234,232,T0-B1-S1-I1,PASS_REQUIRED_WINDOWS,0,0,0,true,false,566,TEXT_CONTENT_INTEGRITY_NOT_AUDITED_M2_02;TEXT_MEMBER_MISSING,NOT_SELECTED_BY_DETERMINISTIC_DIVERSITY_TIE_BREAK
JMM,Financial Services,false,false,false,true,true,2000-03-31,2023-12-15,1240,1238,T0-B0-S1-I1,PASS_REQUIRED_WINDOWS,0,0,0,true,false,1882,TEXT_CONTENT_INTEGRITY_NOT_AUDITED_M2_02;TEXT_MEMBER_MISSING;TABLE_MEMBER_MISSING,NOT_SELECTED_BY_DETERMINISTIC_DIVERSITY_TIE_BREAK
JMST,N/A,false,false,false,true,true,,,0,0,T0-B0-S1-I1,INVALID_HEADER,0,0,0,false,false,,TEXT_CONTENT_INTEGRITY_NOT_AUDITED_M2_02;TEXT_MEMBER_MISSING;TABLE_MEMBER_MISSING,INCOMPLETE_STRUCTURALLY_VALID_REQUIRED_WINDOWS
JMUB,N/A,false,false,false,true,true,,,0,0,T0-B0-S1-I1,INVALID_HEADER,0,0,0,false,false,,TEXT_CONTENT_INTEGRITY_NOT_AUDITED_M2_02;TEXT_MEMBER_MISSING;TABLE_MEMBER_MISSING,INCOMPLETE_STRUCTURALLY_VALID_REQUIRED_WINDOWS
JNJ,Healthcare,false,false,true,true,true,2000-03-31,2023-12-15,1240,1238,T0-B1-S1-I1,PASS_REQUIRED_WINDOWS,0,0,0,true,false,2152,TEXT_CONTENT_INTEGRITY_NOT_AUDITED_M2_02;TEXT_MEMBER_MISSING,NOT_SELECTED_BY_DETERMINISTIC_DIVERSITY_TIE_BREAK
JNK,N/A,false,false,false,true,true,,,0,0,T0-B0-S1-I1,INVALID_HEADER,0,0,0,false,false,,TEXT_CONTENT_INTEGRITY_NOT_AUDITED_M2_02;TEXT_MEMBER_MISSING;TABLE_MEMBER_MISSING,INCOMPLETE_STRUCTURALLY_VALID_REQUIRED_WINDOWS
JNPR,Technology,false,false,true,true,true,2000-03-31,2023-12-15,1240,1238,T0-B1-S1-I1,PASS_REQUIRED_WINDOWS,0,0,0,true,false,2268,TEXT_CONTENT_INTEGRITY_NOT_AUDITED_M2_02;TEXT_MEMBER_MISSING,NOT_SELECTED_BY_DETERMINISTIC_DIVERSITY_TIE_BREAK
JNUG,N/A,false,false,false,true,true,,,0,0,T0-B0-S1-I1,INVALID_HEADER,0,0,0,false,false,,TEXT_CONTENT_INTEGRITY_NOT_AUDITED_M2_02;TEXT_MEMBER_MISSING;TABLE_MEMBER_MISSING,INCOMPLETE_STRUCTURALLY_VALID_REQUIRED_WINDOWS
JOB,Industrials,false,false,true,true,true,2000-03-31,2023-12-15,1240,1238,T0-B1-S1-I1,PASS_REQUIRED_WINDOWS,0,0,0,true,false,1530,TEXT_CONTENT_INTEGRITY_NOT_AUDITED_M2_02;TEXT_MEMBER_MISSING,NOT_SELECTED_BY_DETERMINISTIC_DIVERSITY_TIE_BREAK
JOF,Financial Services,false,false,false,true,true,2000-03-31,2023-12-15,1240,1238,T0-B0-S1-I1,PASS_REQUIRED_WINDOWS,0,0,0,true,false,1566,TEXT_CONTENT_INTEGRITY_NOT_AUDITED_M2_02;TEXT_MEMBER_MISSING;TABLE_MEMBER_MISSING,NOT_SELECTED_BY_DETERMINISTIC_DIVERSITY_TIE_BREAK
JOUT,Consumer Cyclical,false,false,true,true,true,2000-03-31,2023-12-15,1240,1238,T0-B1-S1-I1,PASS_REQUIRED_WINDOWS,0,0,0,true,false,135,TEXT_CONTENT_INTEGRITY_NOT_AUDITED_M2_02;TEXT_MEMBER_MISSING,NOT_SELECTED_BY_DETERMINISTIC_DIVERSITY_TIE_BREAK
JPC,Financial Services,false,false,false,true,true,2003-06-27,2023-12-15,1071,1069,T0-B0-S1-I1,PASS_REQUIRED_WINDOWS,0,0,0,true,false,1923,TEXT_CONTENT_INTEGRITY_NOT_AUDITED_M2_02;TEXT_MEMBER_MISSING;TABLE_MEMBER_MISSING,NOT_SELECTED_BY_DETERMINISTIC_DIVERSITY_TIE_BREAK
JPEM,N/A,false,false,false,true,true,,,0,0,T0-B0-S1-I1,INVALID_HEADER,0,0,0,false,false,,TEXT_CONTENT_INTEGRITY_NOT_AUDITED_M2_02;TEXT_MEMBER_MISSING;TABLE_MEMBER_MISSING,INCOMPLETE_STRUCTURALLY_VALID_REQUIRED_WINDOWS
JPI,Financial Services,false,false,false,true,true,2012-10-26,2023-12-15,584,582,T0-B0-S1-I1,PASS_REQUIRED_WINDOWS,0,0,0,true,false,2176,TEXT_CONTENT_INTEGRITY_NOT_AUDITED_M2_02;TEXT_MEMBER_MISSING;TABLE_MEMBER_MISSING,NOT_SELECTED_BY_DETERMINISTIC_DIVERSITY_TIE_BREAK
JPIN,N/A,false,false,false,true,true,,,0,0,T0-B0-S1-I1,INVALID_HEADER,0,0,0,false,false,,TEXT_CONTENT_INTEGRITY_NOT_AUDITED_M2_02;TEXT_MEMBER_MISSING;TABLE_MEMBER_MISSING,INCOMPLETE_STRUCTURALLY_VALID_REQUIRED_WINDOWS
JPM,Financial Services,true,false,true,true,true,2000-03-31,2023-12-15,1240,1238,T0-B1-S1-I1,PASS_REQUIRED_WINDOWS,0,0,0,true,true,,TEXT_MEMBER_MISSING;IMAGE_WINDOW_INFERRED,
JPSE,N/A,false,false,false,true,true,,,0,0,T0-B0-S1-I1,INVALID_HEADER,0,0,0,false,false,,TEXT_CONTENT_INTEGRITY_NOT_AUDITED_M2_02;TEXT_MEMBER_MISSING;TABLE_MEMBER_MISSING,INCOMPLETE_STRUCTURALLY_VALID_REQUIRED_WINDOWS
JPST,N/A,false,false,false,true,true,,,0,0,T0-B0-S1-I1,INVALID_HEADER,0,0,0,false,false,,TEXT_CONTENT_INTEGRITY_NOT_AUDITED_M2_02;TEXT_MEMBER_MISSING;TABLE_MEMBER_MISSING,INCOMPLETE_STRUCTURALLY_VALID_REQUIRED_WINDOWS
JPUS,N/A,false,false,false,true,true,,,0,0,T0-B0-S1-I1,INVALID_HEADER,0,0,0,false,false,,TEXT_CONTENT_INTEGRITY_NOT_AUDITED_M2_02;TEXT_MEMBER_MISSING;TABLE_MEMBER_MISSING,INCOMPLETE_STRUCTURALLY_VALID_REQUIRED_WINDOWS
JPXN,N/A,false,false,false,true,true,,,0,0,T0-B0-S1-I1,INVALID_HEADER,0,0,0,false,false,,TEXT_CONTENT_INTEGRITY_NOT_AUDITED_M2_02;TEXT_MEMBER_MISSING;TABLE_MEMBER_MISSING,INCOMPLETE_STRUCTURALLY_VALID_REQUIRED_WINDOWS
JQC,Financial Services,false,false,false,true,true,2003-09-26,2023-12-15,1058,1056,T0-B0-S1-I1,PASS_REQUIRED_WINDOWS,0,0,0,true,false,1613,TEXT_CONTENT_INTEGRITY_NOT_AUDITED_M2_02;TEXT_MEMBER_MISSING;TABLE_MEMBER_MISSING,NOT_SELECTED_BY_DETERMINISTIC_DIVERSITY_TIE_BREAK
JRI,Financial Services,false,false,false,true,true,2012-07-27,2023-12-15,597,595,T0-B0-S1-I1,PASS_REQUIRED_WINDOWS,0,0,0,true,false,751,TEXT_CONTENT_INTEGRITY_NOT_AUDITED_M2_02;TEXT_MEMBER_MISSING;TABLE_MEMBER_MISSING,NOT_SELECTED_BY_DETERMINISTIC_DIVERSITY_TIE_BREAK
JRS,Financial Services,false,false,false,true,true,2002-02-15,2023-12-15,1142,1140,T0-B0-S1-I1,PASS_REQUIRED_WINDOWS,0,0,0,true,false,785,TEXT_CONTENT_INTEGRITY_NOT_AUDITED_M2_02;TEXT_MEMBER_MISSING;TABLE_MEMBER_MISSING,NOT_SELECTED_BY_DETERMINISTIC_DIVERSITY_TIE_BREAK
JRSH,Consumer Cyclical,false,false,true,true,true,2018-08-03,2023-12-15,283,281,T0-B1-S1-I1,PASS_REQUIRED_WINDOWS,0,0,0,true,false,1590,TEXT_CONTENT_INTEGRITY_NOT_AUDITED_M2_02;TEXT_MEMBER_MISSING,NOT_SELECTED_BY_DETERMINISTIC_DIVERSITY_TIE_BREAK
JRVR,Financial Services,false,false,true,true,true,2015-03-13,2023-12-15,460,458,T0-B1-S1-I1,PASS_REQUIRED_WINDOWS,0,0,0,true,false,212,TEXT_CONTENT_INTEGRITY_NOT_AUDITED_M2_02;TEXT_MEMBER_MISSING,NOT_SELECTED_BY_DETERMINISTIC_DIVERSITY_TIE_BREAK
JSM,N/A,false,false,true,true,true,2004-03-26,2023-12-15,1032,1030,T0-B1-S1-I1,PASS_REQUIRED_WINDOWS,0,0,0,true,false,1260,TEXT_CONTENT_INTEGRITY_NOT_AUDITED_M2_02;TEXT_MEMBER_MISSING,NOT_SELECTED_BY_DETERMINISTIC_DIVERSITY_TIE_BREAK
JSMD,N/A,false,false,false,true,true,,,0,0,T0-B0-S1-I1,INVALID_HEADER,0,0,0,false,false,,TEXT_CONTENT_INTEGRITY_NOT_AUDITED_M2_02;TEXT_MEMBER_MISSING;TABLE_MEMBER_MISSING,INCOMPLETE_STRUCTURALLY_VALID_REQUIRED_WINDOWS
JSML,N/A,false,false,false,true,true,,,0,0,T0-B0-S1-I1,INVALID_HEADER,0,0,0,false,false,,TEXT_CONTENT_INTEGRITY_NOT_AUDITED_M2_02;TEXT_MEMBER_MISSING;TABLE_MEMBER_MISSING,INCOMPLETE_STRUCTURALLY_VALID_REQUIRED_WINDOWS
JULZ,N/A,false,false,false,true,true,,,0,0,T0-B0-S1-I1,INVALID_HEADER,0,0,0,false,false,,TEXT_CONTENT_INTEGRITY_NOT_AUDITED_M2_02;TEXT_MEMBER_MISSING;TABLE_MEMBER_MISSING,INCOMPLETE_STRUCTURALLY_VALID_REQUIRED_WINDOWS
JUST,N/A,false,false,false,true,true,,,0,0,T0-B0-S1-I1,INVALID_HEADER,0,0,0,false,false,,TEXT_CONTENT_INTEGRITY_NOT_AUDITED_M2_02;TEXT_MEMBER_MISSING;TABLE_MEMBER_MISSING,INCOMPLETE_STRUCTURALLY_VALID_REQUIRED_WINDOWS
JVAL,N/A,false,false,false,true,true,,,0,0,T0-B0-S1-I1,INVALID_HEADER,0,0,0,false,false,,TEXT_CONTENT_INTEGRITY_NOT_AUDITED_M2_02;TEXT_MEMBER_MISSING;TABLE_MEMBER_MISSING,INCOMPLETE_STRUCTURALLY_VALID_REQUIRED_WINDOWS
JWN,Consumer Cyclical,false,false,true,true,true,2000-03-31,2023-12-15,1240,1238,T0-B1-S1-I1,PASS_REQUIRED_WINDOWS,0,0,0,true,false,890,TEXT_CONTENT_INTEGRITY_NOT_AUDITED_M2_02;TEXT_MEMBER_MISSING,NOT_SELECTED_BY_DETERMINISTIC_DIVERSITY_TIE_BREAK
JYNT,Healthcare,false,false,true,true,true,2015-02-13,2023-12-15,464,462,T0-B1-S1-I1,PASS_REQUIRED_WINDOWS,0,0,0,true,false,233,TEXT_CONTENT_INTEGRITY_NOT_AUDITED_M2_02;TEXT_MEMBER_MISSING,NOT_SELECTED_BY_DETERMINISTIC_DIVERSITY_TIE_BREAK
K,Consumer Defensive,false,true,false,true,true,2000-03-31,2023-12-15,1240,1238,T1-B0-S1-I1,PASS_REQUIRED_WINDOWS,0,0,0,true,false,2087,TEXT_CONTENT_INTEGRITY_NOT_AUDITED_M2_02;TABLE_MEMBER_MISSING,NOT_SELECTED_BY_DETERMINISTIC_DIVERSITY_TIE_BREAK
KAI,Industrials,false,true,true,true,true,2000-03-31,2023-12-15,1240,1238,T1-B1-S1-I1,PASS_REQUIRED_WINDOWS,0,0,0,true,false,1639,TEXT_CONTENT_INTEGRITY_NOT_AUDITED_M2_02,NOT_SELECTED_BY_DETERMINISTIC_DIVERSITY_TIE_BREAK
KALA,Healthcare,false,true,true,true,true,2017-10-13,2023-12-15,325,323,T1-B1-S1-I1,PASS_REQUIRED_WINDOWS,0,0,0,true,false,756,TEXT_CONTENT_INTEGRITY_NOT_AUDITED_M2_02,NOT_SELECTED_BY_DETERMINISTIC_DIVERSITY_TIE_BREAK
KALL,N/A,false,true,false,true,true,,,0,0,T1-B0-S1-I1,INVALID_HEADER,0,0,0,false,false,,TEXT_CONTENT_INTEGRITY_NOT_AUDITED_M2_02;TABLE_MEMBER_MISSING,INCOMPLETE_STRUCTURALLY_VALID_REQUIRED_WINDOWS
KALU,Basic Materials,false,true,true,true,true,2006-10-06,2023-12-15,900,898,T1-B1-S1-I1,PASS_REQUIRED_WINDOWS,0,0,0,true,false,2938,TEXT_CONTENT_INTEGRITY_NOT_AUDITED_M2_02,NOT_SELECTED_BY_DETERMINISTIC_DIVERSITY_TIE_BREAK
KALV,Healthcare,false,true,true,true,true,2015-07-10,2023-12-15,443,441,T1-B1-S1-I1,PASS_REQUIRED_WINDOWS,0,0,0,true,false,757,TEXT_CONTENT_INTEGRITY_NOT_AUDITED_M2_02,NOT_SELECTED_BY_DETERMINISTIC_DIVERSITY_TIE_BREAK
KAR,Consumer Cyclical,false,true,true,true,true,2010-03-12,2023-12-15,721,719,T1-B1-S1-I1,PASS_REQUIRED_WINDOWS,0,0,0,true,false,1887,TEXT_CONTENT_INTEGRITY_NOT_AUDITED_M2_02,NOT_SELECTED_BY_DETERMINISTIC_DIVERSITY_TIE_BREAK
KARS,N/A,false,true,false,true,true,,,0,0,T1-B0-S1-I1,INVALID_HEADER,0,0,0,false,false,,TEXT_CONTENT_INTEGRITY_NOT_AUDITED_M2_02;TABLE_MEMBER_MISSING,INCOMPLETE_STRUCTURALLY_VALID_REQUIRED_WINDOWS
KB,Financial Services,false,true,true,true,true,2002-02-15,2023-12-15,1142,1140,T1-B1-S1-I1,PASS_REQUIRED_WINDOWS,0,0,0,true,false,2146,TEXT_CONTENT_INTEGRITY_NOT_AUDITED_M2_02,NOT_SELECTED_BY_DETERMINISTIC_DIVERSITY_TIE_BREAK
KBA,N/A,false,true,false,true,true,,,0,0,T1-B0-S1-I1,INVALID_HEADER,0,0,0,false,false,,TEXT_CONTENT_INTEGRITY_NOT_AUDITED_M2_02;TABLE_MEMBER_MISSING,INCOMPLETE_STRUCTURALLY_VALID_REQUIRED_WINDOWS
KBE,N/A,false,true,false,true,true,,,0,0,T1-B0-S1-I1,INVALID_HEADER,0,0,0,false,false,,TEXT_CONTENT_INTEGRITY_NOT_AUDITED_M2_02;TABLE_MEMBER_MISSING,INCOMPLETE_STRUCTURALLY_VALID_REQUIRED_WINDOWS
KBH,Consumer Cyclical,false,true,true,true,true,2000-03-31,2023-12-15,1240,1238,T1-B1-S1-I1,PASS_REQUIRED_WINDOWS,0,0,0,true,false,2615,TEXT_CONTENT_INTEGRITY_NOT_AUDITED_M2_02,NOT_SELECTED_BY_DETERMINISTIC_DIVERSITY_TIE_BREAK
KBR,Industrials,false,true,true,true,true,2007-02-16,2023-12-15,881,879,T1-B1-S1-I1,PASS_REQUIRED_WINDOWS,0,0,0,true,false,681,TEXT_CONTENT_INTEGRITY_NOT_AUDITED_M2_02,NOT_SELECTED_BY_DETERMINISTIC_DIVERSITY_TIE_BREAK
KBWB,N/A,false,true,false,true,true,,,0,0,T1-B0-S1-I1,INVALID_HEADER,0,0,0,false,false,,TEXT_CONTENT_INTEGRITY_NOT_AUDITED_M2_02;TABLE_MEMBER_MISSING,INCOMPLETE_STRUCTURALLY_VALID_REQUIRED_WINDOWS
KBWD,N/A,false,true,false,true,true,,,0,0,T1-B0-S1-I1,INVALID_HEADER,0,0,0,false,false,,TEXT_CONTENT_INTEGRITY_NOT_AUDITED_M2_02;TABLE_MEMBER_MISSING,INCOMPLETE_STRUCTURALLY_VALID_REQUIRED_WINDOWS
KBWP,N/A,false,true,false,true,true,,,0,0,T1-B0-S1-I1,INVALID_HEADER,0,0,0,false,false,,TEXT_CONTENT_INTEGRITY_NOT_AUDITED_M2_02;TABLE_MEMBER_MISSING,INCOMPLETE_STRUCTURALLY_VALID_REQUIRED_WINDOWS
KBWR,N/A,false,true,false,true,true,,,0,0,T1-B0-S1-I1,INVALID_HEADER,0,0,0,false,false,,TEXT_CONTENT_INTEGRITY_NOT_AUDITED_M2_02;TABLE_MEMBER_MISSING,INCOMPLETE_STRUCTURALLY_VALID_REQUIRED_WINDOWS
KBWY,N/A,false,true,false,true,true,,,0,0,T1-B0-S1-I1,INVALID_HEADER,0,0,0,false,false,,TEXT_CONTENT_INTEGRITY_NOT_AUDITED_M2_02;TABLE_MEMBER_MISSING,INCOMPLETE_STRUCTURALLY_VALID_REQUIRED_WINDOWS
KC,Technology,false,true,true,true,true,2020-08-07,2023-12-15,178,176,T1-B1-S1-I1,PASS_REQUIRED_WINDOWS,0,0,0,true,false,1039,TEXT_CONTENT_INTEGRITY_NOT_AUDITED_M2_02,NOT_SELECTED_BY_DETERMINISTIC_DIVERSITY_TIE_BREAK
KCE,N/A,false,true,false,true,true,,,0,0,T1-B0-S1-I1,INVALID_HEADER,0,0,0,false,false,,TEXT_CONTENT_INTEGRITY_NOT_AUDITED_M2_02;TABLE_MEMBER_MISSING,INCOMPLETE_STRUCTURALLY_VALID_REQUIRED_WINDOWS
KE,Industrials,false,true,true,true,true,2015-01-30,2023-12-15,466,464,T1-B1-S1-I1,PASS_REQUIRED_WINDOWS,0,0,0,true,false,2054,TEXT_CONTENT_INTEGRITY_NOT_AUDITED_M2_02,NOT_SELECTED_BY_DETERMINISTIC_DIVERSITY_TIE_BREAK
KELYA,Industrials,false,true,true,true,true,2000-03-31,2023-12-15,1240,1238,T1-B1-S1-I1,PASS_REQUIRED_WINDOWS,0,0,0,true,false,1400,TEXT_CONTENT_INTEGRITY_NOT_AUDITED_M2_02,NOT_SELECTED_BY_DETERMINISTIC_DIVERSITY_TIE_BREAK
KELYB,Industrials,false,true,true,true,true,2000-03-31,2023-12-15,1240,1238,T1-B1-S1-I1,PASS_REQUIRED_WINDOWS,0,0,0,true,false,1471,TEXT_CONTENT_INTEGRITY_NOT_AUDITED_M2_02,NOT_SELECTED_BY_DETERMINISTIC_DIVERSITY_TIE_BREAK
KEM,N/A,false,true,false,true,true,,,0,0,T1-B0-S1-I1,INVALID_HEADER,0,0,0,false,false,,TEXT_CONTENT_INTEGRITY_NOT_AUDITED_M2_02;TABLE_MEMBER_MISSING,INCOMPLETE_STRUCTURALLY_VALID_REQUIRED_WINDOWS
KEMQ,N/A,false,true,false,true,true,,,0,0,T1-B0-S1-I1,INVALID_HEADER,0,0,0,false,false,,TEXT_CONTENT_INTEGRITY_NOT_AUDITED_M2_02;TABLE_MEMBER_MISSING,INCOMPLETE_STRUCTURALLY_VALID_REQUIRED_WINDOWS
KEP,Utilities,false,true,true,true,true,2000-03-31,2023-12-15,1240,1238,T1-B1-S1-I1,PASS_REQUIRED_WINDOWS,0,0,0,true,false,2835,TEXT_CONTENT_INTEGRITY_NOT_AUDITED_M2_02,NOT_SELECTED_BY_DETERMINISTIC_DIVERSITY_TIE_BREAK
KEQU,Consumer Cyclical,false,true,true,true,true,2000-03-31,2023-12-15,1240,1238,T1-B1-S1-I1,PASS_REQUIRED_WINDOWS,0,0,0,true,false,615,TEXT_CONTENT_INTEGRITY_NOT_AUDITED_M2_02,NOT_SELECTED_BY_DETERMINISTIC_DIVERSITY_TIE_BREAK
KEX,Industrials,false,true,true,true,true,2000-03-31,2023-12-15,1240,1238,T1-B1-S1-I1,PASS_REQUIRED_WINDOWS,0,0,0,true,false,2375,TEXT_CONTENT_INTEGRITY_NOT_AUDITED_M2_02,NOT_SELECTED_BY_DETERMINISTIC_DIVERSITY_TIE_BREAK
KEY,Financial Services,false,true,true,true,true,2000-03-31,2023-12-15,1240,1238,T1-B1-S1-I1,PASS_REQUIRED_WINDOWS,0,0,0,true,false,1866,TEXT_CONTENT_INTEGRITY_NOT_AUDITED_M2_02,NOT_SELECTED_BY_DETERMINISTIC_DIVERSITY_TIE_BREAK
KFFB,Financial Services,false,true,true,true,true,2005-05-27,2023-12-15,971,969,T1-B1-S1-I1,PASS_REQUIRED_WINDOWS,0,0,0,true,false,586,TEXT_CONTENT_INTEGRITY_NOT_AUDITED_M2_02,NOT_SELECTED_BY_DETERMINISTIC_DIVERSITY_TIE_BREAK
KFS,Consumer Cyclical,false,true,true,true,true,2001-10-12,2023-12-15,1160,1158,T1-B1-S1-I1,PASS_REQUIRED_WINDOWS,0,0,0,true,false,2219,TEXT_CONTENT_INTEGRITY_NOT_AUDITED_M2_02,NOT_SELECTED_BY_DETERMINISTIC_DIVERSITY_TIE_BREAK
KFY,Industrials,false,true,true,true,true,2000-03-31,2023-12-15,1240,1238,T1-B1-S1-I1,PASS_REQUIRED_WINDOWS,0,0,0,true,false,1699,TEXT_CONTENT_INTEGRITY_NOT_AUDITED_M2_02,NOT_SELECTED_BY_DETERMINISTIC_DIVERSITY_TIE_BREAK
KGC,Basic Materials,false,true,true,true,true,2000-03-31,2023-12-15,1240,1238,T1-B1-S1-I1,PASS_REQUIRED_WINDOWS,0,0,0,true,false,2889,TEXT_CONTENT_INTEGRITY_NOT_AUDITED_M2_02,NOT_SELECTED_BY_DETERMINISTIC_DIVERSITY_TIE_BREAK
KGJI,Consumer Cyclical,false,true,false,true,true,2000-03-31,2023-12-15,1240,1238,T1-B0-S1-I1,PASS_REQUIRED_WINDOWS,0,0,0,true,false,2548,TEXT_CONTENT_INTEGRITY_NOT_AUDITED_M2_02;TABLE_MEMBER_MISSING,NOT_SELECTED_BY_DETERMINISTIC_DIVERSITY_TIE_BREAK
KGRN,N/A,false,true,false,true,true,,,0,0,T1-B0-S1-I1,INVALID_HEADER,0,0,0,false,false,,TEXT_CONTENT_INTEGRITY_NOT_AUDITED_M2_02;TABLE_MEMBER_MISSING,INCOMPLETE_STRUCTURALLY_VALID_REQUIRED_WINDOWS
KHC,Consumer Defensive,false,true,true,true,true,2015-10-02,2023-12-15,431,429,T1-B1-S1-I1,PASS_REQUIRED_WINDOWS,0,0,0,true,false,2745,TEXT_CONTENT_INTEGRITY_NOT_AUDITED_M2_02,NOT_SELECTED_BY_DETERMINISTIC_DIVERSITY_TIE_BREAK
KIDS,Healthcare,false,true,true,true,true,2018-01-12,2023-12-15,312,310,T1-B1-S1-I1,PASS_REQUIRED_WINDOWS,0,0,0,true,false,745,TEXT_CONTENT_INTEGRITY_NOT_AUDITED_M2_02,NOT_SELECTED_BY_DETERMINISTIC_DIVERSITY_TIE_BREAK
KIE,N/A,false,true,false,true,true,,,0,0,T1-B0-S1-I1,INVALID_HEADER,0,0,0,false,false,,TEXT_CONTENT_INTEGRITY_NOT_AUDITED_M2_02;TABLE_MEMBER_MISSING,INCOMPLETE_STRUCTURALLY_VALID_REQUIRED_WINDOWS
KIM,Real Estate,false,true,true,true,true,2000-03-31,2023-12-15,1240,1238,T1-B1-S1-I1,PASS_REQUIRED_WINDOWS,0,0,0,true,false,611,TEXT_CONTENT_INTEGRITY_NOT_AUDITED_M2_02,NOT_SELECTED_BY_DETERMINISTIC_DIVERSITY_TIE_BREAK
KINS,Financial Services,false,true,true,true,true,2000-03-31,2023-12-15,1240,1238,T1-B1-S1-I1,PASS_REQUIRED_WINDOWS,0,0,0,true,false,2677,TEXT_CONTENT_INTEGRITY_NOT_AUDITED_M2_02,NOT_SELECTED_BY_DETERMINISTIC_DIVERSITY_TIE_BREAK
KJAN,N/A,false,true,false,true,true,,,0,0,T1-B0-S1-I1,INVALID_HEADER,0,0,0,false,false,,TEXT_CONTENT_INTEGRITY_NOT_AUDITED_M2_02;TABLE_MEMBER_MISSING,INCOMPLETE_STRUCTURALLY_VALID_REQUIRED_WINDOWS
KJUL,N/A,false,true,false,true,true,,,0,0,T1-B0-S1-I1,INVALID_HEADER,0,0,0,false,false,,TEXT_CONTENT_INTEGRITY_NOT_AUDITED_M2_02;TABLE_MEMBER_MISSING,INCOMPLETE_STRUCTURALLY_VALID_REQUIRED_WINDOWS
KKR,Financial Services,false,true,true,true,true,2010-10-08,2023-12-15,691,689,T1-B1-S1-I1,PASS_REQUIRED_WINDOWS,0,0,0,true,false,786,TEXT_CONTENT_INTEGRITY_NOT_AUDITED_M2_02,NOT_SELECTED_BY_DETERMINISTIC_DIVERSITY_TIE_BREAK
KLAC,Technology,false,true,true,true,true,2000-03-31,2023-12-15,1240,1238,T1-B1-S1-I1,PASS_REQUIRED_WINDOWS,0,0,0,true,false,106,TEXT_CONTENT_INTEGRITY_NOT_AUDITED_M2_02,NOT_SELECTED_BY_DETERMINISTIC_DIVERSITY_TIE_BREAK
KLDO,Healthcare,false,true,false,true,true,2019-05-24,2023-12-15,241,239,T1-B0-S1-I1,PASS_REQUIRED_WINDOWS,0,0,0,true,false,2586,TEXT_CONTENT_INTEGRITY_NOT_AUDITED_M2_02;TABLE_MEMBER_MISSING,NOT_SELECTED_BY_DETERMINISTIC_DIVERSITY_TIE_BREAK
KLDW,N/A,false,true,false,true,true,,,0,0,T1-B0-S1-I1,INVALID_HEADER,0,0,0,false,false,,TEXT_CONTENT_INTEGRITY_NOT_AUDITED_M2_02;TABLE_MEMBER_MISSING,INCOMPLETE_STRUCTURALLY_VALID_REQUIRED_WINDOWS
KLIC,Technology,false,true,true,true,true,2000-03-31,2023-12-15,1240,1238,T1-B1-S1-I1,PASS_REQUIRED_WINDOWS,0,0,0,true,false,2766,TEXT_CONTENT_INTEGRITY_NOT_AUDITED_M2_02,NOT_SELECTED_BY_DETERMINISTIC_DIVERSITY_TIE_BREAK
KLXE,Energy,false,true,true,true,true,2018-11-23,2023-12-15,267,265,T1-B1-S1-I1,PASS_REQUIRED_WINDOWS,0,0,0,true,false,1764,TEXT_CONTENT_INTEGRITY_NOT_AUDITED_M2_02,NOT_SELECTED_BY_DETERMINISTIC_DIVERSITY_TIE_BREAK
KMB,Consumer Defensive,false,true,true,true,true,2000-03-31,2023-12-15,1240,1238,T1-B1-S1-I1,PASS_REQUIRED_WINDOWS,0,0,0,true,false,673,TEXT_CONTENT_INTEGRITY_NOT_AUDITED_M2_02,NOT_SELECTED_BY_DETERMINISTIC_DIVERSITY_TIE_BREAK
KMDA,Healthcare,false,true,true,true,true,2013-08-30,2023-12-15,540,538,T1-B1-S1-I1,PASS_REQUIRED_WINDOWS,0,0,0,true,false,2478,TEXT_CONTENT_INTEGRITY_NOT_AUDITED_M2_02,NOT_SELECTED_BY_DETERMINISTIC_DIVERSITY_TIE_BREAK
KMI,Energy,false,true,true,true,true,2011-05-13,2023-12-15,660,658,T1-B1-S1-I1,PASS_REQUIRED_WINDOWS,0,0,0,true,false,744,TEXT_CONTENT_INTEGRITY_NOT_AUDITED_M2_02,NOT_SELECTED_BY_DETERMINISTIC_DIVERSITY_TIE_BREAK
KMPR,Financial Services,false,true,true,true,true,2000-03-31,2023-12-15,1240,1238,T1-B1-S1-I1,PASS_REQUIRED_WINDOWS,0,0,0,true,false,2020,TEXT_CONTENT_INTEGRITY_NOT_AUDITED_M2_02,NOT_SELECTED_BY_DETERMINISTIC_DIVERSITY_TIE_BREAK
KNDI,Consumer Cyclical,false,true,false,true,true,2007-11-30,2023-12-15,840,838,T1-B0-S1-I1,PASS_REQUIRED_WINDOWS,0,0,0,true,false,1725,TEXT_CONTENT_INTEGRITY_NOT_AUDITED_M2_02;TABLE_MEMBER_MISSING,NOT_SELECTED_BY_DETERMINISTIC_DIVERSITY_TIE_BREAK
KNG,N/A,false,true,false,true,true,,,0,0,T1-B0-S1-I1,INVALID_HEADER,0,0,0,false,false,,TEXT_CONTENT_INTEGRITY_NOT_AUDITED_M2_02;TABLE_MEMBER_MISSING,INCOMPLETE_STRUCTURALLY_VALID_REQUIRED_WINDOWS
KNSA,Healthcare,false,true,true,true,true,2018-08-24,2023-12-15,280,278,T1-B1-S1-I1,PASS_REQUIRED_WINDOWS,0,0,0,true,false,859,TEXT_CONTENT_INTEGRITY_NOT_AUDITED_M2_02,NOT_SELECTED_BY_DETERMINISTIC_DIVERSITY_TIE_BREAK
KNX,Industrials,false,true,true,true,true,2000-03-31,2023-12-15,1240,1238,T1-B1-S1-I1,PASS_REQUIRED_WINDOWS,0,0,0,true,false,2414,TEXT_CONTENT_INTEGRITY_NOT_AUDITED_M2_02,NOT_SELECTED_BY_DETERMINISTIC_DIVERSITY_TIE_BREAK
KO,Consumer Defensive,false,true,true,true,true,2000-03-31,2023-12-15,1240,1238,T1-B1-S1-I1,PASS_REQUIRED_WINDOWS,0,0,0,true,false,665,TEXT_CONTENT_INTEGRITY_NOT_AUDITED_M2_02,NOT_SELECTED_BY_DETERMINISTIC_DIVERSITY_TIE_BREAK
KOD,Healthcare,false,true,true,true,true,2019-01-04,2023-12-15,261,259,T1-B1-S1-I1,PASS_REQUIRED_WINDOWS,0,0,0,true,false,1614,TEXT_CONTENT_INTEGRITY_NOT_AUDITED_M2_02,NOT_SELECTED_BY_DETERMINISTIC_DIVERSITY_TIE_BREAK
KODK,Industrials,false,true,true,true,true,2013-12-20,2023-12-15,524,522,T1-B1-S1-I1,PASS_REQUIRED_WINDOWS,0,0,0,true,false,43,TEXT_CONTENT_INTEGRITY_NOT_AUDITED_M2_02,NOT_SELECTED_BY_DETERMINISTIC_DIVERSITY_TIE_BREAK
KOF,Consumer Defensive,false,true,true,true,true,2000-03-31,2023-12-15,1240,1238,T1-B1-S1-I1,PASS_REQUIRED_WINDOWS,0,0,0,true,false,1001,TEXT_CONTENT_INTEGRITY_NOT_AUDITED_M2_02,NOT_SELECTED_BY_DETERMINISTIC_DIVERSITY_TIE_BREAK
KOIN,N/A,false,true,false,true,true,,,0,0,T1-B0-S1-I1,INVALID_HEADER,0,0,0,false,false,,TEXT_CONTENT_INTEGRITY_NOT_AUDITED_M2_02;TABLE_MEMBER_MISSING,INCOMPLETE_STRUCTURALLY_VALID_REQUIRED_WINDOWS
KOKU,N/A,false,true,false,true,true,,,0,0,T1-B0-S1-I1,INVALID_HEADER,0,0,0,false,false,,TEXT_CONTENT_INTEGRITY_NOT_AUDITED_M2_02;TABLE_MEMBER_MISSING,INCOMPLETE_STRUCTURALLY_VALID_REQUIRED_WINDOWS
KOLD,N/A,false,true,true,true,true,,,0,0,T1-B1-S1-I1,INVALID_HEADER,0,0,0,false,false,,TEXT_CONTENT_INTEGRITY_NOT_AUDITED_M2_02,INCOMPLETE_STRUCTURALLY_VALID_REQUIRED_WINDOWS
KOMP,N/A,false,true,false,true,true,,,0,0,T1-B0-S1-I1,INVALID_HEADER,0,0,0,false,false,,TEXT_CONTENT_INTEGRITY_NOT_AUDITED_M2_02;TABLE_MEMBER_MISSING,INCOMPLETE_STRUCTURALLY_VALID_REQUIRED_WINDOWS
KOP,Basic Materials,false,true,true,true,true,2006-04-28,2023-12-15,923,921,T1-B1-S1-I1,PASS_REQUIRED_WINDOWS,0,0,0,true,false,1616,TEXT_CONTENT_INTEGRITY_NOT_AUDITED_M2_02,NOT_SELECTED_BY_DETERMINISTIC_DIVERSITY_TIE_BREAK
KOPN,Technology,false,true,true,true,true,2000-03-31,2023-12-15,1240,1238,T1-B1-S1-I1,PASS_REQUIRED_WINDOWS,0,0,0,true,false,1745,TEXT_CONTENT_INTEGRITY_NOT_AUDITED_M2_02,NOT_SELECTED_BY_DETERMINISTIC_DIVERSITY_TIE_BREAK
KORP,N/A,false,true,false,true,true,,,0,0,T1-B0-S1-I1,INVALID_HEADER,0,0,0,false,false,,TEXT_CONTENT_INTEGRITY_NOT_AUDITED_M2_02;TABLE_MEMBER_MISSING,INCOMPLETE_STRUCTURALLY_VALID_REQUIRED_WINDOWS
KORU,N/A,false,true,false,true,true,,,0,0,T1-B0-S1-I1,INVALID_HEADER,0,0,0,false,false,,TEXT_CONTENT_INTEGRITY_NOT_AUDITED_M2_02;TABLE_MEMBER_MISSING,INCOMPLETE_STRUCTURALLY_VALID_REQUIRED_WINDOWS
KOS,Energy,false,true,true,true,true,2011-08-05,2023-12-15,648,646,T1-B1-S1-I1,PASS_REQUIRED_WINDOWS,0,0,0,true,false,1446,TEXT_CONTENT_INTEGRITY_NOT_AUDITED_M2_02,NOT_SELECTED_BY_DETERMINISTIC_DIVERSITY_TIE_BREAK
KOSS,Technology,false,true,true,true,true,2000-03-31,2023-12-15,1240,1238,T1-B1-S1-I1,PASS_REQUIRED_WINDOWS,0,0,0,true,false,683,TEXT_CONTENT_INTEGRITY_NOT_AUDITED_M2_02,NOT_SELECTED_BY_DETERMINISTIC_DIVERSITY_TIE_BREAK
KPTI,Healthcare,false,true,true,true,true,2014-02-07,2023-12-15,517,515,T1-B1-S1-I1,PASS_REQUIRED_WINDOWS,0,0,0,true,false,22,TEXT_CONTENT_INTEGRITY_NOT_AUDITED_M2_02,NOT_SELECTED_BY_DETERMINISTIC_DIVERSITY_TIE_BREAK
KRC,Real Estate,false,true,true,true,true,2000-03-31,2023-12-15,1240,1238,T1-B1-S1-I1,PASS_REQUIRED_WINDOWS,0,0,0,true,false,2033,TEXT_CONTENT_INTEGRITY_NOT_AUDITED_M2_02,NOT_SELECTED_BY_DETERMINISTIC_DIVERSITY_TIE_BREAK
KRE,N/A,false,true,false,true,true,,,0,0,T1-B0-S1-I1,INVALID_HEADER,0,0,0,false,false,,TEXT_CONTENT_INTEGRITY_NOT_AUDITED_M2_02;TABLE_MEMBER_MISSING,INCOMPLETE_STRUCTURALLY_VALID_REQUIRED_WINDOWS
KREF,Real Estate,false,true,true,true,true,2017-08-04,2023-12-15,335,333,T1-B1-S1-I1,PASS_REQUIRED_WINDOWS,0,0,0,true,false,1479,TEXT_CONTENT_INTEGRITY_NOT_AUDITED_M2_02,NOT_SELECTED_BY_DETERMINISTIC_DIVERSITY_TIE_BREAK
KRG,Real Estate,false,true,true,true,true,2004-11-05,2023-12-15,1000,998,T1-B1-S1-I1,PASS_REQUIRED_WINDOWS,0,0,0,true,false,2946,TEXT_CONTENT_INTEGRITY_NOT_AUDITED_M2_02,NOT_SELECTED_BY_DETERMINISTIC_DIVERSITY_TIE_BREAK
KRKR,Communication Services,false,true,true,true,true,2020-02-07,2023-12-15,204,202,T1-B1-S1-I1,PASS_REQUIRED_WINDOWS,0,0,0,true,false,451,TEXT_CONTENT_INTEGRITY_NOT_AUDITED_M2_02,NOT_SELECTED_BY_DETERMINISTIC_DIVERSITY_TIE_BREAK
KRMD,Healthcare,false,true,true,true,true,2000-03-31,2023-12-15,1240,1238,T1-B1-S1-I1,PASS_REQUIRED_WINDOWS,0,0,0,true,false,1500,TEXT_CONTENT_INTEGRITY_NOT_AUDITED_M2_02,NOT_SELECTED_BY_DETERMINISTIC_DIVERSITY_TIE_BREAK
KRNT,Industrials,false,true,true,true,true,2015-07-02,2023-12-15,444,442,T1-B1-S1-I1,PASS_REQUIRED_WINDOWS,0,0,0,true,false,564,TEXT_CONTENT_INTEGRITY_NOT_AUDITED_M2_02,NOT_SELECTED_BY_DETERMINISTIC_DIVERSITY_TIE_BREAK
KRO,Basic Materials,false,true,true,true,true,2004-03-12,2023-12-15,1034,1032,T1-B1-S1-I1,PASS_REQUIRED_WINDOWS,0,0,0,true,false,2632,TEXT_CONTENT_INTEGRITY_NOT_AUDITED_M2_02,NOT_SELECTED_BY_DETERMINISTIC_DIVERSITY_TIE_BREAK
KROS,Healthcare,false,true,true,true,true,2020-07-10,2023-12-15,182,180,T1-B1-S1-I1,PASS_REQUIRED_WINDOWS,0,0,0,true,false,143,TEXT_CONTENT_INTEGRITY_NOT_AUDITED_M2_02,NOT_SELECTED_BY_DETERMINISTIC_DIVERSITY_TIE_BREAK
KRP,Energy,false,true,true,true,true,2017-05-05,2023-12-15,348,346,T1-B1-S1-I1,PASS_REQUIRED_WINDOWS,0,0,0,true,false,437,TEXT_CONTENT_INTEGRITY_NOT_AUDITED_M2_02,NOT_SELECTED_BY_DETERMINISTIC_DIVERSITY_TIE_BREAK
KRUS,Consumer Cyclical,false,true,true,true,true,2019-10-25,2023-12-15,219,217,T1-B1-S1-I1,PASS_REQUIRED_WINDOWS,0,0,0,true,false,1588,TEXT_CONTENT_INTEGRITY_NOT_AUDITED_M2_02,NOT_SELECTED_BY_DETERMINISTIC_DIVERSITY_TIE_BREAK
KRYS,Healthcare,false,true,true,true,true,2017-12-15,2023-12-15,316,314,T1-B1-S1-I1,PASS_REQUIRED_WINDOWS,0,0,0,true,false,1113,TEXT_CONTENT_INTEGRITY_NOT_AUDITED_M2_02,NOT_SELECTED_BY_DETERMINISTIC_DIVERSITY_TIE_BREAK
KSA,N/A,false,true,false,true,true,,,0,0,T1-B0-S1-I1,INVALID_HEADER,0,0,0,false,false,,TEXT_CONTENT_INTEGRITY_NOT_AUDITED_M2_02;TABLE_MEMBER_MISSING,INCOMPLETE_STRUCTURALLY_VALID_REQUIRED_WINDOWS
KSS,Consumer Cyclical,false,true,true,true,true,2000-03-31,2023-12-15,1240,1238,T1-B1-S1-I1,PASS_REQUIRED_WINDOWS,0,0,0,true,false,1169,TEXT_CONTENT_INTEGRITY_NOT_AUDITED_M2_02,NOT_SELECTED_BY_DETERMINISTIC_DIVERSITY_TIE_BREAK
KT,Communication Services,false,true,true,true,true,2000-03-31,2023-12-15,1240,1238,T1-B1-S1-I1,PASS_REQUIRED_WINDOWS,0,0,0,true,false,1347,TEXT_CONTENT_INTEGRITY_NOT_AUDITED_M2_02,NOT_SELECTED_BY_DETERMINISTIC_DIVERSITY_TIE_BREAK
KTB,N/A,false,true,true,true,true,2019-08-23,2023-12-15,228,226,T1-B1-S1-I1,PASS_REQUIRED_WINDOWS,0,0,0,true,false,63,TEXT_CONTENT_INTEGRITY_NOT_AUDITED_M2_02,NOT_SELECTED_BY_DETERMINISTIC_DIVERSITY_TIE_BREAK
KTCC,Technology,false,true,true,true,true,2000-03-31,2023-12-15,1240,1238,T1-B1-S1-I1,PASS_REQUIRED_WINDOWS,0,0,0,true,false,239,TEXT_CONTENT_INTEGRITY_NOT_AUDITED_M2_02,NOT_SELECTED_BY_DETERMINISTIC_DIVERSITY_TIE_BREAK
KTF,Financial Services,false,true,false,true,true,2000-03-31,2023-12-15,1240,1238,T1-B0-S1-I1,PASS_REQUIRED_WINDOWS,0,0,0,true,false,467,TEXT_CONTENT_INTEGRITY_NOT_AUDITED_M2_02;TABLE_MEMBER_MISSING,NOT_SELECTED_BY_DETERMINISTIC_DIVERSITY_TIE_BREAK
KTH,N/A,false,true,false,true,true,2001-05-11,2023-12-15,1182,1180,T1-B0-S1-I1,PASS_REQUIRED_WINDOWS,0,0,0,true,false,2174,TEXT_CONTENT_INTEGRITY_NOT_AUDITED_M2_02;TABLE_MEMBER_MISSING,NOT_SELECTED_BY_DETERMINISTIC_DIVERSITY_TIE_BREAK
KTN,N/A,false,true,false,true,true,2004-03-05,2023-12-15,1035,1033,T1-B0-S1-I1,PASS_REQUIRED_WINDOWS,0,0,0,true,false,869,TEXT_CONTENT_INTEGRITY_NOT_AUDITED_M2_02;TABLE_MEMBER_MISSING,NOT_SELECTED_BY_DETERMINISTIC_DIVERSITY_TIE_BREAK
KTOS,Industrials,false,true,true,true,true,2000-03-31,2023-12-15,1240,1238,T1-B1-S1-I1,PASS_REQUIRED_WINDOWS,0,0,0,true,false,402,TEXT_CONTENT_INTEGRITY_NOT_AUDITED_M2_02,NOT_SELECTED_BY_DETERMINISTIC_DIVERSITY_TIE_BREAK
KURA,Healthcare,false,true,true,true,true,2015-12-11,2023-12-15,421,419,T1-B1-S1-I1,PASS_REQUIRED_WINDOWS,0,0,0,true,false,742,TEXT_CONTENT_INTEGRITY_NOT_AUDITED_M2_02,NOT_SELECTED_BY_DETERMINISTIC_DIVERSITY_TIE_BREAK
KURE,N/A,false,true,false,true,true,,,0,0,T1-B0-S1-I1,INVALID_HEADER,0,0,0,false,false,,TEXT_CONTENT_INTEGRITY_NOT_AUDITED_M2_02;TABLE_MEMBER_MISSING,INCOMPLETE_STRUCTURALLY_VALID_REQUIRED_WINDOWS
KW,Real Estate,false,true,true,true,true,2008-02-29,2023-12-15,827,825,T1-B1-S1-I1,PASS_REQUIRED_WINDOWS,0,0,0,true,false,1156,TEXT_CONTENT_INTEGRITY_NOT_AUDITED_M2_02,NOT_SELECTED_BY_DETERMINISTIC_DIVERSITY_TIE_BREAK
KWEB,N/A,false,true,false,true,true,,,0,0,T1-B0-S1-I1,INVALID_HEADER,0,0,0,false,false,,TEXT_CONTENT_INTEGRITY_NOT_AUDITED_M2_02;TABLE_MEMBER_MISSING,INCOMPLETE_STRUCTURALLY_VALID_REQUIRED_WINDOWS
KWR,Basic Materials,false,true,true,true,true,2000-03-31,2023-12-15,1240,1238,T1-B1-S1-I1,PASS_REQUIRED_WINDOWS,0,0,0,true,false,2214,TEXT_CONTENT_INTEGRITY_NOT_AUDITED_M2_02,NOT_SELECTED_BY_DETERMINISTIC_DIVERSITY_TIE_BREAK
KXI,N/A,false,true,false,true,true,,,0,0,T1-B0-S1-I1,INVALID_HEADER,0,0,0,false,false,,TEXT_CONTENT_INTEGRITY_NOT_AUDITED_M2_02;TABLE_MEMBER_MISSING,INCOMPLETE_STRUCTURALLY_VALID_REQUIRED_WINDOWS
KXIN,Consumer Cyclical,false,true,true,true,true,2018-02-02,2023-12-15,309,307,T1-B1-S1-I1,PASS_REQUIRED_WINDOWS,0,0,0,true,false,2306,TEXT_CONTENT_INTEGRITY_NOT_AUDITED_M2_02,NOT_SELECTED_BY_DETERMINISTIC_DIVERSITY_TIE_BREAK
KYN,Financial Services,false,true,false,true,true,2004-12-23,2023-12-15,993,991,T1-B0-S1-I1,PASS_REQUIRED_WINDOWS,0,0,0,true,false,630,TEXT_CONTENT_INTEGRITY_NOT_AUDITED_M2_02;TABLE_MEMBER_MISSING,NOT_SELECTED_BY_DETERMINISTIC_DIVERSITY_TIE_BREAK
KZIA,Healthcare,false,true,true,true,true,2000-03-31,2023-12-15,1240,1238,T1-B1-S1-I1,PASS_REQUIRED_WINDOWS,0,0,0,true,false,1003,TEXT_CONTENT_INTEGRITY_NOT_AUDITED_M2_02,NOT_SELECTED_BY_DETERMINISTIC_DIVERSITY_TIE_BREAK
KZR,Healthcare,false,true,true,true,true,2018-09-21,2023-12-15,276,274,T1-B1-S1-I1,PASS_REQUIRED_WINDOWS,0,0,0,true,false,1310,TEXT_CONTENT_INTEGRITY_NOT_AUDITED_M2_02,NOT_SELECTED_BY_DETERMINISTIC_DIVERSITY_TIE_BREAK
L,Financial Services,false,true,false,true,true,2000-03-31,2023-12-15,1240,1238,T1-B0-S1-I1,PASS_REQUIRED_WINDOWS,0,0,0,true,false,558,TEXT_CONTENT_INTEGRITY_NOT_AUDITED_M2_02;TABLE_MEMBER_MISSING,NOT_SELECTED_BY_DETERMINISTIC_DIVERSITY_TIE_BREAK
LABD,N/A,false,true,false,true,true,,,0,0,T1-B0-S1-I1,INVALID_HEADER,0,0,0,false,false,,TEXT_CONTENT_INTEGRITY_NOT_AUDITED_M2_02;TABLE_MEMBER_MISSING,INCOMPLETE_STRUCTURALLY_VALID_REQUIRED_WINDOWS
LABU,N/A,false,true,false,true,true,,,0,0,T1-B0-S1-I1,INVALID_HEADER,0,0,0,false,false,,TEXT_CONTENT_INTEGRITY_NOT_AUDITED_M2_02;TABLE_MEMBER_MISSING,INCOMPLETE_STRUCTURALLY_VALID_REQUIRED_WINDOWS
LAC,Basic Materials,false,true,true,true,true,,,0,0,T1-B1-S1-I1,INCOMPLETE_REQUIRED_WINDOWS,0,0,0,false,false,,TEXT_CONTENT_INTEGRITY_NOT_AUDITED_M2_02,INCOMPLETE_STRUCTURALLY_VALID_REQUIRED_WINDOWS
LADR,Real Estate,false,true,true,true,true,2014-05-09,2023-12-15,504,502,T1-B1-S1-I1,PASS_REQUIRED_WINDOWS,0,0,0,true,false,1368,TEXT_CONTENT_INTEGRITY_NOT_AUDITED_M2_02,NOT_SELECTED_BY_DETERMINISTIC_DIVERSITY_TIE_BREAK
LAKE,Consumer Cyclical,false,true,true,true,true,2000-03-31,2023-12-15,1240,1238,T1-B1-S1-I1,PASS_REQUIRED_WINDOWS,0,0,0,true,false,1261,TEXT_CONTENT_INTEGRITY_NOT_AUDITED_M2_02,NOT_SELECTED_BY_DETERMINISTIC_DIVERSITY_TIE_BREAK
LAMR,Real Estate,false,true,true,true,true,2000-03-31,2023-12-15,1240,1238,T1-B1-S1-I1,PASS_REQUIRED_WINDOWS,0,0,0,true,false,2665,TEXT_CONTENT_INTEGRITY_NOT_AUDITED_M2_02,NOT_SELECTED_BY_DETERMINISTIC_DIVERSITY_TIE_BREAK
LANC,Consumer Defensive,false,true,true,true,true,2000-03-31,2023-12-15,1240,1238,T1-B1-S1-I1,PASS_REQUIRED_WINDOWS,0,0,0,true,false,2075,TEXT_CONTENT_INTEGRITY_NOT_AUDITED_M2_02,NOT_SELECTED_BY_DETERMINISTIC_DIVERSITY_TIE_BREAK
LAND,Real Estate,false,true,true,true,true,2013-04-26,2023-12-15,558,556,T1-B1-S1-I1,PASS_REQUIRED_WINDOWS,0,0,0,true,false,2892,TEXT_CONTENT_INTEGRITY_NOT_AUDITED_M2_02,NOT_SELECTED_BY_DETERMINISTIC_DIVERSITY_TIE_BREAK
LANDP,Real Estate,false,true,true,true,true,2023-09-08,2023-12-15,17,15,T1-B1-S1-I1,INCOMPLETE_REQUIRED_WINDOWS,0,0,0,false,false,,TEXT_CONTENT_INTEGRITY_NOT_AUDITED_M2_02,INCOMPLETE_STRUCTURALLY_VALID_REQUIRED_WINDOWS
LARK,Financial Services,false,true,true,true,true,2000-03-31,2023-12-15,1240,1238,T1-B1-S1-I1,PASS_REQUIRED_WINDOWS,0,0,0,true,false,2960,TEXT_CONTENT_INTEGRITY_NOT_AUDITED_M2_02,NOT_SELECTED_BY_DETERMINISTIC_DIVERSITY_TIE_BREAK
LASR,Technology,false,false,true,true,true,2018-07-27,2023-12-15,284,282,T0-B1-S1-I1,PASS_REQUIRED_WINDOWS,0,0,0,true,false,431,TEXT_CONTENT_INTEGRITY_NOT_AUDITED_M2_02;TEXT_MEMBER_MISSING,NOT_SELECTED_BY_DETERMINISTIC_DIVERSITY_TIE_BREAK
LAUR,Consumer Defensive,false,true,true,true,true,2017-04-28,2023-12-15,349,347,T1-B1-S1-I1,PASS_REQUIRED_WINDOWS,0,0,0,true,false,2732,TEXT_CONTENT_INTEGRITY_NOT_AUDITED_M2_02,NOT_SELECTED_BY_DETERMINISTIC_DIVERSITY_TIE_BREAK
LAZ,Financial Services,false,true,true,true,true,2005-08-05,2023-12-15,961,959,T1-B1-S1-I1,PASS_REQUIRED_WINDOWS,0,0,0,true,false,1573,TEXT_CONTENT_INTEGRITY_NOT_AUDITED_M2_02,NOT_SELECTED_BY_DETERMINISTIC_DIVERSITY_TIE_BREAK
LBRDA,Communication Services,false,true,true,true,true,2015-02-06,2023-12-15,465,463,T1-B1-S1-I1,PASS_REQUIRED_WINDOWS,0,0,0,true,false,1561,TEXT_CONTENT_INTEGRITY_NOT_AUDITED_M2_02,NOT_SELECTED_BY_DETERMINISTIC_DIVERSITY_TIE_BREAK
LBRDK,Communication Services,false,true,true,true,true,2015-02-06,2023-12-15,465,463,T1-B1-S1-I1,PASS_REQUIRED_WINDOWS,0,0,0,true,false,2839,TEXT_CONTENT_INTEGRITY_NOT_AUDITED_M2_02,NOT_SELECTED_BY_DETERMINISTIC_DIVERSITY_TIE_BREAK
LCII,Consumer Cyclical,false,true,true,true,true,2000-03-31,2023-12-15,1240,1238,T1-B1-S1-I1,PASS_REQUIRED_WINDOWS,0,0,0,true,false,2471,TEXT_CONTENT_INTEGRITY_NOT_AUDITED_M2_02,NOT_SELECTED_BY_DETERMINISTIC_DIVERSITY_TIE_BREAK
LCNB,Financial Services,false,false,true,true,true,2000-03-31,2023-12-15,1240,1238,T0-B1-S1-I1,PASS_REQUIRED_WINDOWS,0,0,0,true,false,390,TEXT_CONTENT_INTEGRITY_NOT_AUDITED_M2_02;TEXT_MEMBER_MISSING,NOT_SELECTED_BY_DETERMINISTIC_DIVERSITY_TIE_BREAK
LCR,N/A,false,false,false,true,true,,,0,0,T0-B0-S1-I1,INVALID_HEADER,0,0,0,false,false,,TEXT_CONTENT_INTEGRITY_NOT_AUDITED_M2_02;TEXT_MEMBER_MISSING;TABLE_MEMBER_MISSING,INCOMPLETE_STRUCTURALLY_VALID_REQUIRED_WINDOWS
LCTX,Healthcare,false,true,true,true,true,2000-03-31,2023-12-15,1240,1238,T1-B1-S1-I1,PASS_REQUIRED_WINDOWS,0,0,0,true,false,790,TEXT_CONTENT_INTEGRITY_NOT_AUDITED_M2_02,NOT_SELECTED_BY_DETERMINISTIC_DIVERSITY_TIE_BREAK
LCUT,Consumer Cyclical,false,true,true,true,true,2000-03-31,2023-12-15,1240,1238,T1-B1-S1-I1,PASS_REQUIRED_WINDOWS,0,0,0,true,false,1644,TEXT_CONTENT_INTEGRITY_NOT_AUDITED_M2_02,NOT_SELECTED_BY_DETERMINISTIC_DIVERSITY_TIE_BREAK
LDEM,N/A,false,true,false,true,true,,,0,0,T1-B0-S1-I1,INVALID_HEADER,0,0,0,false,false,,TEXT_CONTENT_INTEGRITY_NOT_AUDITED_M2_02;TABLE_MEMBER_MISSING,INCOMPLETE_STRUCTURALLY_VALID_REQUIRED_WINDOWS
LDOS,Technology,false,true,true,true,true,2007-01-19,2023-12-15,885,883,T1-B1-S1-I1,PASS_REQUIRED_WINDOWS,0,0,0,true,false,2444,TEXT_CONTENT_INTEGRITY_NOT_AUDITED_M2_02,NOT_SELECTED_BY_DETERMINISTIC_DIVERSITY_TIE_BREAK
LDP,N/A,false,true,false,true,true,2012-10-26,2023-12-15,584,582,T1-B0-S1-I1,PASS_REQUIRED_WINDOWS,0,0,0,true,false,1027,TEXT_CONTENT_INTEGRITY_NOT_AUDITED_M2_02;TABLE_MEMBER_MISSING,NOT_SELECTED_BY_DETERMINISTIC_DIVERSITY_TIE_BREAK
LDSF,N/A,false,true,false,true,true,,,0,0,T1-B0-S1-I1,INVALID_HEADER,0,0,0,false,false,,TEXT_CONTENT_INTEGRITY_NOT_AUDITED_M2_02;TABLE_MEMBER_MISSING,INCOMPLETE_STRUCTURALLY_VALID_REQUIRED_WINDOWS
LDUR,N/A,false,false,false,true,true,,,0,0,T0-B0-S1-I1,INVALID_HEADER,0,0,0,false,false,,TEXT_CONTENT_INTEGRITY_NOT_AUDITED_M2_02;TEXT_MEMBER_MISSING;TABLE_MEMBER_MISSING,INCOMPLETE_STRUCTURALLY_VALID_REQUIRED_WINDOWS
LE,Consumer Cyclical,false,true,true,true,true,2014-06-20,2023-12-15,498,496,T1-B1-S1-I1,PASS_REQUIRED_WINDOWS,0,0,0,true,false,2227,TEXT_CONTENT_INTEGRITY_NOT_AUDITED_M2_02,NOT_SELECTED_BY_DETERMINISTIC_DIVERSITY_TIE_BREAK
LEA,Consumer Cyclical,false,true,true,true,true,2010-02-05,2023-12-15,726,724,T1-B1-S1-I1,PASS_REQUIRED_WINDOWS,0,0,0,true,false,739,TEXT_CONTENT_INTEGRITY_NOT_AUDITED_M2_02,NOT_SELECTED_BY_DETERMINISTIC_DIVERSITY_TIE_BREAK
LEAD,N/A,false,true,false,true,true,,,0,0,T1-B0-S1-I1,INVALID_HEADER,0,0,0,false,false,,TEXT_CONTENT_INTEGRITY_NOT_AUDITED_M2_02;TABLE_MEMBER_MISSING,INCOMPLETE_STRUCTURALLY_VALID_REQUIRED_WINDOWS
LECO,Industrials,false,true,true,true,true,2000-03-31,2023-12-15,1240,1238,T1-B1-S1-I1,PASS_REQUIRED_WINDOWS,0,0,0,true,false,297,TEXT_CONTENT_INTEGRITY_NOT_AUDITED_M2_02,NOT_SELECTED_BY_DETERMINISTIC_DIVERSITY_TIE_BREAK
LEDS,Technology,false,true,true,true,true,2011-03-11,2023-12-15,669,667,T1-B1-S1-I1,PASS_REQUIRED_WINDOWS,0,0,0,true,false,528,TEXT_CONTENT_INTEGRITY_NOT_AUDITED_M2_02,NOT_SELECTED_BY_DETERMINISTIC_DIVERSITY_TIE_BREAK
LEE,Communication Services,false,true,true,true,true,2000-03-31,2023-12-15,1240,1238,T1-B1-S1-I1,PASS_REQUIRED_WINDOWS,0,0,0,true,false,998,TEXT_CONTENT_INTEGRITY_NOT_AUDITED_M2_02,NOT_SELECTED_BY_DETERMINISTIC_DIVERSITY_TIE_BREAK
LEG,Consumer Cyclical,false,true,true,true,true,2000-03-31,2023-12-15,1240,1238,T1-B1-S1-I1,PASS_REQUIRED_WINDOWS,0,0,0,true,false,77,TEXT_CONTENT_INTEGRITY_NOT_AUDITED_M2_02,NOT_SELECTED_BY_DETERMINISTIC_DIVERSITY_TIE_BREAK
LEGH,Consumer Cyclical,false,true,true,true,true,2019-03-15,2023-12-15,251,249,T1-B1-S1-I1,PASS_REQUIRED_WINDOWS,0,0,0,true,false,997,TEXT_CONTENT_INTEGRITY_NOT_AUDITED_M2_02,NOT_SELECTED_BY_DETERMINISTIC_DIVERSITY_TIE_BREAK
LEGN,Healthcare,false,true,true,true,true,2020-09-04,2023-12-15,174,172,T1-B1-S1-I1,PASS_REQUIRED_WINDOWS,0,0,0,true,false,1845,TEXT_CONTENT_INTEGRITY_NOT_AUDITED_M2_02,NOT_SELECTED_BY_DETERMINISTIC_DIVERSITY_TIE_BREAK
LEMB,N/A,false,true,false,true,true,,,0,0,T1-B0-S1-I1,INVALID_HEADER,0,0,0,false,false,,TEXT_CONTENT_INTEGRITY_NOT_AUDITED_M2_02;TABLE_MEMBER_MISSING,INCOMPLETE_STRUCTURALLY_VALID_REQUIRED_WINDOWS
LEN,Consumer Cyclical,false,true,true,true,true,2000-03-31,2023-12-15,1240,1238,T1-B1-S1-I1,PASS_REQUIRED_WINDOWS,0,0,0,true,false,265,TEXT_CONTENT_INTEGRITY_NOT_AUDITED_M2_02,NOT_SELECTED_BY_DETERMINISTIC_DIVERSITY_TIE_BREAK
LEO,Financial Services,false,true,false,true,true,2000-03-31,2023-12-15,1240,1238,T1-B0-S1-I1,PASS_REQUIRED_WINDOWS,0,0,0,true,false,474,TEXT_CONTENT_INTEGRITY_NOT_AUDITED_M2_02;TABLE_MEMBER_MISSING,NOT_SELECTED_BY_DETERMINISTIC_DIVERSITY_TIE_BREAK
LEU,Energy,false,true,true,true,true,2000-03-31,2023-12-15,1240,1238,T1-B1-S1-I1,PASS_REQUIRED_WINDOWS,0,0,0,true,false,1163,TEXT_CONTENT_INTEGRITY_NOT_AUDITED_M2_02,NOT_SELECTED_BY_DETERMINISTIC_DIVERSITY_TIE_BREAK
LEVI,Consumer Cyclical,false,true,true,true,true,2019-06-21,2023-12-15,237,235,T1-B1-S1-I1,PASS_REQUIRED_WINDOWS,0,0,0,true,false,2656,TEXT_CONTENT_INTEGRITY_NOT_AUDITED_M2_02,NOT_SELECTED_BY_DETERMINISTIC_DIVERSITY_TIE_BREAK
LFEQ,N/A,false,true,false,true,true,,,0,0,T1-B0-S1-I1,INVALID_HEADER,0,0,0,false,false,,TEXT_CONTENT_INTEGRITY_NOT_AUDITED_M2_02;TABLE_MEMBER_MISSING,INCOMPLETE_STRUCTURALLY_VALID_REQUIRED_WINDOWS
LFUS,Technology,false,true,true,true,true,2000-03-31,2023-12-15,1240,1238,T1-B1-S1-I1,PASS_REQUIRED_WINDOWS,0,0,0,true,false,1844,TEXT_CONTENT_INTEGRITY_NOT_AUDITED_M2_02,NOT_SELECTED_BY_DETERMINISTIC_DIVERSITY_TIE_BREAK
LGF-A,Communication Services,false,true,true,true,true,2000-03-31,2023-12-15,1240,1238,T1-B1-S1-I1,PASS_REQUIRED_WINDOWS,0,0,0,true,false,1086,TEXT_CONTENT_INTEGRITY_NOT_AUDITED_M2_02,NOT_SELECTED_BY_DETERMINISTIC_DIVERSITY_TIE_BREAK
LGH,N/A,false,true,false,true,true,,,0,0,T1-B0-S1-I1,INVALID_HEADER,0,0,0,false,false,,TEXT_CONTENT_INTEGRITY_NOT_AUDITED_M2_02;TABLE_MEMBER_MISSING,INCOMPLETE_STRUCTURALLY_VALID_REQUIRED_WINDOWS
LGHL,Financial Services,false,true,true,true,true,2019-09-20,2023-12-15,224,222,T1-B1-S1-I1,PASS_REQUIRED_WINDOWS,0,0,0,true,false,868,TEXT_CONTENT_INTEGRITY_NOT_AUDITED_M2_02,NOT_SELECTED_BY_DETERMINISTIC_DIVERSITY_TIE_BREAK
LGLV,N/A,false,true,false,true,true,,,0,0,T1-B0-S1-I1,INVALID_HEADER,0,0,0,false,false,,TEXT_CONTENT_INTEGRITY_NOT_AUDITED_M2_02;TABLE_MEMBER_MISSING,INCOMPLETE_STRUCTURALLY_VALID_REQUIRED_WINDOWS
LGND,Healthcare,false,true,true,true,true,2000-03-31,2023-12-15,1240,1238,T1-B1-S1-I1,PASS_REQUIRED_WINDOWS,0,0,0,true,false,2869,TEXT_CONTENT_INTEGRITY_NOT_AUDITED_M2_02,NOT_SELECTED_BY_DETERMINISTIC_DIVERSITY_TIE_BREAK
LGOV,N/A,false,true,false,true,true,,,0,0,T1-B0-S1-I1,INVALID_HEADER,0,0,0,false,false,,TEXT_CONTENT_INTEGRITY_NOT_AUDITED_M2_02;TABLE_MEMBER_MISSING,INCOMPLETE_STRUCTURALLY_VALID_REQUIRED_WINDOWS
LH,Healthcare,false,true,true,true,true,2000-03-31,2023-12-15,1240,1238,T1-B1-S1-I1,PASS_REQUIRED_WINDOWS,0,0,0,true,false,2795,TEXT_CONTENT_INTEGRITY_NOT_AUDITED_M2_02,NOT_SELECTED_BY_DETERMINISTIC_DIVERSITY_TIE_BREAK
LHX,Industrials,false,true,true,true,true,2000-03-31,2023-12-15,1240,1238,T1-B1-S1-I1,PASS_REQUIRED_WINDOWS,0,0,0,true,false,1220,TEXT_CONTENT_INTEGRITY_NOT_AUDITED_M2_02,NOT_SELECTED_BY_DETERMINISTIC_DIVERSITY_TIE_BREAK
LII,Industrials,false,true,true,true,true,2000-03-31,2023-12-15,1240,1238,T1-B1-S1-I1,PASS_REQUIRED_WINDOWS,0,0,0,true,false,1320,TEXT_CONTENT_INTEGRITY_NOT_AUDITED_M2_02,NOT_SELECTED_BY_DETERMINISTIC_DIVERSITY_TIE_BREAK
LILA,Communication Services,false,true,true,true,true,2015-10-02,2023-12-15,431,429,T1-B1-S1-I1,PASS_REQUIRED_WINDOWS,0,0,0,true,false,54,TEXT_CONTENT_INTEGRITY_NOT_AUDITED_M2_02,NOT_SELECTED_BY_DETERMINISTIC_DIVERSITY_TIE_BREAK
LILAK,Communication Services,false,true,true,true,true,2015-09-18,2023-12-15,433,431,T1-B1-S1-I1,PASS_REQUIRED_WINDOWS,0,0,0,true,false,840,TEXT_CONTENT_INTEGRITY_NOT_AUDITED_M2_02,NOT_SELECTED_BY_DETERMINISTIC_DIVERSITY_TIE_BREAK
LIN,Basic Materials,false,true,true,true,true,2000-03-31,2023-12-15,1240,1238,T1-B1-S1-I1,PASS_REQUIRED_WINDOWS,0,0,0,true,false,1215,TEXT_CONTENT_INTEGRITY_NOT_AUDITED_M2_02,NOT_SELECTED_BY_DETERMINISTIC_DIVERSITY_TIE_BREAK
LINC,Consumer Defensive,false,true,true,true,true,2005-09-23,2023-12-15,954,952,T1-B1-S1-I1,PASS_REQUIRED_WINDOWS,0,0,0,true,false,1114,TEXT_CONTENT_INTEGRITY_NOT_AUDITED_M2_02,NOT_SELECTED_BY_DETERMINISTIC_DIVERSITY_TIE_BREAK
LIND,Consumer Cyclical,false,true,true,true,true,2013-09-27,2023-12-15,536,534,T1-B1-S1-I1,PASS_REQUIRED_WINDOWS,0,0,0,true,false,1297,TEXT_CONTENT_INTEGRITY_NOT_AUDITED_M2_02,NOT_SELECTED_BY_DETERMINISTIC_DIVERSITY_TIE_BREAK
LIQT,Industrials,false,true,true,true,true,2011-11-25,2023-12-15,632,630,T1-B1-S1-I1,PASS_REQUIRED_WINDOWS,0,0,0,true,false,552,TEXT_CONTENT_INTEGRITY_NOT_AUDITED_M2_02,NOT_SELECTED_BY_DETERMINISTIC_DIVERSITY_TIE_BREAK
LIT,N/A,false,true,false,true,true,,,0,0,T1-B0-S1-I1,INVALID_HEADER,0,0,0,false,false,,TEXT_CONTENT_INTEGRITY_NOT_AUDITED_M2_02;TABLE_MEMBER_MISSING,INCOMPLETE_STRUCTURALLY_VALID_REQUIRED_WINDOWS
LITB,Consumer Cyclical,false,true,true,true,true,2013-08-30,2023-12-15,540,538,T1-B1-S1-I1,PASS_REQUIRED_WINDOWS,0,0,0,true,false,247,TEXT_CONTENT_INTEGRITY_NOT_AUDITED_M2_02,NOT_SELECTED_BY_DETERMINISTIC_DIVERSITY_TIE_BREAK
LITE,Technology,false,true,true,true,true,2015-10-16,2023-12-15,429,427,T1-B1-S1-I1,PASS_REQUIRED_WINDOWS,0,0,0,true,false,1495,TEXT_CONTENT_INTEGRITY_NOT_AUDITED_M2_02,NOT_SELECTED_BY_DETERMINISTIC_DIVERSITY_TIE_BREAK
LIVE,Consumer Cyclical,false,true,true,true,true,2002-04-26,2023-12-15,1132,1130,T1-B1-S1-I1,PASS_REQUIRED_WINDOWS,0,0,0,true,false,2852,TEXT_CONTENT_INTEGRITY_NOT_AUDITED_M2_02,NOT_SELECTED_BY_DETERMINISTIC_DIVERSITY_TIE_BREAK
LIVN,Healthcare,false,true,true,true,true,2016-01-15,2023-12-15,416,414,T1-B1-S1-I1,PASS_REQUIRED_WINDOWS,0,0,0,true,false,667,TEXT_CONTENT_INTEGRITY_NOT_AUDITED_M2_02,NOT_SELECTED_BY_DETERMINISTIC_DIVERSITY_TIE_BREAK
LKCO,Communication Services,false,true,false,true,true,2019-04-05,2023-12-15,248,246,T1-B0-S1-I1,PASS_REQUIRED_WINDOWS,0,0,0,true,false,27,TEXT_CONTENT_INTEGRITY_NOT_AUDITED_M2_02;TABLE_MEMBER_MISSING,NOT_SELECTED_BY_DETERMINISTIC_DIVERSITY_TIE_BREAK
LKFN,Financial Services,false,true,true,true,true,2000-03-31,2023-12-15,1240,1238,T1-B1-S1-I1,PASS_REQUIRED_WINDOWS,0,0,0,true,false,827,TEXT_CONTENT_INTEGRITY_NOT_AUDITED_M2_02,NOT_SELECTED_BY_DETERMINISTIC_DIVERSITY_TIE_BREAK
LKOR,N/A,false,true,false,true,true,,,0,0,T1-B0-S1-I1,INVALID_HEADER,0,0,0,false,false,,TEXT_CONTENT_INTEGRITY_NOT_AUDITED_M2_02;TABLE_MEMBER_MISSING,INCOMPLETE_STRUCTURALLY_VALID_REQUIRED_WINDOWS
LLY,Healthcare,false,true,true,true,true,2000-03-31,2023-12-15,1240,1238,T1-B1-S1-I1,PASS_REQUIRED_WINDOWS,0,0,0,true,false,2804,TEXT_CONTENT_INTEGRITY_NOT_AUDITED_M2_02,NOT_SELECTED_BY_DETERMINISTIC_DIVERSITY_TIE_BREAK
LMAT,Healthcare,false,true,true,true,true,2007-01-19,2023-12-15,885,883,T1-B1-S1-I1,PASS_REQUIRED_WINDOWS,0,0,0,true,false,1737,TEXT_CONTENT_INTEGRITY_NOT_AUDITED_M2_02,NOT_SELECTED_BY_DETERMINISTIC_DIVERSITY_TIE_BREAK
LMB,Industrials,false,true,true,true,true,2014-11-07,2023-12-15,478,476,T1-B1-S1-I1,PASS_REQUIRED_WINDOWS,0,0,0,true,false,1116,TEXT_CONTENT_INTEGRITY_NOT_AUDITED_M2_02,NOT_SELECTED_BY_DETERMINISTIC_DIVERSITY_TIE_BREAK
LMBS,N/A,false,true,false,true,true,,,0,0,T1-B0-S1-I1,INVALID_HEADER,0,0,0,false,false,,TEXT_CONTENT_INTEGRITY_NOT_AUDITED_M2_02;TABLE_MEMBER_MISSING,INCOMPLETE_STRUCTURALLY_VALID_REQUIRED_WINDOWS
LMFA,Financial Services,false,true,true,true,true,2016-03-18,2023-12-15,407,405,T1-B1-S1-I1,PASS_REQUIRED_WINDOWS,0,0,0,true,false,2081,TEXT_CONTENT_INTEGRITY_NOT_AUDITED_M2_02,NOT_SELECTED_BY_DETERMINISTIC_DIVERSITY_TIE_BREAK
LMPX,Consumer Cyclical,false,true,false,true,true,2020-03-06,2023-12-15,200,198,T1-B0-S1-I1,PASS_REQUIRED_WINDOWS,0,0,0,true,false,395,TEXT_CONTENT_INTEGRITY_NOT_AUDITED_M2_02;TABLE_MEMBER_MISSING,NOT_SELECTED_BY_DETERMINISTIC_DIVERSITY_TIE_BREAK
LMT,Industrials,false,true,true,true,true,2000-03-31,2023-12-15,1240,1238,T1-B1-S1-I1,PASS_REQUIRED_WINDOWS,0,0,0,true,false,246,TEXT_CONTENT_INTEGRITY_NOT_AUDITED_M2_02,NOT_SELECTED_BY_DETERMINISTIC_DIVERSITY_TIE_BREAK
LNC,Financial Services,false,true,true,true,true,2000-03-31,2023-12-15,1240,1238,T1-B1-S1-I1,PASS_REQUIRED_WINDOWS,0,0,0,true,false,2782,TEXT_CONTENT_INTEGRITY_NOT_AUDITED_M2_02,NOT_SELECTED_BY_DETERMINISTIC_DIVERSITY_TIE_BREAK
LND,Consumer Defensive,false,true,true,true,true,2012-08-10,2023-12-15,595,593,T1-B1-S1-I1,PASS_REQUIRED_WINDOWS,0,0,0,true,false,2959,TEXT_CONTENT_INTEGRITY_NOT_AUDITED_M2_02,NOT_SELECTED_BY_DETERMINISTIC_DIVERSITY_TIE_BREAK
LNG,Energy,false,true,true,true,true,2000-03-31,2023-12-15,1240,1238,T1-B1-S1-I1,PASS_REQUIRED_WINDOWS,0,0,0,true,false,2465,TEXT_CONTENT_INTEGRITY_NOT_AUDITED_M2_02,NOT_SELECTED_BY_DETERMINISTIC_DIVERSITY_TIE_BREAK
LNN,Industrials,false,true,true,true,true,2000-03-31,2023-12-15,1240,1238,T1-B1-S1-I1,PASS_REQUIRED_WINDOWS,0,0,0,true,false,1681,TEXT_CONTENT_INTEGRITY_NOT_AUDITED_M2_02,NOT_SELECTED_BY_DETERMINISTIC_DIVERSITY_TIE_BREAK
LNT,Utilities,false,true,true,true,true,2000-03-31,2023-12-15,1240,1238,T1-B1-S1-I1,PASS_REQUIRED_WINDOWS,0,0,0,true,false,2559,TEXT_CONTENT_INTEGRITY_NOT_AUDITED_M2_02,NOT_SELECTED_BY_DETERMINISTIC_DIVERSITY_TIE_BREAK
LNTH,Healthcare,false,true,true,true,true,2015-09-25,2023-12-15,432,430,T1-B1-S1-I1,PASS_REQUIRED_WINDOWS,0,0,0,true,false,294,TEXT_CONTENT_INTEGRITY_NOT_AUDITED_M2_02,NOT_SELECTED_BY_DETERMINISTIC_DIVERSITY_TIE_BREAK
LOAN,Real Estate,false,true,true,true,true,2000-03-31,2023-12-15,1240,1238,T1-B1-S1-I1,PASS_REQUIRED_WINDOWS,0,0,0,true,false,1025,TEXT_CONTENT_INTEGRITY_NOT_AUDITED_M2_02,NOT_SELECTED_BY_DETERMINISTIC_DIVERSITY_TIE_BREAK
LOCO,Consumer Cyclical,false,true,true,true,true,2014-10-24,2023-12-15,480,478,T1-B1-S1-I1,PASS_REQUIRED_WINDOWS,0,0,0,true,false,850,TEXT_CONTENT_INTEGRITY_NOT_AUDITED_M2_02,NOT_SELECTED_BY_DETERMINISTIC_DIVERSITY_TIE_BREAK
LOGI,Technology,false,true,true,true,true,2000-03-31,2023-12-15,1240,1238,T1-B1-S1-I1,PASS_REQUIRED_WINDOWS,0,0,0,true,false,1177,TEXT_CONTENT_INTEGRITY_NOT_AUDITED_M2_02,NOT_SELECTED_BY_DETERMINISTIC_DIVERSITY_TIE_BREAK
LOMA,Basic Materials,false,true,true,true,true,2018-02-02,2023-12-15,309,307,T1-B1-S1-I1,PASS_REQUIRED_WINDOWS,0,0,0,true,false,136,TEXT_CONTENT_INTEGRITY_NOT_AUDITED_M2_02,NOT_SELECTED_BY_DETERMINISTIC_DIVERSITY_TIE_BREAK
LOOP,Basic Materials,false,true,true,true,true,2018-02-16,2023-12-15,307,305,T1-B1-S1-I1,PASS_REQUIRED_WINDOWS,0,0,0,true,false,2934,TEXT_CONTENT_INTEGRITY_NOT_AUDITED_M2_02,NOT_SELECTED_BY_DETERMINISTIC_DIVERSITY_TIE_BREAK
LOPE,Consumer Defensive,false,true,true,true,true,2009-02-20,2023-12-15,776,774,T1-B1-S1-I1,PASS_REQUIRED_WINDOWS,0,0,0,true,false,2879,TEXT_CONTENT_INTEGRITY_NOT_AUDITED_M2_02,NOT_SELECTED_BY_DETERMINISTIC_DIVERSITY_TIE_BREAK
LOVE,Consumer Cyclical,false,true,true,true,true,2018-09-21,2023-12-15,276,274,T1-B1-S1-I1,PASS_REQUIRED_WINDOWS,0,0,0,true,false,1954,TEXT_CONTENT_INTEGRITY_NOT_AUDITED_M2_02,NOT_SELECTED_BY_DETERMINISTIC_DIVERSITY_TIE_BREAK
LOW,Consumer Cyclical,false,true,true,true,true,2000-03-31,2023-12-15,1240,1238,T1-B1-S1-I1,PASS_REQUIRED_WINDOWS,0,0,0,true,false,322,TEXT_CONTENT_INTEGRITY_NOT_AUDITED_M2_02,NOT_SELECTED_BY_DETERMINISTIC_DIVERSITY_TIE_BREAK
LPCN,Healthcare,false,true,true,true,true,2014-01-17,2023-12-15,520,518,T1-B1-S1-I1,PASS_REQUIRED_WINDOWS,0,0,0,true,false,2092,TEXT_CONTENT_INTEGRITY_NOT_AUDITED_M2_02,NOT_SELECTED_BY_DETERMINISTIC_DIVERSITY_TIE_BREAK
LPG,Energy,false,true,true,true,true,2014-08-08,2023-12-15,491,489,T1-B1-S1-I1,PASS_REQUIRED_WINDOWS,0,0,0,true,false,443,TEXT_CONTENT_INTEGRITY_NOT_AUDITED_M2_02,NOT_SELECTED_BY_DETERMINISTIC_DIVERSITY_TIE_BREAK
LPL,Technology,false,true,true,true,true,2004-10-15,2023-12-15,1003,1001,T1-B1-S1-I1,PASS_REQUIRED_WINDOWS,0,0,0,true,false,965,TEXT_CONTENT_INTEGRITY_NOT_AUDITED_M2_02,NOT_SELECTED_BY_DETERMINISTIC_DIVERSITY_TIE_BREAK
LPLA,Financial Services,false,true,true,true,true,2011-02-18,2023-12-15,672,670,T1-B1-S1-I1,PASS_REQUIRED_WINDOWS,0,0,0,true,false,2208,TEXT_CONTENT_INTEGRITY_NOT_AUDITED_M2_02,NOT_SELECTED_BY_DETERMINISTIC_DIVERSITY_TIE_BREAK
LPSN,Technology,false,true,true,true,true,2000-07-07,2023-12-15,1226,1224,T1-B1-S1-I1,PASS_REQUIRED_WINDOWS,0,0,0,true,false,175,TEXT_CONTENT_INTEGRITY_NOT_AUDITED_M2_02,NOT_SELECTED_BY_DETERMINISTIC_DIVERSITY_TIE_BREAK
LPTH,Technology,false,true,true,true,true,2000-03-31,2023-12-15,1240,1238,T1-B1-S1-I1,PASS_REQUIRED_WINDOWS,0,0,0,true,false,2594,TEXT_CONTENT_INTEGRITY_NOT_AUDITED_M2_02,NOT_SELECTED_BY_DETERMINISTIC_DIVERSITY_TIE_BREAK
LPTX,Healthcare,false,true,true,true,true,2017-04-21,2023-12-15,350,348,T1-B1-S1-I1,PASS_REQUIRED_WINDOWS,0,0,0,true,false,2049,TEXT_CONTENT_INTEGRITY_NOT_AUDITED_M2_02,NOT_SELECTED_BY_DETERMINISTIC_DIVERSITY_TIE_BREAK
LPX,Industrials,false,true,true,true,true,2000-03-31,2023-12-15,1240,1238,T1-B1-S1-I1,PASS_REQUIRED_WINDOWS,0,0,0,true,false,601,TEXT_CONTENT_INTEGRITY_NOT_AUDITED_M2_02,NOT_SELECTED_BY_DETERMINISTIC_DIVERSITY_TIE_BREAK
LQD,N/A,false,true,false,true,true,,,0,0,T1-B0-S1-I1,INVALID_HEADER,0,0,0,false,false,,TEXT_CONTENT_INTEGRITY_NOT_AUDITED_M2_02;TABLE_MEMBER_MISSING,INCOMPLETE_STRUCTURALLY_VALID_REQUIRED_WINDOWS
LQDA,Healthcare,false,true,true,true,true,2018-10-19,2023-12-15,272,270,T1-B1-S1-I1,PASS_REQUIRED_WINDOWS,0,0,0,true,false,1878,TEXT_CONTENT_INTEGRITY_NOT_AUDITED_M2_02,NOT_SELECTED_BY_DETERMINISTIC_DIVERSITY_TIE_BREAK
LQDH,N/A,false,true,false,true,true,,,0,0,T1-B0-S1-I1,INVALID_HEADER,0,0,0,false,false,,TEXT_CONTENT_INTEGRITY_NOT_AUDITED_M2_02;TABLE_MEMBER_MISSING,INCOMPLETE_STRUCTURALLY_VALID_REQUIRED_WINDOWS
LRCX,Technology,false,true,true,true,true,2000-03-31,2023-12-15,1240,1238,T1-B1-S1-I1,PASS_REQUIRED_WINDOWS,0,0,0,true,false,746,TEXT_CONTENT_INTEGRITY_NOT_AUDITED_M2_02,NOT_SELECTED_BY_DETERMINISTIC_DIVERSITY_TIE_BREAK
LRMR,Healthcare,false,true,true,true,true,2014-09-19,2023-12-15,485,483,T1-B1-S1-I1,PASS_REQUIRED_WINDOWS,0,0,0,true,false,423,TEXT_CONTENT_INTEGRITY_NOT_AUDITED_M2_02,NOT_SELECTED_BY_DETERMINISTIC_DIVERSITY_TIE_BREAK
LRN,Consumer Defensive,false,true,true,true,true,2008-03-14,2023-12-15,825,823,T1-B1-S1-I1,PASS_REQUIRED_WINDOWS,0,0,0,true,false,2583,TEXT_CONTENT_INTEGRITY_NOT_AUDITED_M2_02,NOT_SELECTED_BY_DETERMINISTIC_DIVERSITY_TIE_BREAK
LSBK,Financial Services,false,true,true,true,true,2006-06-30,2023-12-15,914,912,T1-B1-S1-I1,PASS_REQUIRED_WINDOWS,0,0,0,true,false,1182,TEXT_CONTENT_INTEGRITY_NOT_AUDITED_M2_02,NOT_SELECTED_BY_DETERMINISTIC_DIVERSITY_TIE_BREAK
LSCC,Technology,false,true,true,true,true,2000-03-31,2023-12-15,1240,1238,T1-B1-S1-I1,PASS_REQUIRED_WINDOWS,0,0,0,true,false,939,TEXT_CONTENT_INTEGRITY_NOT_AUDITED_M2_02,NOT_SELECTED_BY_DETERMINISTIC_DIVERSITY_TIE_BREAK
LSTR,Industrials,false,true,true,true,true,2000-03-31,2023-12-15,1240,1238,T1-B1-S1-I1,PASS_REQUIRED_WINDOWS,0,0,0,true,false,2646,TEXT_CONTENT_INTEGRITY_NOT_AUDITED_M2_02,NOT_SELECTED_BY_DETERMINISTIC_DIVERSITY_TIE_BREAK
LTBR,Industrials,false,true,true,true,true,2005-04-01,2023-12-15,979,977,T1-B1-S1-I1,PASS_REQUIRED_WINDOWS,0,0,0,true,false,2593,TEXT_CONTENT_INTEGRITY_NOT_AUDITED_M2_02,NOT_SELECTED_BY_DETERMINISTIC_DIVERSITY_TIE_BREAK
LTC,Real Estate,false,true,true,true,true,2000-03-31,2023-12-15,1240,1238,T1-B1-S1-I1,PASS_REQUIRED_WINDOWS,0,0,0,true,false,1759,TEXT_CONTENT_INTEGRITY_NOT_AUDITED_M2_02,NOT_SELECTED_BY_DETERMINISTIC_DIVERSITY_TIE_BREAK
LTL,N/A,false,true,false,true,true,,,0,0,T1-B0-S1-I1,INVALID_HEADER,0,0,0,false,false,,TEXT_CONTENT_INTEGRITY_NOT_AUDITED_M2_02;TABLE_MEMBER_MISSING,INCOMPLETE_STRUCTURALLY_VALID_REQUIRED_WINDOWS
LTPZ,N/A,false,true,false,true,true,,,0,0,T1-B0-S1-I1,INVALID_HEADER,0,0,0,false,false,,TEXT_CONTENT_INTEGRITY_NOT_AUDITED_M2_02;TABLE_MEMBER_MISSING,INCOMPLETE_STRUCTURALLY_VALID_REQUIRED_WINDOWS
LTRN,Healthcare,false,true,true,true,true,2020-09-04,2023-12-15,174,172,T1-B1-S1-I1,PASS_REQUIRED_WINDOWS,0,0,0,true,false,2120,TEXT_CONTENT_INTEGRITY_NOT_AUDITED_M2_02,NOT_SELECTED_BY_DETERMINISTIC_DIVERSITY_TIE_BREAK
LTRPA,Communication Services,false,false,true,true,true,2014-11-21,2023-12-15,476,474,T0-B1-S1-I1,PASS_REQUIRED_WINDOWS,0,0,0,true,false,624,TEXT_CONTENT_INTEGRITY_NOT_AUDITED_M2_02;TEXT_MEMBER_MISSING,NOT_SELECTED_BY_DETERMINISTIC_DIVERSITY_TIE_BREAK
LTRX,Technology,false,true,true,true,true,2000-11-03,2023-12-15,1209,1207,T1-B1-S1-I1,PASS_REQUIRED_WINDOWS,0,0,0,true,false,723,TEXT_CONTENT_INTEGRITY_NOT_AUDITED_M2_02,NOT_SELECTED_BY_DETERMINISTIC_DIVERSITY_TIE_BREAK
LUNA,Technology,false,true,false,true,true,2006-09-01,2023-12-15,905,903,T1-B0-S1-I1,PASS_REQUIRED_WINDOWS,0,0,0,true,false,1802,TEXT_CONTENT_INTEGRITY_NOT_AUDITED_M2_02;TABLE_MEMBER_MISSING,NOT_SELECTED_BY_DETERMINISTIC_DIVERSITY_TIE_BREAK
LUV,Industrials,false,true,true,true,true,2000-03-31,2023-12-15,1240,1238,T1-B1-S1-I1,PASS_REQUIRED_WINDOWS,0,0,0,true,false,735,TEXT_CONTENT_INTEGRITY_NOT_AUDITED_M2_02,NOT_SELECTED_BY_DETERMINISTIC_DIVERSITY_TIE_BREAK
LVHD,N/A,false,true,false,true,true,,,0,0,T1-B0-S1-I1,INVALID_HEADER,0,0,0,false,false,,TEXT_CONTENT_INTEGRITY_NOT_AUDITED_M2_02;TABLE_MEMBER_MISSING,INCOMPLETE_STRUCTURALLY_VALID_REQUIRED_WINDOWS
LVS,Consumer Cyclical,false,false,true,true,true,2005-03-18,2023-12-15,981,979,T0-B1-S1-I1,PASS_REQUIRED_WINDOWS,0,0,0,true,false,1729,TEXT_CONTENT_INTEGRITY_NOT_AUDITED_M2_02;TEXT_MEMBER_MISSING,NOT_SELECTED_BY_DETERMINISTIC_DIVERSITY_TIE_BREAK
LW,Consumer Defensive,false,true,true,true,true,2017-02-10,2023-12-15,360,358,T1-B1-S1-I1,PASS_REQUIRED_WINDOWS,0,0,0,true,false,549,TEXT_CONTENT_INTEGRITY_NOT_AUDITED_M2_02,NOT_SELECTED_BY_DETERMINISTIC_DIVERSITY_TIE_BREAK
LWAY,Consumer Defensive,false,true,true,true,true,2000-03-31,2023-12-15,1240,1238,T1-B1-S1-I1,PASS_REQUIRED_WINDOWS,0,0,0,true,false,32,TEXT_CONTENT_INTEGRITY_NOT_AUDITED_M2_02,NOT_SELECTED_BY_DETERMINISTIC_DIVERSITY_TIE_BREAK
LX,Financial Services,false,true,true,true,true,2018-03-23,2023-12-15,302,300,T1-B1-S1-I1,PASS_REQUIRED_WINDOWS,0,0,0,true,false,109,TEXT_CONTENT_INTEGRITY_NOT_AUDITED_M2_02,NOT_SELECTED_BY_DETERMINISTIC_DIVERSITY_TIE_BREAK
LXP,Real Estate,false,true,true,true,true,2000-03-31,2023-12-15,1240,1238,T1-B1-S1-I1,PASS_REQUIRED_WINDOWS,0,0,0,true,false,765,TEXT_CONTENT_INTEGRITY_NOT_AUDITED_M2_02,NOT_SELECTED_BY_DETERMINISTIC_DIVERSITY_TIE_BREAK
LXU,Basic Materials,false,true,true,true,true,2000-03-31,2023-12-15,1240,1238,T1-B1-S1-I1,PASS_REQUIRED_WINDOWS,0,0,0,true,false,1788,TEXT_CONTENT_INTEGRITY_NOT_AUDITED_M2_02,NOT_SELECTED_BY_DETERMINISTIC_DIVERSITY_TIE_BREAK
LYB,Basic Materials,false,true,true,true,true,2010-07-23,2023-12-15,702,700,T1-B1-S1-I1,PASS_REQUIRED_WINDOWS,0,0,0,true,false,363,TEXT_CONTENT_INTEGRITY_NOT_AUDITED_M2_02,NOT_SELECTED_BY_DETERMINISTIC_DIVERSITY_TIE_BREAK
LYFT,Technology,false,true,true,true,true,2019-06-28,2023-12-15,236,234,T1-B1-S1-I1,PASS_REQUIRED_WINDOWS,0,0,0,true,false,1390,TEXT_CONTENT_INTEGRITY_NOT_AUDITED_M2_02,NOT_SELECTED_BY_DETERMINISTIC_DIVERSITY_TIE_BREAK
LYRA,Healthcare,false,true,true,true,true,2020-07-31,2023-12-15,179,177,T1-B1-S1-I1,PASS_REQUIRED_WINDOWS,0,0,0,true,false,1862,TEXT_CONTENT_INTEGRITY_NOT_AUDITED_M2_02,NOT_SELECTED_BY_DETERMINISTIC_DIVERSITY_TIE_BREAK
LYTS,Technology,false,true,true,true,true,2000-03-31,2023-12-15,1240,1238,T1-B1-S1-I1,PASS_REQUIRED_WINDOWS,0,0,0,true,false,44,TEXT_CONTENT_INTEGRITY_NOT_AUDITED_M2_02,NOT_SELECTED_BY_DETERMINISTIC_DIVERSITY_TIE_BREAK
LYV,Communication Services,false,true,true,true,true,2006-03-24,2023-12-15,928,926,T1-B1-S1-I1,PASS_REQUIRED_WINDOWS,0,0,0,true,false,684,TEXT_CONTENT_INTEGRITY_NOT_AUDITED_M2_02,NOT_SELECTED_BY_DETERMINISTIC_DIVERSITY_TIE_BREAK
LZB,Consumer Cyclical,false,true,true,true,true,2000-03-31,2023-12-15,1240,1238,T1-B1-S1-I1,PASS_REQUIRED_WINDOWS,0,0,0,true,false,583,TEXT_CONTENT_INTEGRITY_NOT_AUDITED_M2_02,NOT_SELECTED_BY_DETERMINISTIC_DIVERSITY_TIE_BREAK
MMS,Industrials,false,true,true,true,true,2000-03-31,2023-12-15,1240,1238,T1-B1-S1-I1,PASS_REQUIRED_WINDOWS,0,0,0,true,false,2921,TEXT_CONTENT_INTEGRITY_NOT_AUDITED_M2_02,NOT_SELECTED_BY_DETERMINISTIC_DIVERSITY_TIE_BREAK
MMSI,Healthcare,false,true,true,true,true,2000-03-31,2023-12-15,1240,1238,T1-B1-S1-I1,PASS_REQUIRED_WINDOWS,0,0,0,true,false,1506,TEXT_CONTENT_INTEGRITY_NOT_AUDITED_M2_02,NOT_SELECTED_BY_DETERMINISTIC_DIVERSITY_TIE_BREAK
MMT,Financial Services,false,true,false,true,true,2000-03-31,2023-12-15,1240,1238,T1-B0-S1-I1,PASS_REQUIRED_WINDOWS,0,0,0,true,false,960,TEXT_CONTENT_INTEGRITY_NOT_AUDITED_M2_02;TABLE_MEMBER_MISSING,NOT_SELECTED_BY_DETERMINISTIC_DIVERSITY_TIE_BREAK
MMTM,N/A,false,true,false,true,true,,,0,0,T1-B0-S1-I1,INVALID_HEADER,0,0,0,false,false,,TEXT_CONTENT_INTEGRITY_NOT_AUDITED_M2_02;TABLE_MEMBER_MISSING,INCOMPLETE_STRUCTURALLY_VALID_REQUIRED_WINDOWS
MMU,Financial Services,false,true,false,true,true,2000-03-31,2023-12-15,1240,1238,T1-B0-S1-I1,PASS_REQUIRED_WINDOWS,0,0,0,true,false,1664,TEXT_CONTENT_INTEGRITY_NOT_AUDITED_M2_02;TABLE_MEMBER_MISSING,NOT_SELECTED_BY_DETERMINISTIC_DIVERSITY_TIE_BREAK
MMYT,Consumer Cyclical,false,true,true,true,true,2010-11-05,2023-12-15,687,685,T1-B1-S1-I1,PASS_REQUIRED_WINDOWS,0,0,0,true,false,2515,TEXT_CONTENT_INTEGRITY_NOT_AUDITED_M2_02,NOT_SELECTED_BY_DETERMINISTIC_DIVERSITY_TIE_BREAK
MNA,N/A,false,true,false,true,true,,,0,0,T1-B0-S1-I1,INVALID_HEADER,0,0,0,false,false,,TEXT_CONTENT_INTEGRITY_NOT_AUDITED_M2_02;TABLE_MEMBER_MISSING,INCOMPLETE_STRUCTURALLY_VALID_REQUIRED_WINDOWS
MNDO,Technology,false,true,true,true,true,2000-11-03,2023-12-15,1209,1207,T1-B1-S1-I1,PASS_REQUIRED_WINDOWS,0,0,0,true,false,943,TEXT_CONTENT_INTEGRITY_NOT_AUDITED_M2_02,NOT_SELECTED_BY_DETERMINISTIC_DIVERSITY_TIE_BREAK
MNKD,Healthcare,false,true,true,true,true,2004-10-22,2023-12-15,1002,1000,T1-B1-S1-I1,PASS_REQUIRED_WINDOWS,0,0,0,true,false,1123,TEXT_CONTENT_INTEGRITY_NOT_AUDITED_M2_02,NOT_SELECTED_BY_DETERMINISTIC_DIVERSITY_TIE_BREAK
MNOV,Healthcare,false,true,true,true,true,2007-03-09,2023-12-15,878,876,T1-B1-S1-I1,PASS_REQUIRED_WINDOWS,0,0,0,true,false,953,TEXT_CONTENT_INTEGRITY_NOT_AUDITED_M2_02,NOT_SELECTED_BY_DETERMINISTIC_DIVERSITY_TIE_BREAK
MNR,Energy,false,true,true,true,true,,,0,0,T1-B1-S1-I1,INCOMPLETE_REQUIRED_WINDOWS,0,0,0,false,false,,TEXT_CONTENT_INTEGRITY_NOT_AUDITED_M2_02,INCOMPLETE_STRUCTURALLY_VALID_REQUIRED_WINDOWS
MNRO,Consumer Cyclical,false,true,true,true,true,2000-03-31,2023-12-15,1240,1238,T1-B1-S1-I1,PASS_REQUIRED_WINDOWS,0,0,0,true,false,1252,TEXT_CONTENT_INTEGRITY_NOT_AUDITED_M2_02,NOT_SELECTED_BY_DETERMINISTIC_DIVERSITY_TIE_BREAK
MNSB,Financial Services,false,true,true,true,true,2005-12-02,2023-12-15,944,942,T1-B1-S1-I1,PASS_REQUIRED_WINDOWS,0,0,0,true,false,2580,TEXT_CONTENT_INTEGRITY_NOT_AUDITED_M2_02,NOT_SELECTED_BY_DETERMINISTIC_DIVERSITY_TIE_BREAK
MNST,Consumer Defensive,false,true,true,true,true,2000-03-31,2023-12-15,1240,1238,T1-B1-S1-I1,PASS_REQUIRED_WINDOWS,0,0,0,true,false,556,TEXT_CONTENT_INTEGRITY_NOT_AUDITED_M2_02,NOT_SELECTED_BY_DETERMINISTIC_DIVERSITY_TIE_BREAK
MOAT,N/A,false,true,false,true,true,,,0,0,T1-B0-S1-I1,INVALID_HEADER,0,0,0,false,false,,TEXT_CONTENT_INTEGRITY_NOT_AUDITED_M2_02;TABLE_MEMBER_MISSING,INCOMPLETE_STRUCTURALLY_VALID_REQUIRED_WINDOWS
MOD,Consumer Cyclical,false,true,true,true,true,2000-03-31,2023-12-15,1240,1238,T1-B1-S1-I1,PASS_REQUIRED_WINDOWS,0,0,0,true,false,425,TEXT_CONTENT_INTEGRITY_NOT_AUDITED_M2_02,NOT_SELECTED_BY_DETERMINISTIC_DIVERSITY_TIE_BREAK
MOFG,Financial Services,false,true,true,true,true,2008-04-25,2023-12-15,819,817,T1-B1-S1-I1,PASS_REQUIRED_WINDOWS,0,0,0,true,false,1749,TEXT_CONTENT_INTEGRITY_NOT_AUDITED_M2_02,NOT_SELECTED_BY_DETERMINISTIC_DIVERSITY_TIE_BREAK
MOG-B,Industrials,false,true,true,true,true,2000-03-31,2023-12-15,1240,1238,T1-B1-S1-I1,PASS_REQUIRED_WINDOWS,0,0,0,true,false,520,TEXT_CONTENT_INTEGRITY_NOT_AUDITED_M2_02,NOT_SELECTED_BY_DETERMINISTIC_DIVERSITY_TIE_BREAK
MOGO,Technology,false,true,true,true,true,2017-08-11,2023-12-15,334,332,T1-B1-S1-I1,PASS_REQUIRED_WINDOWS,0,0,0,true,false,2698,TEXT_CONTENT_INTEGRITY_NOT_AUDITED_M2_02,NOT_SELECTED_BY_DETERMINISTIC_DIVERSITY_TIE_BREAK
MOGU,Consumer Cyclical,false,true,true,true,true,2019-03-08,2023-12-15,252,250,T1-B1-S1-I1,PASS_REQUIRED_WINDOWS,0,0,0,true,false,634,TEXT_CONTENT_INTEGRITY_NOT_AUDITED_M2_02,NOT_SELECTED_BY_DETERMINISTIC_DIVERSITY_TIE_BREAK
MOMO,Communication Services,false,true,true,true,true,2015-03-13,2023-12-15,460,458,T1-B1-S1-I1,PASS_REQUIRED_WINDOWS,0,0,0,true,false,2397,TEXT_CONTENT_INTEGRITY_NOT_AUDITED_M2_02,NOT_SELECTED_BY_DETERMINISTIC_DIVERSITY_TIE_BREAK
MOO,N/A,false,true,false,true,true,,,0,0,T1-B0-S1-I1,INVALID_HEADER,0,0,0,false,false,,TEXT_CONTENT_INTEGRITY_NOT_AUDITED_M2_02;TABLE_MEMBER_MISSING,INCOMPLETE_STRUCTURALLY_VALID_REQUIRED_WINDOWS
MORN,Financial Services,false,true,true,true,true,2005-07-29,2023-12-15,962,960,T1-B1-S1-I1,PASS_REQUIRED_WINDOWS,0,0,0,true,false,633,TEXT_CONTENT_INTEGRITY_NOT_AUDITED_M2_02,NOT_SELECTED_BY_DETERMINISTIC_DIVERSITY_TIE_BREAK
MORT,N/A,false,true,false,true,true,,,0,0,T1-B0-S1-I1,INVALID_HEADER,0,0,0,false,false,,TEXT_CONTENT_INTEGRITY_NOT_AUDITED_M2_02;TABLE_MEMBER_MISSING,INCOMPLETE_STRUCTURALLY_VALID_REQUIRED_WINDOWS
MOS,Basic Materials,false,true,true,true,true,2000-03-31,2023-12-15,1240,1238,T1-B1-S1-I1,PASS_REQUIRED_WINDOWS,0,0,0,true,false,2914,TEXT_CONTENT_INTEGRITY_NOT_AUDITED_M2_02,NOT_SELECTED_BY_DETERMINISTIC_DIVERSITY_TIE_BREAK
MOTI,N/A,false,true,false,true,true,,,0,0,T1-B0-S1-I1,INVALID_HEADER,0,0,0,false,false,,TEXT_CONTENT_INTEGRITY_NOT_AUDITED_M2_02;TABLE_MEMBER_MISSING,INCOMPLETE_STRUCTURALLY_VALID_REQUIRED_WINDOWS
MOTO,N/A,false,true,false,true,true,,,0,0,T1-B0-S1-I1,INVALID_HEADER,0,0,0,false,false,,TEXT_CONTENT_INTEGRITY_NOT_AUDITED_M2_02;TABLE_MEMBER_MISSING,INCOMPLETE_STRUCTURALLY_VALID_REQUIRED_WINDOWS
MOTS,Healthcare,false,true,false,true,true,2018-05-11,2023-12-15,295,293,T1-B0-S1-I1,PASS_REQUIRED_WINDOWS,0,0,0,true,false,2112,TEXT_CONTENT_INTEGRITY_NOT_AUDITED_M2_02;TABLE_MEMBER_MISSING,NOT_SELECTED_BY_DETERMINISTIC_DIVERSITY_TIE_BREAK
MOV,Consumer Cyclical,false,true,true,true,true,2000-03-31,2023-12-15,1240,1238,T1-B1-S1-I1,PASS_REQUIRED_WINDOWS,0,0,0,true,false,636,TEXT_CONTENT_INTEGRITY_NOT_AUDITED_M2_02,NOT_SELECTED_BY_DETERMINISTIC_DIVERSITY_TIE_BREAK
MPAA,Consumer Cyclical,false,true,true,true,true,2000-03-31,2023-12-15,1240,1238,T1-B1-S1-I1,PASS_REQUIRED_WINDOWS,0,0,0,true,false,2517,TEXT_CONTENT_INTEGRITY_NOT_AUDITED_M2_02,NOT_SELECTED_BY_DETERMINISTIC_DIVERSITY_TIE_BREAK
MPB,Financial Services,false,true,true,true,true,2000-03-31,2023-12-15,1240,1238,T1-B1-S1-I1,PASS_REQUIRED_WINDOWS,0,0,0,true,false,1997,TEXT_CONTENT_INTEGRITY_NOT_AUDITED_M2_02,NOT_SELECTED_BY_DETERMINISTIC_DIVERSITY_TIE_BREAK
MPLX,Energy,false,true,true,true,true,2013-02-01,2023-12-15,570,568,T1-B1-S1-I1,PASS_REQUIRED_WINDOWS,0,0,0,true,false,1678,TEXT_CONTENT_INTEGRITY_NOT_AUDITED_M2_02,NOT_SELECTED_BY_DETERMINISTIC_DIVERSITY_TIE_BREAK
MPV,Financial Services,false,true,false,true,true,2000-03-31,2023-12-15,1240,1238,T1-B0-S1-I1,PASS_REQUIRED_WINDOWS,0,0,0,true,false,1255,TEXT_CONTENT_INTEGRITY_NOT_AUDITED_M2_02;TABLE_MEMBER_MISSING,NOT_SELECTED_BY_DETERMINISTIC_DIVERSITY_TIE_BREAK
MPW,Real Estate,false,true,true,true,true,2005-10-07,2023-12-15,952,950,T1-B1-S1-I1,PASS_REQUIRED_WINDOWS,0,0,0,true,false,1904,TEXT_CONTENT_INTEGRITY_NOT_AUDITED_M2_02,NOT_SELECTED_BY_DETERMINISTIC_DIVERSITY_TIE_BREAK
MPWR,Technology,false,true,true,true,true,2005-02-18,2023-12-15,985,983,T1-B1-S1-I1,PASS_REQUIRED_WINDOWS,0,0,0,true,false,21,TEXT_CONTENT_INTEGRITY_NOT_AUDITED_M2_02,NOT_SELECTED_BY_DETERMINISTIC_DIVERSITY_TIE_BREAK
MQT,Financial Services,false,true,false,true,true,2000-03-31,2023-12-15,1240,1238,T1-B0-S1-I1,PASS_REQUIRED_WINDOWS,0,0,0,true,false,2059,TEXT_CONTENT_INTEGRITY_NOT_AUDITED_M2_02;TABLE_MEMBER_MISSING,NOT_SELECTED_BY_DETERMINISTIC_DIVERSITY_TIE_BREAK
MQY,Financial Services,false,true,false,true,true,2000-03-31,2023-12-15,1240,1238,T1-B0-S1-I1,PASS_REQUIRED_WINDOWS,0,0,0,true,false,1543,TEXT_CONTENT_INTEGRITY_NOT_AUDITED_M2_02;TABLE_MEMBER_MISSING,NOT_SELECTED_BY_DETERMINISTIC_DIVERSITY_TIE_BREAK
MRAM,Technology,false,true,true,true,true,2017-01-06,2023-12-15,365,363,T1-B1-S1-I1,PASS_REQUIRED_WINDOWS,0,0,0,true,false,1398,TEXT_CONTENT_INTEGRITY_NOT_AUDITED_M2_02,NOT_SELECTED_BY_DETERMINISTIC_DIVERSITY_TIE_BREAK
MRBK,Financial Services,false,true,true,true,true,2018-02-09,2023-12-15,308,306,T1-B1-S1-I1,PASS_REQUIRED_WINDOWS,0,0,0,true,false,1199,TEXT_CONTENT_INTEGRITY_NOT_AUDITED_M2_02,NOT_SELECTED_BY_DETERMINISTIC_DIVERSITY_TIE_BREAK
MRCC,Financial Services,false,true,true,true,true,2013-01-25,2023-12-15,571,569,T1-B1-S1-I1,PASS_REQUIRED_WINDOWS,0,0,0,true,false,625,TEXT_CONTENT_INTEGRITY_NOT_AUDITED_M2_02,NOT_SELECTED_BY_DETERMINISTIC_DIVERSITY_TIE_BREAK
MRCY,Industrials,false,true,true,true,true,2000-03-31,2023-12-15,1240,1238,T1-B1-S1-I1,PASS_REQUIRED_WINDOWS,0,0,0,true,false,2491,TEXT_CONTENT_INTEGRITY_NOT_AUDITED_M2_02,NOT_SELECTED_BY_DETERMINISTIC_DIVERSITY_TIE_BREAK
MREO,Healthcare,false,true,true,true,true,2019-07-19,2023-12-15,233,231,T1-B1-S1-I1,PASS_REQUIRED_WINDOWS,0,0,0,true,false,1473,TEXT_CONTENT_INTEGRITY_NOT_AUDITED_M2_02,NOT_SELECTED_BY_DETERMINISTIC_DIVERSITY_TIE_BREAK
MRGR,N/A,false,true,false,true,true,,,0,0,T1-B0-S1-I1,INVALID_HEADER,0,0,0,false,false,,TEXT_CONTENT_INTEGRITY_NOT_AUDITED_M2_02;TABLE_MEMBER_MISSING,INCOMPLETE_STRUCTURALLY_VALID_REQUIRED_WINDOWS
MRK,Healthcare,false,true,true,true,true,2000-03-31,2023-12-15,1240,1238,T1-B1-S1-I1,PASS_REQUIRED_WINDOWS,0,0,0,true,false,2484,TEXT_CONTENT_INTEGRITY_NOT_AUDITED_M2_02,NOT_SELECTED_BY_DETERMINISTIC_DIVERSITY_TIE_BREAK
MRKR,Healthcare,false,true,true,true,true,2002-10-11,2023-12-15,1108,1106,T1-B1-S1-I1,PASS_REQUIRED_WINDOWS,0,0,0,true,false,1835,TEXT_CONTENT_INTEGRITY_NOT_AUDITED_M2_02,NOT_SELECTED_BY_DETERMINISTIC_DIVERSITY_TIE_BREAK
MRSK,N/A,false,true,false,true,true,,,0,0,T1-B0-S1-I1,INVALID_HEADER,0,0,0,false,false,,TEXT_CONTENT_INTEGRITY_NOT_AUDITED_M2_02;TABLE_MEMBER_MISSING,INCOMPLETE_STRUCTURALLY_VALID_REQUIRED_WINDOWS
MRUS,Healthcare,false,true,true,true,true,2016-08-19,2023-12-15,385,383,T1-B1-S1-I1,PASS_REQUIRED_WINDOWS,0,0,0,true,false,2314,TEXT_CONTENT_INTEGRITY_NOT_AUDITED_M2_02,NOT_SELECTED_BY_DETERMINISTIC_DIVERSITY_TIE_BREAK
MRVL,Technology,false,true,true,true,true,2000-09-29,2023-12-15,1214,1212,T1-B1-S1-I1,PASS_REQUIRED_WINDOWS,0,0,0,true,false,484,TEXT_CONTENT_INTEGRITY_NOT_AUDITED_M2_02,NOT_SELECTED_BY_DETERMINISTIC_DIVERSITY_TIE_BREAK
MS,Financial Services,false,true,true,true,true,2000-03-31,2023-12-15,1240,1238,T1-B1-S1-I1,PASS_REQUIRED_WINDOWS,0,0,0,true,false,1035,TEXT_CONTENT_INTEGRITY_NOT_AUDITED_M2_02,NOT_SELECTED_BY_DETERMINISTIC_DIVERSITY_TIE_BREAK
MSB,Basic Materials,false,true,true,true,true,2000-03-31,2023-12-15,1240,1238,T1-B1-S1-I1,PASS_REQUIRED_WINDOWS,0,0,0,true,false,1130,TEXT_CONTENT_INTEGRITY_NOT_AUDITED_M2_02,NOT_SELECTED_BY_DETERMINISTIC_DIVERSITY_TIE_BREAK
MSBI,Financial Services,false,true,true,true,true,2016-08-19,2023-12-15,385,383,T1-B1-S1-I1,PASS_REQUIRED_WINDOWS,0,0,0,true,false,842,TEXT_CONTENT_INTEGRITY_NOT_AUDITED_M2_02,NOT_SELECTED_BY_DETERMINISTIC_DIVERSITY_TIE_BREAK
MSC,Consumer Cyclical,false,true,true,true,true,2019-01-18,2023-12-15,259,257,T1-B1-S1-I1,PASS_REQUIRED_WINDOWS,0,0,0,true,false,2797,TEXT_CONTENT_INTEGRITY_NOT_AUDITED_M2_02,NOT_SELECTED_BY_DETERMINISTIC_DIVERSITY_TIE_BREAK
MSCI,Financial Services,false,true,true,true,true,2008-02-15,2023-12-15,829,827,T1-B1-S1-I1,PASS_REQUIRED_WINDOWS,0,0,0,true,false,1458,TEXT_CONTENT_INTEGRITY_NOT_AUDITED_M2_02,NOT_SELECTED_BY_DETERMINISTIC_DIVERSITY_TIE_BREAK
MSD,Financial Services,false,true,false,true,true,2000-03-31,2023-12-15,1240,1238,T1-B0-S1-I1,PASS_REQUIRED_WINDOWS,0,0,0,true,false,2235,TEXT_CONTENT_INTEGRITY_NOT_AUDITED_M2_02;TABLE_MEMBER_MISSING,NOT_SELECTED_BY_DETERMINISTIC_DIVERSITY_TIE_BREAK
MSEX,Utilities,false,true,true,true,true,2000-03-31,2023-12-15,1240,1238,T1-B1-S1-I1,PASS_REQUIRED_WINDOWS,0,0,0,true,false,2936,TEXT_CONTENT_INTEGRITY_NOT_AUDITED_M2_02,NOT_SELECTED_BY_DETERMINISTIC_DIVERSITY_TIE_BREAK
MSFT,Technology,false,true,true,true,true,2000-03-31,2023-12-15,1240,1238,T1-B1-S1-I1,PASS_REQUIRED_WINDOWS,0,0,0,true,false,2222,TEXT_CONTENT_INTEGRITY_NOT_AUDITED_M2_02,NOT_SELECTED_BY_DETERMINISTIC_DIVERSITY_TIE_BREAK
MSGS,Communication Services,false,true,true,true,true,2015-12-11,2023-12-15,421,419,T1-B1-S1-I1,PASS_REQUIRED_WINDOWS,0,0,0,true,false,1209,TEXT_CONTENT_INTEGRITY_NOT_AUDITED_M2_02,NOT_SELECTED_BY_DETERMINISTIC_DIVERSITY_TIE_BREAK
MSI,Technology,false,true,true,true,true,2000-03-31,2023-12-15,1240,1238,T1-B1-S1-I1,PASS_REQUIRED_WINDOWS,0,0,0,true,false,1168,TEXT_CONTENT_INTEGRITY_NOT_AUDITED_M2_02,NOT_SELECTED_BY_DETERMINISTIC_DIVERSITY_TIE_BREAK
MSM,Industrials,false,true,true,true,true,2000-03-31,2023-12-15,1240,1238,T1-B1-S1-I1,PASS_REQUIRED_WINDOWS,0,0,0,true,false,1205,TEXT_CONTENT_INTEGRITY_NOT_AUDITED_M2_02,NOT_SELECTED_BY_DETERMINISTIC_DIVERSITY_TIE_BREAK
MSN,Technology,false,true,true,true,true,2000-03-31,2023-12-15,1240,1238,T1-B1-S1-I1,PASS_REQUIRED_WINDOWS,0,0,0,true,false,2224,TEXT_CONTENT_INTEGRITY_NOT_AUDITED_M2_02,NOT_SELECTED_BY_DETERMINISTIC_DIVERSITY_TIE_BREAK
MSTR,Technology,false,true,true,true,true,2000-03-31,2023-12-15,1240,1238,T1-B1-S1-I1,PASS_REQUIRED_WINDOWS,0,0,0,true,false,2754,TEXT_CONTENT_INTEGRITY_NOT_AUDITED_M2_02,NOT_SELECTED_BY_DETERMINISTIC_DIVERSITY_TIE_BREAK
MT,Basic Materials,false,true,true,true,true,2000-03-31,2023-12-15,1240,1238,T1-B1-S1-I1,PASS_REQUIRED_WINDOWS,0,0,0,true,false,174,TEXT_CONTENT_INTEGRITY_NOT_AUDITED_M2_02,NOT_SELECTED_BY_DETERMINISTIC_DIVERSITY_TIE_BREAK
MTA,Basic Materials,false,true,true,true,true,2010-03-19,2023-12-15,720,718,T1-B1-S1-I1,PASS_REQUIRED_WINDOWS,0,0,0,true,false,643,TEXT_CONTENT_INTEGRITY_NOT_AUDITED_M2_02,NOT_SELECTED_BY_DETERMINISTIC_DIVERSITY_TIE_BREAK
MTB,Financial Services,false,true,true,true,true,2000-03-31,2023-12-15,1240,1238,T1-B1-S1-I1,PASS_REQUIRED_WINDOWS,0,0,0,true,false,760,TEXT_CONTENT_INTEGRITY_NOT_AUDITED_M2_02,NOT_SELECTED_BY_DETERMINISTIC_DIVERSITY_TIE_BREAK
MTC,Technology,false,true,true,true,true,2019-04-05,2023-12-15,248,246,T1-B1-S1-I1,PASS_REQUIRED_WINDOWS,0,0,0,true,false,2417,TEXT_CONTENT_INTEGRITY_NOT_AUDITED_M2_02,NOT_SELECTED_BY_DETERMINISTIC_DIVERSITY_TIE_BREAK
MTCH,Communication Services,false,true,true,true,true,2000-03-31,2023-12-15,1240,1238,T1-B1-S1-I1,PASS_REQUIRED_WINDOWS,0,0,0,true,false,944,TEXT_CONTENT_INTEGRITY_NOT_AUDITED_M2_02,NOT_SELECTED_BY_DETERMINISTIC_DIVERSITY_TIE_BREAK
MTD,Healthcare,false,true,true,true,true,2000-03-31,2023-12-15,1240,1238,T1-B1-S1-I1,PASS_REQUIRED_WINDOWS,0,0,0,true,false,1944,TEXT_CONTENT_INTEGRITY_NOT_AUDITED_M2_02,NOT_SELECTED_BY_DETERMINISTIC_DIVERSITY_TIE_BREAK
MTDR,Energy,false,true,true,true,true,2012-05-04,2023-12-15,609,607,T1-B1-S1-I1,PASS_REQUIRED_WINDOWS,0,0,0,true,false,1640,TEXT_CONTENT_INTEGRITY_NOT_AUDITED_M2_02,NOT_SELECTED_BY_DETERMINISTIC_DIVERSITY_TIE_BREAK
MTEM,Healthcare,false,true,false,true,true,2005-05-06,2023-12-15,974,972,T1-B0-S1-I1,PASS_REQUIRED_WINDOWS,0,0,0,true,false,2436,TEXT_CONTENT_INTEGRITY_NOT_AUDITED_M2_02;TABLE_MEMBER_MISSING,NOT_SELECTED_BY_DETERMINISTIC_DIVERSITY_TIE_BREAK
MTEX,Consumer Defensive,false,true,true,true,true,2000-03-31,2023-12-15,1240,1238,T1-B1-S1-I1,PASS_REQUIRED_WINDOWS,0,0,0,true,false,696,TEXT_CONTENT_INTEGRITY_NOT_AUDITED_M2_02,NOT_SELECTED_BY_DETERMINISTIC_DIVERSITY_TIE_BREAK
MTG,Financial Services,false,true,true,true,true,2000-03-31,2023-12-15,1240,1238,T1-B1-S1-I1,PASS_REQUIRED_WINDOWS,0,0,0,true,false,2365,TEXT_CONTENT_INTEGRITY_NOT_AUDITED_M2_02,NOT_SELECTED_BY_DETERMINISTIC_DIVERSITY_TIE_BREAK
MTH,Consumer Cyclical,false,true,true,true,true,2000-03-31,2023-12-15,1240,1238,T1-B1-S1-I1,PASS_REQUIRED_WINDOWS,0,0,0,true,false,2468,TEXT_CONTENT_INTEGRITY_NOT_AUDITED_M2_02,NOT_SELECTED_BY_DETERMINISTIC_DIVERSITY_TIE_BREAK
MTLS,Technology,false,true,true,true,true,2014-09-19,2023-12-15,485,483,T1-B1-S1-I1,PASS_REQUIRED_WINDOWS,0,0,0,true,false,2213,TEXT_CONTENT_INTEGRITY_NOT_AUDITED_M2_02,NOT_SELECTED_BY_DETERMINISTIC_DIVERSITY_TIE_BREAK
MTN,Consumer Cyclical,false,true,true,true,true,2000-03-31,2023-12-15,1240,1238,T1-B1-S1-I1,PASS_REQUIRED_WINDOWS,0,0,0,true,false,340,TEXT_CONTENT_INTEGRITY_NOT_AUDITED_M2_02,NOT_SELECTED_BY_DETERMINISTIC_DIVERSITY_TIE_BREAK
MTNB,Healthcare,false,true,true,true,true,2014-10-17,2023-12-15,481,479,T1-B1-S1-I1,PASS_REQUIRED_WINDOWS,0,0,0,true,false,2084,TEXT_CONTENT_INTEGRITY_NOT_AUDITED_M2_02,NOT_SELECTED_BY_DETERMINISTIC_DIVERSITY_TIE_BREAK
MTR,Energy,false,true,false,true,true,2000-03-31,2023-12-15,1240,1238,T1-B0-S1-I1,PASS_REQUIRED_WINDOWS,0,0,0,true,false,436,TEXT_CONTENT_INTEGRITY_NOT_AUDITED_M2_02;TABLE_MEMBER_MISSING,NOT_SELECTED_BY_DETERMINISTIC_DIVERSITY_TIE_BREAK
MTRN,Basic Materials,false,true,true,true,true,2000-03-31,2023-12-15,1240,1238,T1-B1-S1-I1,PASS_REQUIRED_WINDOWS,0,0,0,true,false,1674,TEXT_CONTENT_INTEGRITY_NOT_AUDITED_M2_02,NOT_SELECTED_BY_DETERMINISTIC_DIVERSITY_TIE_BREAK
MTRX,Industrials,false,true,true,true,true,2000-03-31,2023-12-15,1240,1238,T1-B1-S1-I1,PASS_REQUIRED_WINDOWS,0,0,0,true,false,334,TEXT_CONTENT_INTEGRITY_NOT_AUDITED_M2_02,NOT_SELECTED_BY_DETERMINISTIC_DIVERSITY_TIE_BREAK
MTSI,Technology,false,true,true,true,true,2012-06-15,2023-12-15,603,601,T1-B1-S1-I1,PASS_REQUIRED_WINDOWS,0,0,0,true,false,195,TEXT_CONTENT_INTEGRITY_NOT_AUDITED_M2_02,NOT_SELECTED_BY_DETERMINISTIC_DIVERSITY_TIE_BREAK
MTUM,N/A,false,true,false,true,true,,,0,0,T1-B0-S1-I1,INVALID_HEADER,0,0,0,false,false,,TEXT_CONTENT_INTEGRITY_NOT_AUDITED_M2_02;TABLE_MEMBER_MISSING,INCOMPLETE_STRUCTURALLY_VALID_REQUIRED_WINDOWS
MTX,Basic Materials,false,true,true,true,true,2000-03-31,2023-12-15,1240,1238,T1-B1-S1-I1,PASS_REQUIRED_WINDOWS,0,0,0,true,false,2864,TEXT_CONTENT_INTEGRITY_NOT_AUDITED_M2_02,NOT_SELECTED_BY_DETERMINISTIC_DIVERSITY_TIE_BREAK
MTZ,Industrials,false,true,true,true,true,2000-03-31,2023-12-15,1240,1238,T1-B1-S1-I1,PASS_REQUIRED_WINDOWS,0,0,0,true,false,2162,TEXT_CONTENT_INTEGRITY_NOT_AUDITED_M2_02,NOT_SELECTED_BY_DETERMINISTIC_DIVERSITY_TIE_BREAK
MU,Technology,false,true,true,true,true,2000-03-31,2023-12-15,1240,1238,T1-B1-S1-I1,PASS_REQUIRED_WINDOWS,0,0,0,true,false,1407,TEXT_CONTENT_INTEGRITY_NOT_AUDITED_M2_02,NOT_SELECTED_BY_DETERMINISTIC_DIVERSITY_TIE_BREAK
MUA,Financial Services,false,true,false,true,true,2000-03-31,2023-12-15,1240,1238,T1-B0-S1-I1,PASS_REQUIRED_WINDOWS,0,0,0,true,false,2865,TEXT_CONTENT_INTEGRITY_NOT_AUDITED_M2_02;TABLE_MEMBER_MISSING,NOT_SELECTED_BY_DETERMINISTIC_DIVERSITY_TIE_BREAK
MUB,N/A,false,true,false,true,true,,,0,0,T1-B0-S1-I1,INVALID_HEADER,0,0,0,false,false,,TEXT_CONTENT_INTEGRITY_NOT_AUDITED_M2_02;TABLE_MEMBER_MISSING,INCOMPLETE_STRUCTURALLY_VALID_REQUIRED_WINDOWS
MUE,Financial Services,false,true,false,true,true,2000-03-31,2023-12-15,1240,1238,T1-B0-S1-I1,PASS_REQUIRED_WINDOWS,0,0,0,true,false,879,TEXT_CONTENT_INTEGRITY_NOT_AUDITED_M2_02;TABLE_MEMBER_MISSING,NOT_SELECTED_BY_DETERMINISTIC_DIVERSITY_TIE_BREAK
MUFG,Financial Services,false,true,true,true,true,2001-06-29,2023-12-15,1175,1173,T1-B1-S1-I1,PASS_REQUIRED_WINDOWS,0,0,0,true,false,2060,TEXT_CONTENT_INTEGRITY_NOT_AUDITED_M2_02,NOT_SELECTED_BY_DETERMINISTIC_DIVERSITY_TIE_BREAK
MUI,Financial Services,false,true,false,true,true,2005-04-29,2023-12-15,787,785,T1-B0-S1-I1,INCOMPLETE_REQUIRED_WINDOWS,1105,0,0,false,false,,TEXT_CONTENT_INTEGRITY_NOT_AUDITED_M2_02;TABLE_MEMBER_MISSING,INCOMPLETE_STRUCTURALLY_VALID_REQUIRED_WINDOWS
MUJ,Financial Services,false,true,false,true,true,2000-03-31,2023-12-15,1240,1238,T1-B0-S1-I1,PASS_REQUIRED_WINDOWS,0,0,0,true,false,1198,TEXT_CONTENT_INTEGRITY_NOT_AUDITED_M2_02;TABLE_MEMBER_MISSING,NOT_SELECTED_BY_DETERMINISTIC_DIVERSITY_TIE_BREAK
MUNI,N/A,false,true,false,true,true,,,0,0,T1-B0-S1-I1,INVALID_HEADER,0,0,0,false,false,,TEXT_CONTENT_INTEGRITY_NOT_AUDITED_M2_02;TABLE_MEMBER_MISSING,INCOMPLETE_STRUCTURALLY_VALID_REQUIRED_WINDOWS
MUSA,Consumer Cyclical,false,true,true,true,true,2013-11-15,2023-12-15,529,527,T1-B1-S1-I1,PASS_REQUIRED_WINDOWS,0,0,0,true,false,2599,TEXT_CONTENT_INTEGRITY_NOT_AUDITED_M2_02,NOT_SELECTED_BY_DETERMINISTIC_DIVERSITY_TIE_BREAK
MUX,Basic Materials,false,true,true,true,true,2000-03-31,2023-12-15,1240,1238,T1-B1-S1-I1,PASS_REQUIRED_WINDOWS,0,0,0,true,false,2536,TEXT_CONTENT_INTEGRITY_NOT_AUDITED_M2_02,NOT_SELECTED_BY_DETERMINISTIC_DIVERSITY_TIE_BREAK
MVBF,Financial Services,false,true,true,true,true,2012-11-02,2023-12-15,583,581,T1-B1-S1-I1,PASS_REQUIRED_WINDOWS,0,0,0,true,false,570,TEXT_CONTENT_INTEGRITY_NOT_AUDITED_M2_02,NOT_SELECTED_BY_DETERMINISTIC_DIVERSITY_TIE_BREAK
MVF,Financial Services,false,true,false,true,true,2000-03-31,2023-12-15,1240,1238,T1-B0-S1-I1,PASS_REQUIRED_WINDOWS,0,0,0,true,false,1694,TEXT_CONTENT_INTEGRITY_NOT_AUDITED_M2_02;TABLE_MEMBER_MISSING,NOT_SELECTED_BY_DETERMINISTIC_DIVERSITY_TIE_BREAK
MVIS,Technology,false,true,true,true,true,2000-03-31,2023-12-15,1240,1238,T1-B1-S1-I1,PASS_REQUIRED_WINDOWS,0,0,0,true,false,2448,TEXT_CONTENT_INTEGRITY_NOT_AUDITED_M2_02,NOT_SELECTED_BY_DETERMINISTIC_DIVERSITY_TIE_BREAK
MVO,Energy,false,true,false,true,true,2007-04-20,2023-12-15,872,870,T1-B0-S1-I1,PASS_REQUIRED_WINDOWS,0,0,0,true,false,1796,TEXT_CONTENT_INTEGRITY_NOT_AUDITED_M2_02;TABLE_MEMBER_MISSING,NOT_SELECTED_BY_DETERMINISTIC_DIVERSITY_TIE_BREAK
MVT,Financial Services,false,true,false,true,true,2000-03-31,2023-12-15,1240,1238,T1-B0-S1-I1,PASS_REQUIRED_WINDOWS,0,0,0,true,false,1618,TEXT_CONTENT_INTEGRITY_NOT_AUDITED_M2_02;TABLE_MEMBER_MISSING,NOT_SELECTED_BY_DETERMINISTIC_DIVERSITY_TIE_BREAK
MVV,N/A,false,true,false,true,true,,,0,0,T1-B0-S1-I1,INVALID_HEADER,0,0,0,false,false,,TEXT_CONTENT_INTEGRITY_NOT_AUDITED_M2_02;TABLE_MEMBER_MISSING,INCOMPLETE_STRUCTURALLY_VALID_REQUIRED_WINDOWS
MWA,Industrials,false,true,true,true,true,2006-08-25,2023-12-15,906,904,T1-B1-S1-I1,PASS_REQUIRED_WINDOWS,0,0,0,true,false,2405,TEXT_CONTENT_INTEGRITY_NOT_AUDITED_M2_02,NOT_SELECTED_BY_DETERMINISTIC_DIVERSITY_TIE_BREAK
MX,Technology,false,true,true,true,true,2011-06-10,2023-12-15,656,654,T1-B1-S1-I1,PASS_REQUIRED_WINDOWS,0,0,0,true,false,166,TEXT_CONTENT_INTEGRITY_NOT_AUDITED_M2_02,NOT_SELECTED_BY_DETERMINISTIC_DIVERSITY_TIE_BREAK
MXC,Energy,false,true,true,true,true,2000-03-31,2023-12-15,1240,1238,T1-B1-S1-I1,PASS_REQUIRED_WINDOWS,0,0,0,true,false,963,TEXT_CONTENT_INTEGRITY_NOT_AUDITED_M2_02,NOT_SELECTED_BY_DETERMINISTIC_DIVERSITY_TIE_BREAK
MXF,Financial Services,false,true,false,true,true,2000-03-31,2023-12-15,1240,1238,T1-B0-S1-I1,PASS_REQUIRED_WINDOWS,0,0,0,true,false,243,TEXT_CONTENT_INTEGRITY_NOT_AUDITED_M2_02;TABLE_MEMBER_MISSING,NOT_SELECTED_BY_DETERMINISTIC_DIVERSITY_TIE_BREAK
MXI,N/A,false,true,false,true,true,,,0,0,T1-B0-S1-I1,INVALID_HEADER,0,0,0,false,false,,TEXT_CONTENT_INTEGRITY_NOT_AUDITED_M2_02;TABLE_MEMBER_MISSING,INCOMPLETE_STRUCTURALLY_VALID_REQUIRED_WINDOWS
MXL,Technology,false,true,true,true,true,2010-06-18,2023-12-15,707,705,T1-B1-S1-I1,PASS_REQUIRED_WINDOWS,0,0,0,true,false,1228,TEXT_CONTENT_INTEGRITY_NOT_AUDITED_M2_02,NOT_SELECTED_BY_DETERMINISTIC_DIVERSITY_TIE_BREAK
MYD,Financial Services,false,true,false,true,true,2000-03-31,2023-12-15,1240,1238,T1-B0-S1-I1,PASS_REQUIRED_WINDOWS,0,0,0,true,false,1717,TEXT_CONTENT_INTEGRITY_NOT_AUDITED_M2_02;TABLE_MEMBER_MISSING,NOT_SELECTED_BY_DETERMINISTIC_DIVERSITY_TIE_BREAK
MYE,Consumer Cyclical,false,true,true,true,true,2000-03-31,2023-12-15,1240,1238,T1-B1-S1-I1,PASS_REQUIRED_WINDOWS,0,0,0,true,false,1961,TEXT_CONTENT_INTEGRITY_NOT_AUDITED_M2_02,NOT_SELECTED_BY_DETERMINISTIC_DIVERSITY_TIE_BREAK
MYFW,Financial Services,false,true,true,true,true,2018-10-12,2023-12-15,273,271,T1-B1-S1-I1,PASS_REQUIRED_WINDOWS,0,0,0,true,false,2585,TEXT_CONTENT_INTEGRITY_NOT_AUDITED_M2_02,NOT_SELECTED_BY_DETERMINISTIC_DIVERSITY_TIE_BREAK
MYGN,Healthcare,false,true,true,true,true,2000-03-31,2023-12-15,1240,1238,T1-B1-S1-I1,PASS_REQUIRED_WINDOWS,0,0,0,true,false,1720,TEXT_CONTENT_INTEGRITY_NOT_AUDITED_M2_02,NOT_SELECTED_BY_DETERMINISTIC_DIVERSITY_TIE_BREAK
MYI,Financial Services,false,true,false,true,true,2000-03-31,2023-12-15,1240,1238,T1-B0-S1-I1,PASS_REQUIRED_WINDOWS,0,0,0,true,false,641,TEXT_CONTENT_INTEGRITY_NOT_AUDITED_M2_02;TABLE_MEMBER_MISSING,NOT_SELECTED_BY_DETERMINISTIC_DIVERSITY_TIE_BREAK
MYN,Financial Services,false,true,false,true,true,2000-03-31,2023-12-15,1240,1238,T1-B0-S1-I1,PASS_REQUIRED_WINDOWS,0,0,0,true,false,231,TEXT_CONTENT_INTEGRITY_NOT_AUDITED_M2_02;TABLE_MEMBER_MISSING,NOT_SELECTED_BY_DETERMINISTIC_DIVERSITY_TIE_BREAK
MYO,Healthcare,false,true,true,true,true,2017-09-08,2023-12-15,330,328,T1-B1-S1-I1,PASS_REQUIRED_WINDOWS,0,0,0,true,false,261,TEXT_CONTENT_INTEGRITY_NOT_AUDITED_M2_02,NOT_SELECTED_BY_DETERMINISTIC_DIVERSITY_TIE_BREAK
MYRG,Industrials,false,true,true,true,true,2008-11-07,2023-12-15,791,789,T1-B1-S1-I1,PASS_REQUIRED_WINDOWS,0,0,0,true,false,714,TEXT_CONTENT_INTEGRITY_NOT_AUDITED_M2_02,NOT_SELECTED_BY_DETERMINISTIC_DIVERSITY_TIE_BREAK
MYSZ,Technology,false,true,true,true,true,2016-11-04,2023-12-15,374,372,T1-B1-S1-I1,PASS_REQUIRED_WINDOWS,0,0,0,true,false,608,TEXT_CONTENT_INTEGRITY_NOT_AUDITED_M2_02,NOT_SELECTED_BY_DETERMINISTIC_DIVERSITY_TIE_BREAK
NAC,Financial Services,false,true,false,true,true,2000-03-31,2023-12-15,1240,1238,T1-B0-S1-I1,PASS_REQUIRED_WINDOWS,0,0,0,true,false,277,TEXT_CONTENT_INTEGRITY_NOT_AUDITED_M2_02;TABLE_MEMBER_MISSING,NOT_SELECTED_BY_DETERMINISTIC_DIVERSITY_TIE_BREAK
NAD,Financial Services,false,true,false,true,true,2000-03-31,2023-12-15,1240,1238,T1-B0-S1-I1,PASS_REQUIRED_WINDOWS,0,0,0,true,false,2791,TEXT_CONTENT_INTEGRITY_NOT_AUDITED_M2_02;TABLE_MEMBER_MISSING,NOT_SELECTED_BY_DETERMINISTIC_DIVERSITY_TIE_BREAK
NAIL,N/A,false,true,false,true,true,,,0,0,T1-B0-S1-I1,INVALID_HEADER,0,0,0,false,false,,TEXT_CONTENT_INTEGRITY_NOT_AUDITED_M2_02;TABLE_MEMBER_MISSING,INCOMPLETE_STRUCTURALLY_VALID_REQUIRED_WINDOWS
NAK,Basic Materials,false,true,true,true,true,2001-10-05,2023-12-15,1083,1081,T1-B1-S1-I1,PASS_REQUIRED_WINDOWS,216,0,0,true,false,2125,TEXT_CONTENT_INTEGRITY_NOT_AUDITED_M2_02,NOT_SELECTED_BY_DETERMINISTIC_DIVERSITY_TIE_BREAK
NANR,N/A,false,true,false,true,true,,,0,0,T1-B0-S1-I1,INVALID_HEADER,0,0,0,false,false,,TEXT_CONTENT_INTEGRITY_NOT_AUDITED_M2_02;TABLE_MEMBER_MISSING,INCOMPLETE_STRUCTURALLY_VALID_REQUIRED_WINDOWS
NAOV,Healthcare,false,true,true,true,true,2015-08-21,2023-12-15,437,435,T1-B1-S1-I1,PASS_REQUIRED_WINDOWS,0,0,0,true,false,1683,TEXT_CONTENT_INTEGRITY_NOT_AUDITED_M2_02,NOT_SELECTED_BY_DETERMINISTIC_DIVERSITY_TIE_BREAK
NAPR,N/A,false,true,false,true,true,,,0,0,T1-B0-S1-I1,INVALID_HEADER,0,0,0,false,false,,TEXT_CONTENT_INTEGRITY_NOT_AUDITED_M2_02;TABLE_MEMBER_MISSING,INCOMPLETE_STRUCTURALLY_VALID_REQUIRED_WINDOWS
NARI,Client Error,false,true,false,true,true,2020-08-21,2023-12-15,176,174,T1-B0-S1-I1,PASS_REQUIRED_WINDOWS,0,0,0,true,false,1798,TEXT_CONTENT_INTEGRITY_NOT_AUDITED_M2_02;TABLE_MEMBER_MISSING,NOT_SELECTED_BY_DETERMINISTIC_DIVERSITY_TIE_BREAK
NAT,Energy,false,true,true,true,true,2000-03-31,2023-12-15,1240,1238,T1-B1-S1-I1,PASS_REQUIRED_WINDOWS,0,0,0,true,false,1207,TEXT_CONTENT_INTEGRITY_NOT_AUDITED_M2_02,NOT_SELECTED_BY_DETERMINISTIC_DIVERSITY_TIE_BREAK
NATH,Consumer Cyclical,false,true,true,true,true,2000-03-31,2023-12-15,1240,1238,T1-B1-S1-I1,PASS_REQUIRED_WINDOWS,0,0,0,true,false,1456,TEXT_CONTENT_INTEGRITY_NOT_AUDITED_M2_02,NOT_SELECTED_BY_DETERMINISTIC_DIVERSITY_TIE_BREAK
NAVI,Financial Services,false,true,true,true,true,2014-07-18,2023-12-15,494,492,T1-B1-S1-I1,PASS_REQUIRED_WINDOWS,0,0,0,true,false,1159,TEXT_CONTENT_INTEGRITY_NOT_AUDITED_M2_02,NOT_SELECTED_BY_DETERMINISTIC_DIVERSITY_TIE_BREAK
NAZ,Financial Services,false,true,false,true,true,2000-03-31,2023-12-15,1240,1238,T1-B0-S1-I1,PASS_REQUIRED_WINDOWS,0,0,0,true,false,206,TEXT_CONTENT_INTEGRITY_NOT_AUDITED_M2_02;TABLE_MEMBER_MISSING,NOT_SELECTED_BY_DETERMINISTIC_DIVERSITY_TIE_BREAK
NBB,Financial Services,false,true,false,true,true,2010-07-23,2023-12-15,702,700,T1-B0-S1-I1,PASS_REQUIRED_WINDOWS,0,0,0,true,false,2875,TEXT_CONTENT_INTEGRITY_NOT_AUDITED_M2_02;TABLE_MEMBER_MISSING,NOT_SELECTED_BY_DETERMINISTIC_DIVERSITY_TIE_BREAK
NBH,Financial Services,false,true,false,true,true,2003-01-17,2023-12-15,1094,1092,T1-B0-S1-I1,PASS_REQUIRED_WINDOWS,0,0,0,true,false,1572,TEXT_CONTENT_INTEGRITY_NOT_AUDITED_M2_02;TABLE_MEMBER_MISSING,NOT_SELECTED_BY_DETERMINISTIC_DIVERSITY_TIE_BREAK
NBIX,Healthcare,false,true,true,true,true,2000-03-31,2023-12-15,1240,1238,T1-B1-S1-I1,PASS_REQUIRED_WINDOWS,0,0,0,true,false,286,TEXT_CONTENT_INTEGRITY_NOT_AUDITED_M2_02,NOT_SELECTED_BY_DETERMINISTIC_DIVERSITY_TIE_BREAK
NBN,Financial Services,false,true,false,true,true,2000-03-31,2023-12-15,1240,1238,T1-B0-S1-I1,PASS_REQUIRED_WINDOWS,0,0,0,true,false,2623,TEXT_CONTENT_INTEGRITY_NOT_AUDITED_M2_02;TABLE_MEMBER_MISSING,NOT_SELECTED_BY_DETERMINISTIC_DIVERSITY_TIE_BREAK
NBTB,Financial Services,false,true,true,true,true,2000-03-31,2023-12-15,1240,1238,T1-B1-S1-I1,PASS_REQUIRED_WINDOWS,0,0,0,true,false,313,TEXT_CONTENT_INTEGRITY_NOT_AUDITED_M2_02,NOT_SELECTED_BY_DETERMINISTIC_DIVERSITY_TIE_BREAK
NBY,Healthcare,false,true,true,true,true,2008-01-25,2023-12-15,832,830,T1-B1-S1-I1,PASS_REQUIRED_WINDOWS,0,0,0,true,false,141,TEXT_CONTENT_INTEGRITY_NOT_AUDITED_M2_02,NOT_SELECTED_BY_DETERMINISTIC_DIVERSITY_TIE_BREAK
NC,Energy,false,true,true,true,true,2000-03-31,2023-12-15,1240,1238,T1-B1-S1-I1,PASS_REQUIRED_WINDOWS,0,0,0,true,false,1434,TEXT_CONTENT_INTEGRITY_NOT_AUDITED_M2_02,NOT_SELECTED_BY_DETERMINISTIC_DIVERSITY_TIE_BREAK
NCA,Financial Services,false,true,false,true,true,2000-03-31,2023-12-15,1240,1238,T1-B0-S1-I1,PASS_REQUIRED_WINDOWS,0,0,0,true,false,1858,TEXT_CONTENT_INTEGRITY_NOT_AUDITED_M2_02;TABLE_MEMBER_MISSING,NOT_SELECTED_BY_DETERMINISTIC_DIVERSITY_TIE_BREAK
NCLH,Consumer Cyclical,false,true,true,true,true,2013-04-19,2023-12-15,559,557,T1-B1-S1-I1,PASS_REQUIRED_WINDOWS,0,0,0,true,false,2179,TEXT_CONTENT_INTEGRITY_NOT_AUDITED_M2_02,NOT_SELECTED_BY_DETERMINISTIC_DIVERSITY_TIE_BREAK
NCNA,Healthcare,false,true,true,true,true,2017-12-22,2023-12-15,315,313,T1-B1-S1-I1,PASS_REQUIRED_WINDOWS,0,0,0,true,false,838,TEXT_CONTENT_INTEGRITY_NOT_AUDITED_M2_02,NOT_SELECTED_BY_DETERMINISTIC_DIVERSITY_TIE_BREAK
NCSM,Energy,false,true,true,true,true,2017-07-28,2023-12-15,336,334,T1-B1-S1-I1,PASS_REQUIRED_WINDOWS,0,0,0,true,false,778,TEXT_CONTENT_INTEGRITY_NOT_AUDITED_M2_02,NOT_SELECTED_BY_DETERMINISTIC_DIVERSITY_TIE_BREAK
NCZ,Financial Services,false,true,false,true,true,2003-10-24,2023-12-15,1054,1052,T1-B0-S1-I1,PASS_REQUIRED_WINDOWS,0,0,0,true,false,398,TEXT_CONTENT_INTEGRITY_NOT_AUDITED_M2_02;TABLE_MEMBER_MISSING,NOT_SELECTED_BY_DETERMINISTIC_DIVERSITY_TIE_BREAK
NDAQ,Financial Services,false,true,true,true,true,2002-09-27,2023-12-15,1110,1108,T1-B1-S1-I1,PASS_REQUIRED_WINDOWS,0,0,0,true,false,2658,TEXT_CONTENT_INTEGRITY_NOT_AUDITED_M2_02,NOT_SELECTED_BY_DETERMINISTIC_DIVERSITY_TIE_BREAK
NDLS,Consumer Cyclical,false,true,true,true,true,2013-09-27,2023-12-15,536,534,T1-B1-S1-I1,PASS_REQUIRED_WINDOWS,0,0,0,true,false,1364,TEXT_CONTENT_INTEGRITY_NOT_AUDITED_M2_02,NOT_SELECTED_BY_DETERMINISTIC_DIVERSITY_TIE_BREAK
NDRA,Healthcare,false,true,true,true,true,2017-09-29,2023-12-15,327,325,T1-B1-S1-I1,PASS_REQUIRED_WINDOWS,0,0,0,true,false,479,TEXT_CONTENT_INTEGRITY_NOT_AUDITED_M2_02,NOT_SELECTED_BY_DETERMINISTIC_DIVERSITY_TIE_BREAK
NDSN,Industrials,false,true,true,true,true,2000-03-31,2023-12-15,1240,1238,T1-B1-S1-I1,PASS_REQUIRED_WINDOWS,0,0,0,true,false,2393,TEXT_CONTENT_INTEGRITY_NOT_AUDITED_M2_02,NOT_SELECTED_BY_DETERMINISTIC_DIVERSITY_TIE_BREAK
NE,Energy,false,true,true,true,true,2021-09-03,2023-12-15,122,120,T1-B1-S1-I1,PASS_REQUIRED_WINDOWS,0,0,0,true,false,796,TEXT_CONTENT_INTEGRITY_NOT_AUDITED_M2_02,NOT_SELECTED_BY_DETERMINISTIC_DIVERSITY_TIE_BREAK
NEA,Financial Services,false,true,false,true,true,2003-04-17,2023-12-15,1081,1079,T1-B0-S1-I1,PASS_REQUIRED_WINDOWS,0,0,0,true,false,1006,TEXT_CONTENT_INTEGRITY_NOT_AUDITED_M2_02;TABLE_MEMBER_MISSING,NOT_SELECTED_BY_DETERMINISTIC_DIVERSITY_TIE_BREAK
NEAR,N/A,false,true,false,true,true,,,0,0,T1-B0-S1-I1,INVALID_HEADER,0,0,0,false,false,,TEXT_CONTENT_INTEGRITY_NOT_AUDITED_M2_02;TABLE_MEMBER_MISSING,INCOMPLETE_STRUCTURALLY_VALID_REQUIRED_WINDOWS
NEE,Utilities,false,true,true,true,true,2000-03-31,2023-12-15,1240,1238,T1-B1-S1-I1,PASS_REQUIRED_WINDOWS,0,0,0,true,false,2787,TEXT_CONTENT_INTEGRITY_NOT_AUDITED_M2_02,NOT_SELECTED_BY_DETERMINISTIC_DIVERSITY_TIE_BREAK
NEM,Basic Materials,false,true,true,true,true,2000-03-31,2023-12-15,1240,1238,T1-B1-S1-I1,PASS_REQUIRED_WINDOWS,0,0,0,true,false,2352,TEXT_CONTENT_INTEGRITY_NOT_AUDITED_M2_02,NOT_SELECTED_BY_DETERMINISTIC_DIVERSITY_TIE_BREAK
NEN,Real Estate,false,true,true,true,true,2000-03-31,2023-12-15,1240,1238,T1-B1-S1-I1,PASS_REQUIRED_WINDOWS,0,0,0,true,false,2307,TEXT_CONTENT_INTEGRITY_NOT_AUDITED_M2_02,NOT_SELECTED_BY_DETERMINISTIC_DIVERSITY_TIE_BREAK
NEO,Healthcare,false,true,true,true,true,2004-06-10,2023-12-15,1021,1019,T1-B1-S1-I1,PASS_REQUIRED_WINDOWS,0,0,0,true,false,835,TEXT_CONTENT_INTEGRITY_NOT_AUDITED_M2_02,NOT_SELECTED_BY_DETERMINISTIC_DIVERSITY_TIE_BREAK
NEON,Technology,false,true,true,true,true,2000-03-31,2023-12-15,1240,1238,T1-B1-S1-I1,PASS_REQUIRED_WINDOWS,0,0,0,true,false,2077,TEXT_CONTENT_INTEGRITY_NOT_AUDITED_M2_02,NOT_SELECTED_BY_DETERMINISTIC_DIVERSITY_TIE_BREAK
NEPH,Healthcare,false,true,true,true,true,2004-12-17,2023-12-15,994,992,T1-B1-S1-I1,PASS_REQUIRED_WINDOWS,0,0,0,true,false,1348,TEXT_CONTENT_INTEGRITY_NOT_AUDITED_M2_02,NOT_SELECTED_BY_DETERMINISTIC_DIVERSITY_TIE_BREAK
NERD,N/A,false,true,false,true,true,,,0,0,T1-B0-S1-I1,INVALID_HEADER,0,0,0,false,false,,TEXT_CONTENT_INTEGRITY_NOT_AUDITED_M2_02;TABLE_MEMBER_MISSING,INCOMPLETE_STRUCTURALLY_VALID_REQUIRED_WINDOWS
NERV,Healthcare,false,true,true,true,true,2014-09-26,2023-12-15,484,482,T1-B1-S1-I1,PASS_REQUIRED_WINDOWS,0,0,0,true,false,68,TEXT_CONTENT_INTEGRITY_NOT_AUDITED_M2_02,NOT_SELECTED_BY_DETERMINISTIC_DIVERSITY_TIE_BREAK
NESR,Energy,false,true,true,true,true,,,0,0,T1-B1-S1-I1,INCOMPLETE_REQUIRED_WINDOWS,0,0,0,false,false,,TEXT_CONTENT_INTEGRITY_NOT_AUDITED_M2_02,INCOMPLETE_STRUCTURALLY_VALID_REQUIRED_WINDOWS
NET,Technology,false,true,true,true,true,2019-12-13,2023-12-15,212,210,T1-B1-S1-I1,PASS_REQUIRED_WINDOWS,0,0,0,true,false,1452,TEXT_CONTENT_INTEGRITY_NOT_AUDITED_M2_02,NOT_SELECTED_BY_DETERMINISTIC_DIVERSITY_TIE_BREAK
NETL,N/A,false,true,false,true,true,,,0,0,T1-B0-S1-I1,INVALID_HEADER,0,0,0,false,false,,TEXT_CONTENT_INTEGRITY_NOT_AUDITED_M2_02;TABLE_MEMBER_MISSING,INCOMPLETE_STRUCTURALLY_VALID_REQUIRED_WINDOWS
NEU,Basic Materials,false,true,true,true,true,2000-03-31,2023-12-15,1240,1238,T1-B1-S1-I1,PASS_REQUIRED_WINDOWS,0,0,0,true,false,2064,TEXT_CONTENT_INTEGRITY_NOT_AUDITED_M2_02,NOT_SELECTED_BY_DETERMINISTIC_DIVERSITY_TIE_BREAK
NEWT,Financial Services,false,true,true,true,true,2000-12-22,2023-12-15,1202,1200,T1-B1-S1-I1,PASS_REQUIRED_WINDOWS,0,0,0,true,false,2424,TEXT_CONTENT_INTEGRITY_NOT_AUDITED_M2_02,NOT_SELECTED_BY_DETERMINISTIC_DIVERSITY_TIE_BREAK
NEWTI,N/A,false,true,true,true,true,2023-12-01,2023-12-15,5,3,T1-B1-S1-I1,INCOMPLETE_REQUIRED_WINDOWS,0,0,0,false,false,,TEXT_CONTENT_INTEGRITY_NOT_AUDITED_M2_02,INCOMPLETE_STRUCTURALLY_VALID_REQUIRED_WINDOWS
NEXA,Basic Materials,false,true,true,true,true,2018-01-26,2023-12-15,310,308,T1-B1-S1-I1,PASS_REQUIRED_WINDOWS,0,0,0,true,false,2475,TEXT_CONTENT_INTEGRITY_NOT_AUDITED_M2_02,NOT_SELECTED_BY_DETERMINISTIC_DIVERSITY_TIE_BREAK
NEXT,Energy,false,true,true,true,true,2015-09-11,2023-12-15,434,432,T1-B1-S1-I1,PASS_REQUIRED_WINDOWS,0,0,0,true,false,1216,TEXT_CONTENT_INTEGRITY_NOT_AUDITED_M2_02,NOT_SELECTED_BY_DETERMINISTIC_DIVERSITY_TIE_BREAK
NFBK,Financial Services,false,true,true,true,true,2008-02-08,2023-12-15,830,828,T1-B1-S1-I1,PASS_REQUIRED_WINDOWS,0,0,0,true,false,526,TEXT_CONTENT_INTEGRITY_NOT_AUDITED_M2_02,NOT_SELECTED_BY_DETERMINISTIC_DIVERSITY_TIE_BREAK
NFE,Utilities,false,true,true,true,true,2019-05-03,2023-12-15,244,242,T1-B1-S1-I1,PASS_REQUIRED_WINDOWS,0,0,0,true,false,2467,TEXT_CONTENT_INTEGRITY_NOT_AUDITED_M2_02,NOT_SELECTED_BY_DETERMINISTIC_DIVERSITY_TIE_BREAK
NFJ,Financial Services,false,true,false,true,true,2005-05-27,2023-12-15,971,969,T1-B0-S1-I1,PASS_REQUIRED_WINDOWS,0,0,0,true,false,475,TEXT_CONTENT_INTEGRITY_NOT_AUDITED_M2_02;TABLE_MEMBER_MISSING,NOT_SELECTED_BY_DETERMINISTIC_DIVERSITY_TIE_BREAK
NFLT,N/A,false,true,false,true,true,,,0,0,T1-B0-S1-I1,INVALID_HEADER,0,0,0,false,false,,TEXT_CONTENT_INTEGRITY_NOT_AUDITED_M2_02;TABLE_MEMBER_MISSING,INCOMPLETE_STRUCTURALLY_VALID_REQUIRED_WINDOWS
NFRA,N/A,false,true,false,true,true,,,0,0,T1-B0-S1-I1,INVALID_HEADER,0,0,0,false,false,,TEXT_CONTENT_INTEGRITY_NOT_AUDITED_M2_02;TABLE_MEMBER_MISSING,INCOMPLETE_STRUCTURALLY_VALID_REQUIRED_WINDOWS
NFTY,N/A,false,true,false,true,true,,,0,0,T1-B0-S1-I1,INVALID_HEADER,0,0,0,false,false,,TEXT_CONTENT_INTEGRITY_NOT_AUDITED_M2_02;TABLE_MEMBER_MISSING,INCOMPLETE_STRUCTURALLY_VALID_REQUIRED_WINDOWS
NG,Basic Materials,false,true,true,true,true,2004-03-05,2023-12-15,1035,1033,T1-B1-S1-I1,PASS_REQUIRED_WINDOWS,0,0,0,true,false,1989,TEXT_CONTENT_INTEGRITY_NOT_AUDITED_M2_02,NOT_SELECTED_BY_DETERMINISTIC_DIVERSITY_TIE_BREAK
NGD,Basic Materials,false,true,true,true,true,2005-02-18,2023-12-15,985,983,T1-B1-S1-I1,PASS_REQUIRED_WINDOWS,0,0,0,true,false,2657,TEXT_CONTENT_INTEGRITY_NOT_AUDITED_M2_02,NOT_SELECTED_BY_DETERMINISTIC_DIVERSITY_TIE_BREAK
NGE,N/A,false,true,false,true,true,,,0,0,T1-B0-S1-I1,INVALID_HEADER,0,0,0,false,false,,TEXT_CONTENT_INTEGRITY_NOT_AUDITED_M2_02;TABLE_MEMBER_MISSING,INCOMPLETE_STRUCTURALLY_VALID_REQUIRED_WINDOWS
NGL,Energy,false,true,true,true,true,2011-08-12,2023-12-15,647,645,T1-B1-S1-I1,PASS_REQUIRED_WINDOWS,0,0,0,true,false,749,TEXT_CONTENT_INTEGRITY_NOT_AUDITED_M2_02,NOT_SELECTED_BY_DETERMINISTIC_DIVERSITY_TIE_BREAK
NGVC,Consumer Defensive,false,true,true,true,true,2012-10-19,2023-12-15,585,583,T1-B1-S1-I1,PASS_REQUIRED_WINDOWS,0,0,0,true,false,51,TEXT_CONTENT_INTEGRITY_NOT_AUDITED_M2_02,NOT_SELECTED_BY_DETERMINISTIC_DIVERSITY_TIE_BREAK
NHC,Healthcare,false,true,true,true,true,2000-03-31,2023-12-15,1240,1238,T1-B1-S1-I1,PASS_REQUIRED_WINDOWS,0,0,0,true,false,1930,TEXT_CONTENT_INTEGRITY_NOT_AUDITED_M2_02,NOT_SELECTED_BY_DETERMINISTIC_DIVERSITY_TIE_BREAK
NHI,Real Estate,false,true,true,true,true,2000-03-31,2023-12-15,1240,1238,T1-B1-S1-I1,PASS_REQUIRED_WINDOWS,0,0,0,true,false,67,TEXT_CONTENT_INTEGRITY_NOT_AUDITED_M2_02,NOT_SELECTED_BY_DETERMINISTIC_DIVERSITY_TIE_BREAK
NHS,Financial Services,false,true,false,true,true,2003-10-24,2023-12-15,1054,1052,T1-B0-S1-I1,PASS_REQUIRED_WINDOWS,0,0,0,true,false,2231,TEXT_CONTENT_INTEGRITY_NOT_AUDITED_M2_02;TABLE_MEMBER_MISSING,NOT_SELECTED_BY_DETERMINISTIC_DIVERSITY_TIE_BREAK
NHTC,Consumer Cyclical,false,true,true,true,true,2000-03-31,2023-12-15,1240,1238,T1-B1-S1-I1,PASS_REQUIRED_WINDOWS,0,0,0,true,false,529,TEXT_CONTENT_INTEGRITY_NOT_AUDITED_M2_02,NOT_SELECTED_BY_DETERMINISTIC_DIVERSITY_TIE_BREAK
NIE,Financial Services,false,true,false,true,true,2007-05-25,2023-12-15,867,865,T1-B0-S1-I1,PASS_REQUIRED_WINDOWS,0,0,0,true,false,2253,TEXT_CONTENT_INTEGRITY_NOT_AUDITED_M2_02;TABLE_MEMBER_MISSING,NOT_SELECTED_BY_DETERMINISTIC_DIVERSITY_TIE_BREAK
NIM,Financial Services,false,true,false,true,true,2000-03-31,2023-12-15,1240,1238,T1-B0-S1-I1,PASS_REQUIRED_WINDOWS,0,0,0,true,false,1021,TEXT_CONTENT_INTEGRITY_NOT_AUDITED_M2_02;TABLE_MEMBER_MISSING,NOT_SELECTED_BY_DETERMINISTIC_DIVERSITY_TIE_BREAK
NINE,Energy,false,true,true,true,true,2018-04-20,2023-12-15,298,296,T1-B1-S1-I1,PASS_REQUIRED_WINDOWS,0,0,0,true,false,2613,TEXT_CONTENT_INTEGRITY_NOT_AUDITED_M2_02,NOT_SELECTED_BY_DETERMINISTIC_DIVERSITY_TIE_BREAK
NIO,Consumer Cyclical,false,true,true,true,true,2018-12-07,2023-12-15,265,263,T1-B1-S1-I1,PASS_REQUIRED_WINDOWS,0,0,0,true,false,1164,TEXT_CONTENT_INTEGRITY_NOT_AUDITED_M2_02,NOT_SELECTED_BY_DETERMINISTIC_DIVERSITY_TIE_BREAK
NIU,Consumer Cyclical,false,true,true,true,true,2019-01-18,2023-12-15,259,257,T1-B1-S1-I1,PASS_REQUIRED_WINDOWS,0,0,0,true,false,650,TEXT_CONTENT_INTEGRITY_NOT_AUDITED_M2_02,NOT_SELECTED_BY_DETERMINISTIC_DIVERSITY_TIE_BREAK
NKE,Consumer Cyclical,false,true,true,true,true,2000-03-31,2023-12-15,1240,1238,T1-B1-S1-I1,PASS_REQUIRED_WINDOWS,0,0,0,true,false,1459,TEXT_CONTENT_INTEGRITY_NOT_AUDITED_M2_02,NOT_SELECTED_BY_DETERMINISTIC_DIVERSITY_TIE_BREAK
NKLA,Industrials,false,true,false,true,true,2020-08-28,2023-12-15,175,173,T1-B0-S1-I1,PASS_REQUIRED_WINDOWS,0,0,0,true,false,2699,TEXT_CONTENT_INTEGRITY_NOT_AUDITED_M2_02;TABLE_MEMBER_MISSING,NOT_SELECTED_BY_DETERMINISTIC_DIVERSITY_TIE_BREAK
NKSH,Financial Services,false,true,true,true,true,2000-03-31,2023-12-15,1240,1238,T1-B1-S1-I1,PASS_REQUIRED_WINDOWS,0,0,0,true,false,1804,TEXT_CONTENT_INTEGRITY_NOT_AUDITED_M2_02,NOT_SELECTED_BY_DETERMINISTIC_DIVERSITY_TIE_BREAK
NKTR,Healthcare,false,true,true,true,true,2000-03-31,2023-12-15,1240,1238,T1-B1-S1-I1,PASS_REQUIRED_WINDOWS,0,0,0,true,false,2038,TEXT_CONTENT_INTEGRITY_NOT_AUDITED_M2_02,NOT_SELECTED_BY_DETERMINISTIC_DIVERSITY_TIE_BREAK
NKX,Financial Services,false,true,false,true,true,2003-04-17,2023-12-15,1081,1079,T1-B0-S1-I1,PASS_REQUIRED_WINDOWS,0,0,0,true,false,1770,TEXT_CONTENT_INTEGRITY_NOT_AUDITED_M2_02;TABLE_MEMBER_MISSING,NOT_SELECTED_BY_DETERMINISTIC_DIVERSITY_TIE_BREAK
NL,Industrials,false,true,true,true,true,2000-03-31,2023-12-15,1240,1238,T1-B1-S1-I1,PASS_REQUIRED_WINDOWS,0,0,0,true,false,2356,TEXT_CONTENT_INTEGRITY_NOT_AUDITED_M2_02,NOT_SELECTED_BY_DETERMINISTIC_DIVERSITY_TIE_BREAK
NLR,N/A,false,true,false,true,true,,,0,0,T1-B0-S1-I1,INVALID_HEADER,0,0,0,false,false,,TEXT_CONTENT_INTEGRITY_NOT_AUDITED_M2_02;TABLE_MEMBER_MISSING,INCOMPLETE_STRUCTURALLY_VALID_REQUIRED_WINDOWS
NLY,Real Estate,false,true,true,true,true,2000-03-31,2023-12-15,1240,1238,T1-B1-S1-I1,PASS_REQUIRED_WINDOWS,0,0,0,true,false,456,TEXT_CONTENT_INTEGRITY_NOT_AUDITED_M2_02,NOT_SELECTED_BY_DETERMINISTIC_DIVERSITY_TIE_BREAK
NMCO,Financial Services,false,true,false,true,true,2019-12-13,2023-12-15,212,210,T1-B0-S1-I1,PASS_REQUIRED_WINDOWS,0,0,0,true,false,1,TEXT_CONTENT_INTEGRITY_NOT_AUDITED_M2_02;TABLE_MEMBER_MISSING,NOT_SELECTED_BY_DETERMINISTIC_DIVERSITY_TIE_BREAK
NMFC,Financial Services,false,true,true,true,true,2011-08-19,2023-12-15,646,644,T1-B1-S1-I1,PASS_REQUIRED_WINDOWS,0,0,0,true,false,1602,TEXT_CONTENT_INTEGRITY_NOT_AUDITED_M2_02,NOT_SELECTED_BY_DETERMINISTIC_DIVERSITY_TIE_BREAK
NMI,Financial Services,false,true,false,true,true,2000-03-31,2023-12-15,1240,1238,T1-B0-S1-I1,PASS_REQUIRED_WINDOWS,0,0,0,true,false,1959,TEXT_CONTENT_INTEGRITY_NOT_AUDITED_M2_02;TABLE_MEMBER_MISSING,NOT_SELECTED_BY_DETERMINISTIC_DIVERSITY_TIE_BREAK
NMIH,Financial Services,false,true,true,true,true,2014-02-07,2023-12-15,517,515,T1-B1-S1-I1,PASS_REQUIRED_WINDOWS,0,0,0,true,false,1196,TEXT_CONTENT_INTEGRITY_NOT_AUDITED_M2_02,NOT_SELECTED_BY_DETERMINISTIC_DIVERSITY_TIE_BREAK
NML,Financial Services,false,true,false,true,true,2013-06-21,2023-12-15,550,548,T1-B0-S1-I1,PASS_REQUIRED_WINDOWS,0,0,0,true,false,1404,TEXT_CONTENT_INTEGRITY_NOT_AUDITED_M2_02;TABLE_MEMBER_MISSING,NOT_SELECTED_BY_DETERMINISTIC_DIVERSITY_TIE_BREAK
NMM,Industrials,false,true,true,true,true,2008-02-15,2023-12-15,829,827,T1-B1-S1-I1,PASS_REQUIRED_WINDOWS,0,0,0,true,false,2693,TEXT_CONTENT_INTEGRITY_NOT_AUDITED_M2_02,NOT_SELECTED_BY_DETERMINISTIC_DIVERSITY_TIE_BREAK
NMR,Financial Services,false,true,true,true,true,2002-03-15,2023-12-15,1138,1136,T1-B1-S1-I1,PASS_REQUIRED_WINDOWS,0,0,0,true,false,2225,TEXT_CONTENT_INTEGRITY_NOT_AUDITED_M2_02,NOT_SELECTED_BY_DETERMINISTIC_DIVERSITY_TIE_BREAK
NMRD,Healthcare,false,true,false,true,true,2015-03-20,2023-12-15,459,457,T1-B0-S1-I1,PASS_REQUIRED_WINDOWS,0,0,0,true,false,941,TEXT_CONTENT_INTEGRITY_NOT_AUDITED_M2_02;TABLE_MEMBER_MISSING,NOT_SELECTED_BY_DETERMINISTIC_DIVERSITY_TIE_BREAK
NMRK,Real Estate,false,true,true,true,true,2018-03-16,2023-12-15,303,301,T1-B1-S1-I1,PASS_REQUIRED_WINDOWS,0,0,0,true,false,2891,TEXT_CONTENT_INTEGRITY_NOT_AUDITED_M2_02,NOT_SELECTED_BY_DETERMINISTIC_DIVERSITY_TIE_BREAK
NMS,Financial Services,false,true,false,true,true,2015-01-09,2023-12-15,469,467,T1-B0-S1-I1,PASS_REQUIRED_WINDOWS,0,0,0,true,false,2289,TEXT_CONTENT_INTEGRITY_NOT_AUDITED_M2_02;TABLE_MEMBER_MISSING,NOT_SELECTED_BY_DETERMINISTIC_DIVERSITY_TIE_BREAK
NMT,Financial Services,false,true,false,true,true,2000-03-31,2023-12-15,1240,1238,T1-B0-S1-I1,PASS_REQUIRED_WINDOWS,0,0,0,true,false,1847,TEXT_CONTENT_INTEGRITY_NOT_AUDITED_M2_02;TABLE_MEMBER_MISSING,NOT_SELECTED_BY_DETERMINISTIC_DIVERSITY_TIE_BREAK
NMZ,Financial Services,false,true,false,true,true,2004-02-20,2023-12-15,1037,1035,T1-B0-S1-I1,PASS_REQUIRED_WINDOWS,0,0,0,true,false,577,TEXT_CONTENT_INTEGRITY_NOT_AUDITED_M2_02;TABLE_MEMBER_MISSING,NOT_SELECTED_BY_DETERMINISTIC_DIVERSITY_TIE_BREAK
NNBR,Industrials,false,true,true,true,true,2000-03-31,2023-12-15,1240,1238,T1-B1-S1-I1,PASS_REQUIRED_WINDOWS,0,0,0,true,false,2753,TEXT_CONTENT_INTEGRITY_NOT_AUDITED_M2_02,NOT_SELECTED_BY_DETERMINISTIC_DIVERSITY_TIE_BREAK
NNI,Financial Services,false,true,true,true,true,2004-03-12,2023-12-15,1034,1032,T1-B1-S1-I1,PASS_REQUIRED_WINDOWS,0,0,0,true,false,1120,TEXT_CONTENT_INTEGRITY_NOT_AUDITED_M2_02,NOT_SELECTED_BY_DETERMINISTIC_DIVERSITY_TIE_BREAK
NNN,Real Estate,false,true,true,true,true,2000-03-31,2023-12-15,1240,1238,T1-B1-S1-I1,PASS_REQUIRED_WINDOWS,0,0,0,true,false,935,TEXT_CONTENT_INTEGRITY_NOT_AUDITED_M2_02,NOT_SELECTED_BY_DETERMINISTIC_DIVERSITY_TIE_BREAK
NNVC,Healthcare,false,true,true,true,true,2006-01-27,2023-12-15,936,934,T1-B1-S1-I1,PASS_REQUIRED_WINDOWS,0,0,0,true,false,2317,TEXT_CONTENT_INTEGRITY_NOT_AUDITED_M2_02,NOT_SELECTED_BY_DETERMINISTIC_DIVERSITY_TIE_BREAK
NNY,Financial Services,false,true,false,true,true,2000-03-31,2023-12-15,1240,1238,T1-B0-S1-I1,PASS_REQUIRED_WINDOWS,0,0,0,true,false,1525,TEXT_CONTENT_INTEGRITY_NOT_AUDITED_M2_02;TABLE_MEMBER_MISSING,NOT_SELECTED_BY_DETERMINISTIC_DIVERSITY_TIE_BREAK
NOAH,Financial Services,false,true,true,true,true,2011-02-11,2023-12-15,673,671,T1-B1-S1-I1,PASS_REQUIRED_WINDOWS,0,0,0,true,false,669,TEXT_CONTENT_INTEGRITY_NOT_AUDITED_M2_02,NOT_SELECTED_BY_DETERMINISTIC_DIVERSITY_TIE_BREAK
NOBL,N/A,false,true,false,true,true,,,0,0,T1-B0-S1-I1,INVALID_HEADER,0,0,0,false,false,,TEXT_CONTENT_INTEGRITY_NOT_AUDITED_M2_02;TABLE_MEMBER_MISSING,INCOMPLETE_STRUCTURALLY_VALID_REQUIRED_WINDOWS
NOC,Industrials,false,true,true,true,true,2000-03-31,2023-12-15,1240,1238,T1-B1-S1-I1,PASS_REQUIRED_WINDOWS,0,0,0,true,false,617,TEXT_CONTENT_INTEGRITY_NOT_AUDITED_M2_02,NOT_SELECTED_BY_DETERMINISTIC_DIVERSITY_TIE_BREAK
NOG,Energy,false,true,true,true,true,2007-07-13,2023-12-15,860,858,T1-B1-S1-I1,PASS_REQUIRED_WINDOWS,0,0,0,true,false,722,TEXT_CONTENT_INTEGRITY_NOT_AUDITED_M2_02,NOT_SELECTED_BY_DETERMINISTIC_DIVERSITY_TIE_BREAK
NOK,Technology,false,true,true,true,true,2000-03-31,2023-12-15,1240,1238,T1-B1-S1-I1,PASS_REQUIRED_WINDOWS,0,0,0,true,false,119,TEXT_CONTENT_INTEGRITY_NOT_AUDITED_M2_02,NOT_SELECTED_BY_DETERMINISTIC_DIVERSITY_TIE_BREAK
NOM,Financial Services,false,true,false,true,true,2000-03-31,2023-12-15,1240,1238,T1-B0-S1-I1,PASS_REQUIRED_WINDOWS,0,0,0,true,false,921,TEXT_CONTENT_INTEGRITY_NOT_AUDITED_M2_02;TABLE_MEMBER_MISSING,NOT_SELECTED_BY_DETERMINISTIC_DIVERSITY_TIE_BREAK
NOMD,Consumer Defensive,false,true,true,true,true,2015-04-02,2023-12-15,457,455,T1-B1-S1-I1,PASS_REQUIRED_WINDOWS,0,0,0,true,false,2518,TEXT_CONTENT_INTEGRITY_NOT_AUDITED_M2_02,NOT_SELECTED_BY_DETERMINISTIC_DIVERSITY_TIE_BREAK
NORW,N/A,false,true,false,true,true,,,0,0,T1-B0-S1-I1,INVALID_HEADER,0,0,0,false,false,,TEXT_CONTENT_INTEGRITY_NOT_AUDITED_M2_02;TABLE_MEMBER_MISSING,INCOMPLETE_STRUCTURALLY_VALID_REQUIRED_WINDOWS
NOV,Energy,false,true,true,true,true,2000-03-31,2023-12-15,1240,1238,T1-B1-S1-I1,PASS_REQUIRED_WINDOWS,0,0,0,true,false,1517,TEXT_CONTENT_INTEGRITY_NOT_AUDITED_M2_02,NOT_SELECTED_BY_DETERMINISTIC_DIVERSITY_TIE_BREAK
NOVA,Technology,false,true,true,true,true,2019-10-18,2023-12-15,220,218,T1-B1-S1-I1,PASS_REQUIRED_WINDOWS,0,0,0,true,false,1341,TEXT_CONTENT_INTEGRITY_NOT_AUDITED_M2_02,NOT_SELECTED_BY_DETERMINISTIC_DIVERSITY_TIE_BREAK
NOVT,Technology,false,true,true,true,true,2000-03-31,2023-12-15,1240,1238,T1-B1-S1-I1,PASS_REQUIRED_WINDOWS,0,0,0,true,false,1269,TEXT_CONTENT_INTEGRITY_NOT_AUDITED_M2_02,NOT_SELECTED_BY_DETERMINISTIC_DIVERSITY_TIE_BREAK
NOW,Technology,false,true,true,true,true,2012-09-28,2023-12-15,588,586,T1-B1-S1-I1,PASS_REQUIRED_WINDOWS,0,0,0,true,false,1707,TEXT_CONTENT_INTEGRITY_NOT_AUDITED_M2_02,NOT_SELECTED_BY_DETERMINISTIC_DIVERSITY_TIE_BREAK
NPK,Industrials,false,true,true,true,true,2000-03-31,2023-12-15,1240,1238,T1-B1-S1-I1,PASS_REQUIRED_WINDOWS,0,0,0,true,false,100,TEXT_CONTENT_INTEGRITY_NOT_AUDITED_M2_02,NOT_SELECTED_BY_DETERMINISTIC_DIVERSITY_TIE_BREAK
NPO,Industrials,false,true,true,true,true,2002-08-23,2023-12-15,1115,1113,T1-B1-S1-I1,PASS_REQUIRED_WINDOWS,0,0,0,true,false,906,TEXT_CONTENT_INTEGRITY_NOT_AUDITED_M2_02,NOT_SELECTED_BY_DETERMINISTIC_DIVERSITY_TIE_BREAK
NQP,Financial Services,false,true,false,true,true,2000-03-31,2023-12-15,1240,1238,T1-B0-S1-I1,PASS_REQUIRED_WINDOWS,0,0,0,true,false,1388,TEXT_CONTENT_INTEGRITY_NOT_AUDITED_M2_02;TABLE_MEMBER_MISSING,NOT_SELECTED_BY_DETERMINISTIC_DIVERSITY_TIE_BREAK
NREF,Real Estate,false,true,true,true,true,2020-05-08,2023-12-15,191,189,T1-B1-S1-I1,PASS_REQUIRED_WINDOWS,0,0,0,true,false,660,TEXT_CONTENT_INTEGRITY_NOT_AUDITED_M2_02,NOT_SELECTED_BY_DETERMINISTIC_DIVERSITY_TIE_BREAK
NRG,Utilities,false,true,true,true,true,2004-03-05,2023-12-15,1035,1033,T1-B1-S1-I1,PASS_REQUIRED_WINDOWS,0,0,0,true,false,1317,TEXT_CONTENT_INTEGRITY_NOT_AUDITED_M2_02,NOT_SELECTED_BY_DETERMINISTIC_DIVERSITY_TIE_BREAK
NRGD,N/A,false,true,true,true,true,,,0,0,T1-B1-S1-I1,INVALID_HEADER,0,0,0,false,false,,TEXT_CONTENT_INTEGRITY_NOT_AUDITED_M2_02,INCOMPLETE_STRUCTURALLY_VALID_REQUIRED_WINDOWS
NRGU,N/A,false,true,true,true,true,,,0,0,T1-B1-S1-I1,INVALID_HEADER,0,0,0,false,false,,TEXT_CONTENT_INTEGRITY_NOT_AUDITED_M2_02,INCOMPLETE_STRUCTURALLY_VALID_REQUIRED_WINDOWS
NRIM,Financial Services,false,true,true,true,true,2000-03-31,2023-12-15,1240,1238,T1-B1-S1-I1,PASS_REQUIRED_WINDOWS,0,0,0,true,false,2913,TEXT_CONTENT_INTEGRITY_NOT_AUDITED_M2_02,NOT_SELECTED_BY_DETERMINISTIC_DIVERSITY_TIE_BREAK
NRK,Financial Services,false,true,false,true,true,2003-04-17,2023-12-15,1081,1079,T1-B0-S1-I1,PASS_REQUIRED_WINDOWS,0,0,0,true,false,1433,TEXT_CONTENT_INTEGRITY_NOT_AUDITED_M2_02;TABLE_MEMBER_MISSING,NOT_SELECTED_BY_DETERMINISTIC_DIVERSITY_TIE_BREAK
NRO,Financial Services,false,true,false,true,true,2004-01-30,2023-12-15,1040,1038,T1-B0-S1-I1,PASS_REQUIRED_WINDOWS,0,0,0,true,false,2427,TEXT_CONTENT_INTEGRITY_NOT_AUDITED_M2_02;TABLE_MEMBER_MISSING,NOT_SELECTED_BY_DETERMINISTIC_DIVERSITY_TIE_BREAK
NRP,Energy,false,true,true,true,true,2003-01-10,2023-12-15,1095,1093,T1-B1-S1-I1,PASS_REQUIRED_WINDOWS,0,0,0,true,false,1645,TEXT_CONTENT_INTEGRITY_NOT_AUDITED_M2_02,NOT_SELECTED_BY_DETERMINISTIC_DIVERSITY_TIE_BREAK
NRT,Energy,false,true,false,true,true,2000-03-31,2023-12-15,1240,1238,T1-B0-S1-I1,PASS_REQUIRED_WINDOWS,0,0,0,true,false,1100,TEXT_CONTENT_INTEGRITY_NOT_AUDITED_M2_02;TABLE_MEMBER_MISSING,NOT_SELECTED_BY_DETERMINISTIC_DIVERSITY_TIE_BREAK
NRUC,N/A,false,true,true,true,true,2019-08-02,2023-12-15,231,229,T1-B1-S1-I1,PASS_REQUIRED_WINDOWS,0,0,0,true,false,2814,TEXT_CONTENT_INTEGRITY_NOT_AUDITED_M2_02,NOT_SELECTED_BY_DETERMINISTIC_DIVERSITY_TIE_BREAK
NSC,Industrials,false,true,true,true,true,2000-03-31,2023-12-15,1240,1238,T1-B1-S1-I1,PASS_REQUIRED_WINDOWS,0,0,0,true,false,454,TEXT_CONTENT_INTEGRITY_NOT_AUDITED_M2_02,NOT_SELECTED_BY_DETERMINISTIC_DIVERSITY_TIE_BREAK
NSIT,Technology,false,true,true,true,true,2000-03-31,2023-12-15,1240,1238,T1-B1-S1-I1,PASS_REQUIRED_WINDOWS,0,0,0,true,false,1399,TEXT_CONTENT_INTEGRITY_NOT_AUDITED_M2_02,NOT_SELECTED_BY_DETERMINISTIC_DIVERSITY_TIE_BREAK
NSP,Industrials,false,true,true,true,true,2000-03-31,2023-12-15,1240,1238,T1-B1-S1-I1,PASS_REQUIRED_WINDOWS,0,0,0,true,false,2567,TEXT_CONTENT_INTEGRITY_NOT_AUDITED_M2_02,NOT_SELECTED_BY_DETERMINISTIC_DIVERSITY_TIE_BREAK
NSPR,Healthcare,false,true,true,true,true,2011-07-08,2023-12-15,652,650,T1-B1-S1-I1,PASS_REQUIRED_WINDOWS,0,0,0,true,false,99,TEXT_CONTENT_INTEGRITY_NOT_AUDITED_M2_02,NOT_SELECTED_BY_DETERMINISTIC_DIVERSITY_TIE_BREAK
NSSC,Industrials,false,true,true,true,true,2000-03-31,2023-12-15,1240,1238,T1-B1-S1-I1,PASS_REQUIRED_WINDOWS,0,0,0,true,false,2406,TEXT_CONTENT_INTEGRITY_NOT_AUDITED_M2_02,NOT_SELECTED_BY_DETERMINISTIC_DIVERSITY_TIE_BREAK
NSTG,Healthcare,false,true,false,true,true,2013-09-20,2023-12-15,523,521,T1-B0-S1-I1,PASS_REQUIRED_WINDOWS,1,0,0,true,false,1233,TEXT_CONTENT_INTEGRITY_NOT_AUDITED_M2_02;TABLE_MEMBER_MISSING,NOT_SELECTED_BY_DETERMINISTIC_DIVERSITY_TIE_BREAK
NTAP,Technology,false,true,true,true,true,2000-03-31,2023-12-15,1240,1238,T1-B1-S1-I1,PASS_REQUIRED_WINDOWS,0,0,0,true,false,1794,TEXT_CONTENT_INTEGRITY_NOT_AUDITED_M2_02,NOT_SELECTED_BY_DETERMINISTIC_DIVERSITY_TIE_BREAK
NTB,Financial Services,false,true,true,true,true,2016-12-16,2023-12-15,368,366,T1-B1-S1-I1,PASS_REQUIRED_WINDOWS,0,0,0,true,false,1202,TEXT_CONTENT_INTEGRITY_NOT_AUDITED_M2_02,NOT_SELECTED_BY_DETERMINISTIC_DIVERSITY_TIE_BREAK
NTCT,Technology,false,true,true,true,true,2000-03-31,2023-12-15,1240,1238,T1-B1-S1-I1,PASS_REQUIRED_WINDOWS,0,0,0,true,false,1052,TEXT_CONTENT_INTEGRITY_NOT_AUDITED_M2_02,NOT_SELECTED_BY_DETERMINISTIC_DIVERSITY_TIE_BREAK
NTES,Communication Services,false,true,true,true,true,2000-09-29,2023-12-15,1214,1212,T1-B1-S1-I1,PASS_REQUIRED_WINDOWS,0,0,0,true,false,1029,TEXT_CONTENT_INTEGRITY_NOT_AUDITED_M2_02,NOT_SELECTED_BY_DETERMINISTIC_DIVERSITY_TIE_BREAK
NTGR,Technology,false,true,true,true,true,2003-10-24,2023-12-15,1054,1052,T1-B1-S1-I1,PASS_REQUIRED_WINDOWS,0,0,0,true,false,39,TEXT_CONTENT_INTEGRITY_NOT_AUDITED_M2_02,NOT_SELECTED_BY_DETERMINISTIC_DIVERSITY_TIE_BREAK
NTIC,Basic Materials,false,true,true,true,true,2000-03-31,2023-12-15,1240,1238,T1-B1-S1-I1,PASS_REQUIRED_WINDOWS,0,0,0,true,false,2767,TEXT_CONTENT_INTEGRITY_NOT_AUDITED_M2_02,NOT_SELECTED_BY_DETERMINISTIC_DIVERSITY_TIE_BREAK
NTIP,Industrials,false,true,true,true,true,2004-02-27,2023-12-15,1036,1034,T1-B1-S1-I1,PASS_REQUIRED_WINDOWS,0,0,0,true,false,699,TEXT_CONTENT_INTEGRITY_NOT_AUDITED_M2_02,NOT_SELECTED_BY_DETERMINISTIC_DIVERSITY_TIE_BREAK
NTLA,Healthcare,false,true,true,true,true,2016-08-05,2023-12-15,387,385,T1-B1-S1-I1,PASS_REQUIRED_WINDOWS,0,0,0,true,false,84,TEXT_CONTENT_INTEGRITY_NOT_AUDITED_M2_02,NOT_SELECTED_BY_DETERMINISTIC_DIVERSITY_TIE_BREAK
NTR,Basic Materials,false,true,true,true,true,2018-03-29,2023-12-15,301,299,T1-B1-S1-I1,PASS_REQUIRED_WINDOWS,0,0,0,true,false,1849,TEXT_CONTENT_INTEGRITY_NOT_AUDITED_M2_02,NOT_SELECTED_BY_DETERMINISTIC_DIVERSITY_TIE_BREAK
NTRA,Healthcare,false,true,true,true,true,2015-09-25,2023-12-15,432,430,T1-B1-S1-I1,PASS_REQUIRED_WINDOWS,0,0,0,true,false,469,TEXT_CONTENT_INTEGRITY_NOT_AUDITED_M2_02,NOT_SELECTED_BY_DETERMINISTIC_DIVERSITY_TIE_BREAK
NTRS,Financial Services,false,true,true,true,true,2000-03-31,2023-12-15,1240,1238,T1-B1-S1-I1,PASS_REQUIRED_WINDOWS,0,0,0,true,false,1776,TEXT_CONTENT_INTEGRITY_NOT_AUDITED_M2_02,NOT_SELECTED_BY_DETERMINISTIC_DIVERSITY_TIE_BREAK
NTSX,N/A,false,true,false,true,true,,,0,0,T1-B0-S1-I1,INVALID_HEADER,0,0,0,false,false,,TEXT_CONTENT_INTEGRITY_NOT_AUDITED_M2_02;TABLE_MEMBER_MISSING,INCOMPLETE_STRUCTURALLY_VALID_REQUIRED_WINDOWS
NTWK,Technology,false,true,true,true,true,2000-03-31,2023-12-15,1240,1238,T1-B1-S1-I1,PASS_REQUIRED_WINDOWS,0,0,0,true,false,2181,TEXT_CONTENT_INTEGRITY_NOT_AUDITED_M2_02,NOT_SELECTED_BY_DETERMINISTIC_DIVERSITY_TIE_BREAK
NTZ,Consumer Cyclical,false,true,true,true,true,2000-03-31,2023-12-15,1240,1238,T1-B1-S1-I1,PASS_REQUIRED_WINDOWS,0,0,0,true,false,42,TEXT_CONTENT_INTEGRITY_NOT_AUDITED_M2_02,NOT_SELECTED_BY_DETERMINISTIC_DIVERSITY_TIE_BREAK
NUDM,N/A,false,true,false,true,true,,,0,0,T1-B0-S1-I1,INVALID_HEADER,0,0,0,false,false,,TEXT_CONTENT_INTEGRITY_NOT_AUDITED_M2_02;TABLE_MEMBER_MISSING,INCOMPLETE_STRUCTURALLY_VALID_REQUIRED_WINDOWS
NUE,Basic Materials,false,true,true,true,true,2000-03-31,2023-12-15,1240,1238,T1-B1-S1-I1,PASS_REQUIRED_WINDOWS,0,0,0,true,false,1680,TEXT_CONTENT_INTEGRITY_NOT_AUDITED_M2_02,NOT_SELECTED_BY_DETERMINISTIC_DIVERSITY_TIE_BREAK
NUGT,N/A,false,true,false,true,true,,,0,0,T1-B0-S1-I1,INVALID_HEADER,0,0,0,false,false,,TEXT_CONTENT_INTEGRITY_NOT_AUDITED_M2_02;TABLE_MEMBER_MISSING,INCOMPLETE_STRUCTURALLY_VALID_REQUIRED_WINDOWS
NULG,N/A,false,true,false,true,true,,,0,0,T1-B0-S1-I1,INVALID_HEADER,0,0,0,false,false,,TEXT_CONTENT_INTEGRITY_NOT_AUDITED_M2_02;TABLE_MEMBER_MISSING,INCOMPLETE_STRUCTURALLY_VALID_REQUIRED_WINDOWS
NULV,N/A,false,true,false,true,true,,,0,0,T1-B0-S1-I1,INVALID_HEADER,0,0,0,false,false,,TEXT_CONTENT_INTEGRITY_NOT_AUDITED_M2_02;TABLE_MEMBER_MISSING,INCOMPLETE_STRUCTURALLY_VALID_REQUIRED_WINDOWS
NUMG,N/A,false,true,false,true,true,,,0,0,T1-B0-S1-I1,INVALID_HEADER,0,0,0,false,false,,TEXT_CONTENT_INTEGRITY_NOT_AUDITED_M2_02;TABLE_MEMBER_MISSING,INCOMPLETE_STRUCTURALLY_VALID_REQUIRED_WINDOWS
NUMV,N/A,false,true,false,true,true,,,0,0,T1-B0-S1-I1,INVALID_HEADER,0,0,0,false,false,,TEXT_CONTENT_INTEGRITY_NOT_AUDITED_M2_02;TABLE_MEMBER_MISSING,INCOMPLETE_STRUCTURALLY_VALID_REQUIRED_WINDOWS
NUS,Consumer Defensive,false,true,true,true,true,2000-03-31,2023-12-15,1240,1238,T1-B1-S1-I1,PASS_REQUIRED_WINDOWS,0,0,0,true,false,2609,TEXT_CONTENT_INTEGRITY_NOT_AUDITED_M2_02,NOT_SELECTED_BY_DETERMINISTIC_DIVERSITY_TIE_BREAK
NUSC,N/A,false,true,false,true,true,,,0,0,T1-B0-S1-I1,INVALID_HEADER,0,0,0,false,false,,TEXT_CONTENT_INTEGRITY_NOT_AUDITED_M2_02;TABLE_MEMBER_MISSING,INCOMPLETE_STRUCTURALLY_VALID_REQUIRED_WINDOWS
NUSI,N/A,false,true,false,true,true,,,0,0,T1-B0-S1-I1,INVALID_HEADER,0,0,0,false,false,,TEXT_CONTENT_INTEGRITY_NOT_AUDITED_M2_02;TABLE_MEMBER_MISSING,INCOMPLETE_STRUCTURALLY_VALID_REQUIRED_WINDOWS
NUV,Financial Services,false,true,false,true,true,2000-03-31,2023-12-15,1240,1238,T1-B0-S1-I1,PASS_REQUIRED_WINDOWS,0,0,0,true,false,2948,TEXT_CONTENT_INTEGRITY_NOT_AUDITED_M2_02;TABLE_MEMBER_MISSING,NOT_SELECTED_BY_DETERMINISTIC_DIVERSITY_TIE_BREAK
NUW,Financial Services,false,true,false,true,true,2009-05-22,2023-12-15,763,761,T1-B0-S1-I1,PASS_REQUIRED_WINDOWS,0,0,0,true,false,1015,TEXT_CONTENT_INTEGRITY_NOT_AUDITED_M2_02;TABLE_MEMBER_MISSING,NOT_SELECTED_BY_DETERMINISTIC_DIVERSITY_TIE_BREAK
NVAX,Healthcare,false,true,true,true,true,2000-03-31,2023-12-15,1240,1238,T1-B1-S1-I1,PASS_REQUIRED_WINDOWS,0,0,0,true,false,2004,TEXT_CONTENT_INTEGRITY_NOT_AUDITED_M2_02,NOT_SELECTED_BY_DETERMINISTIC_DIVERSITY_TIE_BREAK
NVDA,Technology,false,true,true,true,true,2000-03-31,2023-12-15,1240,1238,T1-B1-S1-I1,PASS_REQUIRED_WINDOWS,0,0,0,true,false,150,TEXT_CONTENT_INTEGRITY_NOT_AUDITED_M2_02,NOT_SELECTED_BY_DETERMINISTIC_DIVERSITY_TIE_BREAK
NVEC,Technology,false,true,true,true,true,2000-03-31,2023-12-15,1240,1238,T1-B1-S1-I1,PASS_REQUIRED_WINDOWS,0,0,0,true,false,1609,TEXT_CONTENT_INTEGRITY_NOT_AUDITED_M2_02,NOT_SELECTED_BY_DETERMINISTIC_DIVERSITY_TIE_BREAK
NVEE,Industrials,false,true,true,true,true,2013-12-27,2023-12-15,523,521,T1-B1-S1-I1,PASS_REQUIRED_WINDOWS,0,0,0,true,false,1673,TEXT_CONTENT_INTEGRITY_NOT_AUDITED_M2_02,NOT_SELECTED_BY_DETERMINISTIC_DIVERSITY_TIE_BREAK
NVG,Financial Services,false,true,false,true,true,2002-12-06,2023-12-15,1100,1098,T1-B0-S1-I1,PASS_REQUIRED_WINDOWS,0,0,0,true,false,877,TEXT_CONTENT_INTEGRITY_NOT_AUDITED_M2_02;TABLE_MEMBER_MISSING,NOT_SELECTED_BY_DETERMINISTIC_DIVERSITY_TIE_BREAK
NVGS,Energy,false,true,true,true,true,2007-04-05,2023-12-15,874,872,T1-B1-S1-I1,PASS_REQUIRED_WINDOWS,0,0,0,true,false,907,TEXT_CONTENT_INTEGRITY_NOT_AUDITED_M2_02,NOT_SELECTED_BY_DETERMINISTIC_DIVERSITY_TIE_BREAK
NVMI,Technology,false,true,true,true,true,2000-07-07,2023-12-15,1226,1224,T1-B1-S1-I1,PASS_REQUIRED_WINDOWS,0,0,0,true,false,349,TEXT_CONTENT_INTEGRITY_NOT_AUDITED_M2_02,NOT_SELECTED_BY_DETERMINISTIC_DIVERSITY_TIE_BREAK
NVO,Healthcare,false,true,true,true,true,2000-03-31,2023-12-15,1240,1238,T1-B1-S1-I1,PASS_REQUIRED_WINDOWS,0,0,0,true,false,2878,TEXT_CONTENT_INTEGRITY_NOT_AUDITED_M2_02,NOT_SELECTED_BY_DETERMINISTIC_DIVERSITY_TIE_BREAK
NVR,Consumer Cyclical,false,true,true,true,true,2000-03-31,2023-12-15,1240,1238,T1-B1-S1-I1,PASS_REQUIRED_WINDOWS,0,0,0,true,false,1894,TEXT_CONTENT_INTEGRITY_NOT_AUDITED_M2_02,NOT_SELECTED_BY_DETERMINISTIC_DIVERSITY_TIE_BREAK
NVRO,Healthcare,false,true,false,true,true,2015-02-06,2023-12-15,451,449,T1-B0-S1-I1,PASS_REQUIRED_WINDOWS,1,0,0,true,false,228,TEXT_CONTENT_INTEGRITY_NOT_AUDITED_M2_02;TABLE_MEMBER_MISSING,NOT_SELECTED_BY_DETERMINISTIC_DIVERSITY_TIE_BREAK
NVS,Healthcare,false,true,true,true,true,2000-03-31,2023-12-15,1240,1238,T1-B1-S1-I1,PASS_REQUIRED_WINDOWS,0,0,0,true,false,2404,TEXT_CONTENT_INTEGRITY_NOT_AUDITED_M2_02,NOT_SELECTED_BY_DETERMINISTIC_DIVERSITY_TIE_BREAK
NVST,Healthcare,false,true,true,true,true,2019-12-13,2023-12-15,212,210,T1-B1-S1-I1,PASS_REQUIRED_WINDOWS,0,0,0,true,false,1234,TEXT_CONTENT_INTEGRITY_NOT_AUDITED_M2_02,NOT_SELECTED_BY_DETERMINISTIC_DIVERSITY_TIE_BREAK
NVT,Industrials,false,true,true,true,true,2018-07-20,2023-12-15,285,283,T1-B1-S1-I1,PASS_REQUIRED_WINDOWS,0,0,0,true,false,2576,TEXT_CONTENT_INTEGRITY_NOT_AUDITED_M2_02,NOT_SELECTED_BY_DETERMINISTIC_DIVERSITY_TIE_BREAK
NWBI,Financial Services,false,true,true,true,true,2000-03-31,2023-12-15,1240,1238,T1-B1-S1-I1,PASS_REQUIRED_WINDOWS,0,0,0,true,false,986,TEXT_CONTENT_INTEGRITY_NOT_AUDITED_M2_02,NOT_SELECTED_BY_DETERMINISTIC_DIVERSITY_TIE_BREAK
NWE,Utilities,false,true,true,true,true,2008-03-28,2023-12-15,823,821,T1-B1-S1-I1,PASS_REQUIRED_WINDOWS,0,0,0,true,false,2805,TEXT_CONTENT_INTEGRITY_NOT_AUDITED_M2_02,NOT_SELECTED_BY_DETERMINISTIC_DIVERSITY_TIE_BREAK
NWL,Consumer Defensive,false,true,true,true,true,2000-03-31,2023-12-15,1240,1238,T1-B1-S1-I1,PASS_REQUIRED_WINDOWS,0,0,0,true,false,500,TEXT_CONTENT_INTEGRITY_NOT_AUDITED_M2_02,NOT_SELECTED_BY_DETERMINISTIC_DIVERSITY_TIE_BREAK
NWPX,Industrials,false,true,true,true,true,2000-03-31,2023-12-15,1240,1238,T1-B1-S1-I1,PASS_REQUIRED_WINDOWS,0,0,0,true,false,179,TEXT_CONTENT_INTEGRITY_NOT_AUDITED_M2_02,NOT_SELECTED_BY_DETERMINISTIC_DIVERSITY_TIE_BREAK
NWS,Communication Services,false,true,true,true,true,2013-09-13,2023-12-15,538,536,T1-B1-S1-I1,PASS_REQUIRED_WINDOWS,0,0,0,true,false,1454,TEXT_CONTENT_INTEGRITY_NOT_AUDITED_M2_02,NOT_SELECTED_BY_DETERMINISTIC_DIVERSITY_TIE_BREAK
NWSA,Communication Services,false,true,true,true,true,2013-09-13,2023-12-15,538,536,T1-B1-S1-I1,PASS_REQUIRED_WINDOWS,0,0,0,true,false,938,TEXT_CONTENT_INTEGRITY_NOT_AUDITED_M2_02,NOT_SELECTED_BY_DETERMINISTIC_DIVERSITY_TIE_BREAK
NX,Industrials,false,true,true,true,true,2000-03-31,2023-12-15,1240,1238,T1-B1-S1-I1,PASS_REQUIRED_WINDOWS,0,0,0,true,false,955,TEXT_CONTENT_INTEGRITY_NOT_AUDITED_M2_02,NOT_SELECTED_BY_DETERMINISTIC_DIVERSITY_TIE_BREAK
NXC,Financial Services,false,true,false,true,true,2000-03-31,2023-12-15,1240,1238,T1-B0-S1-I1,PASS_REQUIRED_WINDOWS,0,0,0,true,false,709,TEXT_CONTENT_INTEGRITY_NOT_AUDITED_M2_02;TABLE_MEMBER_MISSING,NOT_SELECTED_BY_DETERMINISTIC_DIVERSITY_TIE_BREAK
NXE,Energy,false,true,true,true,true,2013-11-08,2023-12-15,530,528,T1-B1-S1-I1,PASS_REQUIRED_WINDOWS,0,0,0,true,false,769,TEXT_CONTENT_INTEGRITY_NOT_AUDITED_M2_02,NOT_SELECTED_BY_DETERMINISTIC_DIVERSITY_TIE_BREAK
NXJ,Financial Services,false,true,false,true,true,2002-12-06,2023-12-15,1100,1098,T1-B0-S1-I1,PASS_REQUIRED_WINDOWS,0,0,0,true,false,2195,TEXT_CONTENT_INTEGRITY_NOT_AUDITED_M2_02;TABLE_MEMBER_MISSING,NOT_SELECTED_BY_DETERMINISTIC_DIVERSITY_TIE_BREAK
NXN,Financial Services,false,true,false,true,true,2000-03-31,2023-12-15,1240,1238,T1-B0-S1-I1,PASS_REQUIRED_WINDOWS,0,0,0,true,false,2932,TEXT_CONTENT_INTEGRITY_NOT_AUDITED_M2_02;TABLE_MEMBER_MISSING,NOT_SELECTED_BY_DETERMINISTIC_DIVERSITY_TIE_BREAK
NXRT,Real Estate,false,true,true,true,true,2015-06-19,2023-12-15,446,444,T1-B1-S1-I1,PASS_REQUIRED_WINDOWS,0,0,0,true,false,1225,TEXT_CONTENT_INTEGRITY_NOT_AUDITED_M2_02,NOT_SELECTED_BY_DETERMINISTIC_DIVERSITY_TIE_BREAK
NXST,Communication Services,false,true,true,true,true,2004-02-27,2023-12-15,1036,1034,T1-B1-S1-I1,PASS_REQUIRED_WINDOWS,0,0,0,true,false,692,TEXT_CONTENT_INTEGRITY_NOT_AUDITED_M2_02,NOT_SELECTED_BY_DETERMINISTIC_DIVERSITY_TIE_BREAK
NXTC,Healthcare,false,true,true,true,true,2019-08-09,2023-12-15,230,228,T1-B1-S1-I1,PASS_REQUIRED_WINDOWS,0,0,0,true,false,268,TEXT_CONTENT_INTEGRITY_NOT_AUDITED_M2_02,NOT_SELECTED_BY_DETERMINISTIC_DIVERSITY_TIE_BREAK
NXTG,N/A,false,true,false,true,true,,,0,0,T1-B0-S1-I1,INVALID_HEADER,0,0,0,false,false,,TEXT_CONTENT_INTEGRITY_NOT_AUDITED_M2_02;TABLE_MEMBER_MISSING,INCOMPLETE_STRUCTURALLY_VALID_REQUIRED_WINDOWS
NYMT,Real Estate,false,true,true,true,true,2004-10-22,2023-12-15,1002,1000,T1-B1-S1-I1,PASS_REQUIRED_WINDOWS,0,0,0,true,false,2228,TEXT_CONTENT_INTEGRITY_NOT_AUDITED_M2_02,NOT_SELECTED_BY_DETERMINISTIC_DIVERSITY_TIE_BREAK
NYMTN,Real Estate,false,true,true,true,true,2018-01-26,2023-12-15,310,308,T1-B1-S1-I1,PASS_REQUIRED_WINDOWS,0,0,0,true,false,2311,TEXT_CONTENT_INTEGRITY_NOT_AUDITED_M2_02,NOT_SELECTED_BY_DETERMINISTIC_DIVERSITY_TIE_BREAK
NZF,Financial Services,false,true,false,true,true,2001-12-28,2023-12-15,1149,1147,T1-B0-S1-I1,PASS_REQUIRED_WINDOWS,0,0,0,true,false,1943,TEXT_CONTENT_INTEGRITY_NOT_AUDITED_M2_02;TABLE_MEMBER_MISSING,NOT_SELECTED_BY_DETERMINISTIC_DIVERSITY_TIE_BREAK
OBLG,Technology,false,true,true,true,true,2000-03-31,2023-12-15,1240,1238,T1-B1-S1-I1,PASS_REQUIRED_WINDOWS,0,0,0,true,false,511,TEXT_CONTENT_INTEGRITY_NOT_AUDITED_M2_02,NOT_SELECTED_BY_DETERMINISTIC_DIVERSITY_TIE_BREAK
OBOR,N/A,false,true,false,true,true,,,0,0,T1-B0-S1-I1,INVALID_HEADER,0,0,0,false,false,,TEXT_CONTENT_INTEGRITY_NOT_AUDITED_M2_02;TABLE_MEMBER_MISSING,INCOMPLETE_STRUCTURALLY_VALID_REQUIRED_WINDOWS
OC,Industrials,false,true,true,true,true,2007-02-02,2023-12-15,883,881,T1-B1-S1-I1,PASS_REQUIRED_WINDOWS,0,0,0,true,false,1200,TEXT_CONTENT_INTEGRITY_NOT_AUDITED_M2_02,NOT_SELECTED_BY_DETERMINISTIC_DIVERSITY_TIE_BREAK
OCCI,Financial Services,false,true,false,true,true,2019-01-04,2023-12-15,261,259,T1-B0-S1-I1,PASS_REQUIRED_WINDOWS,0,0,0,true,false,553,TEXT_CONTENT_INTEGRITY_NOT_AUDITED_M2_02;TABLE_MEMBER_MISSING,NOT_SELECTED_BY_DETERMINISTIC_DIVERSITY_TIE_BREAK
OCFC,Financial Services,false,true,true,true,true,2000-03-31,2023-12-15,1240,1238,T1-B1-S1-I1,PASS_REQUIRED_WINDOWS,0,0,0,true,false,1635,TEXT_CONTENT_INTEGRITY_NOT_AUDITED_M2_02,NOT_SELECTED_BY_DETERMINISTIC_DIVERSITY_TIE_BREAK
OCFCP,Financial Services,false,true,true,true,true,2020-07-31,2023-12-15,179,177,T1-B1-S1-I1,PASS_REQUIRED_WINDOWS,0,0,0,true,false,1651,TEXT_CONTENT_INTEGRITY_NOT_AUDITED_M2_02,NOT_SELECTED_BY_DETERMINISTIC_DIVERSITY_TIE_BREAK
OCFT,Technology,false,true,true,true,true,2020-03-13,2023-12-15,199,197,T1-B1-S1-I1,PASS_REQUIRED_WINDOWS,0,0,0,true,false,2534,TEXT_CONTENT_INTEGRITY_NOT_AUDITED_M2_02,NOT_SELECTED_BY_DETERMINISTIC_DIVERSITY_TIE_BREAK
OCGN,Healthcare,false,true,true,true,true,2015-03-06,2023-12-15,461,459,T1-B1-S1-I1,PASS_REQUIRED_WINDOWS,0,0,0,true,false,2123,TEXT_CONTENT_INTEGRITY_NOT_AUDITED_M2_02,NOT_SELECTED_BY_DETERMINISTIC_DIVERSITY_TIE_BREAK
OCIO,N/A,false,true,false,true,true,,,0,0,T1-B0-S1-I1,INVALID_HEADER,0,0,0,false,false,,TEXT_CONTENT_INTEGRITY_NOT_AUDITED_M2_02;TABLE_MEMBER_MISSING,INCOMPLETE_STRUCTURALLY_VALID_REQUIRED_WINDOWS
OCSL,Financial Services,false,true,true,true,true,2008-09-12,2023-12-15,799,797,T1-B1-S1-I1,PASS_REQUIRED_WINDOWS,0,0,0,true,false,1754,TEXT_CONTENT_INTEGRITY_NOT_AUDITED_M2_02,NOT_SELECTED_BY_DETERMINISTIC_DIVERSITY_TIE_BREAK
OCUL,Healthcare,false,true,true,true,true,2014-10-24,2023-12-15,480,478,T1-B1-S1-I1,PASS_REQUIRED_WINDOWS,0,0,0,true,false,2537,TEXT_CONTENT_INTEGRITY_NOT_AUDITED_M2_02,NOT_SELECTED_BY_DETERMINISTIC_DIVERSITY_TIE_BREAK
OCX,Healthcare,false,true,true,true,true,2016-04-01,2023-12-15,405,403,T1-B1-S1-I1,PASS_REQUIRED_WINDOWS,0,0,0,true,false,1589,TEXT_CONTENT_INTEGRITY_NOT_AUDITED_M2_02,NOT_SELECTED_BY_DETERMINISTIC_DIVERSITY_TIE_BREAK
ODC,Basic Materials,false,true,true,true,true,2000-03-31,2023-12-15,1240,1238,T1-B1-S1-I1,PASS_REQUIRED_WINDOWS,0,0,0,true,false,1162,TEXT_CONTENT_INTEGRITY_NOT_AUDITED_M2_02,NOT_SELECTED_BY_DETERMINISTIC_DIVERSITY_TIE_BREAK
ODFL,Industrials,false,true,true,true,true,2000-03-31,2023-12-15,1240,1238,T1-B1-S1-I1,PASS_REQUIRED_WINDOWS,0,0,0,true,false,1033,TEXT_CONTENT_INTEGRITY_NOT_AUDITED_M2_02,NOT_SELECTED_BY_DETERMINISTIC_DIVERSITY_TIE_BREAK
ODP,Consumer Cyclical,false,true,true,true,true,2000-03-31,2023-12-15,1240,1238,T1-B1-S1-I1,PASS_REQUIRED_WINDOWS,0,0,0,true,false,97,TEXT_CONTENT_INTEGRITY_NOT_AUDITED_M2_02,NOT_SELECTED_BY_DETERMINISTIC_DIVERSITY_TIE_BREAK
OEC,Basic Materials,false,true,true,true,true,2014-10-24,2023-12-15,480,478,T1-B1-S1-I1,PASS_REQUIRED_WINDOWS,0,0,0,true,false,1545,TEXT_CONTENT_INTEGRITY_NOT_AUDITED_M2_02,NOT_SELECTED_BY_DETERMINISTIC_DIVERSITY_TIE_BREAK
OEF,N/A,false,true,false,true,true,,,0,0,T1-B0-S1-I1,INVALID_HEADER,0,0,0,false,false,,TEXT_CONTENT_INTEGRITY_NOT_AUDITED_M2_02;TABLE_MEMBER_MISSING,INCOMPLETE_STRUCTURALLY_VALID_REQUIRED_WINDOWS
OESX,Consumer Cyclical,false,true,true,true,true,2008-03-20,2023-12-15,824,822,T1-B1-S1-I1,PASS_REQUIRED_WINDOWS,0,0,0,true,false,853,TEXT_CONTENT_INTEGRITY_NOT_AUDITED_M2_02,NOT_SELECTED_BY_DETERMINISTIC_DIVERSITY_TIE_BREAK
OEUR,N/A,false,true,false,true,true,,,0,0,T1-B0-S1-I1,INVALID_HEADER,0,0,0,false,false,,TEXT_CONTENT_INTEGRITY_NOT_AUDITED_M2_02;TABLE_MEMBER_MISSING,INCOMPLETE_STRUCTURALLY_VALID_REQUIRED_WINDOWS
OFED,Financial Services,false,true,true,true,true,2011-04-15,2023-12-15,651,649,T1-B1-S1-I1,INCOMPLETE_REQUIRED_WINDOWS,0,0,0,false,false,,TEXT_CONTENT_INTEGRITY_NOT_AUDITED_M2_02,INCOMPLETE_STRUCTURALLY_VALID_REQUIRED_WINDOWS
OFG,Financial Services,false,true,true,true,true,2000-03-31,2023-12-15,1240,1238,T1-B1-S1-I1,PASS_REQUIRED_WINDOWS,0,0,0,true,false,266,TEXT_CONTENT_INTEGRITY_NOT_AUDITED_M2_02,NOT_SELECTED_BY_DETERMINISTIC_DIVERSITY_TIE_BREAK
OFIX,Healthcare,false,true,true,true,true,2000-03-31,2023-12-15,1240,1238,T1-B1-S1-I1,PASS_REQUIRED_WINDOWS,0,0,0,true,false,1437,TEXT_CONTENT_INTEGRITY_NOT_AUDITED_M2_02,NOT_SELECTED_BY_DETERMINISTIC_DIVERSITY_TIE_BREAK
OFLX,Industrials,false,true,true,true,true,2005-10-28,2023-12-15,949,947,T1-B1-S1-I1,PASS_REQUIRED_WINDOWS,0,0,0,true,false,1486,TEXT_CONTENT_INTEGRITY_NOT_AUDITED_M2_02,NOT_SELECTED_BY_DETERMINISTIC_DIVERSITY_TIE_BREAK
OGCP,Real Estate,false,true,true,true,true,2014-01-03,2023-12-15,522,520,T1-B1-S1-I1,PASS_REQUIRED_WINDOWS,0,0,0,true,false,2796,TEXT_CONTENT_INTEGRITY_NOT_AUDITED_M2_02,NOT_SELECTED_BY_DETERMINISTIC_DIVERSITY_TIE_BREAK
OGE,Utilities,false,true,true,true,true,2000-03-31,2023-12-15,1240,1238,T1-B1-S1-I1,PASS_REQUIRED_WINDOWS,0,0,0,true,false,1665,TEXT_CONTENT_INTEGRITY_NOT_AUDITED_M2_02,NOT_SELECTED_BY_DETERMINISTIC_DIVERSITY_TIE_BREAK
OGEN,Healthcare,false,true,true,true,true,2004-05-21,2023-12-15,1024,1022,T1-B1-S1-I1,PASS_REQUIRED_WINDOWS,0,0,0,true,false,750,TEXT_CONTENT_INTEGRITY_NOT_AUDITED_M2_02,NOT_SELECTED_BY_DETERMINISTIC_DIVERSITY_TIE_BREAK
OGI,Healthcare,false,true,true,true,true,2019-08-16,2023-12-15,229,227,T1-B1-S1-I1,PASS_REQUIRED_WINDOWS,0,0,0,true,false,1671,TEXT_CONTENT_INTEGRITY_NOT_AUDITED_M2_02,NOT_SELECTED_BY_DETERMINISTIC_DIVERSITY_TIE_BREAK
OGIG,N/A,false,true,false,true,true,,,0,0,T1-B0-S1-I1,INVALID_HEADER,0,0,0,false,false,,TEXT_CONTENT_INTEGRITY_NOT_AUDITED_M2_02;TABLE_MEMBER_MISSING,INCOMPLETE_STRUCTURALLY_VALID_REQUIRED_WINDOWS
OHI,Real Estate,false,true,true,true,true,2000-03-31,2023-12-15,1240,1238,T1-B1-S1-I1,PASS_REQUIRED_WINDOWS,0,0,0,true,false,1423,TEXT_CONTENT_INTEGRITY_NOT_AUDITED_M2_02,NOT_SELECTED_BY_DETERMINISTIC_DIVERSITY_TIE_BREAK
OI,Consumer Cyclical,false,true,true,true,true,2000-03-31,2023-12-15,1240,1238,T1-B1-S1-I1,PASS_REQUIRED_WINDOWS,0,0,0,true,false,1432,TEXT_CONTENT_INTEGRITY_NOT_AUDITED_M2_02,NOT_SELECTED_BY_DETERMINISTIC_DIVERSITY_TIE_BREAK
OII,Energy,false,true,true,true,true,2000-03-31,2023-12-15,1240,1238,T1-B1-S1-I1,PASS_REQUIRED_WINDOWS,0,0,0,true,false,444,TEXT_CONTENT_INTEGRITY_NOT_AUDITED_M2_02,NOT_SELECTED_BY_DETERMINISTIC_DIVERSITY_TIE_BREAK
OILK,N/A,false,true,false,true,true,,,0,0,T1-B0-S1-I1,INVALID_HEADER,0,0,0,false,false,,TEXT_CONTENT_INTEGRITY_NOT_AUDITED_M2_02;TABLE_MEMBER_MISSING,INCOMPLETE_STRUCTURALLY_VALID_REQUIRED_WINDOWS
OKE,Energy,false,true,true,true,true,2000-03-31,2023-12-15,1240,1238,T1-B1-S1-I1,PASS_REQUIRED_WINDOWS,0,0,0,true,false,1893,TEXT_CONTENT_INTEGRITY_NOT_AUDITED_M2_02,NOT_SELECTED_BY_DETERMINISTIC_DIVERSITY_TIE_BREAK
OKTA,Technology,false,true,true,true,true,2017-07-07,2023-12-15,339,337,T1-B1-S1-I1,PASS_REQUIRED_WINDOWS,0,0,0,true,false,1206,TEXT_CONTENT_INTEGRITY_NOT_AUDITED_M2_02,NOT_SELECTED_BY_DETERMINISTIC_DIVERSITY_TIE_BREAK
OLED,Technology,false,true,true,true,true,2000-03-31,2023-12-15,1240,1238,T1-B1-S1-I1,PASS_REQUIRED_WINDOWS,0,0,0,true,false,2470,TEXT_CONTENT_INTEGRITY_NOT_AUDITED_M2_02,NOT_SELECTED_BY_DETERMINISTIC_DIVERSITY_TIE_BREAK
OLLI,Consumer Defensive,false,true,true,true,true,2015-10-09,2023-12-15,430,428,T1-B1-S1-I1,PASS_REQUIRED_WINDOWS,0,0,0,true,false,1191,TEXT_CONTENT_INTEGRITY_NOT_AUDITED_M2_02,NOT_SELECTED_BY_DETERMINISTIC_DIVERSITY_TIE_BREAK
OLN,Basic Materials,false,true,true,true,true,2000-03-31,2023-12-15,1240,1238,T1-B1-S1-I1,PASS_REQUIRED_WINDOWS,0,0,0,true,false,2391,TEXT_CONTENT_INTEGRITY_NOT_AUDITED_M2_02,NOT_SELECTED_BY_DETERMINISTIC_DIVERSITY_TIE_BREAK
OLP,Real Estate,false,true,true,true,true,2000-03-31,2023-12-15,1240,1238,T1-B1-S1-I1,PASS_REQUIRED_WINDOWS,0,0,0,true,false,930,TEXT_CONTENT_INTEGRITY_NOT_AUDITED_M2_02,NOT_SELECTED_BY_DETERMINISTIC_DIVERSITY_TIE_BREAK
OMER,Healthcare,false,true,true,true,true,2010-01-08,2023-12-15,730,728,T1-B1-S1-I1,PASS_REQUIRED_WINDOWS,0,0,0,true,false,819,TEXT_CONTENT_INTEGRITY_NOT_AUDITED_M2_02,NOT_SELECTED_BY_DETERMINISTIC_DIVERSITY_TIE_BREAK
OMEX,Basic Materials,false,true,true,true,true,2000-03-31,2023-12-15,1240,1238,T1-B1-S1-I1,PASS_REQUIRED_WINDOWS,0,0,0,true,false,288,TEXT_CONTENT_INTEGRITY_NOT_AUDITED_M2_02,NOT_SELECTED_BY_DETERMINISTIC_DIVERSITY_TIE_BREAK
OMF,Financial Services,false,true,true,true,true,2014-01-17,2023-12-15,520,518,T1-B1-S1-I1,PASS_REQUIRED_WINDOWS,0,0,0,true,false,2144,TEXT_CONTENT_INTEGRITY_NOT_AUDITED_M2_02,NOT_SELECTED_BY_DETERMINISTIC_DIVERSITY_TIE_BREAK
OMFL,N/A,false,true,false,true,true,,,0,0,T1-B0-S1-I1,INVALID_HEADER,0,0,0,false,false,,TEXT_CONTENT_INTEGRITY_NOT_AUDITED_M2_02;TABLE_MEMBER_MISSING,INCOMPLETE_STRUCTURALLY_VALID_REQUIRED_WINDOWS
OMFS,N/A,false,true,false,true,true,,,0,0,T1-B0-S1-I1,INVALID_HEADER,0,0,0,false,false,,TEXT_CONTENT_INTEGRITY_NOT_AUDITED_M2_02;TABLE_MEMBER_MISSING,INCOMPLETE_STRUCTURALLY_VALID_REQUIRED_WINDOWS
OMI,Healthcare,false,true,true,true,true,2000-03-31,2023-12-15,1240,1238,T1-B1-S1-I1,PASS_REQUIRED_WINDOWS,0,0,0,true,false,695,TEXT_CONTENT_INTEGRITY_NOT_AUDITED_M2_02,NOT_SELECTED_BY_DETERMINISTIC_DIVERSITY_TIE_BREAK
ON,Technology,false,true,true,true,true,2000-07-28,2023-12-15,1223,1221,T1-B1-S1-I1,PASS_REQUIRED_WINDOWS,0,0,0,true,false,2703,TEXT_CONTENT_INTEGRITY_NOT_AUDITED_M2_02,NOT_SELECTED_BY_DETERMINISTIC_DIVERSITY_TIE_BREAK
ONB,Financial Services,false,true,true,true,true,2000-03-31,2023-12-15,1240,1238,T1-B1-S1-I1,PASS_REQUIRED_WINDOWS,0,0,0,true,false,187,TEXT_CONTENT_INTEGRITY_NOT_AUDITED_M2_02,NOT_SELECTED_BY_DETERMINISTIC_DIVERSITY_TIE_BREAK
ONCT,Healthcare,false,true,false,true,true,2004-04-30,2023-12-15,1027,1025,T1-B0-S1-I1,PASS_REQUIRED_WINDOWS,0,0,0,true,false,2115,TEXT_CONTENT_INTEGRITY_NOT_AUDITED_M2_02;TABLE_MEMBER_MISSING,NOT_SELECTED_BY_DETERMINISTIC_DIVERSITY_TIE_BREAK
ONCY,Healthcare,false,true,true,true,true,2002-01-04,2023-12-15,1148,1146,T1-B1-S1-I1,PASS_REQUIRED_WINDOWS,0,0,0,true,false,2248,TEXT_CONTENT_INTEGRITY_NOT_AUDITED_M2_02,NOT_SELECTED_BY_DETERMINISTIC_DIVERSITY_TIE_BREAK
ONEO,N/A,false,true,false,true,true,,,0,0,T1-B0-S1-I1,INVALID_HEADER,0,0,0,false,false,,TEXT_CONTENT_INTEGRITY_NOT_AUDITED_M2_02;TABLE_MEMBER_MISSING,INCOMPLETE_STRUCTURALLY_VALID_REQUIRED_WINDOWS
ONEQ,N/A,false,true,false,true,true,,,0,0,T1-B0-S1-I1,INVALID_HEADER,0,0,0,false,false,,TEXT_CONTENT_INTEGRITY_NOT_AUDITED_M2_02;TABLE_MEMBER_MISSING,INCOMPLETE_STRUCTURALLY_VALID_REQUIRED_WINDOWS
ONEV,N/A,false,true,false,true,true,,,0,0,T1-B0-S1-I1,INVALID_HEADER,0,0,0,false,false,,TEXT_CONTENT_INTEGRITY_NOT_AUDITED_M2_02;TABLE_MEMBER_MISSING,INCOMPLETE_STRUCTURALLY_VALID_REQUIRED_WINDOWS
ONEW,Consumer Cyclical,false,true,true,true,true,2020-05-08,2023-12-15,191,189,T1-B1-S1-I1,PASS_REQUIRED_WINDOWS,0,0,0,true,false,882,TEXT_CONTENT_INTEGRITY_NOT_AUDITED_M2_02,NOT_SELECTED_BY_DETERMINISTIC_DIVERSITY_TIE_BREAK
ONEY,N/A,false,true,false,true,true,,,0,0,T1-B0-S1-I1,INVALID_HEADER,0,0,0,false,false,,TEXT_CONTENT_INTEGRITY_NOT_AUDITED_M2_02;TABLE_MEMBER_MISSING,INCOMPLETE_STRUCTURALLY_VALID_REQUIRED_WINDOWS
ONTO,Technology,false,true,true,true,true,2020-01-24,2023-12-15,206,204,T1-B1-S1-I1,PASS_REQUIRED_WINDOWS,0,0,0,true,false,2877,TEXT_CONTENT_INTEGRITY_NOT_AUDITED_M2_02,NOT_SELECTED_BY_DETERMINISTIC_DIVERSITY_TIE_BREAK
OOMA,Technology,false,true,true,true,true,2015-10-16,2023-12-15,429,427,T1-B1-S1-I1,PASS_REQUIRED_WINDOWS,0,0,0,true,false,2808,TEXT_CONTENT_INTEGRITY_NOT_AUDITED_M2_02,NOT_SELECTED_BY_DETERMINISTIC_DIVERSITY_TIE_BREAK
OPCH,Healthcare,false,true,true,true,true,2000-03-31,2023-12-15,1240,1238,T1-B1-S1-I1,PASS_REQUIRED_WINDOWS,0,0,0,true,false,1548,TEXT_CONTENT_INTEGRITY_NOT_AUDITED_M2_02,NOT_SELECTED_BY_DETERMINISTIC_DIVERSITY_TIE_BREAK
OPGN,Healthcare,false,true,true,true,true,2015-07-31,2023-12-15,440,438,T1-B1-S1-I1,PASS_REQUIRED_WINDOWS,0,0,0,true,false,2845,TEXT_CONTENT_INTEGRITY_NOT_AUDITED_M2_02,NOT_SELECTED_BY_DETERMINISTIC_DIVERSITY_TIE_BREAK
OPHC,Financial Services,false,true,true,true,true,2003-09-19,2023-12-15,1059,1057,T1-B1-S1-I1,PASS_REQUIRED_WINDOWS,0,0,0,true,false,2416,TEXT_CONTENT_INTEGRITY_NOT_AUDITED_M2_02,NOT_SELECTED_BY_DETERMINISTIC_DIVERSITY_TIE_BREAK
OPI,Real Estate,false,true,true,true,true,2009-08-28,2023-12-15,749,747,T1-B1-S1-I1,PASS_REQUIRED_WINDOWS,0,0,0,true,false,1493,TEXT_CONTENT_INTEGRITY_NOT_AUDITED_M2_02,NOT_SELECTED_BY_DETERMINISTIC_DIVERSITY_TIE_BREAK
OPINL,N/A,false,true,true,true,true,2020-09-18,2023-12-15,172,170,T1-B1-S1-I1,PASS_REQUIRED_WINDOWS,0,0,0,true,false,107,TEXT_CONTENT_INTEGRITY_NOT_AUDITED_M2_02,NOT_SELECTED_BY_DETERMINISTIC_DIVERSITY_TIE_BREAK
OPK,Healthcare,false,true,true,true,true,2000-03-31,2023-12-15,1240,1238,T1-B1-S1-I1,PASS_REQUIRED_WINDOWS,0,0,0,true,false,2394,TEXT_CONTENT_INTEGRITY_NOT_AUDITED_M2_02,NOT_SELECTED_BY_DETERMINISTIC_DIVERSITY_TIE_BREAK
OPOF,Financial Services,false,true,true,true,true,2000-03-31,2023-12-15,1240,1238,T1-B1-S1-I1,PASS_REQUIRED_WINDOWS,0,0,0,true,false,1018,TEXT_CONTENT_INTEGRITY_NOT_AUDITED_M2_02,NOT_SELECTED_BY_DETERMINISTIC_DIVERSITY_TIE_BREAK
OPP,Financial Services,false,true,false,true,true,2016-12-23,2023-12-15,367,365,T1-B0-S1-I1,PASS_REQUIRED_WINDOWS,0,0,0,true,false,1224,TEXT_CONTENT_INTEGRITY_NOT_AUDITED_M2_02;TABLE_MEMBER_MISSING,NOT_SELECTED_BY_DETERMINISTIC_DIVERSITY_TIE_BREAK
OPRA,Communication Services,false,true,true,true,true,2018-10-26,2023-12-15,271,269,T1-B1-S1-I1,PASS_REQUIRED_WINDOWS,0,0,0,true,false,2065,TEXT_CONTENT_INTEGRITY_NOT_AUDITED_M2_02,NOT_SELECTED_BY_DETERMINISTIC_DIVERSITY_TIE_BREAK
OPRT,Financial Services,false,true,true,true,true,2019-12-20,2023-12-15,211,209,T1-B1-S1-I1,PASS_REQUIRED_WINDOWS,0,0,0,true,false,1601,TEXT_CONTENT_INTEGRITY_NOT_AUDITED_M2_02,NOT_SELECTED_BY_DETERMINISTIC_DIVERSITY_TIE_BREAK
OPRX,Healthcare,false,true,true,true,true,2008-02-29,2023-12-15,827,825,T1-B1-S1-I1,PASS_REQUIRED_WINDOWS,0,0,0,true,false,1622,TEXT_CONTENT_INTEGRITY_NOT_AUDITED_M2_02,NOT_SELECTED_BY_DETERMINISTIC_DIVERSITY_TIE_BREAK
OPTN,Healthcare,false,true,true,true,true,2018-01-12,2023-12-15,312,310,T1-B1-S1-I1,PASS_REQUIRED_WINDOWS,0,0,0,true,false,2093,TEXT_CONTENT_INTEGRITY_NOT_AUDITED_M2_02,NOT_SELECTED_BY_DETERMINISTIC_DIVERSITY_TIE_BREAK
OPTT,Industrials,false,true,true,true,true,2007-07-20,2023-12-15,859,857,T1-B1-S1-I1,PASS_REQUIRED_WINDOWS,0,0,0,true,false,72,TEXT_CONTENT_INTEGRITY_NOT_AUDITED_M2_02,NOT_SELECTED_BY_DETERMINISTIC_DIVERSITY_TIE_BREAK
OPY,Financial Services,false,true,true,true,true,2000-03-31,2023-12-15,1240,1238,T1-B1-S1-I1,PASS_REQUIRED_WINDOWS,0,0,0,true,false,1175,TEXT_CONTENT_INTEGRITY_NOT_AUDITED_M2_02,NOT_SELECTED_BY_DETERMINISTIC_DIVERSITY_TIE_BREAK
OR,Basic Materials,false,true,true,true,true,2016-09-30,2023-12-15,379,377,T1-B1-S1-I1,PASS_REQUIRED_WINDOWS,0,0,0,true,false,1575,TEXT_CONTENT_INTEGRITY_NOT_AUDITED_M2_02,NOT_SELECTED_BY_DETERMINISTIC_DIVERSITY_TIE_BREAK
ORA,Utilities,false,true,true,true,true,2005-02-11,2023-12-15,986,984,T1-B1-S1-I1,PASS_REQUIRED_WINDOWS,0,0,0,true,false,1443,TEXT_CONTENT_INTEGRITY_NOT_AUDITED_M2_02,NOT_SELECTED_BY_DETERMINISTIC_DIVERSITY_TIE_BREAK
ORC,Real Estate,false,true,true,true,true,2013-05-17,2023-12-15,555,553,T1-B1-S1-I1,PASS_REQUIRED_WINDOWS,0,0,0,true,false,2476,TEXT_CONTENT_INTEGRITY_NOT_AUDITED_M2_02,NOT_SELECTED_BY_DETERMINISTIC_DIVERSITY_TIE_BREAK
ORCL,Technology,false,true,true,true,true,2000-03-31,2023-12-15,1240,1238,T1-B1-S1-I1,PASS_REQUIRED_WINDOWS,0,0,0,true,false,2333,TEXT_CONTENT_INTEGRITY_NOT_AUDITED_M2_02,NOT_SELECTED_BY_DETERMINISTIC_DIVERSITY_TIE_BREAK
ORGO,Healthcare,false,true,true,true,true,2017-04-07,2023-12-15,352,350,T1-B1-S1-I1,PASS_REQUIRED_WINDOWS,0,0,0,true,false,496,TEXT_CONTENT_INTEGRITY_NOT_AUDITED_M2_02,NOT_SELECTED_BY_DETERMINISTIC_DIVERSITY_TIE_BREAK
ORGS,Healthcare,false,true,true,true,true,2012-06-08,2023-12-15,604,602,T1-B1-S1-I1,PASS_REQUIRED_WINDOWS,0,0,0,true,false,620,TEXT_CONTENT_INTEGRITY_NOT_AUDITED_M2_02,NOT_SELECTED_BY_DETERMINISTIC_DIVERSITY_TIE_BREAK
ORIC,Healthcare,false,true,true,true,true,2020-07-24,2023-12-15,180,178,T1-B1-S1-I1,PASS_REQUIRED_WINDOWS,0,0,0,true,false,2346,TEXT_CONTENT_INTEGRITY_NOT_AUDITED_M2_02,NOT_SELECTED_BY_DETERMINISTIC_DIVERSITY_TIE_BREAK
ORLY,Consumer Cyclical,false,true,true,true,true,2000-03-31,2023-12-15,1240,1238,T1-B1-S1-I1,PASS_REQUIRED_WINDOWS,0,0,0,true,false,178,TEXT_CONTENT_INTEGRITY_NOT_AUDITED_M2_02,NOT_SELECTED_BY_DETERMINISTIC_DIVERSITY_TIE_BREAK
ORMP,Healthcare,false,true,true,true,true,2007-07-27,2023-12-15,858,856,T1-B1-S1-I1,PASS_REQUIRED_WINDOWS,0,0,0,true,false,1851,TEXT_CONTENT_INTEGRITY_NOT_AUDITED_M2_02,NOT_SELECTED_BY_DETERMINISTIC_DIVERSITY_TIE_BREAK
OSCV,N/A,false,true,false,true,true,,,0,0,T1-B0-S1-I1,INVALID_HEADER,0,0,0,false,false,,TEXT_CONTENT_INTEGRITY_NOT_AUDITED_M2_02;TABLE_MEMBER_MISSING,INCOMPLETE_STRUCTURALLY_VALID_REQUIRED_WINDOWS
OSIS,Technology,false,true,true,true,true,2000-03-31,2023-12-15,1240,1238,T1-B1-S1-I1,PASS_REQUIRED_WINDOWS,0,0,0,true,false,2007,TEXT_CONTENT_INTEGRITY_NOT_AUDITED_M2_02,NOT_SELECTED_BY_DETERMINISTIC_DIVERSITY_TIE_BREAK
OSPN,Technology,false,true,true,true,true,2000-03-31,2023-12-15,1240,1238,T1-B1-S1-I1,PASS_REQUIRED_WINDOWS,0,0,0,true,false,1250,TEXT_CONTENT_INTEGRITY_NOT_AUDITED_M2_02,NOT_SELECTED_BY_DETERMINISTIC_DIVERSITY_TIE_BREAK
OSS,Technology,false,true,true,true,true,2018-05-04,2023-12-15,296,294,T1-B1-S1-I1,PASS_REQUIRED_WINDOWS,0,0,0,true,false,2487,TEXT_CONTENT_INTEGRITY_NOT_AUDITED_M2_02,NOT_SELECTED_BY_DETERMINISTIC_DIVERSITY_TIE_BREAK
OSUR,Healthcare,false,true,true,true,true,2000-03-31,2023-12-15,1240,1238,T1-B1-S1-I1,PASS_REQUIRED_WINDOWS,0,0,0,true,false,126,TEXT_CONTENT_INTEGRITY_NOT_AUDITED_M2_02,NOT_SELECTED_BY_DETERMINISTIC_DIVERSITY_TIE_BREAK
OSW,Consumer Cyclical,false,true,true,true,true,2018-02-16,2023-12-15,307,305,T1-B1-S1-I1,PASS_REQUIRED_WINDOWS,0,0,0,true,false,1262,TEXT_CONTENT_INTEGRITY_NOT_AUDITED_M2_02,NOT_SELECTED_BY_DETERMINISTIC_DIVERSITY_TIE_BREAK
OTEX,Technology,false,true,true,true,true,2000-03-31,2023-12-15,1240,1238,T1-B1-S1-I1,PASS_REQUIRED_WINDOWS,0,0,0,true,false,2337,TEXT_CONTENT_INTEGRITY_NOT_AUDITED_M2_02,NOT_SELECTED_BY_DETERMINISTIC_DIVERSITY_TIE_BREAK
OTIS,Industrials,false,true,true,true,true,2020-06-19,2023-12-15,185,183,T1-B1-S1-I1,PASS_REQUIRED_WINDOWS,0,0,0,true,false,848,TEXT_CONTENT_INTEGRITY_NOT_AUDITED_M2_02,NOT_SELECTED_BY_DETERMINISTIC_DIVERSITY_TIE_BREAK
OTLK,Healthcare,false,true,true,true,true,2016-09-09,2023-12-15,382,380,T1-B1-S1-I1,PASS_REQUIRED_WINDOWS,0,0,0,true,false,1994,TEXT_CONTENT_INTEGRITY_NOT_AUDITED_M2_02,NOT_SELECTED_BY_DETERMINISTIC_DIVERSITY_TIE_BREAK
OTTW,Financial Services,false,true,false,true,true,2007-08-03,2023-12-15,857,855,T1-B0-S1-I1,PASS_REQUIRED_WINDOWS,0,0,0,true,false,452,TEXT_CONTENT_INTEGRITY_NOT_AUDITED_M2_02;TABLE_MEMBER_MISSING,NOT_SELECTED_BY_DETERMINISTIC_DIVERSITY_TIE_BREAK
OUNZ,N/A,false,true,true,true,true,,,0,0,T1-B1-S1-I1,INVALID_HEADER,0,0,0,false,false,,TEXT_CONTENT_INTEGRITY_NOT_AUDITED_M2_02,INCOMPLETE_STRUCTURALLY_VALID_REQUIRED_WINDOWS
OUSA,N/A,false,true,false,true,true,,,0,0,T1-B0-S1-I1,INVALID_HEADER,0,0,0,false,false,,TEXT_CONTENT_INTEGRITY_NOT_AUDITED_M2_02;TABLE_MEMBER_MISSING,INCOMPLETE_STRUCTURALLY_VALID_REQUIRED_WINDOWS
OUSM,N/A,false,true,false,true,true,,,0,0,T1-B0-S1-I1,INVALID_HEADER,0,0,0,false,false,,TEXT_CONTENT_INTEGRITY_NOT_AUDITED_M2_02;TABLE_MEMBER_MISSING,INCOMPLETE_STRUCTURALLY_VALID_REQUIRED_WINDOWS
OUT,Real Estate,false,true,true,true,true,2014-06-27,2023-12-15,497,495,T1-B1-S1-I1,PASS_REQUIRED_WINDOWS,0,0,0,true,false,1874,TEXT_CONTENT_INTEGRITY_NOT_AUDITED_M2_02,NOT_SELECTED_BY_DETERMINISTIC_DIVERSITY_TIE_BREAK
OVB,N/A,false,true,false,true,true,,,0,0,T1-B0-S1-I1,INVALID_HEADER,0,0,0,false,false,,TEXT_CONTENT_INTEGRITY_NOT_AUDITED_M2_02;TABLE_MEMBER_MISSING,INCOMPLETE_STRUCTURALLY_VALID_REQUIRED_WINDOWS
OVBC,Financial Services,false,true,true,true,true,2000-03-31,2023-12-15,1240,1238,T1-B1-S1-I1,PASS_REQUIRED_WINDOWS,0,0,0,true,false,2344,TEXT_CONTENT_INTEGRITY_NOT_AUDITED_M2_02,NOT_SELECTED_BY_DETERMINISTIC_DIVERSITY_TIE_BREAK
OVF,N/A,false,true,false,true,true,,,0,0,T1-B0-S1-I1,INVALID_HEADER,0,0,0,false,false,,TEXT_CONTENT_INTEGRITY_NOT_AUDITED_M2_02;TABLE_MEMBER_MISSING,INCOMPLETE_STRUCTURALLY_VALID_REQUIRED_WINDOWS
OVID,Healthcare,false,true,true,true,true,2017-08-04,2023-12-15,335,333,T1-B1-S1-I1,PASS_REQUIRED_WINDOWS,0,0,0,true,false,654,TEXT_CONTENT_INTEGRITY_NOT_AUDITED_M2_02,NOT_SELECTED_BY_DETERMINISTIC_DIVERSITY_TIE_BREAK
OVL,N/A,false,true,false,true,true,,,0,0,T1-B0-S1-I1,INVALID_HEADER,0,0,0,false,false,,TEXT_CONTENT_INTEGRITY_NOT_AUDITED_M2_02;TABLE_MEMBER_MISSING,INCOMPLETE_STRUCTURALLY_VALID_REQUIRED_WINDOWS
OVLY,Financial Services,false,true,true,true,true,2004-01-16,2023-12-15,1042,1040,T1-B1-S1-I1,PASS_REQUIRED_WINDOWS,0,0,0,true,false,2287,TEXT_CONTENT_INTEGRITY_NOT_AUDITED_M2_02,NOT_SELECTED_BY_DETERMINISTIC_DIVERSITY_TIE_BREAK
OVM,N/A,false,true,false,true,true,,,0,0,T1-B0-S1-I1,INVALID_HEADER,0,0,0,false,false,,TEXT_CONTENT_INTEGRITY_NOT_AUDITED_M2_02;TABLE_MEMBER_MISSING,INCOMPLETE_STRUCTURALLY_VALID_REQUIRED_WINDOWS
OVS,N/A,false,true,false,true,true,,,0,0,T1-B0-S1-I1,INVALID_HEADER,0,0,0,false,false,,TEXT_CONTENT_INTEGRITY_NOT_AUDITED_M2_02;TABLE_MEMBER_MISSING,INCOMPLETE_STRUCTURALLY_VALID_REQUIRED_WINDOWS
OVV,Energy,false,true,true,true,true,2002-07-05,2023-12-15,1122,1120,T1-B1-S1-I1,PASS_REQUIRED_WINDOWS,0,0,0,true,false,1592,TEXT_CONTENT_INTEGRITY_NOT_AUDITED_M2_02,NOT_SELECTED_BY_DETERMINISTIC_DIVERSITY_TIE_BREAK
OXBR,Financial Services,false,true,true,true,true,2014-06-27,2023-12-15,497,495,T1-B1-S1-I1,PASS_REQUIRED_WINDOWS,0,0,0,true,false,2806,TEXT_CONTENT_INTEGRITY_NOT_AUDITED_M2_02,NOT_SELECTED_BY_DETERMINISTIC_DIVERSITY_TIE_BREAK
OXLC,Financial Services,false,true,false,true,true,2011-04-21,2023-12-15,663,661,T1-B0-S1-I1,PASS_REQUIRED_WINDOWS,0,0,0,true,false,1760,TEXT_CONTENT_INTEGRITY_NOT_AUDITED_M2_02;TABLE_MEMBER_MISSING,NOT_SELECTED_BY_DETERMINISTIC_DIVERSITY_TIE_BREAK
OXLCO,Financial Services,false,true,false,true,true,2021-11-05,2023-12-15,113,111,T1-B0-S1-I1,PASS_REQUIRED_WINDOWS,0,0,0,true,false,1809,TEXT_CONTENT_INTEGRITY_NOT_AUDITED_M2_02;TABLE_MEMBER_MISSING,NOT_SELECTED_BY_DETERMINISTIC_DIVERSITY_TIE_BREAK
OXSQ,Financial Services,false,true,true,true,true,2004-02-27,2023-12-15,1036,1034,T1-B1-S1-I1,PASS_REQUIRED_WINDOWS,0,0,0,true,false,2970,TEXT_CONTENT_INTEGRITY_NOT_AUDITED_M2_02,NOT_SELECTED_BY_DETERMINISTIC_DIVERSITY_TIE_BREAK
OXSQZ,N/A,false,true,true,true,true,2019-07-05,2023-12-15,235,233,T1-B1-S1-I1,PASS_REQUIRED_WINDOWS,0,0,0,true,false,1218,TEXT_CONTENT_INTEGRITY_NOT_AUDITED_M2_02,NOT_SELECTED_BY_DETERMINISTIC_DIVERSITY_TIE_BREAK
OXY,Energy,false,true,true,true,true,2000-03-31,2023-12-15,1240,1238,T1-B1-S1-I1,PASS_REQUIRED_WINDOWS,0,0,0,true,false,2718,TEXT_CONTENT_INTEGRITY_NOT_AUDITED_M2_02,NOT_SELECTED_BY_DETERMINISTIC_DIVERSITY_TIE_BREAK
OZK,Financial Services,false,true,false,true,true,2000-03-31,2023-12-15,1240,1238,T1-B0-S1-I1,PASS_REQUIRED_WINDOWS,0,0,0,true,false,20,TEXT_CONTENT_INTEGRITY_NOT_AUDITED_M2_02;TABLE_MEMBER_MISSING,NOT_SELECTED_BY_DETERMINISTIC_DIVERSITY_TIE_BREAK
PAA,Energy,false,true,true,true,true,2000-03-31,2023-12-15,1240,1238,T1-B1-S1-I1,PASS_REQUIRED_WINDOWS,0,0,0,true,false,1046,TEXT_CONTENT_INTEGRITY_NOT_AUDITED_M2_02,NOT_SELECTED_BY_DETERMINISTIC_DIVERSITY_TIE_BREAK
PAAS,Basic Materials,false,true,true,true,true,2000-03-31,2023-12-15,1240,1238,T1-B1-S1-I1,PASS_REQUIRED_WINDOWS,0,0,0,true,false,386,TEXT_CONTENT_INTEGRITY_NOT_AUDITED_M2_02,NOT_SELECTED_BY_DETERMINISTIC_DIVERSITY_TIE_BREAK
PACB,Healthcare,false,true,true,true,true,2011-01-28,2023-12-15,675,673,T1-B1-S1-I1,PASS_REQUIRED_WINDOWS,0,0,0,true,false,1236,TEXT_CONTENT_INTEGRITY_NOT_AUDITED_M2_02,NOT_SELECTED_BY_DETERMINISTIC_DIVERSITY_TIE_BREAK
PACK,Consumer Cyclical,false,true,true,true,true,2018-06-08,2023-12-15,291,289,T1-B1-S1-I1,PASS_REQUIRED_WINDOWS,0,0,0,true,false,65,TEXT_CONTENT_INTEGRITY_NOT_AUDITED_M2_02,NOT_SELECTED_BY_DETERMINISTIC_DIVERSITY_TIE_BREAK
PAG,Consumer Cyclical,false,true,true,true,true,2000-03-31,2023-12-15,1240,1238,T1-B1-S1-I1,PASS_REQUIRED_WINDOWS,0,0,0,true,false,220,TEXT_CONTENT_INTEGRITY_NOT_AUDITED_M2_02,NOT_SELECTED_BY_DETERMINISTIC_DIVERSITY_TIE_BREAK
PAGP,Energy,false,true,true,true,true,2014-01-17,2023-12-15,520,518,T1-B1-S1-I1,PASS_REQUIRED_WINDOWS,0,0,0,true,false,876,TEXT_CONTENT_INTEGRITY_NOT_AUDITED_M2_02,NOT_SELECTED_BY_DETERMINISTIC_DIVERSITY_TIE_BREAK
PAGS,Technology,false,true,true,true,true,2018-04-20,2023-12-15,298,296,T1-B1-S1-I1,PASS_REQUIRED_WINDOWS,0,0,0,true,false,1657,TEXT_CONTENT_INTEGRITY_NOT_AUDITED_M2_02,NOT_SELECTED_BY_DETERMINISTIC_DIVERSITY_TIE_BREAK
PAHC,Healthcare,false,true,true,true,true,2014-07-11,2023-12-15,495,493,T1-B1-S1-I1,PASS_REQUIRED_WINDOWS,0,0,0,true,false,1522,TEXT_CONTENT_INTEGRITY_NOT_AUDITED_M2_02,NOT_SELECTED_BY_DETERMINISTIC_DIVERSITY_TIE_BREAK
PAK,N/A,false,true,false,true,true,,,0,0,T1-B0-S1-I1,INVALID_HEADER,0,0,0,false,false,,TEXT_CONTENT_INTEGRITY_NOT_AUDITED_M2_02;TABLE_MEMBER_MISSING,INCOMPLETE_STRUCTURALLY_VALID_REQUIRED_WINDOWS
PALC,N/A,false,true,false,true,true,,,0,0,T1-B0-S1-I1,INVALID_HEADER,0,0,0,false,false,,TEXT_CONTENT_INTEGRITY_NOT_AUDITED_M2_02;TABLE_MEMBER_MISSING,INCOMPLETE_STRUCTURALLY_VALID_REQUIRED_WINDOWS
PALL,N/A,false,true,true,true,true,,,0,0,T1-B1-S1-I1,INVALID_HEADER,0,0,0,false,false,,TEXT_CONTENT_INTEGRITY_NOT_AUDITED_M2_02,INCOMPLETE_STRUCTURALLY_VALID_REQUIRED_WINDOWS
PAM,Utilities,false,true,true,true,true,2010-01-08,2023-12-15,730,728,T1-B1-S1-I1,PASS_REQUIRED_WINDOWS,0,0,0,true,false,2279,TEXT_CONTENT_INTEGRITY_NOT_AUDITED_M2_02,NOT_SELECTED_BY_DETERMINISTIC_DIVERSITY_TIE_BREAK
PAMC,N/A,false,true,false,true,true,,,0,0,T1-B0-S1-I1,INVALID_HEADER,0,0,0,false,false,,TEXT_CONTENT_INTEGRITY_NOT_AUDITED_M2_02;TABLE_MEMBER_MISSING,INCOMPLETE_STRUCTURALLY_VALID_REQUIRED_WINDOWS
PANL,Industrials,false,true,true,true,true,2014-03-21,2023-12-15,511,509,T1-B1-S1-I1,PASS_REQUIRED_WINDOWS,0,0,0,true,false,548,TEXT_CONTENT_INTEGRITY_NOT_AUDITED_M2_02,NOT_SELECTED_BY_DETERMINISTIC_DIVERSITY_TIE_BREAK
PANW,Technology,false,true,true,true,true,2012-10-19,2023-12-15,585,583,T1-B1-S1-I1,PASS_REQUIRED_WINDOWS,0,0,0,true,false,1020,TEXT_CONTENT_INTEGRITY_NOT_AUDITED_M2_02,NOT_SELECTED_BY_DETERMINISTIC_DIVERSITY_TIE_BREAK
PAPR,N/A,false,true,false,true,true,,,0,0,T1-B0-S1-I1,INVALID_HEADER,0,0,0,false,false,,TEXT_CONTENT_INTEGRITY_NOT_AUDITED_M2_02;TABLE_MEMBER_MISSING,INCOMPLETE_STRUCTURALLY_VALID_REQUIRED_WINDOWS
PAR,Technology,false,true,true,true,true,2000-03-31,2023-12-15,1240,1238,T1-B1-S1-I1,PASS_REQUIRED_WINDOWS,0,0,0,true,false,1067,TEXT_CONTENT_INTEGRITY_NOT_AUDITED_M2_02,NOT_SELECTED_BY_DETERMINISTIC_DIVERSITY_TIE_BREAK
PARR,Energy,false,true,true,true,true,2012-12-07,2023-12-15,578,576,T1-B1-S1-I1,PASS_REQUIRED_WINDOWS,0,0,0,true,false,2900,TEXT_CONTENT_INTEGRITY_NOT_AUDITED_M2_02,NOT_SELECTED_BY_DETERMINISTIC_DIVERSITY_TIE_BREAK
PASG,Healthcare,false,true,true,true,true,2020-05-29,2023-12-15,188,186,T1-B1-S1-I1,PASS_REQUIRED_WINDOWS,0,0,0,true,false,2452,TEXT_CONTENT_INTEGRITY_NOT_AUDITED_M2_02,NOT_SELECTED_BY_DETERMINISTIC_DIVERSITY_TIE_BREAK
PATK,Consumer Cyclical,false,true,true,true,true,2000-03-31,2023-12-15,1240,1238,T1-B1-S1-I1,PASS_REQUIRED_WINDOWS,0,0,0,true,false,291,TEXT_CONTENT_INTEGRITY_NOT_AUDITED_M2_02,NOT_SELECTED_BY_DETERMINISTIC_DIVERSITY_TIE_BREAK
PAUG,N/A,false,true,false,true,true,,,0,0,T1-B0-S1-I1,INVALID_HEADER,0,0,0,false,false,,TEXT_CONTENT_INTEGRITY_NOT_AUDITED_M2_02;TABLE_MEMBER_MISSING,INCOMPLETE_STRUCTURALLY_VALID_REQUIRED_WINDOWS
PAVE,N/A,false,true,false,true,true,,,0,0,T1-B0-S1-I1,INVALID_HEADER,0,0,0,false,false,,TEXT_CONTENT_INTEGRITY_NOT_AUDITED_M2_02;TABLE_MEMBER_MISSING,INCOMPLETE_STRUCTURALLY_VALID_REQUIRED_WINDOWS
PAVM,Healthcare,false,true,true,true,true,2016-10-21,2023-12-15,376,374,T1-B1-S1-I1,PASS_REQUIRED_WINDOWS,0,0,0,true,false,1855,TEXT_CONTENT_INTEGRITY_NOT_AUDITED_M2_02,NOT_SELECTED_BY_DETERMINISTIC_DIVERSITY_TIE_BREAK
PAWZ,N/A,false,true,false,true,true,,,0,0,T1-B0-S1-I1,INVALID_HEADER,0,0,0,false,false,,TEXT_CONTENT_INTEGRITY_NOT_AUDITED_M2_02;TABLE_MEMBER_MISSING,INCOMPLETE_STRUCTURALLY_VALID_REQUIRED_WINDOWS
PAYS,Technology,false,true,true,true,true,2008-01-11,2023-12-15,834,832,T1-B1-S1-I1,PASS_REQUIRED_WINDOWS,0,0,0,true,false,623,TEXT_CONTENT_INTEGRITY_NOT_AUDITED_M2_02,NOT_SELECTED_BY_DETERMINISTIC_DIVERSITY_TIE_BREAK
PAYX,Technology,false,true,true,true,true,2000-03-31,2023-12-15,1240,1238,T1-B1-S1-I1,PASS_REQUIRED_WINDOWS,0,0,0,true,false,569,TEXT_CONTENT_INTEGRITY_NOT_AUDITED_M2_02,NOT_SELECTED_BY_DETERMINISTIC_DIVERSITY_TIE_BREAK
PBA,Energy,false,true,true,true,true,2010-12-31,2023-12-15,679,677,T1-B1-S1-I1,PASS_REQUIRED_WINDOWS,0,0,0,true,false,1983,TEXT_CONTENT_INTEGRITY_NOT_AUDITED_M2_02,NOT_SELECTED_BY_DETERMINISTIC_DIVERSITY_TIE_BREAK
PBD,N/A,false,true,false,true,true,,,0,0,T1-B0-S1-I1,INVALID_HEADER,0,0,0,false,false,,TEXT_CONTENT_INTEGRITY_NOT_AUDITED_M2_02;TABLE_MEMBER_MISSING,INCOMPLETE_STRUCTURALLY_VALID_REQUIRED_WINDOWS
PBE,N/A,false,true,false,true,true,,,0,0,T1-B0-S1-I1,INVALID_HEADER,0,0,0,false,false,,TEXT_CONTENT_INTEGRITY_NOT_AUDITED_M2_02;TABLE_MEMBER_MISSING,INCOMPLETE_STRUCTURALLY_VALID_REQUIRED_WINDOWS
PBF,Energy,false,true,true,true,true,2013-03-15,2023-12-15,564,562,T1-B1-S1-I1,PASS_REQUIRED_WINDOWS,0,0,0,true,false,401,TEXT_CONTENT_INTEGRITY_NOT_AUDITED_M2_02,NOT_SELECTED_BY_DETERMINISTIC_DIVERSITY_TIE_BREAK
PBFS,Financial Services,false,true,true,true,true,2019-10-11,2023-12-15,221,219,T1-B1-S1-I1,PASS_REQUIRED_WINDOWS,0,0,0,true,false,2426,TEXT_CONTENT_INTEGRITY_NOT_AUDITED_M2_02,NOT_SELECTED_BY_DETERMINISTIC_DIVERSITY_TIE_BREAK
PBH,Healthcare,false,true,true,true,true,2005-05-13,2023-12-15,973,971,T1-B1-S1-I1,PASS_REQUIRED_WINDOWS,0,0,0,true,false,2736,TEXT_CONTENT_INTEGRITY_NOT_AUDITED_M2_02,NOT_SELECTED_BY_DETERMINISTIC_DIVERSITY_TIE_BREAK
PBHC,Financial Services,false,true,true,true,true,2000-03-31,2023-12-15,1240,1238,T1-B1-S1-I1,PASS_REQUIRED_WINDOWS,0,0,0,true,false,2685,TEXT_CONTENT_INTEGRITY_NOT_AUDITED_M2_02,NOT_SELECTED_BY_DETERMINISTIC_DIVERSITY_TIE_BREAK
PBI,Industrials,false,true,true,true,true,2000-03-31,2023-12-15,1240,1238,T1-B1-S1-I1,PASS_REQUIRED_WINDOWS,0,0,0,true,false,1014,TEXT_CONTENT_INTEGRITY_NOT_AUDITED_M2_02,NOT_SELECTED_BY_DETERMINISTIC_DIVERSITY_TIE_BREAK
PBJ,N/A,false,true,false,true,true,,,0,0,T1-B0-S1-I1,INVALID_HEADER,0,0,0,false,false,,TEXT_CONTENT_INTEGRITY_NOT_AUDITED_M2_02;TABLE_MEMBER_MISSING,INCOMPLETE_STRUCTURALLY_VALID_REQUIRED_WINDOWS
PBP,N/A,false,true,false,true,true,,,0,0,T1-B0-S1-I1,INVALID_HEADER,0,0,0,false,false,,TEXT_CONTENT_INTEGRITY_NOT_AUDITED_M2_02;TABLE_MEMBER_MISSING,INCOMPLETE_STRUCTURALLY_VALID_REQUIRED_WINDOWS
PBPB,Consumer Cyclical,false,true,true,true,true,2014-01-03,2023-12-15,522,520,T1-B1-S1-I1,PASS_REQUIRED_WINDOWS,0,0,0,true,false,1999,TEXT_CONTENT_INTEGRITY_NOT_AUDITED_M2_02,NOT_SELECTED_BY_DETERMINISTIC_DIVERSITY_TIE_BREAK
PBR,Energy,false,true,true,true,true,2000-11-03,2023-12-15,1209,1207,T1-B1-S1-I1,PASS_REQUIRED_WINDOWS,0,0,0,true,false,2135,TEXT_CONTENT_INTEGRITY_NOT_AUDITED_M2_02,NOT_SELECTED_BY_DETERMINISTIC_DIVERSITY_TIE_BREAK
PBR-A,Energy,false,true,true,true,true,2004-01-02,2023-12-15,1044,1042,T1-B1-S1-I1,PASS_REQUIRED_WINDOWS,0,0,0,true,false,2329,TEXT_CONTENT_INTEGRITY_NOT_AUDITED_M2_02,NOT_SELECTED_BY_DETERMINISTIC_DIVERSITY_TIE_BREAK
PBT,Energy,false,true,false,true,true,2000-03-31,2023-12-15,1240,1238,T1-B0-S1-I1,PASS_REQUIRED_WINDOWS,0,0,0,true,false,666,TEXT_CONTENT_INTEGRITY_NOT_AUDITED_M2_02;TABLE_MEMBER_MISSING,NOT_SELECTED_BY_DETERMINISTIC_DIVERSITY_TIE_BREAK
PBTP,N/A,false,true,false,true,true,,,0,0,T1-B0-S1-I1,INVALID_HEADER,0,0,0,false,false,,TEXT_CONTENT_INTEGRITY_NOT_AUDITED_M2_02;TABLE_MEMBER_MISSING,INCOMPLETE_STRUCTURALLY_VALID_REQUIRED_WINDOWS
PBUS,N/A,false,true,false,true,true,,,0,0,T1-B0-S1-I1,INVALID_HEADER,0,0,0,false,false,,TEXT_CONTENT_INTEGRITY_NOT_AUDITED_M2_02;TABLE_MEMBER_MISSING,INCOMPLETE_STRUCTURALLY_VALID_REQUIRED_WINDOWS
PBYI,Healthcare,false,true,true,true,true,2012-07-20,2023-12-15,598,596,T1-B1-S1-I1,PASS_REQUIRED_WINDOWS,0,0,0,true,false,2801,TEXT_CONTENT_INTEGRITY_NOT_AUDITED_M2_02,NOT_SELECTED_BY_DETERMINISTIC_DIVERSITY_TIE_BREAK
PCAR,Industrials,false,true,true,true,true,2000-03-31,2023-12-15,1240,1238,T1-B1-S1-I1,PASS_REQUIRED_WINDOWS,0,0,0,true,false,2851,TEXT_CONTENT_INTEGRITY_NOT_AUDITED_M2_02,NOT_SELECTED_BY_DETERMINISTIC_DIVERSITY_TIE_BREAK
PCB,Financial Services,false,true,true,true,true,2018-11-09,2023-12-15,269,267,T1-B1-S1-I1,PASS_REQUIRED_WINDOWS,0,0,0,true,false,1513,TEXT_CONTENT_INTEGRITY_NOT_AUDITED_M2_02,NOT_SELECTED_BY_DETERMINISTIC_DIVERSITY_TIE_BREAK
PCEF,N/A,false,true,false,true,true,,,0,0,T1-B0-S1-I1,INVALID_HEADER,0,0,0,false,false,,TEXT_CONTENT_INTEGRITY_NOT_AUDITED_M2_02;TABLE_MEMBER_MISSING,INCOMPLETE_STRUCTURALLY_VALID_REQUIRED_WINDOWS
PCF,Financial Services,false,true,false,true,true,2000-03-31,2023-12-15,1240,1238,T1-B0-S1-I1,PASS_REQUIRED_WINDOWS,0,0,0,true,false,1361,TEXT_CONTENT_INTEGRITY_NOT_AUDITED_M2_02;TABLE_MEMBER_MISSING,NOT_SELECTED_BY_DETERMINISTIC_DIVERSITY_TIE_BREAK
PCG,Utilities,false,true,true,true,true,2000-03-31,2023-12-15,1240,1238,T1-B1-S1-I1,PASS_REQUIRED_WINDOWS,0,0,0,true,false,2420,TEXT_CONTENT_INTEGRITY_NOT_AUDITED_M2_02,NOT_SELECTED_BY_DETERMINISTIC_DIVERSITY_TIE_BREAK
PCH,Real Estate,false,true,true,true,true,2000-03-31,2023-12-15,1240,1238,T1-B1-S1-I1,PASS_REQUIRED_WINDOWS,0,0,0,true,false,1367,TEXT_CONTENT_INTEGRITY_NOT_AUDITED_M2_02,NOT_SELECTED_BY_DETERMINISTIC_DIVERSITY_TIE_BREAK
PCK,Financial Services,false,true,false,true,true,2002-09-20,2023-12-15,1111,1109,T1-B0-S1-I1,PASS_REQUIRED_WINDOWS,0,0,0,true,false,381,TEXT_CONTENT_INTEGRITY_NOT_AUDITED_M2_02;TABLE_MEMBER_MISSING,NOT_SELECTED_BY_DETERMINISTIC_DIVERSITY_TIE_BREAK
PCM,Financial Services,false,true,false,true,true,2000-03-31,2023-12-15,1240,1238,T1-B0-S1-I1,PASS_REQUIRED_WINDOWS,0,0,0,true,false,361,TEXT_CONTENT_INTEGRITY_NOT_AUDITED_M2_02;TABLE_MEMBER_MISSING,NOT_SELECTED_BY_DETERMINISTIC_DIVERSITY_TIE_BREAK
PCN,Financial Services,false,true,false,true,true,2002-03-22,2023-12-15,1137,1135,T1-B0-S1-I1,PASS_REQUIRED_WINDOWS,0,0,0,true,false,794,TEXT_CONTENT_INTEGRITY_NOT_AUDITED_M2_02;TABLE_MEMBER_MISSING,NOT_SELECTED_BY_DETERMINISTIC_DIVERSITY_TIE_BREAK
PCQ,Financial Services,false,true,false,true,true,2001-09-28,2023-12-15,1162,1160,T1-B0-S1-I1,PASS_REQUIRED_WINDOWS,0,0,0,true,false,597,TEXT_CONTENT_INTEGRITY_NOT_AUDITED_M2_02;TABLE_MEMBER_MISSING,NOT_SELECTED_BY_DETERMINISTIC_DIVERSITY_TIE_BREAK
PCRX,Healthcare,false,true,true,true,true,2011-05-06,2023-12-15,661,659,T1-B1-S1-I1,PASS_REQUIRED_WINDOWS,0,0,0,true,false,1032,TEXT_CONTENT_INTEGRITY_NOT_AUDITED_M2_02,NOT_SELECTED_BY_DETERMINISTIC_DIVERSITY_TIE_BREAK
PCTY,Technology,false,true,true,true,true,2014-06-13,2023-12-15,499,497,T1-B1-S1-I1,PASS_REQUIRED_WINDOWS,0,0,0,true,false,977,TEXT_CONTENT_INTEGRITY_NOT_AUDITED_M2_02,NOT_SELECTED_BY_DETERMINISTIC_DIVERSITY_TIE_BREAK
PCVX,Healthcare,false,true,true,true,true,2020-09-11,2023-12-15,173,171,T1-B1-S1-I1,PASS_REQUIRED_WINDOWS,0,0,0,true,false,732,TEXT_CONTENT_INTEGRITY_NOT_AUDITED_M2_02,NOT_SELECTED_BY_DETERMINISTIC_DIVERSITY_TIE_BREAK
PCYO,Utilities,false,true,true,true,true,2000-03-31,2023-12-15,1240,1238,T1-B1-S1-I1,PASS_REQUIRED_WINDOWS,0,0,0,true,false,1017,TEXT_CONTENT_INTEGRITY_NOT_AUDITED_M2_02,NOT_SELECTED_BY_DETERMINISTIC_DIVERSITY_TIE_BREAK
PD,Technology,false,true,true,true,true,2019-07-12,2023-12-15,234,232,T1-B1-S1-I1,PASS_REQUIRED_WINDOWS,0,0,0,true,false,1960,TEXT_CONTENT_INTEGRITY_NOT_AUDITED_M2_02,NOT_SELECTED_BY_DETERMINISTIC_DIVERSITY_TIE_BREAK
PDBC,N/A,false,true,false,true,true,,,0,0,T1-B0-S1-I1,INVALID_HEADER,0,0,0,false,false,,TEXT_CONTENT_INTEGRITY_NOT_AUDITED_M2_02;TABLE_MEMBER_MISSING,INCOMPLETE_STRUCTURALLY_VALID_REQUIRED_WINDOWS
PDCO,Healthcare,false,true,true,true,true,2000-03-31,2023-12-15,1240,1238,T1-B1-S1-I1,PASS_REQUIRED_WINDOWS,0,0,0,true,false,307,TEXT_CONTENT_INTEGRITY_NOT_AUDITED_M2_02,NOT_SELECTED_BY_DETERMINISTIC_DIVERSITY_TIE_BREAK
PDD,Consumer Cyclical,false,true,true,true,true,2018-10-19,2023-12-15,272,270,T1-B1-S1-I1,PASS_REQUIRED_WINDOWS,0,0,0,true,false,281,TEXT_CONTENT_INTEGRITY_NOT_AUDITED_M2_02,NOT_SELECTED_BY_DETERMINISTIC_DIVERSITY_TIE_BREAK
PDEC,N/A,false,true,false,true,true,,,0,0,T1-B0-S1-I1,INVALID_HEADER,0,0,0,false,false,,TEXT_CONTENT_INTEGRITY_NOT_AUDITED_M2_02;TABLE_MEMBER_MISSING,INCOMPLETE_STRUCTURALLY_VALID_REQUIRED_WINDOWS
PDEX,Healthcare,false,true,true,true,true,2000-03-31,2023-12-15,1240,1238,T1-B1-S1-I1,PASS_REQUIRED_WINDOWS,0,0,0,true,false,517,TEXT_CONTENT_INTEGRITY_NOT_AUDITED_M2_02,NOT_SELECTED_BY_DETERMINISTIC_DIVERSITY_TIE_BREAK
PDFS,Technology,false,true,true,true,true,2001-11-02,2023-12-15,1157,1155,T1-B1-S1-I1,PASS_REQUIRED_WINDOWS,0,0,0,true,false,1124,TEXT_CONTENT_INTEGRITY_NOT_AUDITED_M2_02,NOT_SELECTED_BY_DETERMINISTIC_DIVERSITY_TIE_BREAK
PDI,Financial Services,false,true,false,true,true,2012-08-24,2023-12-15,593,591,T1-B0-S1-I1,PASS_REQUIRED_WINDOWS,0,0,0,true,false,2760,TEXT_CONTENT_INTEGRITY_NOT_AUDITED_M2_02;TABLE_MEMBER_MISSING,NOT_SELECTED_BY_DETERMINISTIC_DIVERSITY_TIE_BREAK
PDLB,Financial Services,false,true,true,true,true,2017-12-29,2023-12-15,314,312,T1-B1-S1-I1,PASS_REQUIRED_WINDOWS,0,0,0,true,false,2086,TEXT_CONTENT_INTEGRITY_NOT_AUDITED_M2_02,NOT_SELECTED_BY_DETERMINISTIC_DIVERSITY_TIE_BREAK
PDM,Real Estate,false,true,true,true,true,2010-05-07,2023-12-15,713,711,T1-B1-S1-I1,PASS_REQUIRED_WINDOWS,0,0,0,true,false,2187,TEXT_CONTENT_INTEGRITY_NOT_AUDITED_M2_02,NOT_SELECTED_BY_DETERMINISTIC_DIVERSITY_TIE_BREAK
PDN,N/A,false,true,false,true,true,,,0,0,T1-B0-S1-I1,INVALID_HEADER,0,0,0,false,false,,TEXT_CONTENT_INTEGRITY_NOT_AUDITED_M2_02;TABLE_MEMBER_MISSING,INCOMPLETE_STRUCTURALLY_VALID_REQUIRED_WINDOWS
PDS,Energy,false,true,true,true,true,2000-03-31,2023-12-15,1240,1238,T1-B1-S1-I1,PASS_REQUIRED_WINDOWS,0,0,0,true,false,2574,TEXT_CONTENT_INTEGRITY_NOT_AUDITED_M2_02,NOT_SELECTED_BY_DETERMINISTIC_DIVERSITY_TIE_BREAK
PDT,Financial Services,false,true,false,true,true,2000-03-31,2023-12-15,1240,1238,T1-B0-S1-I1,PASS_REQUIRED_WINDOWS,0,0,0,true,false,2339,TEXT_CONTENT_INTEGRITY_NOT_AUDITED_M2_02;TABLE_MEMBER_MISSING,NOT_SELECTED_BY_DETERMINISTIC_DIVERSITY_TIE_BREAK
PEBK,Financial Services,false,true,true,true,true,2000-03-31,2023-12-15,1240,1238,T1-B1-S1-I1,PASS_REQUIRED_WINDOWS,0,0,0,true,false,2233,TEXT_CONTENT_INTEGRITY_NOT_AUDITED_M2_02,NOT_SELECTED_BY_DETERMINISTIC_DIVERSITY_TIE_BREAK
PEBO,Financial Services,false,true,true,true,true,2000-03-31,2023-12-15,1240,1238,T1-B1-S1-I1,PASS_REQUIRED_WINDOWS,0,0,0,true,false,1510,TEXT_CONTENT_INTEGRITY_NOT_AUDITED_M2_02,NOT_SELECTED_BY_DETERMINISTIC_DIVERSITY_TIE_BREAK
PED,Energy,false,true,true,true,true,2003-08-01,2023-12-15,1066,1064,T1-B1-S1-I1,PASS_REQUIRED_WINDOWS,0,0,0,true,false,1183,TEXT_CONTENT_INTEGRITY_NOT_AUDITED_M2_02,NOT_SELECTED_BY_DETERMINISTIC_DIVERSITY_TIE_BREAK
PEG,Utilities,false,true,true,true,true,2000-03-31,2023-12-15,1240,1238,T1-B1-S1-I1,PASS_REQUIRED_WINDOWS,0,0,0,true,false,837,TEXT_CONTENT_INTEGRITY_NOT_AUDITED_M2_02,NOT_SELECTED_BY_DETERMINISTIC_DIVERSITY_TIE_BREAK
PEGA,Technology,false,true,true,true,true,2000-03-31,2023-12-15,1240,1238,T1-B1-S1-I1,PASS_REQUIRED_WINDOWS,0,0,0,true,false,2950,TEXT_CONTENT_INTEGRITY_NOT_AUDITED_M2_02,NOT_SELECTED_BY_DETERMINISTIC_DIVERSITY_TIE_BREAK
PEJ,N/A,false,true,false,true,true,,,0,0,T1-B0-S1-I1,INVALID_HEADER,0,0,0,false,false,,TEXT_CONTENT_INTEGRITY_NOT_AUDITED_M2_02;TABLE_MEMBER_MISSING,INCOMPLETE_STRUCTURALLY_VALID_REQUIRED_WINDOWS
PEN,Healthcare,false,true,true,true,true,2015-12-18,2023-12-15,420,418,T1-B1-S1-I1,PASS_REQUIRED_WINDOWS,0,0,0,true,false,1662,TEXT_CONTENT_INTEGRITY_NOT_AUDITED_M2_02,NOT_SELECTED_BY_DETERMINISTIC_DIVERSITY_TIE_BREAK
PENN,Consumer Cyclical,false,true,true,true,true,2000-03-31,2023-12-15,1240,1238,T1-B1-S1-I1,PASS_REQUIRED_WINDOWS,0,0,0,true,false,1562,TEXT_CONTENT_INTEGRITY_NOT_AUDITED_M2_02,NOT_SELECTED_BY_DETERMINISTIC_DIVERSITY_TIE_BREAK
PEO,Financial Services,false,true,false,true,true,2000-03-31,2023-12-15,1240,1238,T1-B0-S1-I1,PASS_REQUIRED_WINDOWS,0,0,0,true,false,1885,TEXT_CONTENT_INTEGRITY_NOT_AUDITED_M2_02;TABLE_MEMBER_MISSING,NOT_SELECTED_BY_DETERMINISTIC_DIVERSITY_TIE_BREAK
PEP,Consumer Defensive,false,true,true,true,true,2000-03-31,2023-12-15,1240,1238,T1-B1-S1-I1,PASS_REQUIRED_WINDOWS,0,0,0,true,false,2012,TEXT_CONTENT_INTEGRITY_NOT_AUDITED_M2_02,NOT_SELECTED_BY_DETERMINISTIC_DIVERSITY_TIE_BREAK
PESI,Industrials,false,true,true,true,true,2000-03-31,2023-12-15,1240,1238,T1-B1-S1-I1,PASS_REQUIRED_WINDOWS,0,0,0,true,false,519,TEXT_CONTENT_INTEGRITY_NOT_AUDITED_M2_02,NOT_SELECTED_BY_DETERMINISTIC_DIVERSITY_TIE_BREAK
PETZ,Consumer Cyclical,false,true,true,true,true,2017-12-15,2023-12-15,316,314,T1-B1-S1-I1,PASS_REQUIRED_WINDOWS,0,0,0,true,false,805,TEXT_CONTENT_INTEGRITY_NOT_AUDITED_M2_02,NOT_SELECTED_BY_DETERMINISTIC_DIVERSITY_TIE_BREAK
PEX,N/A,false,true,false,true,true,,,0,0,T1-B0-S1-I1,INVALID_HEADER,0,0,0,false,false,,TEXT_CONTENT_INTEGRITY_NOT_AUDITED_M2_02;TABLE_MEMBER_MISSING,INCOMPLETE_STRUCTURALLY_VALID_REQUIRED_WINDOWS
PEY,N/A,false,true,false,true,true,,,0,0,T1-B0-S1-I1,INVALID_HEADER,0,0,0,false,false,,TEXT_CONTENT_INTEGRITY_NOT_AUDITED_M2_02;TABLE_MEMBER_MISSING,INCOMPLETE_STRUCTURALLY_VALID_REQUIRED_WINDOWS
PEZ,N/A,false,true,false,true,true,,,0,0,T1-B0-S1-I1,INVALID_HEADER,0,0,0,false,false,,TEXT_CONTENT_INTEGRITY_NOT_AUDITED_M2_02;TABLE_MEMBER_MISSING,INCOMPLETE_STRUCTURALLY_VALID_REQUIRED_WINDOWS
PFBC,Financial Services,false,true,false,true,true,2000-03-31,2023-12-15,1240,1238,T1-B0-S1-I1,PASS_REQUIRED_WINDOWS,0,0,0,true,false,1294,TEXT_CONTENT_INTEGRITY_NOT_AUDITED_M2_02;TABLE_MEMBER_MISSING,NOT_SELECTED_BY_DETERMINISTIC_DIVERSITY_TIE_BREAK
PFC,Financial Services,false,true,false,true,true,2000-03-31,2023-12-15,1197,1195,T1-B0-S1-I1,PASS_REQUIRED_WINDOWS,4,0,0,true,false,2817,TEXT_CONTENT_INTEGRITY_NOT_AUDITED_M2_02;TABLE_MEMBER_MISSING,NOT_SELECTED_BY_DETERMINISTIC_DIVERSITY_TIE_BREAK
PFE,Healthcare,false,false,true,true,true,2000-03-31,2023-12-15,1240,1238,T0-B1-S1-I1,PASS_REQUIRED_WINDOWS,0,0,0,true,false,1483,TEXT_CONTENT_INTEGRITY_NOT_AUDITED_M2_02;TEXT_MEMBER_MISSING,NOT_SELECTED_BY_DETERMINISTIC_DIVERSITY_TIE_BREAK
PFF,N/A,false,true,false,true,true,,,0,0,T1-B0-S1-I1,INVALID_HEADER,0,0,0,false,false,,TEXT_CONTENT_INTEGRITY_NOT_AUDITED_M2_02;TABLE_MEMBER_MISSING,INCOMPLETE_STRUCTURALLY_VALID_REQUIRED_WINDOWS
PFFA,N/A,false,true,false,true,true,,,0,0,T1-B0-S1-I1,INVALID_HEADER,0,0,0,false,false,,TEXT_CONTENT_INTEGRITY_NOT_AUDITED_M2_02;TABLE_MEMBER_MISSING,INCOMPLETE_STRUCTURALLY_VALID_REQUIRED_WINDOWS
PFFD,N/A,false,true,false,true,true,,,0,0,T1-B0-S1-I1,INVALID_HEADER,0,0,0,false,false,,TEXT_CONTENT_INTEGRITY_NOT_AUDITED_M2_02;TABLE_MEMBER_MISSING,INCOMPLETE_STRUCTURALLY_VALID_REQUIRED_WINDOWS
PFFL,N/A,false,true,true,true,true,,,0,0,T1-B1-S1-I1,INVALID_HEADER,0,0,0,false,false,,TEXT_CONTENT_INTEGRITY_NOT_AUDITED_M2_02,INCOMPLETE_STRUCTURALLY_VALID_REQUIRED_WINDOWS
PFFR,N/A,false,true,false,true,true,,,0,0,T1-B0-S1-I1,INVALID_HEADER,0,0,0,false,false,,TEXT_CONTENT_INTEGRITY_NOT_AUDITED_M2_02;TABLE_MEMBER_MISSING,INCOMPLETE_STRUCTURALLY_VALID_REQUIRED_WINDOWS
PFG,Financial Services,false,true,true,true,true,2002-01-18,2023-12-15,1146,1144,T1-B1-S1-I1,PASS_REQUIRED_WINDOWS,0,0,0,true,false,1955,TEXT_CONTENT_INTEGRITY_NOT_AUDITED_M2_02,NOT_SELECTED_BY_DETERMINISTIC_DIVERSITY_TIE_BREAK
PFI,N/A,false,true,false,true,true,,,0,0,T1-B0-S1-I1,INVALID_HEADER,0,0,0,false,false,,TEXT_CONTENT_INTEGRITY_NOT_AUDITED_M2_02;TABLE_MEMBER_MISSING,INCOMPLETE_STRUCTURALLY_VALID_REQUIRED_WINDOWS
PFIG,N/A,false,true,false,true,true,,,0,0,T1-B0-S1-I1,INVALID_HEADER,0,0,0,false,false,,TEXT_CONTENT_INTEGRITY_NOT_AUDITED_M2_02;TABLE_MEMBER_MISSING,INCOMPLETE_STRUCTURALLY_VALID_REQUIRED_WINDOWS
PFL,Financial Services,false,true,false,true,true,2003-11-21,2023-12-15,1050,1048,T1-B0-S1-I1,PASS_REQUIRED_WINDOWS,0,0,0,true,false,353,TEXT_CONTENT_INTEGRITY_NOT_AUDITED_M2_02;TABLE_MEMBER_MISSING,NOT_SELECTED_BY_DETERMINISTIC_DIVERSITY_TIE_BREAK
PFLT,Financial Services,false,true,true,true,true,2011-07-08,2023-12-15,652,650,T1-B1-S1-I1,PASS_REQUIRED_WINDOWS,0,0,0,true,false,2763,TEXT_CONTENT_INTEGRITY_NOT_AUDITED_M2_02,NOT_SELECTED_BY_DETERMINISTIC_DIVERSITY_TIE_BREAK
PFM,N/A,false,true,false,true,true,,,0,0,T1-B0-S1-I1,INVALID_HEADER,0,0,0,false,false,,TEXT_CONTENT_INTEGRITY_NOT_AUDITED_M2_02;TABLE_MEMBER_MISSING,INCOMPLETE_STRUCTURALLY_VALID_REQUIRED_WINDOWS
PFS,Financial Services,false,true,true,true,true,2003-04-17,2023-12-15,1081,1079,T1-B1-S1-I1,PASS_REQUIRED_WINDOWS,0,0,0,true,false,815,TEXT_CONTENT_INTEGRITY_NOT_AUDITED_M2_02,NOT_SELECTED_BY_DETERMINISTIC_DIVERSITY_TIE_BREAK
PFSI,Financial Services,false,true,true,true,true,2013-08-09,2023-12-15,543,541,T1-B1-S1-I1,PASS_REQUIRED_WINDOWS,0,0,0,true,false,1281,TEXT_CONTENT_INTEGRITY_NOT_AUDITED_M2_02,NOT_SELECTED_BY_DETERMINISTIC_DIVERSITY_TIE_BREAK
PFXF,N/A,false,true,false,true,true,,,0,0,T1-B0-S1-I1,INVALID_HEADER,0,0,0,false,false,,TEXT_CONTENT_INTEGRITY_NOT_AUDITED_M2_02;TABLE_MEMBER_MISSING,INCOMPLETE_STRUCTURALLY_VALID_REQUIRED_WINDOWS
PGAL,N/A,false,true,false,true,true,,,0,0,T1-B0-S1-I1,INVALID_HEADER,0,0,0,false,false,,TEXT_CONTENT_INTEGRITY_NOT_AUDITED_M2_02;TABLE_MEMBER_MISSING,INCOMPLETE_STRUCTURALLY_VALID_REQUIRED_WINDOWS
PGC,Financial Services,false,true,true,true,true,2000-03-31,2023-12-15,1240,1238,T1-B1-S1-I1,PASS_REQUIRED_WINDOWS,0,0,0,true,false,1394,TEXT_CONTENT_INTEGRITY_NOT_AUDITED_M2_02,NOT_SELECTED_BY_DETERMINISTIC_DIVERSITY_TIE_BREAK
PGEN,Healthcare,false,true,true,true,true,2013-11-01,2023-12-15,531,529,T1-B1-S1-I1,PASS_REQUIRED_WINDOWS,0,0,0,true,false,2313,TEXT_CONTENT_INTEGRITY_NOT_AUDITED_M2_02,NOT_SELECTED_BY_DETERMINISTIC_DIVERSITY_TIE_BREAK
PGF,N/A,false,true,false,true,true,,,0,0,T1-B0-S1-I1,INVALID_HEADER,0,0,0,false,false,,TEXT_CONTENT_INTEGRITY_NOT_AUDITED_M2_02;TABLE_MEMBER_MISSING,INCOMPLETE_STRUCTURALLY_VALID_REQUIRED_WINDOWS
PGHY,N/A,false,true,false,true,true,,,0,0,T1-B0-S1-I1,INVALID_HEADER,0,0,0,false,false,,TEXT_CONTENT_INTEGRITY_NOT_AUDITED_M2_02;TABLE_MEMBER_MISSING,INCOMPLETE_STRUCTURALLY_VALID_REQUIRED_WINDOWS
PGJ,N/A,false,true,false,true,true,,,0,0,T1-B0-S1-I1,INVALID_HEADER,0,0,0,false,false,,TEXT_CONTENT_INTEGRITY_NOT_AUDITED_M2_02;TABLE_MEMBER_MISSING,INCOMPLETE_STRUCTURALLY_VALID_REQUIRED_WINDOWS
PGNY,Healthcare,false,true,true,true,true,2020-01-24,2023-12-15,206,204,T1-B1-S1-I1,PASS_REQUIRED_WINDOWS,0,0,0,true,false,2316,TEXT_CONTENT_INTEGRITY_NOT_AUDITED_M2_02,NOT_SELECTED_BY_DETERMINISTIC_DIVERSITY_TIE_BREAK
PGP,Financial Services,false,true,false,true,true,2005-08-26,2023-12-15,958,956,T1-B0-S1-I1,PASS_REQUIRED_WINDOWS,0,0,0,true,false,2717,TEXT_CONTENT_INTEGRITY_NOT_AUDITED_M2_02;TABLE_MEMBER_MISSING,NOT_SELECTED_BY_DETERMINISTIC_DIVERSITY_TIE_BREAK
PGR,Financial Services,false,true,true,true,true,2000-03-31,2023-12-15,1240,1238,T1-B1-S1-I1,PASS_REQUIRED_WINDOWS,0,0,0,true,false,256,TEXT_CONTENT_INTEGRITY_NOT_AUDITED_M2_02,NOT_SELECTED_BY_DETERMINISTIC_DIVERSITY_TIE_BREAK
PGRE,Real Estate,false,true,true,true,true,2015-02-20,2023-12-15,463,461,T1-B1-S1-I1,PASS_REQUIRED_WINDOWS,0,0,0,true,false,1946,TEXT_CONTENT_INTEGRITY_NOT_AUDITED_M2_02,NOT_SELECTED_BY_DETERMINISTIC_DIVERSITY_TIE_BREAK
PGX,N/A,false,true,false,true,true,,,0,0,T1-B0-S1-I1,INVALID_HEADER,0,0,0,false,false,,TEXT_CONTENT_INTEGRITY_NOT_AUDITED_M2_02;TABLE_MEMBER_MISSING,INCOMPLETE_STRUCTURALLY_VALID_REQUIRED_WINDOWS
PGZ,Financial Services,false,true,false,true,true,2013-09-20,2023-12-15,537,535,T1-B0-S1-I1,PASS_REQUIRED_WINDOWS,0,0,0,true,false,38,TEXT_CONTENT_INTEGRITY_NOT_AUDITED_M2_02;TABLE_MEMBER_MISSING,NOT_SELECTED_BY_DETERMINISTIC_DIVERSITY_TIE_BREAK
PH,Industrials,false,true,true,true,true,2000-03-31,2023-12-15,1240,1238,T1-B1-S1-I1,PASS_REQUIRED_WINDOWS,0,0,0,true,false,1608,TEXT_CONTENT_INTEGRITY_NOT_AUDITED_M2_02,NOT_SELECTED_BY_DETERMINISTIC_DIVERSITY_TIE_BREAK
PHAT,Healthcare,false,true,true,true,true,2020-01-24,2023-12-15,206,204,T1-B1-S1-I1,PASS_REQUIRED_WINDOWS,0,0,0,true,false,1093,TEXT_CONTENT_INTEGRITY_NOT_AUDITED_M2_02,NOT_SELECTED_BY_DETERMINISTIC_DIVERSITY_TIE_BREAK
PHB,N/A,false,true,false,true,true,,,0,0,T1-B0-S1-I1,INVALID_HEADER,0,0,0,false,false,,TEXT_CONTENT_INTEGRITY_NOT_AUDITED_M2_02;TABLE_MEMBER_MISSING,INCOMPLETE_STRUCTURALLY_VALID_REQUIRED_WINDOWS
PHD,Financial Services,false,true,false,true,true,2005-03-24,2023-12-15,980,978,T1-B0-S1-I1,PASS_REQUIRED_WINDOWS,0,0,0,true,false,104,TEXT_CONTENT_INTEGRITY_NOT_AUDITED_M2_02;TABLE_MEMBER_MISSING,NOT_SELECTED_BY_DETERMINISTIC_DIVERSITY_TIE_BREAK
PHDG,N/A,false,true,false,true,true,,,0,0,T1-B0-S1-I1,INVALID_HEADER,0,0,0,false,false,,TEXT_CONTENT_INTEGRITY_NOT_AUDITED_M2_02;TABLE_MEMBER_MISSING,INCOMPLETE_STRUCTURALLY_VALID_REQUIRED_WINDOWS
PHG,Healthcare,false,true,true,true,true,2000-03-31,2023-12-15,1240,1238,T1-B1-S1-I1,PASS_REQUIRED_WINDOWS,0,0,0,true,false,2759,TEXT_CONTENT_INTEGRITY_NOT_AUDITED_M2_02,NOT_SELECTED_BY_DETERMINISTIC_DIVERSITY_TIE_BREAK
PHGE,Healthcare,false,true,true,true,true,2019-06-07,2023-12-15,239,237,T1-B1-S1-I1,PASS_REQUIRED_WINDOWS,0,0,0,true,false,2620,TEXT_CONTENT_INTEGRITY_NOT_AUDITED_M2_02,NOT_SELECTED_BY_DETERMINISTIC_DIVERSITY_TIE_BREAK
PHI,Communication Services,false,true,true,true,true,2000-03-31,2023-12-15,1240,1238,T1-B1-S1-I1,PASS_REQUIRED_WINDOWS,0,0,0,true,false,1415,TEXT_CONTENT_INTEGRITY_NOT_AUDITED_M2_02,NOT_SELECTED_BY_DETERMINISTIC_DIVERSITY_TIE_BREAK
PHIO,Healthcare,false,true,true,true,true,2012-08-10,2023-12-15,595,593,T1-B1-S1-I1,PASS_REQUIRED_WINDOWS,0,0,0,true,false,1790,TEXT_CONTENT_INTEGRITY_NOT_AUDITED_M2_02,NOT_SELECTED_BY_DETERMINISTIC_DIVERSITY_TIE_BREAK
PHK,Financial Services,false,true,false,true,true,2003-07-25,2023-12-15,1067,1065,T1-B0-S1-I1,PASS_REQUIRED_WINDOWS,0,0,0,true,false,1187,TEXT_CONTENT_INTEGRITY_NOT_AUDITED_M2_02;TABLE_MEMBER_MISSING,NOT_SELECTED_BY_DETERMINISTIC_DIVERSITY_TIE_BREAK
PHM,Consumer Cyclical,false,true,true,true,true,2000-03-31,2023-12-15,1240,1238,T1-B1-S1-I1,PASS_REQUIRED_WINDOWS,0,0,0,true,false,118,TEXT_CONTENT_INTEGRITY_NOT_AUDITED_M2_02,NOT_SELECTED_BY_DETERMINISTIC_DIVERSITY_TIE_BREAK
PHO,N/A,false,true,false,true,true,,,0,0,T1-B0-S1-I1,INVALID_HEADER,0,0,0,false,false,,TEXT_CONTENT_INTEGRITY_NOT_AUDITED_M2_02;TABLE_MEMBER_MISSING,INCOMPLETE_STRUCTURALLY_VALID_REQUIRED_WINDOWS
PHT,Financial Services,false,true,false,true,true,2002-07-26,2023-12-15,1119,1117,T1-B0-S1-I1,PASS_REQUIRED_WINDOWS,0,0,0,true,false,1136,TEXT_CONTENT_INTEGRITY_NOT_AUDITED_M2_02;TABLE_MEMBER_MISSING,NOT_SELECTED_BY_DETERMINISTIC_DIVERSITY_TIE_BREAK
PHUN,Technology,false,true,true,true,true,2017-01-27,2023-12-15,362,360,T1-B1-S1-I1,PASS_REQUIRED_WINDOWS,0,0,0,true,false,677,TEXT_CONTENT_INTEGRITY_NOT_AUDITED_M2_02,NOT_SELECTED_BY_DETERMINISTIC_DIVERSITY_TIE_BREAK
PHX,Energy,false,true,true,true,true,2000-03-31,2023-12-15,1240,1238,T1-B1-S1-I1,PASS_REQUIRED_WINDOWS,0,0,0,true,false,1041,TEXT_CONTENT_INTEGRITY_NOT_AUDITED_M2_02,NOT_SELECTED_BY_DETERMINISTIC_DIVERSITY_TIE_BREAK
PHYS,N/A,false,true,true,true,true,2010-05-28,2023-12-15,710,708,T1-B1-S1-I1,PASS_REQUIRED_WINDOWS,0,0,0,true,false,111,TEXT_CONTENT_INTEGRITY_NOT_AUDITED_M2_02,NOT_SELECTED_BY_DETERMINISTIC_DIVERSITY_TIE_BREAK
PI,Technology,false,true,true,true,true,2016-10-14,2023-12-15,377,375,T1-B1-S1-I1,PASS_REQUIRED_WINDOWS,0,0,0,true,false,2260,TEXT_CONTENT_INTEGRITY_NOT_AUDITED_M2_02,NOT_SELECTED_BY_DETERMINISTIC_DIVERSITY_TIE_BREAK
PICK,N/A,false,true,false,true,true,,,0,0,T1-B0-S1-I1,INVALID_HEADER,0,0,0,false,false,,TEXT_CONTENT_INTEGRITY_NOT_AUDITED_M2_02;TABLE_MEMBER_MISSING,INCOMPLETE_STRUCTURALLY_VALID_REQUIRED_WINDOWS
PID,N/A,false,true,false,true,true,,,0,0,T1-B0-S1-I1,INVALID_HEADER,0,0,0,false,false,,TEXT_CONTENT_INTEGRITY_NOT_AUDITED_M2_02;TABLE_MEMBER_MISSING,INCOMPLETE_STRUCTURALLY_VALID_REQUIRED_WINDOWS
PIE,N/A,false,true,false,true,true,,,0,0,T1-B0-S1-I1,INVALID_HEADER,0,0,0,false,false,,TEXT_CONTENT_INTEGRITY_NOT_AUDITED_M2_02;TABLE_MEMBER_MISSING,INCOMPLETE_STRUCTURALLY_VALID_REQUIRED_WINDOWS
PILL,N/A,false,true,false,true,true,,,0,0,T1-B0-S1-I1,INVALID_HEADER,0,0,0,false,false,,TEXT_CONTENT_INTEGRITY_NOT_AUDITED_M2_02;TABLE_MEMBER_MISSING,INCOMPLETE_STRUCTURALLY_VALID_REQUIRED_WINDOWS
PIM,Financial Services,false,true,false,true,true,2000-03-31,2023-12-15,1240,1238,T1-B0-S1-I1,PASS_REQUIRED_WINDOWS,0,0,0,true,false,351,TEXT_CONTENT_INTEGRITY_NOT_AUDITED_M2_02;TABLE_MEMBER_MISSING,NOT_SELECTED_BY_DETERMINISTIC_DIVERSITY_TIE_BREAK
PIN,N/A,false,true,false,true,true,,,0,0,T1-B0-S1-I1,INVALID_HEADER,0,0,0,false,false,,TEXT_CONTENT_INTEGRITY_NOT_AUDITED_M2_02;TABLE_MEMBER_MISSING,INCOMPLETE_STRUCTURALLY_VALID_REQUIRED_WINDOWS
PINC,Healthcare,false,true,true,true,true,2013-12-20,2023-12-15,524,522,T1-B1-S1-I1,PASS_REQUIRED_WINDOWS,0,0,0,true,false,1051,TEXT_CONTENT_INTEGRITY_NOT_AUDITED_M2_02,NOT_SELECTED_BY_DETERMINISTIC_DIVERSITY_TIE_BREAK
PINE,Real Estate,false,true,true,true,true,2020-02-21,2023-12-15,202,200,T1-B1-S1-I1,PASS_REQUIRED_WINDOWS,0,0,0,true,false,531,TEXT_CONTENT_INTEGRITY_NOT_AUDITED_M2_02,NOT_SELECTED_BY_DETERMINISTIC_DIVERSITY_TIE_BREAK
PINS,Communication Services,false,true,true,true,true,2019-07-19,2023-12-15,233,231,T1-B1-S1-I1,PASS_REQUIRED_WINDOWS,0,0,0,true,false,122,TEXT_CONTENT_INTEGRITY_NOT_AUDITED_M2_02,NOT_SELECTED_BY_DETERMINISTIC_DIVERSITY_TIE_BREAK
PIO,N/A,false,true,false,true,true,,,0,0,T1-B0-S1-I1,INVALID_HEADER,0,0,0,false,false,,TEXT_CONTENT_INTEGRITY_NOT_AUDITED_M2_02;TABLE_MEMBER_MISSING,INCOMPLETE_STRUCTURALLY_VALID_REQUIRED_WINDOWS
PIXY,Industrials,false,true,false,true,true,2017-09-29,2023-12-15,327,325,T1-B0-S1-I1,PASS_REQUIRED_WINDOWS,0,0,0,true,false,2142,TEXT_CONTENT_INTEGRITY_NOT_AUDITED_M2_02;TABLE_MEMBER_MISSING,NOT_SELECTED_BY_DETERMINISTIC_DIVERSITY_TIE_BREAK
PIZ,N/A,false,true,false,true,true,,,0,0,T1-B0-S1-I1,INVALID_HEADER,0,0,0,false,false,,TEXT_CONTENT_INTEGRITY_NOT_AUDITED_M2_02;TABLE_MEMBER_MISSING,INCOMPLETE_STRUCTURALLY_VALID_REQUIRED_WINDOWS
PJP,N/A,false,true,false,true,true,,,0,0,T1-B0-S1-I1,INVALID_HEADER,0,0,0,false,false,,TEXT_CONTENT_INTEGRITY_NOT_AUDITED_M2_02;TABLE_MEMBER_MISSING,INCOMPLETE_STRUCTURALLY_VALID_REQUIRED_WINDOWS
PJT,Financial Services,false,true,true,true,true,2015-12-18,2023-12-15,420,418,T1-B1-S1-I1,PASS_REQUIRED_WINDOWS,0,0,0,true,false,2619,TEXT_CONTENT_INTEGRITY_NOT_AUDITED_M2_02,NOT_SELECTED_BY_DETERMINISTIC_DIVERSITY_TIE_BREAK
PK,Real Estate,false,true,true,true,true,2017-03-31,2023-12-15,353,351,T1-B1-S1-I1,PASS_REQUIRED_WINDOWS,0,0,0,true,false,1728,TEXT_CONTENT_INTEGRITY_NOT_AUDITED_M2_02,NOT_SELECTED_BY_DETERMINISTIC_DIVERSITY_TIE_BREAK
PKB,N/A,false,true,false,true,true,,,0,0,T1-B0-S1-I1,INVALID_HEADER,0,0,0,false,false,,TEXT_CONTENT_INTEGRITY_NOT_AUDITED_M2_02;TABLE_MEMBER_MISSING,INCOMPLETE_STRUCTURALLY_VALID_REQUIRED_WINDOWS
PKE,Industrials,false,true,true,true,true,2000-03-31,2023-12-15,1240,1238,T1-B1-S1-I1,PASS_REQUIRED_WINDOWS,0,0,0,true,false,396,TEXT_CONTENT_INTEGRITY_NOT_AUDITED_M2_02,NOT_SELECTED_BY_DETERMINISTIC_DIVERSITY_TIE_BREAK
PKG,Consumer Cyclical,false,true,true,true,true,2000-04-28,2023-12-15,1236,1234,T1-B1-S1-I1,PASS_REQUIRED_WINDOWS,0,0,0,true,false,2885,TEXT_CONTENT_INTEGRITY_NOT_AUDITED_M2_02,NOT_SELECTED_BY_DETERMINISTIC_DIVERSITY_TIE_BREAK
PKOH,Industrials,false,true,true,true,true,2000-03-31,2023-12-15,1240,1238,T1-B1-S1-I1,PASS_REQUIRED_WINDOWS,0,0,0,true,false,616,TEXT_CONTENT_INTEGRITY_NOT_AUDITED_M2_02,NOT_SELECTED_BY_DETERMINISTIC_DIVERSITY_TIE_BREAK
PKW,N/A,false,true,false,true,true,,,0,0,T1-B0-S1-I1,INVALID_HEADER,0,0,0,false,false,,TEXT_CONTENT_INTEGRITY_NOT_AUDITED_M2_02;TABLE_MEMBER_MISSING,INCOMPLETE_STRUCTURALLY_VALID_REQUIRED_WINDOWS
PKX,Basic Materials,false,true,true,true,true,2000-03-31,2023-12-15,1240,1238,T1-B1-S1-I1,PASS_REQUIRED_WINDOWS,0,0,0,true,false,1286,TEXT_CONTENT_INTEGRITY_NOT_AUDITED_M2_02,NOT_SELECTED_BY_DETERMINISTIC_DIVERSITY_TIE_BREAK
PLAB,Technology,false,true,true,true,true,2000-03-31,2023-12-15,1240,1238,T1-B1-S1-I1,PASS_REQUIRED_WINDOWS,0,0,0,true,false,312,TEXT_CONTENT_INTEGRITY_NOT_AUDITED_M2_02,NOT_SELECTED_BY_DETERMINISTIC_DIVERSITY_TIE_BREAK
PLAY,Communication Services,false,true,true,true,true,2015-01-09,2023-12-15,469,467,T1-B1-S1-I1,PASS_REQUIRED_WINDOWS,0,0,0,true,false,2124,TEXT_CONTENT_INTEGRITY_NOT_AUDITED_M2_02,NOT_SELECTED_BY_DETERMINISTIC_DIVERSITY_TIE_BREAK
PLBC,Financial Services,false,true,true,true,true,2003-03-14,2023-12-15,1086,1084,T1-B1-S1-I1,PASS_REQUIRED_WINDOWS,0,0,0,true,false,1880,TEXT_CONTENT_INTEGRITY_NOT_AUDITED_M2_02,NOT_SELECTED_BY_DETERMINISTIC_DIVERSITY_TIE_BREAK
PLCE,Consumer Cyclical,false,true,true,true,true,2000-03-31,2023-12-15,1240,1238,T1-B1-S1-I1,PASS_REQUIRED_WINDOWS,0,0,0,true,false,1991,TEXT_CONTENT_INTEGRITY_NOT_AUDITED_M2_02,NOT_SELECTED_BY_DETERMINISTIC_DIVERSITY_TIE_BREAK
PLD,Real Estate,false,true,true,true,true,2000-03-31,2023-12-15,1240,1238,T1-B1-S1-I1,PASS_REQUIRED_WINDOWS,0,0,0,true,false,292,TEXT_CONTENT_INTEGRITY_NOT_AUDITED_M2_02,NOT_SELECTED_BY_DETERMINISTIC_DIVERSITY_TIE_BREAK
PLG,Basic Materials,false,true,true,true,true,2006-02-10,2023-12-15,934,932,T1-B1-S1-I1,PASS_REQUIRED_WINDOWS,0,0,0,true,false,346,TEXT_CONTENT_INTEGRITY_NOT_AUDITED_M2_02,NOT_SELECTED_BY_DETERMINISTIC_DIVERSITY_TIE_BREAK
PLL,Basic Materials,false,true,true,true,true,2018-03-29,2023-12-15,301,299,T1-B1-S1-I1,PASS_REQUIRED_WINDOWS,0,0,0,true,false,927,TEXT_CONTENT_INTEGRITY_NOT_AUDITED_M2_02,NOT_SELECTED_BY_DETERMINISTIC_DIVERSITY_TIE_BREAK
PLMR,Financial Services,false,true,true,true,true,2019-07-19,2023-12-15,233,231,T1-B1-S1-I1,PASS_REQUIRED_WINDOWS,0,0,0,true,false,2341,TEXT_CONTENT_INTEGRITY_NOT_AUDITED_M2_02,NOT_SELECTED_BY_DETERMINISTIC_DIVERSITY_TIE_BREAK
PLOW,Consumer Cyclical,false,true,true,true,true,2010-07-30,2023-12-15,701,699,T1-B1-S1-I1,PASS_REQUIRED_WINDOWS,0,0,0,true,false,2629,TEXT_CONTENT_INTEGRITY_NOT_AUDITED_M2_02,NOT_SELECTED_BY_DETERMINISTIC_DIVERSITY_TIE_BREAK
PLPC,Industrials,false,true,true,true,true,2000-03-31,2023-12-15,1240,1238,T1-B1-S1-I1,PASS_REQUIRED_WINDOWS,0,0,0,true,false,1482,TEXT_CONTENT_INTEGRITY_NOT_AUDITED_M2_02,NOT_SELECTED_BY_DETERMINISTIC_DIVERSITY_TIE_BREAK
PLRX,Healthcare,false,true,true,true,true,2020-08-28,2023-12-15,175,173,T1-B1-S1-I1,PASS_REQUIRED_WINDOWS,0,0,0,true,false,267,TEXT_CONTENT_INTEGRITY_NOT_AUDITED_M2_02,NOT_SELECTED_BY_DETERMINISTIC_DIVERSITY_TIE_BREAK
PLSE,Healthcare,false,true,true,true,true,2016-08-12,2023-12-15,386,384,T1-B1-S1-I1,PASS_REQUIRED_WINDOWS,0,0,0,true,false,1779,TEXT_CONTENT_INTEGRITY_NOT_AUDITED_M2_02,NOT_SELECTED_BY_DETERMINISTIC_DIVERSITY_TIE_BREAK
PLTM,N/A,false,true,true,true,true,,,0,0,T1-B1-S1-I1,INVALID_HEADER,0,0,0,false,false,,TEXT_CONTENT_INTEGRITY_NOT_AUDITED_M2_02,INCOMPLETE_STRUCTURALLY_VALID_REQUIRED_WINDOWS
PLUG,Industrials,false,true,true,true,true,2000-03-31,2023-12-15,1240,1238,T1-B1-S1-I1,PASS_REQUIRED_WINDOWS,0,0,0,true,false,2272,TEXT_CONTENT_INTEGRITY_NOT_AUDITED_M2_02,NOT_SELECTED_BY_DETERMINISTIC_DIVERSITY_TIE_BREAK
PLUS,Technology,false,true,true,true,true,2000-03-31,2023-12-15,1240,1238,T1-B1-S1-I1,PASS_REQUIRED_WINDOWS,0,0,0,true,false,237,TEXT_CONTENT_INTEGRITY_NOT_AUDITED_M2_02,NOT_SELECTED_BY_DETERMINISTIC_DIVERSITY_TIE_BREAK
PLX,Healthcare,false,true,true,true,true,2000-03-31,2023-12-15,1240,1238,T1-B1-S1-I1,PASS_REQUIRED_WINDOWS,0,0,0,true,false,1597,TEXT_CONTENT_INTEGRITY_NOT_AUDITED_M2_02,NOT_SELECTED_BY_DETERMINISTIC_DIVERSITY_TIE_BREAK
PLXS,Technology,false,true,true,true,true,2000-03-31,2023-12-15,1240,1238,T1-B1-S1-I1,PASS_REQUIRED_WINDOWS,0,0,0,true,false,2388,TEXT_CONTENT_INTEGRITY_NOT_AUDITED_M2_02,NOT_SELECTED_BY_DETERMINISTIC_DIVERSITY_TIE_BREAK
PLYA,Consumer Cyclical,false,true,true,true,true,2016-02-12,2023-12-15,412,410,T1-B1-S1-I1,PASS_REQUIRED_WINDOWS,0,0,0,true,false,1305,TEXT_CONTENT_INTEGRITY_NOT_AUDITED_M2_02,NOT_SELECTED_BY_DETERMINISTIC_DIVERSITY_TIE_BREAK
PM,Consumer Defensive,false,true,true,true,true,2008-06-13,2023-12-15,812,810,T1-B1-S1-I1,PASS_REQUIRED_WINDOWS,0,0,0,true,false,2473,TEXT_CONTENT_INTEGRITY_NOT_AUDITED_M2_02,NOT_SELECTED_BY_DETERMINISTIC_DIVERSITY_TIE_BREAK
PMAY,N/A,false,true,false,true,true,,,0,0,T1-B0-S1-I1,INVALID_HEADER,0,0,0,false,false,,TEXT_CONTENT_INTEGRITY_NOT_AUDITED_M2_02;TABLE_MEMBER_MISSING,INCOMPLETE_STRUCTURALLY_VALID_REQUIRED_WINDOWS
PMD,N/A,false,true,false,true,true,2000-03-31,2023-12-15,1212,1210,T1-B0-S1-I1,PASS_REQUIRED_WINDOWS,2,0,0,true,false,2847,TEXT_CONTENT_INTEGRITY_NOT_AUDITED_M2_02;TABLE_MEMBER_MISSING,NOT_SELECTED_BY_DETERMINISTIC_DIVERSITY_TIE_BREAK
PMF,Financial Services,false,true,false,true,true,2001-09-28,2023-12-15,1162,1160,T1-B0-S1-I1,PASS_REQUIRED_WINDOWS,0,0,0,true,false,2562,TEXT_CONTENT_INTEGRITY_NOT_AUDITED_M2_02;TABLE_MEMBER_MISSING,NOT_SELECTED_BY_DETERMINISTIC_DIVERSITY_TIE_BREAK
PML,Financial Services,false,true,false,true,true,2002-09-20,2023-12-15,1111,1109,T1-B0-S1-I1,PASS_REQUIRED_WINDOWS,0,0,0,true,false,1391,TEXT_CONTENT_INTEGRITY_NOT_AUDITED_M2_02;TABLE_MEMBER_MISSING,NOT_SELECTED_BY_DETERMINISTIC_DIVERSITY_TIE_BREAK
PMM,Financial Services,false,true,false,true,true,2000-03-31,2023-12-15,1240,1238,T1-B0-S1-I1,PASS_REQUIRED_WINDOWS,0,0,0,true,false,1925,TEXT_CONTENT_INTEGRITY_NOT_AUDITED_M2_02;TABLE_MEMBER_MISSING,NOT_SELECTED_BY_DETERMINISTIC_DIVERSITY_TIE_BREAK
PMO,Financial Services,false,true,false,true,true,2000-03-31,2023-12-15,1240,1238,T1-B0-S1-I1,PASS_REQUIRED_WINDOWS,0,0,0,true,false,2209,TEXT_CONTENT_INTEGRITY_NOT_AUDITED_M2_02;TABLE_MEMBER_MISSING,NOT_SELECTED_BY_DETERMINISTIC_DIVERSITY_TIE_BREAK
PMT,Real Estate,false,true,true,true,true,2009-10-23,2023-12-15,741,739,T1-B1-S1-I1,PASS_REQUIRED_WINDOWS,0,0,0,true,false,1603,TEXT_CONTENT_INTEGRITY_NOT_AUDITED_M2_02,NOT_SELECTED_BY_DETERMINISTIC_DIVERSITY_TIE_BREAK
PMX,Financial Services,false,true,false,true,true,2003-01-31,2023-12-15,1092,1090,T1-B0-S1-I1,PASS_REQUIRED_WINDOWS,0,0,0,true,false,2825,TEXT_CONTENT_INTEGRITY_NOT_AUDITED_M2_02;TABLE_MEMBER_MISSING,NOT_SELECTED_BY_DETERMINISTIC_DIVERSITY_TIE_BREAK
PNBK,Financial Services,false,true,true,true,true,2000-03-31,2023-12-15,1240,1238,T1-B1-S1-I1,PASS_REQUIRED_WINDOWS,0,0,0,true,false,366,TEXT_CONTENT_INTEGRITY_NOT_AUDITED_M2_02,NOT_SELECTED_BY_DETERMINISTIC_DIVERSITY_TIE_BREAK
PNC,Financial Services,false,true,true,true,true,2000-03-31,2023-12-15,1240,1238,T1-B1-S1-I1,PASS_REQUIRED_WINDOWS,0,0,0,true,false,1248,TEXT_CONTENT_INTEGRITY_NOT_AUDITED_M2_02,NOT_SELECTED_BY_DETERMINISTIC_DIVERSITY_TIE_BREAK
PNF,Financial Services,false,true,false,true,true,2001-09-28,2023-12-15,1162,1160,T1-B0-S1-I1,PASS_REQUIRED_WINDOWS,0,0,0,true,false,2164,TEXT_CONTENT_INTEGRITY_NOT_AUDITED_M2_02;TABLE_MEMBER_MISSING,NOT_SELECTED_BY_DETERMINISTIC_DIVERSITY_TIE_BREAK
PNFP,Financial Services,false,true,true,true,true,2000-11-17,2023-12-15,1207,1205,T1-B1-S1-I1,PASS_REQUIRED_WINDOWS,0,0,0,true,false,2734,TEXT_CONTENT_INTEGRITY_NOT_AUDITED_M2_02,NOT_SELECTED_BY_DETERMINISTIC_DIVERSITY_TIE_BREAK
PNI,Financial Services,false,true,false,true,true,2002-09-20,2023-12-15,1111,1109,T1-B0-S1-I1,PASS_REQUIRED_WINDOWS,0,0,0,true,false,2762,TEXT_CONTENT_INTEGRITY_NOT_AUDITED_M2_02;TABLE_MEMBER_MISSING,NOT_SELECTED_BY_DETERMINISTIC_DIVERSITY_TIE_BREAK
PNNT,Financial Services,false,true,true,true,true,2007-07-20,2023-12-15,859,857,T1-B1-S1-I1,PASS_REQUIRED_WINDOWS,0,0,0,true,false,950,TEXT_CONTENT_INTEGRITY_NOT_AUDITED_M2_02,NOT_SELECTED_BY_DETERMINISTIC_DIVERSITY_TIE_BREAK
PNOV,N/A,false,true,false,true,true,,,0,0,T1-B0-S1-I1,INVALID_HEADER,0,0,0,false,false,,TEXT_CONTENT_INTEGRITY_NOT_AUDITED_M2_02;TABLE_MEMBER_MISSING,INCOMPLETE_STRUCTURALLY_VALID_REQUIRED_WINDOWS
PNR,Industrials,false,true,true,true,true,2000-03-31,2023-12-15,1240,1238,T1-B1-S1-I1,PASS_REQUIRED_WINDOWS,0,0,0,true,false,2628,TEXT_CONTENT_INTEGRITY_NOT_AUDITED_M2_02,NOT_SELECTED_BY_DETERMINISTIC_DIVERSITY_TIE_BREAK
PNTG,Healthcare,false,true,true,true,true,2019-12-27,2023-12-15,210,208,T1-B1-S1-I1,PASS_REQUIRED_WINDOWS,0,0,0,true,false,908,TEXT_CONTENT_INTEGRITY_NOT_AUDITED_M2_02,NOT_SELECTED_BY_DETERMINISTIC_DIVERSITY_TIE_BREAK
PNW,Utilities,false,true,true,true,true,2000-03-31,2023-12-15,1240,1238,T1-B1-S1-I1,PASS_REQUIRED_WINDOWS,0,0,0,true,false,1075,TEXT_CONTENT_INTEGRITY_NOT_AUDITED_M2_02,NOT_SELECTED_BY_DETERMINISTIC_DIVERSITY_TIE_BREAK
POAI,Healthcare,false,true,true,true,true,2010-07-30,2023-12-15,701,699,T1-B1-S1-I1,PASS_REQUIRED_WINDOWS,0,0,0,true,false,1244,TEXT_CONTENT_INTEGRITY_NOT_AUDITED_M2_02,NOT_SELECTED_BY_DETERMINISTIC_DIVERSITY_TIE_BREAK
PODD,Healthcare,false,true,true,true,true,2007-08-10,2023-12-15,856,854,T1-B1-S1-I1,PASS_REQUIRED_WINDOWS,0,0,0,true,false,942,TEXT_CONTENT_INTEGRITY_NOT_AUDITED_M2_02,NOT_SELECTED_BY_DETERMINISTIC_DIVERSITY_TIE_BREAK
POLA,Industrials,false,true,true,true,true,2017-03-10,2023-12-15,356,354,T1-B1-S1-I1,PASS_REQUIRED_WINDOWS,0,0,0,true,false,153,TEXT_CONTENT_INTEGRITY_NOT_AUDITED_M2_02,NOT_SELECTED_BY_DETERMINISTIC_DIVERSITY_TIE_BREAK
POOL,Industrials,false,true,true,true,true,2000-03-31,2023-12-15,1240,1238,T1-B1-S1-I1,PASS_REQUIRED_WINDOWS,0,0,0,true,false,1285,TEXT_CONTENT_INTEGRITY_NOT_AUDITED_M2_02,NOT_SELECTED_BY_DETERMINISTIC_DIVERSITY_TIE_BREAK
POR,Utilities,false,true,true,true,true,2006-06-30,2023-12-15,914,912,T1-B1-S1-I1,PASS_REQUIRED_WINDOWS,0,0,0,true,false,1535,TEXT_CONTENT_INTEGRITY_NOT_AUDITED_M2_02,NOT_SELECTED_BY_DETERMINISTIC_DIVERSITY_TIE_BREAK
POST,Consumer Defensive,false,true,true,true,true,2012-04-27,2023-12-15,610,608,T1-B1-S1-I1,PASS_REQUIRED_WINDOWS,0,0,0,true,false,1774,TEXT_CONTENT_INTEGRITY_NOT_AUDITED_M2_02,NOT_SELECTED_BY_DETERMINISTIC_DIVERSITY_TIE_BREAK
POTX,N/A,false,true,false,true,true,,,0,0,T1-B0-S1-I1,INVALID_HEADER,0,0,0,false,false,,TEXT_CONTENT_INTEGRITY_NOT_AUDITED_M2_02;TABLE_MEMBER_MISSING,INCOMPLETE_STRUCTURALLY_VALID_REQUIRED_WINDOWS
POWI,Technology,false,true,true,true,true,2000-03-31,2023-12-15,1240,1238,T1-B1-S1-I1,PASS_REQUIRED_WINDOWS,0,0,0,true,false,618,TEXT_CONTENT_INTEGRITY_NOT_AUDITED_M2_02,NOT_SELECTED_BY_DETERMINISTIC_DIVERSITY_TIE_BREAK
POWL,Industrials,false,true,true,true,true,2000-03-31,2023-12-15,1240,1238,T1-B1-S1-I1,PASS_REQUIRED_WINDOWS,0,0,0,true,false,1462,TEXT_CONTENT_INTEGRITY_NOT_AUDITED_M2_02,NOT_SELECTED_BY_DETERMINISTIC_DIVERSITY_TIE_BREAK
PPA,N/A,false,true,false,true,true,,,0,0,T1-B0-S1-I1,INVALID_HEADER,0,0,0,false,false,,TEXT_CONTENT_INTEGRITY_NOT_AUDITED_M2_02;TABLE_MEMBER_MISSING,INCOMPLETE_STRUCTURALLY_VALID_REQUIRED_WINDOWS
PPBI,Financial Services,false,true,true,true,true,2000-03-31,2023-12-15,1240,1238,T1-B1-S1-I1,PASS_REQUIRED_WINDOWS,0,0,0,true,false,2262,TEXT_CONTENT_INTEGRITY_NOT_AUDITED_M2_02,NOT_SELECTED_BY_DETERMINISTIC_DIVERSITY_TIE_BREAK
PPC,Consumer Defensive,false,true,true,true,true,2000-03-31,2023-12-15,1240,1238,T1-B1-S1-I1,PASS_REQUIRED_WINDOWS,0,0,0,true,false,263,TEXT_CONTENT_INTEGRITY_NOT_AUDITED_M2_02,NOT_SELECTED_BY_DETERMINISTIC_DIVERSITY_TIE_BREAK
PPEM,N/A,false,true,false,true,true,,,0,0,T1-B0-S1-I1,INVALID_HEADER,0,0,0,false,false,,TEXT_CONTENT_INTEGRITY_NOT_AUDITED_M2_02;TABLE_MEMBER_MISSING,INCOMPLETE_STRUCTURALLY_VALID_REQUIRED_WINDOWS
PPH,N/A,false,true,false,true,true,,,0,0,T1-B0-S1-I1,INVALID_HEADER,0,0,0,false,false,,TEXT_CONTENT_INTEGRITY_NOT_AUDITED_M2_02;TABLE_MEMBER_MISSING,INCOMPLETE_STRUCTURALLY_VALID_REQUIRED_WINDOWS
PPHI,Financial Services,false,true,false,true,true,2019-06-28,2023-12-15,236,234,T1-B0-S1-I1,PASS_REQUIRED_WINDOWS,0,0,0,true,false,990,TEXT_CONTENT_INTEGRITY_NOT_AUDITED_M2_02;TABLE_MEMBER_MISSING,NOT_SELECTED_BY_DETERMINISTIC_DIVERSITY_TIE_BREAK
PPLT,N/A,false,true,true,true,true,,,0,0,T1-B1-S1-I1,INVALID_HEADER,0,0,0,false,false,,TEXT_CONTENT_INTEGRITY_NOT_AUDITED_M2_02,INCOMPLETE_STRUCTURALLY_VALID_REQUIRED_WINDOWS
PPT,Financial Services,false,true,false,true,true,2000-03-31,2023-12-15,1240,1238,T1-B0-S1-I1,PASS_REQUIRED_WINDOWS,0,0,0,true,false,460,TEXT_CONTENT_INTEGRITY_NOT_AUDITED_M2_02;TABLE_MEMBER_MISSING,NOT_SELECTED_BY_DETERMINISTIC_DIVERSITY_TIE_BREAK
PPTY,N/A,false,true,false,true,true,,,0,0,T1-B0-S1-I1,INVALID_HEADER,0,0,0,false,false,,TEXT_CONTENT_INTEGRITY_NOT_AUDITED_M2_02;TABLE_MEMBER_MISSING,INCOMPLETE_STRUCTURALLY_VALID_REQUIRED_WINDOWS
PQDI,N/A,false,true,false,true,true,,,0,0,T1-B0-S1-I1,INVALID_HEADER,0,0,0,false,false,,TEXT_CONTENT_INTEGRITY_NOT_AUDITED_M2_02;TABLE_MEMBER_MISSING,INCOMPLETE_STRUCTURALLY_VALID_REQUIRED_WINDOWS
PRA,Financial Services,false,true,true,true,true,2000-03-31,2023-12-15,1240,1238,T1-B1-S1-I1,PASS_REQUIRED_WINDOWS,0,0,0,true,false,1799,TEXT_CONTENT_INTEGRITY_NOT_AUDITED_M2_02,NOT_SELECTED_BY_DETERMINISTIC_DIVERSITY_TIE_BREAK
PRAA,Financial Services,false,true,true,true,true,2003-02-07,2023-12-15,1091,1089,T1-B1-S1-I1,PASS_REQUIRED_WINDOWS,0,0,0,true,false,856,TEXT_CONTENT_INTEGRITY_NOT_AUDITED_M2_02,NOT_SELECTED_BY_DETERMINISTIC_DIVERSITY_TIE_BREAK
PRDO,Consumer Defensive,false,true,true,true,true,2000-03-31,2023-12-15,1240,1238,T1-B1-S1-I1,PASS_REQUIRED_WINDOWS,0,0,0,true,false,1007,TEXT_CONTENT_INTEGRITY_NOT_AUDITED_M2_02,NOT_SELECTED_BY_DETERMINISTIC_DIVERSITY_TIE_BREAK
PREF,N/A,false,true,false,true,true,,,0,0,T1-B0-S1-I1,INVALID_HEADER,0,0,0,false,false,,TEXT_CONTENT_INTEGRITY_NOT_AUDITED_M2_02;TABLE_MEMBER_MISSING,INCOMPLETE_STRUCTURALLY_VALID_REQUIRED_WINDOWS
PRF,N/A,false,true,false,true,true,,,0,0,T1-B0-S1-I1,INVALID_HEADER,0,0,0,false,false,,TEXT_CONTENT_INTEGRITY_NOT_AUDITED_M2_02;TABLE_MEMBER_MISSING,INCOMPLETE_STRUCTURALLY_VALID_REQUIRED_WINDOWS
PRFZ,N/A,false,true,false,true,true,,,0,0,T1-B0-S1-I1,INVALID_HEADER,0,0,0,false,false,,TEXT_CONTENT_INTEGRITY_NOT_AUDITED_M2_02;TABLE_MEMBER_MISSING,INCOMPLETE_STRUCTURALLY_VALID_REQUIRED_WINDOWS
PRGO,Healthcare,false,true,true,true,true,2000-03-31,2023-12-15,1240,1238,T1-B1-S1-I1,PASS_REQUIRED_WINDOWS,0,0,0,true,false,2005,TEXT_CONTENT_INTEGRITY_NOT_AUDITED_M2_02,NOT_SELECTED_BY_DETERMINISTIC_DIVERSITY_TIE_BREAK
PRGS,Technology,false,true,true,true,true,2000-03-31,2023-12-15,1240,1238,T1-B1-S1-I1,PASS_REQUIRED_WINDOWS,0,0,0,true,false,2418,TEXT_CONTENT_INTEGRITY_NOT_AUDITED_M2_02,NOT_SELECTED_BY_DETERMINISTIC_DIVERSITY_TIE_BREAK
PRH,N/A,false,true,true,true,true,2022-11-18,2023-12-15,59,57,T1-B1-S1-I1,PASS_REQUIRED_WINDOWS,0,0,0,true,false,1095,TEXT_CONTENT_INTEGRITY_NOT_AUDITED_M2_02,NOT_SELECTED_BY_DETERMINISTIC_DIVERSITY_TIE_BREAK
PRI,Financial Services,false,true,true,true,true,2010-07-02,2023-12-15,705,703,T1-B1-S1-I1,PASS_REQUIRED_WINDOWS,0,0,0,true,false,1551,TEXT_CONTENT_INTEGRITY_NOT_AUDITED_M2_02,NOT_SELECTED_BY_DETERMINISTIC_DIVERSITY_TIE_BREAK
PRIM,Industrials,false,true,true,true,true,2008-10-31,2023-12-15,792,790,T1-B1-S1-I1,PASS_REQUIRED_WINDOWS,0,0,0,true,false,2461,TEXT_CONTENT_INTEGRITY_NOT_AUDITED_M2_02,NOT_SELECTED_BY_DETERMINISTIC_DIVERSITY_TIE_BREAK
PRK,Financial Services,false,true,true,true,true,2000-03-31,2023-12-15,1240,1238,T1-B1-S1-I1,PASS_REQUIRED_WINDOWS,0,0,0,true,false,1586,TEXT_CONTENT_INTEGRITY_NOT_AUDITED_M2_02,NOT_SELECTED_BY_DETERMINISTIC_DIVERSITY_TIE_BREAK
PRLB,Industrials,false,true,true,true,true,2012-05-25,2023-12-15,606,604,T1-B1-S1-I1,PASS_REQUIRED_WINDOWS,0,0,0,true,false,2955,TEXT_CONTENT_INTEGRITY_NOT_AUDITED_M2_02,NOT_SELECTED_BY_DETERMINISTIC_DIVERSITY_TIE_BREAK
PRNT,N/A,false,true,false,true,true,,,0,0,T1-B0-S1-I1,INVALID_HEADER,0,0,0,false,false,,TEXT_CONTENT_INTEGRITY_NOT_AUDITED_M2_02;TABLE_MEMBER_MISSING,INCOMPLETE_STRUCTURALLY_VALID_REQUIRED_WINDOWS
PRO,Technology,false,true,true,true,true,2007-10-19,2023-12-15,846,844,T1-B1-S1-I1,PASS_REQUIRED_WINDOWS,0,0,0,true,false,338,TEXT_CONTENT_INTEGRITY_NOT_AUDITED_M2_02,NOT_SELECTED_BY_DETERMINISTIC_DIVERSITY_TIE_BREAK
PROF,Healthcare,false,true,true,true,true,2020-01-31,2023-12-15,205,203,T1-B1-S1-I1,PASS_REQUIRED_WINDOWS,0,0,0,true,false,1688,TEXT_CONTENT_INTEGRITY_NOT_AUDITED_M2_02,NOT_SELECTED_BY_DETERMINISTIC_DIVERSITY_TIE_BREAK
PROV,Financial Services,false,true,true,true,true,2000-03-31,2023-12-15,1240,1238,T1-B1-S1-I1,PASS_REQUIRED_WINDOWS,0,0,0,true,false,862,TEXT_CONTENT_INTEGRITY_NOT_AUDITED_M2_02,NOT_SELECTED_BY_DETERMINISTIC_DIVERSITY_TIE_BREAK
PRPH,Healthcare,false,true,true,true,true,2000-03-31,2023-12-15,1240,1238,T1-B1-S1-I1,PASS_REQUIRED_WINDOWS,0,0,0,true,false,2114,TEXT_CONTENT_INTEGRITY_NOT_AUDITED_M2_02,NOT_SELECTED_BY_DETERMINISTIC_DIVERSITY_TIE_BREAK
PRPL,Consumer Cyclical,false,true,true,true,true,2016-01-29,2023-12-15,414,412,T1-B1-S1-I1,PASS_REQUIRED_WINDOWS,0,0,0,true,false,1712,TEXT_CONTENT_INTEGRITY_NOT_AUDITED_M2_02,NOT_SELECTED_BY_DETERMINISTIC_DIVERSITY_TIE_BREAK
PRPO,Healthcare,false,true,true,true,true,2017-09-29,2023-12-15,327,325,T1-B1-S1-I1,PASS_REQUIRED_WINDOWS,0,0,0,true,false,1439,TEXT_CONTENT_INTEGRITY_NOT_AUDITED_M2_02,NOT_SELECTED_BY_DETERMINISTIC_DIVERSITY_TIE_BREAK
PRQR,Healthcare,false,true,true,true,true,2014-12-12,2023-12-15,473,471,T1-B1-S1-I1,PASS_REQUIRED_WINDOWS,0,0,0,true,false,730,TEXT_CONTENT_INTEGRITY_NOT_AUDITED_M2_02,NOT_SELECTED_BY_DETERMINISTIC_DIVERSITY_TIE_BREAK
PRS,N/A,false,true,true,true,true,2018-11-16,2023-12-15,268,266,T1-B1-S1-I1,PASS_REQUIRED_WINDOWS,0,0,0,true,false,438,TEXT_CONTENT_INTEGRITY_NOT_AUDITED_M2_02,NOT_SELECTED_BY_DETERMINISTIC_DIVERSITY_TIE_BREAK
PRT,Energy,false,true,false,true,true,2018-07-27,2023-12-15,284,282,T1-B0-S1-I1,PASS_REQUIRED_WINDOWS,0,0,0,true,false,2860,TEXT_CONTENT_INTEGRITY_NOT_AUDITED_M2_02;TABLE_MEMBER_MISSING,NOT_SELECTED_BY_DETERMINISTIC_DIVERSITY_TIE_BREAK
PRTA,Healthcare,false,true,true,true,true,2013-03-22,2023-12-15,563,561,T1-B1-S1-I1,PASS_REQUIRED_WINDOWS,0,0,0,true,false,2301,TEXT_CONTENT_INTEGRITY_NOT_AUDITED_M2_02,NOT_SELECTED_BY_DETERMINISTIC_DIVERSITY_TIE_BREAK
PRTH,Technology,false,true,true,true,true,2017-03-10,2023-12-15,356,354,T1-B1-S1-I1,PASS_REQUIRED_WINDOWS,0,0,0,true,false,2402,TEXT_CONTENT_INTEGRITY_NOT_AUDITED_M2_02,NOT_SELECTED_BY_DETERMINISTIC_DIVERSITY_TIE_BREAK
PRTS,Consumer Cyclical,false,true,true,true,true,2007-05-11,2023-12-15,869,867,T1-B1-S1-I1,PASS_REQUIRED_WINDOWS,0,0,0,true,false,1964,TEXT_CONTENT_INTEGRITY_NOT_AUDITED_M2_02,NOT_SELECTED_BY_DETERMINISTIC_DIVERSITY_TIE_BREAK
PRU,Financial Services,false,true,true,true,true,2002-03-15,2023-12-15,1138,1136,T1-B1-S1-I1,PASS_REQUIRED_WINDOWS,0,0,0,true,false,2598,TEXT_CONTENT_INTEGRITY_NOT_AUDITED_M2_02,NOT_SELECTED_BY_DETERMINISTIC_DIVERSITY_TIE_BREAK
PSA,Real Estate,false,true,true,true,true,2000-03-31,2023-12-15,1240,1238,T1-B1-S1-I1,PASS_REQUIRED_WINDOWS,0,0,0,true,false,2330,TEXT_CONTENT_INTEGRITY_NOT_AUDITED_M2_02,NOT_SELECTED_BY_DETERMINISTIC_DIVERSITY_TIE_BREAK
PSCC,N/A,false,true,false,true,true,,,0,0,T1-B0-S1-I1,INVALID_HEADER,0,0,0,false,false,,TEXT_CONTENT_INTEGRITY_NOT_AUDITED_M2_02;TABLE_MEMBER_MISSING,INCOMPLETE_STRUCTURALLY_VALID_REQUIRED_WINDOWS
PSCD,N/A,false,true,false,true,true,,,0,0,T1-B0-S1-I1,INVALID_HEADER,0,0,0,false,false,,TEXT_CONTENT_INTEGRITY_NOT_AUDITED_M2_02;TABLE_MEMBER_MISSING,INCOMPLETE_STRUCTURALLY_VALID_REQUIRED_WINDOWS
PSCE,N/A,false,true,false,true,true,,,0,0,T1-B0-S1-I1,INVALID_HEADER,0,0,0,false,false,,TEXT_CONTENT_INTEGRITY_NOT_AUDITED_M2_02;TABLE_MEMBER_MISSING,INCOMPLETE_STRUCTURALLY_VALID_REQUIRED_WINDOWS
PSCF,N/A,false,true,false,true,true,,,0,0,T1-B0-S1-I1,INVALID_HEADER,0,0,0,false,false,,TEXT_CONTENT_INTEGRITY_NOT_AUDITED_M2_02;TABLE_MEMBER_MISSING,INCOMPLETE_STRUCTURALLY_VALID_REQUIRED_WINDOWS
PSCI,N/A,false,true,false,true,true,,,0,0,T1-B0-S1-I1,INVALID_HEADER,0,0,0,false,false,,TEXT_CONTENT_INTEGRITY_NOT_AUDITED_M2_02;TABLE_MEMBER_MISSING,INCOMPLETE_STRUCTURALLY_VALID_REQUIRED_WINDOWS
PSCM,N/A,false,true,false,true,true,,,0,0,T1-B0-S1-I1,INVALID_HEADER,0,0,0,false,false,,TEXT_CONTENT_INTEGRITY_NOT_AUDITED_M2_02;TABLE_MEMBER_MISSING,INCOMPLETE_STRUCTURALLY_VALID_REQUIRED_WINDOWS
PSCT,N/A,false,true,false,true,true,,,0,0,T1-B0-S1-I1,INVALID_HEADER,0,0,0,false,false,,TEXT_CONTENT_INTEGRITY_NOT_AUDITED_M2_02;TABLE_MEMBER_MISSING,INCOMPLETE_STRUCTURALLY_VALID_REQUIRED_WINDOWS
PSEC,Financial Services,false,true,true,true,true,2004-10-22,2023-12-15,1002,1000,T1-B1-S1-I1,PASS_REQUIRED_WINDOWS,0,0,0,true,false,1057,TEXT_CONTENT_INTEGRITY_NOT_AUDITED_M2_02,NOT_SELECTED_BY_DETERMINISTIC_DIVERSITY_TIE_BREAK
PSET,N/A,false,true,false,true,true,,,0,0,T1-B0-S1-I1,INVALID_HEADER,0,0,0,false,false,,TEXT_CONTENT_INTEGRITY_NOT_AUDITED_M2_02;TABLE_MEMBER_MISSING,INCOMPLETE_STRUCTURALLY_VALID_REQUIRED_WINDOWS
PSF,Financial Services,false,true,false,true,true,2011-02-25,2023-12-15,671,669,T1-B0-S1-I1,PASS_REQUIRED_WINDOWS,0,0,0,true,false,2508,TEXT_CONTENT_INTEGRITY_NOT_AUDITED_M2_02;TABLE_MEMBER_MISSING,NOT_SELECTED_BY_DETERMINISTIC_DIVERSITY_TIE_BREAK
PSHG,Industrials,false,true,true,true,true,2011-04-01,2023-12-15,666,664,T1-B1-S1-I1,PASS_REQUIRED_WINDOWS,0,0,0,true,false,1031,TEXT_CONTENT_INTEGRITY_NOT_AUDITED_M2_02,NOT_SELECTED_BY_DETERMINISTIC_DIVERSITY_TIE_BREAK
PSI,N/A,false,true,false,true,true,,,0,0,T1-B0-S1-I1,INVALID_HEADER,0,0,0,false,false,,TEXT_CONTENT_INTEGRITY_NOT_AUDITED_M2_02;TABLE_MEMBER_MISSING,INCOMPLETE_STRUCTURALLY_VALID_REQUIRED_WINDOWS
PSL,N/A,false,true,false,true,true,,,0,0,T1-B0-S1-I1,INVALID_HEADER,0,0,0,false,false,,TEXT_CONTENT_INTEGRITY_NOT_AUDITED_M2_02;TABLE_MEMBER_MISSING,INCOMPLETE_STRUCTURALLY_VALID_REQUIRED_WINDOWS
PSMT,Consumer Defensive,false,true,true,true,true,2000-03-31,2023-12-15,1240,1238,T1-B1-S1-I1,PASS_REQUIRED_WINDOWS,0,0,0,true,false,477,TEXT_CONTENT_INTEGRITY_NOT_AUDITED_M2_02,NOT_SELECTED_BY_DETERMINISTIC_DIVERSITY_TIE_BREAK
PSN,Technology,false,true,true,true,true,2019-08-02,2023-12-15,231,229,T1-B1-S1-I1,PASS_REQUIRED_WINDOWS,0,0,0,true,false,433,TEXT_CONTENT_INTEGRITY_NOT_AUDITED_M2_02,NOT_SELECTED_BY_DETERMINISTIC_DIVERSITY_TIE_BREAK
PSNL,Healthcare,false,true,true,true,true,2019-09-20,2023-12-15,224,222,T1-B1-S1-I1,PASS_REQUIRED_WINDOWS,0,0,0,true,false,691,TEXT_CONTENT_INTEGRITY_NOT_AUDITED_M2_02,NOT_SELECTED_BY_DETERMINISTIC_DIVERSITY_TIE_BREAK
PSO,Communication Services,false,true,true,true,true,2000-03-31,2023-12-15,1240,1238,T1-B1-S1-I1,PASS_REQUIRED_WINDOWS,0,0,0,true,false,1744,TEXT_CONTENT_INTEGRITY_NOT_AUDITED_M2_02,NOT_SELECTED_BY_DETERMINISTIC_DIVERSITY_TIE_BREAK
PSP,N/A,false,true,false,true,true,,,0,0,T1-B0-S1-I1,INVALID_HEADER,0,0,0,false,false,,TEXT_CONTENT_INTEGRITY_NOT_AUDITED_M2_02;TABLE_MEMBER_MISSING,INCOMPLETE_STRUCTURALLY_VALID_REQUIRED_WINDOWS
PSQ,N/A,false,true,false,true,true,,,0,0,T1-B0-S1-I1,INVALID_HEADER,0,0,0,false,false,,TEXT_CONTENT_INTEGRITY_NOT_AUDITED_M2_02;TABLE_MEMBER_MISSING,INCOMPLETE_STRUCTURALLY_VALID_REQUIRED_WINDOWS
PSR,N/A,false,true,false,true,true,,,0,0,T1-B0-S1-I1,INVALID_HEADER,0,0,0,false,false,,TEXT_CONTENT_INTEGRITY_NOT_AUDITED_M2_02;TABLE_MEMBER_MISSING,INCOMPLETE_STRUCTURALLY_VALID_REQUIRED_WINDOWS
PST,N/A,false,true,false,true,true,,,0,0,T1-B0-S1-I1,INVALID_HEADER,0,0,0,false,false,,TEXT_CONTENT_INTEGRITY_NOT_AUDITED_M2_02;TABLE_MEMBER_MISSING,INCOMPLETE_STRUCTURALLY_VALID_REQUIRED_WINDOWS
PSTG,Technology,false,true,true,true,true,2015-12-31,2023-12-15,418,416,T1-B1-S1-I1,PASS_REQUIRED_WINDOWS,0,0,0,true,false,376,TEXT_CONTENT_INTEGRITY_NOT_AUDITED_M2_02,NOT_SELECTED_BY_DETERMINISTIC_DIVERSITY_TIE_BREAK
PSTL,Real Estate,false,true,true,true,true,2019-08-09,2023-12-15,230,228,T1-B1-S1-I1,PASS_REQUIRED_WINDOWS,0,0,0,true,false,2203,TEXT_CONTENT_INTEGRITY_NOT_AUDITED_M2_02,NOT_SELECTED_BY_DETERMINISTIC_DIVERSITY_TIE_BREAK
PSTV,Healthcare,false,true,true,true,true,2001-10-12,2023-12-15,1116,1114,T1-B1-S1-I1,PASS_REQUIRED_WINDOWS,69,0,0,true,false,1010,TEXT_CONTENT_INTEGRITY_NOT_AUDITED_M2_02,NOT_SELECTED_BY_DETERMINISTIC_DIVERSITY_TIE_BREAK
PSX,Energy,false,true,true,true,true,2012-07-13,2023-12-15,599,597,T1-B1-S1-I1,PASS_REQUIRED_WINDOWS,0,0,0,true,false,424,TEXT_CONTENT_INTEGRITY_NOT_AUDITED_M2_02,NOT_SELECTED_BY_DETERMINISTIC_DIVERSITY_TIE_BREAK
PT,Financial Services,false,true,true,true,true,2019-01-25,2023-12-15,258,256,T1-B1-S1-I1,PASS_REQUIRED_WINDOWS,0,0,0,true,false,959,TEXT_CONTENT_INTEGRITY_NOT_AUDITED_M2_02,NOT_SELECTED_BY_DETERMINISTIC_DIVERSITY_TIE_BREAK
PTCT,Healthcare,false,true,true,true,true,2013-09-20,2023-12-15,537,535,T1-B1-S1-I1,PASS_REQUIRED_WINDOWS,0,0,0,true,false,544,TEXT_CONTENT_INTEGRITY_NOT_AUDITED_M2_02,NOT_SELECTED_BY_DETERMINISTIC_DIVERSITY_TIE_BREAK
PTF,N/A,false,true,false,true,true,,,0,0,T1-B0-S1-I1,INVALID_HEADER,0,0,0,false,false,,TEXT_CONTENT_INTEGRITY_NOT_AUDITED_M2_02;TABLE_MEMBER_MISSING,INCOMPLETE_STRUCTURALLY_VALID_REQUIRED_WINDOWS
PTGX,Healthcare,false,true,true,true,true,2016-11-04,2023-12-15,374,372,T1-B1-S1-I1,PASS_REQUIRED_WINDOWS,0,0,0,true,false,2072,TEXT_CONTENT_INTEGRITY_NOT_AUDITED_M2_02,NOT_SELECTED_BY_DETERMINISTIC_DIVERSITY_TIE_BREAK
PTH,N/A,false,true,false,true,true,,,0,0,T1-B0-S1-I1,INVALID_HEADER,0,0,0,false,false,,TEXT_CONTENT_INTEGRITY_NOT_AUDITED_M2_02;TABLE_MEMBER_MISSING,INCOMPLETE_STRUCTURALLY_VALID_REQUIRED_WINDOWS
PTLC,N/A,false,true,false,true,true,,,0,0,T1-B0-S1-I1,INVALID_HEADER,0,0,0,false,false,,TEXT_CONTENT_INTEGRITY_NOT_AUDITED_M2_02;TABLE_MEMBER_MISSING,INCOMPLETE_STRUCTURALLY_VALID_REQUIRED_WINDOWS
PTMN,Financial Services,false,true,true,true,true,2007-03-16,2023-12-15,877,875,T1-B1-S1-I1,PASS_REQUIRED_WINDOWS,0,0,0,true,false,397,TEXT_CONTENT_INTEGRITY_NOT_AUDITED_M2_02,NOT_SELECTED_BY_DETERMINISTIC_DIVERSITY_TIE_BREAK
PTN,Healthcare,false,true,true,true,true,2000-03-31,2023-12-15,1240,1238,T1-B1-S1-I1,PASS_REQUIRED_WINDOWS,0,0,0,true,false,814,TEXT_CONTENT_INTEGRITY_NOT_AUDITED_M2_02,NOT_SELECTED_BY_DETERMINISTIC_DIVERSITY_TIE_BREAK
PTON,Consumer Cyclical,false,true,true,true,true,2019-12-20,2023-12-15,211,209,T1-B1-S1-I1,PASS_REQUIRED_WINDOWS,0,0,0,true,false,2581,TEXT_CONTENT_INTEGRITY_NOT_AUDITED_M2_02,NOT_SELECTED_BY_DETERMINISTIC_DIVERSITY_TIE_BREAK
PTY,Financial Services,false,true,false,true,true,2003-03-28,2023-12-15,1084,1082,T1-B0-S1-I1,PASS_REQUIRED_WINDOWS,0,0,0,true,false,2695,TEXT_CONTENT_INTEGRITY_NOT_AUDITED_M2_02;TABLE_MEMBER_MISSING,NOT_SELECTED_BY_DETERMINISTIC_DIVERSITY_TIE_BREAK
PUK,Financial Services,false,true,true,true,true,2000-09-29,2023-12-15,1214,1212,T1-B1-S1-I1,PASS_REQUIRED_WINDOWS,0,0,0,true,false,657,TEXT_CONTENT_INTEGRITY_NOT_AUDITED_M2_02,NOT_SELECTED_BY_DETERMINISTIC_DIVERSITY_TIE_BREAK
PULM,Healthcare,false,true,true,true,true,2014-06-20,2023-12-15,498,496,T1-B1-S1-I1,PASS_REQUIRED_WINDOWS,0,0,0,true,false,2978,TEXT_CONTENT_INTEGRITY_NOT_AUDITED_M2_02,NOT_SELECTED_BY_DETERMINISTIC_DIVERSITY_TIE_BREAK
PULS,N/A,false,true,false,true,true,,,0,0,T1-B0-S1-I1,INVALID_HEADER,0,0,0,false,false,,TEXT_CONTENT_INTEGRITY_NOT_AUDITED_M2_02;TABLE_MEMBER_MISSING,INCOMPLETE_STRUCTURALLY_VALID_REQUIRED_WINDOWS
PUMP,Energy,false,true,true,true,true,2017-06-16,2023-12-15,342,340,T1-B1-S1-I1,PASS_REQUIRED_WINDOWS,0,0,0,true,false,417,TEXT_CONTENT_INTEGRITY_NOT_AUDITED_M2_02,NOT_SELECTED_BY_DETERMINISTIC_DIVERSITY_TIE_BREAK
PUTW,N/A,false,true,false,true,true,,,0,0,T1-B0-S1-I1,INVALID_HEADER,0,0,0,false,false,,TEXT_CONTENT_INTEGRITY_NOT_AUDITED_M2_02;TABLE_MEMBER_MISSING,INCOMPLETE_STRUCTURALLY_VALID_REQUIRED_WINDOWS
PVAL,N/A,false,true,false,true,true,,,0,0,T1-B0-S1-I1,INVALID_HEADER,0,0,0,false,false,,TEXT_CONTENT_INTEGRITY_NOT_AUDITED_M2_02;TABLE_MEMBER_MISSING,INCOMPLETE_STRUCTURALLY_VALID_REQUIRED_WINDOWS
PVBC,Financial Services,false,true,true,true,true,2015-10-09,2023-12-15,430,428,T1-B1-S1-I1,PASS_REQUIRED_WINDOWS,0,0,0,true,false,83,TEXT_CONTENT_INTEGRITY_NOT_AUDITED_M2_02,NOT_SELECTED_BY_DETERMINISTIC_DIVERSITY_TIE_BREAK
PVH,Consumer Cyclical,false,true,true,true,true,2000-03-31,2023-12-15,1240,1238,T1-B1-S1-I1,PASS_REQUIRED_WINDOWS,0,0,0,true,false,1054,TEXT_CONTENT_INTEGRITY_NOT_AUDITED_M2_02,NOT_SELECTED_BY_DETERMINISTIC_DIVERSITY_TIE_BREAK
PVI,N/A,false,true,false,true,true,,,0,0,T1-B0-S1-I1,INVALID_HEADER,0,0,0,false,false,,TEXT_CONTENT_INTEGRITY_NOT_AUDITED_M2_02;TABLE_MEMBER_MISSING,INCOMPLETE_STRUCTURALLY_VALID_REQUIRED_WINDOWS
PVL,Energy,false,true,false,true,true,2012-02-03,2023-12-15,622,620,T1-B0-S1-I1,PASS_REQUIRED_WINDOWS,0,0,0,true,false,2156,TEXT_CONTENT_INTEGRITY_NOT_AUDITED_M2_02;TABLE_MEMBER_MISSING,NOT_SELECTED_BY_DETERMINISTIC_DIVERSITY_TIE_BREAK
PW,Real Estate,false,true,true,true,true,2000-03-31,2023-12-15,1240,1238,T1-B1-S1-I1,PASS_REQUIRED_WINDOWS,0,0,0,true,false,2099,TEXT_CONTENT_INTEGRITY_NOT_AUDITED_M2_02,NOT_SELECTED_BY_DETERMINISTIC_DIVERSITY_TIE_BREAK
PWOD,Financial Services,false,true,true,true,true,2000-03-31,2023-12-15,1240,1238,T1-B1-S1-I1,PASS_REQUIRED_WINDOWS,0,0,0,true,false,2880,TEXT_CONTENT_INTEGRITY_NOT_AUDITED_M2_02,NOT_SELECTED_BY_DETERMINISTIC_DIVERSITY_TIE_BREAK
PWR,Industrials,false,true,true,true,true,2000-03-31,2023-12-15,1240,1238,T1-B1-S1-I1,PASS_REQUIRED_WINDOWS,0,0,0,true,false,1139,TEXT_CONTENT_INTEGRITY_NOT_AUDITED_M2_02,NOT_SELECTED_BY_DETERMINISTIC_DIVERSITY_TIE_BREAK
PWS,N/A,false,true,false,true,true,,,0,0,T1-B0-S1-I1,INVALID_HEADER,0,0,0,false,false,,TEXT_CONTENT_INTEGRITY_NOT_AUDITED_M2_02;TABLE_MEMBER_MISSING,INCOMPLETE_STRUCTURALLY_VALID_REQUIRED_WINDOWS
PWV,N/A,false,true,false,true,true,,,0,0,T1-B0-S1-I1,INVALID_HEADER,0,0,0,false,false,,TEXT_CONTENT_INTEGRITY_NOT_AUDITED_M2_02;TABLE_MEMBER_MISSING,INCOMPLETE_STRUCTURALLY_VALID_REQUIRED_WINDOWS
PWZ,N/A,false,true,false,true,true,,,0,0,T1-B0-S1-I1,INVALID_HEADER,0,0,0,false,false,,TEXT_CONTENT_INTEGRITY_NOT_AUDITED_M2_02;TABLE_MEMBER_MISSING,INCOMPLETE_STRUCTURALLY_VALID_REQUIRED_WINDOWS
PXF,N/A,false,true,false,true,true,,,0,0,T1-B0-S1-I1,INVALID_HEADER,0,0,0,false,false,,TEXT_CONTENT_INTEGRITY_NOT_AUDITED_M2_02;TABLE_MEMBER_MISSING,INCOMPLETE_STRUCTURALLY_VALID_REQUIRED_WINDOWS
PXH,N/A,false,true,false,true,true,,,0,0,T1-B0-S1-I1,INVALID_HEADER,0,0,0,false,false,,TEXT_CONTENT_INTEGRITY_NOT_AUDITED_M2_02;TABLE_MEMBER_MISSING,INCOMPLETE_STRUCTURALLY_VALID_REQUIRED_WINDOWS
PXI,N/A,false,true,false,true,true,,,0,0,T1-B0-S1-I1,INVALID_HEADER,0,0,0,false,false,,TEXT_CONTENT_INTEGRITY_NOT_AUDITED_M2_02;TABLE_MEMBER_MISSING,INCOMPLETE_STRUCTURALLY_VALID_REQUIRED_WINDOWS
PXJ,N/A,false,true,false,true,true,,,0,0,T1-B0-S1-I1,INVALID_HEADER,0,0,0,false,false,,TEXT_CONTENT_INTEGRITY_NOT_AUDITED_M2_02;TABLE_MEMBER_MISSING,INCOMPLETE_STRUCTURALLY_VALID_REQUIRED_WINDOWS
PXLW,Technology,false,true,true,true,true,2000-08-18,2023-12-15,1220,1218,T1-B1-S1-I1,PASS_REQUIRED_WINDOWS,0,0,0,true,false,2285,TEXT_CONTENT_INTEGRITY_NOT_AUDITED_M2_02,NOT_SELECTED_BY_DETERMINISTIC_DIVERSITY_TIE_BREAK
PXS,Energy,false,true,true,true,true,2016-02-05,2023-12-15,413,411,T1-B1-S1-I1,PASS_REQUIRED_WINDOWS,0,0,0,true,false,2249,TEXT_CONTENT_INTEGRITY_NOT_AUDITED_M2_02,NOT_SELECTED_BY_DETERMINISTIC_DIVERSITY_TIE_BREAK
PYN,Financial Services,false,true,false,true,true,2003-01-31,2023-12-15,1092,1090,T1-B0-S1-I1,PASS_REQUIRED_WINDOWS,0,0,0,true,false,2516,TEXT_CONTENT_INTEGRITY_NOT_AUDITED_M2_02;TABLE_MEMBER_MISSING,NOT_SELECTED_BY_DETERMINISTIC_DIVERSITY_TIE_BREAK
PYPD,Healthcare,false,true,true,true,true,2020-09-25,2023-12-15,171,169,T1-B1-S1-I1,PASS_REQUIRED_WINDOWS,0,0,0,true,false,2254,TEXT_CONTENT_INTEGRITY_NOT_AUDITED_M2_02,NOT_SELECTED_BY_DETERMINISTIC_DIVERSITY_TIE_BREAK
PYPL,Financial Services,false,true,true,true,true,2015-10-02,2023-12-15,431,429,T1-B1-S1-I1,PASS_REQUIRED_WINDOWS,0,0,0,true,false,1783,TEXT_CONTENT_INTEGRITY_NOT_AUDITED_M2_02,NOT_SELECTED_BY_DETERMINISTIC_DIVERSITY_TIE_BREAK
PZA,N/A,false,true,false,true,true,,,0,0,T1-B0-S1-I1,INVALID_HEADER,0,0,0,false,false,,TEXT_CONTENT_INTEGRITY_NOT_AUDITED_M2_02;TABLE_MEMBER_MISSING,INCOMPLETE_STRUCTURALLY_VALID_REQUIRED_WINDOWS
PZC,Financial Services,false,true,false,true,true,2003-01-31,2023-12-15,1092,1090,T1-B0-S1-I1,PASS_REQUIRED_WINDOWS,0,0,0,true,false,2379,TEXT_CONTENT_INTEGRITY_NOT_AUDITED_M2_02;TABLE_MEMBER_MISSING,NOT_SELECTED_BY_DETERMINISTIC_DIVERSITY_TIE_BREAK
PZG,Basic Materials,false,true,true,true,true,2015-07-10,2023-12-15,443,441,T1-B1-S1-I1,PASS_REQUIRED_WINDOWS,0,0,0,true,false,66,TEXT_CONTENT_INTEGRITY_NOT_AUDITED_M2_02,NOT_SELECTED_BY_DETERMINISTIC_DIVERSITY_TIE_BREAK
PZZA,Consumer Cyclical,false,true,true,true,true,2000-03-31,2023-12-15,1240,1238,T1-B1-S1-I1,PASS_REQUIRED_WINDOWS,0,0,0,true,false,176,TEXT_CONTENT_INTEGRITY_NOT_AUDITED_M2_02,NOT_SELECTED_BY_DETERMINISTIC_DIVERSITY_TIE_BREAK
QABA,N/A,false,true,false,true,true,,,0,0,T1-B0-S1-I1,INVALID_HEADER,0,0,0,false,false,,TEXT_CONTENT_INTEGRITY_NOT_AUDITED_M2_02;TABLE_MEMBER_MISSING,INCOMPLETE_STRUCTURALLY_VALID_REQUIRED_WINDOWS
QAI,N/A,false,true,false,true,true,,,0,0,T1-B0-S1-I1,INVALID_HEADER,0,0,0,false,false,,TEXT_CONTENT_INTEGRITY_NOT_AUDITED_M2_02;TABLE_MEMBER_MISSING,INCOMPLETE_STRUCTURALLY_VALID_REQUIRED_WINDOWS
QARP,N/A,false,true,false,true,true,,,0,0,T1-B0-S1-I1,INVALID_HEADER,0,0,0,false,false,,TEXT_CONTENT_INTEGRITY_NOT_AUDITED_M2_02;TABLE_MEMBER_MISSING,INCOMPLETE_STRUCTURALLY_VALID_REQUIRED_WINDOWS
QAT,N/A,false,true,false,true,true,,,0,0,T1-B0-S1-I1,INVALID_HEADER,0,0,0,false,false,,TEXT_CONTENT_INTEGRITY_NOT_AUDITED_M2_02;TABLE_MEMBER_MISSING,INCOMPLETE_STRUCTURALLY_VALID_REQUIRED_WINDOWS
QCLN,N/A,false,true,false,true,true,,,0,0,T1-B0-S1-I1,INVALID_HEADER,0,0,0,false,false,,TEXT_CONTENT_INTEGRITY_NOT_AUDITED_M2_02;TABLE_MEMBER_MISSING,INCOMPLETE_STRUCTURALLY_VALID_REQUIRED_WINDOWS
QCOM,Technology,false,true,true,true,true,2000-03-31,2023-12-15,1240,1238,T1-B1-S1-I1,PASS_REQUIRED_WINDOWS,0,0,0,true,false,2215,TEXT_CONTENT_INTEGRITY_NOT_AUDITED_M2_02,NOT_SELECTED_BY_DETERMINISTIC_DIVERSITY_TIE_BREAK
QCRH,Financial Services,false,true,true,true,true,2000-03-31,2023-12-15,1240,1238,T1-B1-S1-I1,PASS_REQUIRED_WINDOWS,0,0,0,true,false,2511,TEXT_CONTENT_INTEGRITY_NOT_AUDITED_M2_02,NOT_SELECTED_BY_DETERMINISTIC_DIVERSITY_TIE_BREAK
QD,Financial Services,false,true,true,true,true,2018-01-19,2023-12-15,311,309,T1-B1-S1-I1,PASS_REQUIRED_WINDOWS,0,0,0,true,false,530,TEXT_CONTENT_INTEGRITY_NOT_AUDITED_M2_02,NOT_SELECTED_BY_DETERMINISTIC_DIVERSITY_TIE_BREAK
QDEF,N/A,false,true,false,true,true,,,0,0,T1-B0-S1-I1,INVALID_HEADER,0,0,0,false,false,,TEXT_CONTENT_INTEGRITY_NOT_AUDITED_M2_02;TABLE_MEMBER_MISSING,INCOMPLETE_STRUCTURALLY_VALID_REQUIRED_WINDOWS
QDEL,Healthcare,false,true,true,true,true,2000-03-31,2023-12-15,1240,1238,T1-B1-S1-I1,PASS_REQUIRED_WINDOWS,0,0,0,true,false,1344,TEXT_CONTENT_INTEGRITY_NOT_AUDITED_M2_02,NOT_SELECTED_BY_DETERMINISTIC_DIVERSITY_TIE_BREAK
QEFA,N/A,false,true,false,true,true,,,0,0,T1-B0-S1-I1,INVALID_HEADER,0,0,0,false,false,,TEXT_CONTENT_INTEGRITY_NOT_AUDITED_M2_02;TABLE_MEMBER_MISSING,INCOMPLETE_STRUCTURALLY_VALID_REQUIRED_WINDOWS
QEMM,N/A,false,true,false,true,true,,,0,0,T1-B0-S1-I1,INVALID_HEADER,0,0,0,false,false,,TEXT_CONTENT_INTEGRITY_NOT_AUDITED_M2_02;TABLE_MEMBER_MISSING,INCOMPLETE_STRUCTURALLY_VALID_REQUIRED_WINDOWS
QFIN,Financial Services,false,true,true,true,true,2019-03-15,2023-12-15,251,249,T1-B1-S1-I1,PASS_REQUIRED_WINDOWS,0,0,0,true,false,627,TEXT_CONTENT_INTEGRITY_NOT_AUDITED_M2_02,NOT_SELECTED_BY_DETERMINISTIC_DIVERSITY_TIE_BREAK
QGEN,Healthcare,false,true,true,true,true,2000-03-31,2023-12-15,1240,1238,T1-B1-S1-I1,PASS_REQUIRED_WINDOWS,0,0,0,true,false,729,TEXT_CONTENT_INTEGRITY_NOT_AUDITED_M2_02,NOT_SELECTED_BY_DETERMINISTIC_DIVERSITY_TIE_BREAK
QGRO,N/A,false,true,false,true,true,,,0,0,T1-B0-S1-I1,INVALID_HEADER,0,0,0,false,false,,TEXT_CONTENT_INTEGRITY_NOT_AUDITED_M2_02;TABLE_MEMBER_MISSING,INCOMPLETE_STRUCTURALLY_VALID_REQUIRED_WINDOWS
QID,N/A,false,true,false,true,true,,,0,0,T1-B0-S1-I1,INVALID_HEADER,0,0,0,false,false,,TEXT_CONTENT_INTEGRITY_NOT_AUDITED_M2_02;TABLE_MEMBER_MISSING,INCOMPLETE_STRUCTURALLY_VALID_REQUIRED_WINDOWS
QINT,N/A,false,true,false,true,true,,,0,0,T1-B0-S1-I1,INVALID_HEADER,0,0,0,false,false,,TEXT_CONTENT_INTEGRITY_NOT_AUDITED_M2_02;TABLE_MEMBER_MISSING,INCOMPLETE_STRUCTURALLY_VALID_REQUIRED_WINDOWS
QIWI,N/A,false,true,false,true,true,,,0,0,T1-B0-S1-I1,INVALID_HEADER,0,0,0,false,false,,TEXT_CONTENT_INTEGRITY_NOT_AUDITED_M2_02;TABLE_MEMBER_MISSING,INCOMPLETE_STRUCTURALLY_VALID_REQUIRED_WINDOWS
QLC,N/A,false,true,false,true,true,,,0,0,T1-B0-S1-I1,INVALID_HEADER,0,0,0,false,false,,TEXT_CONTENT_INTEGRITY_NOT_AUDITED_M2_02;TABLE_MEMBER_MISSING,INCOMPLETE_STRUCTURALLY_VALID_REQUIRED_WINDOWS
QLD,N/A,false,true,false,true,true,,,0,0,T1-B0-S1-I1,INVALID_HEADER,0,0,0,false,false,,TEXT_CONTENT_INTEGRITY_NOT_AUDITED_M2_02;TABLE_MEMBER_MISSING,INCOMPLETE_STRUCTURALLY_VALID_REQUIRED_WINDOWS
QLTA,N/A,false,true,false,true,true,,,0,0,T1-B0-S1-I1,INVALID_HEADER,0,0,0,false,false,,TEXT_CONTENT_INTEGRITY_NOT_AUDITED_M2_02;TABLE_MEMBER_MISSING,INCOMPLETE_STRUCTURALLY_VALID_REQUIRED_WINDOWS
QLV,N/A,false,true,false,true,true,,,0,0,T1-B0-S1-I1,INVALID_HEADER,0,0,0,false,false,,TEXT_CONTENT_INTEGRITY_NOT_AUDITED_M2_02;TABLE_MEMBER_MISSING,INCOMPLETE_STRUCTURALLY_VALID_REQUIRED_WINDOWS
QLVD,N/A,false,true,false,true,true,,,0,0,T1-B0-S1-I1,INVALID_HEADER,0,0,0,false,false,,TEXT_CONTENT_INTEGRITY_NOT_AUDITED_M2_02;TABLE_MEMBER_MISSING,INCOMPLETE_STRUCTURALLY_VALID_REQUIRED_WINDOWS
QLVE,N/A,false,true,false,true,true,,,0,0,T1-B0-S1-I1,INVALID_HEADER,0,0,0,false,false,,TEXT_CONTENT_INTEGRITY_NOT_AUDITED_M2_02;TABLE_MEMBER_MISSING,INCOMPLETE_STRUCTURALLY_VALID_REQUIRED_WINDOWS
QLYS,Technology,false,true,true,true,true,2012-12-28,2023-12-15,575,573,T1-B1-S1-I1,PASS_REQUIRED_WINDOWS,0,0,0,true,false,1289,TEXT_CONTENT_INTEGRITY_NOT_AUDITED_M2_02,NOT_SELECTED_BY_DETERMINISTIC_DIVERSITY_TIE_BREAK
QMCO,Technology,false,true,true,true,true,2000-03-31,2023-12-15,1240,1238,T1-B1-S1-I1,PASS_REQUIRED_WINDOWS,0,0,0,true,false,1442,TEXT_CONTENT_INTEGRITY_NOT_AUDITED_M2_02,NOT_SELECTED_BY_DETERMINISTIC_DIVERSITY_TIE_BREAK
QMOM,N/A,false,true,false,true,true,,,0,0,T1-B0-S1-I1,INVALID_HEADER,0,0,0,false,false,,TEXT_CONTENT_INTEGRITY_NOT_AUDITED_M2_02;TABLE_MEMBER_MISSING,INCOMPLETE_STRUCTURALLY_VALID_REQUIRED_WINDOWS
QNST,Communication Services,false,true,true,true,true,2010-05-14,2023-12-15,712,710,T1-B1-S1-I1,PASS_REQUIRED_WINDOWS,0,0,0,true,false,1901,TEXT_CONTENT_INTEGRITY_NOT_AUDITED_M2_02,NOT_SELECTED_BY_DETERMINISTIC_DIVERSITY_TIE_BREAK
QQEW,N/A,false,true,false,true,true,,,0,0,T1-B0-S1-I1,INVALID_HEADER,0,0,0,false,false,,TEXT_CONTENT_INTEGRITY_NOT_AUDITED_M2_02;TABLE_MEMBER_MISSING,INCOMPLETE_STRUCTURALLY_VALID_REQUIRED_WINDOWS
QQH,N/A,false,true,false,true,true,,,0,0,T1-B0-S1-I1,INVALID_HEADER,0,0,0,false,false,,TEXT_CONTENT_INTEGRITY_NOT_AUDITED_M2_02;TABLE_MEMBER_MISSING,INCOMPLETE_STRUCTURALLY_VALID_REQUIRED_WINDOWS
QQQ,N/A,false,true,false,true,true,,,0,0,T1-B0-S1-I1,INVALID_HEADER,0,0,0,false,false,,TEXT_CONTENT_INTEGRITY_NOT_AUDITED_M2_02;TABLE_MEMBER_MISSING,INCOMPLETE_STRUCTURALLY_VALID_REQUIRED_WINDOWS
QQQE,N/A,false,true,false,true,true,,,0,0,T1-B0-S1-I1,INVALID_HEADER,0,0,0,false,false,,TEXT_CONTENT_INTEGRITY_NOT_AUDITED_M2_02;TABLE_MEMBER_MISSING,INCOMPLETE_STRUCTURALLY_VALID_REQUIRED_WINDOWS
QQQX,Financial Services,false,true,false,true,true,2007-05-04,2023-12-15,870,868,T1-B0-S1-I1,PASS_REQUIRED_WINDOWS,0,0,0,true,false,1268,TEXT_CONTENT_INTEGRITY_NOT_AUDITED_M2_02;TABLE_MEMBER_MISSING,NOT_SELECTED_BY_DETERMINISTIC_DIVERSITY_TIE_BREAK
QQXT,N/A,false,true,false,true,true,,,0,0,T1-B0-S1-I1,INVALID_HEADER,0,0,0,false,false,,TEXT_CONTENT_INTEGRITY_NOT_AUDITED_M2_02;TABLE_MEMBER_MISSING,INCOMPLETE_STRUCTURALLY_VALID_REQUIRED_WINDOWS
QRFT,N/A,false,true,false,true,true,,,0,0,T1-B0-S1-I1,INVALID_HEADER,0,0,0,false,false,,TEXT_CONTENT_INTEGRITY_NOT_AUDITED_M2_02;TABLE_MEMBER_MISSING,INCOMPLETE_STRUCTURALLY_VALID_REQUIRED_WINDOWS
QRHC,Industrials,false,true,true,true,true,2010-04-01,2023-12-15,718,716,T1-B1-S1-I1,PASS_REQUIRED_WINDOWS,0,0,0,true,false,507,TEXT_CONTENT_INTEGRITY_NOT_AUDITED_M2_02,NOT_SELECTED_BY_DETERMINISTIC_DIVERSITY_TIE_BREAK
QRTEA,N/A,false,true,false,true,true,2006-08-04,2023-12-15,909,907,T1-B0-S1-I1,PASS_REQUIRED_WINDOWS,0,0,0,true,false,1775,TEXT_CONTENT_INTEGRITY_NOT_AUDITED_M2_02;TABLE_MEMBER_MISSING,NOT_SELECTED_BY_DETERMINISTIC_DIVERSITY_TIE_BREAK
QRVO,Technology,false,true,true,true,true,2015-04-02,2023-12-15,457,455,T1-B1-S1-I1,PASS_REQUIRED_WINDOWS,0,0,0,true,false,2080,TEXT_CONTENT_INTEGRITY_NOT_AUDITED_M2_02,NOT_SELECTED_BY_DETERMINISTIC_DIVERSITY_TIE_BREAK
QSR,Consumer Cyclical,false,true,true,true,true,2015-03-13,2023-12-15,460,458,T1-B1-S1-I1,PASS_REQUIRED_WINDOWS,0,0,0,true,false,1554,TEXT_CONTENT_INTEGRITY_NOT_AUDITED_M2_02,NOT_SELECTED_BY_DETERMINISTIC_DIVERSITY_TIE_BREAK
QTRX,Healthcare,false,true,true,true,true,2018-03-09,2023-12-15,304,302,T1-B1-S1-I1,PASS_REQUIRED_WINDOWS,0,0,0,true,false,59,TEXT_CONTENT_INTEGRITY_NOT_AUDITED_M2_02,NOT_SELECTED_BY_DETERMINISTIC_DIVERSITY_TIE_BREAK
QTUM,N/A,false,true,false,true,true,,,0,0,T1-B0-S1-I1,INVALID_HEADER,0,0,0,false,false,,TEXT_CONTENT_INTEGRITY_NOT_AUDITED_M2_02;TABLE_MEMBER_MISSING,INCOMPLETE_STRUCTURALLY_VALID_REQUIRED_WINDOWS
QTWO,Technology,false,true,true,true,true,2014-06-20,2023-12-15,498,496,T1-B1-S1-I1,PASS_REQUIRED_WINDOWS,0,0,0,true,false,2284,TEXT_CONTENT_INTEGRITY_NOT_AUDITED_M2_02,NOT_SELECTED_BY_DETERMINISTIC_DIVERSITY_TIE_BREAK
QUAD,Industrials,false,true,true,true,true,2010-10-01,2023-12-15,692,690,T1-B1-S1-I1,PASS_REQUIRED_WINDOWS,0,0,0,true,false,532,TEXT_CONTENT_INTEGRITY_NOT_AUDITED_M2_02,NOT_SELECTED_BY_DETERMINISTIC_DIVERSITY_TIE_BREAK
QUAL,N/A,false,true,false,true,true,,,0,0,T1-B0-S1-I1,INVALID_HEADER,0,0,0,false,false,,TEXT_CONTENT_INTEGRITY_NOT_AUDITED_M2_02;TABLE_MEMBER_MISSING,INCOMPLETE_STRUCTURALLY_VALID_REQUIRED_WINDOWS
QUIK,Technology,false,true,true,true,true,2000-03-31,2023-12-15,1240,1238,T1-B1-S1-I1,PASS_REQUIRED_WINDOWS,0,0,0,true,false,642,TEXT_CONTENT_INTEGRITY_NOT_AUDITED_M2_02,NOT_SELECTED_BY_DETERMINISTIC_DIVERSITY_TIE_BREAK
QURE,Healthcare,false,true,true,true,true,2014-05-02,2023-12-15,505,503,T1-B1-S1-I1,PASS_REQUIRED_WINDOWS,0,0,0,true,false,1128,TEXT_CONTENT_INTEGRITY_NOT_AUDITED_M2_02,NOT_SELECTED_BY_DETERMINISTIC_DIVERSITY_TIE_BREAK
QUS,N/A,false,true,false,true,true,,,0,0,T1-B0-S1-I1,INVALID_HEADER,0,0,0,false,false,,TEXT_CONTENT_INTEGRITY_NOT_AUDITED_M2_02;TABLE_MEMBER_MISSING,INCOMPLETE_STRUCTURALLY_VALID_REQUIRED_WINDOWS
QVAL,N/A,false,true,false,true,true,,,0,0,T1-B0-S1-I1,INVALID_HEADER,0,0,0,false,false,,TEXT_CONTENT_INTEGRITY_NOT_AUDITED_M2_02;TABLE_MEMBER_MISSING,INCOMPLETE_STRUCTURALLY_VALID_REQUIRED_WINDOWS
QVCD,N/A,false,true,true,true,true,2018-12-14,2023-12-15,264,262,T1-B1-S1-I1,PASS_REQUIRED_WINDOWS,0,0,0,true,false,146,TEXT_CONTENT_INTEGRITY_NOT_AUDITED_M2_02,NOT_SELECTED_BY_DETERMINISTIC_DIVERSITY_TIE_BREAK
QYLD,N/A,false,true,false,true,true,,,0,0,T1-B0-S1-I1,INVALID_HEADER,0,0,0,false,false,,TEXT_CONTENT_INTEGRITY_NOT_AUDITED_M2_02;TABLE_MEMBER_MISSING,INCOMPLETE_STRUCTURALLY_VALID_REQUIRED_WINDOWS
RAMP,Technology,false,true,true,true,true,2000-03-31,2023-12-15,1240,1238,T1-B1-S1-I1,PASS_REQUIRED_WINDOWS,0,0,0,true,false,656,TEXT_CONTENT_INTEGRITY_NOT_AUDITED_M2_02,NOT_SELECTED_BY_DETERMINISTIC_DIVERSITY_TIE_BREAK
RAND,Financial Services,false,true,true,true,true,2000-03-31,2023-12-15,1240,1238,T1-B1-S1-I1,PASS_REQUIRED_WINDOWS,0,0,0,true,false,1324,TEXT_CONTENT_INTEGRITY_NOT_AUDITED_M2_02,NOT_SELECTED_BY_DETERMINISTIC_DIVERSITY_TIE_BREAK
RAPT,Healthcare,false,true,true,true,true,2020-01-31,2023-12-15,205,203,T1-B1-S1-I1,PASS_REQUIRED_WINDOWS,0,0,0,true,false,2873,TEXT_CONTENT_INTEGRITY_NOT_AUDITED_M2_02,NOT_SELECTED_BY_DETERMINISTIC_DIVERSITY_TIE_BREAK
RARE,Healthcare,false,true,true,true,true,2014-05-02,2023-12-15,505,503,T1-B1-S1-I1,PASS_REQUIRED_WINDOWS,0,0,0,true,false,2833,TEXT_CONTENT_INTEGRITY_NOT_AUDITED_M2_02,NOT_SELECTED_BY_DETERMINISTIC_DIVERSITY_TIE_BREAK
RAVE,Consumer Cyclical,false,true,true,true,true,2000-03-31,2023-12-15,1240,1238,T1-B1-S1-I1,PASS_REQUIRED_WINDOWS,0,0,0,true,false,347,TEXT_CONTENT_INTEGRITY_NOT_AUDITED_M2_02,NOT_SELECTED_BY_DETERMINISTIC_DIVERSITY_TIE_BREAK
RAVI,N/A,false,true,false,true,true,,,0,0,T1-B0-S1-I1,INVALID_HEADER,0,0,0,false,false,,TEXT_CONTENT_INTEGRITY_NOT_AUDITED_M2_02;TABLE_MEMBER_MISSING,INCOMPLETE_STRUCTURALLY_VALID_REQUIRED_WINDOWS
RBA,Industrials,false,true,true,true,true,2000-03-31,2023-12-15,1240,1238,T1-B1-S1-I1,PASS_REQUIRED_WINDOWS,0,0,0,true,false,2117,TEXT_CONTENT_INTEGRITY_NOT_AUDITED_M2_02,NOT_SELECTED_BY_DETERMINISTIC_DIVERSITY_TIE_BREAK
RBB,Financial Services,false,true,true,true,true,2017-10-20,2023-12-15,324,322,T1-B1-S1-I1,PASS_REQUIRED_WINDOWS,0,0,0,true,false,698,TEXT_CONTENT_INTEGRITY_NOT_AUDITED_M2_02,NOT_SELECTED_BY_DETERMINISTIC_DIVERSITY_TIE_BREAK
RBBN,Technology,false,true,true,true,true,2000-08-25,2023-12-15,1219,1217,T1-B1-S1-I1,PASS_REQUIRED_WINDOWS,0,0,0,true,false,543,TEXT_CONTENT_INTEGRITY_NOT_AUDITED_M2_02,NOT_SELECTED_BY_DETERMINISTIC_DIVERSITY_TIE_BREAK
RBCAA,Financial Services,false,true,true,true,true,2000-03-31,2023-12-15,1240,1238,T1-B1-S1-I1,PASS_REQUIRED_WINDOWS,0,0,0,true,false,2387,TEXT_CONTENT_INTEGRITY_NOT_AUDITED_M2_02,NOT_SELECTED_BY_DETERMINISTIC_DIVERSITY_TIE_BREAK
RBCN,Technology,false,true,true,true,true,2008-02-15,2023-12-15,829,827,T1-B1-S1-I1,PASS_REQUIRED_WINDOWS,0,0,0,true,false,91,TEXT_CONTENT_INTEGRITY_NOT_AUDITED_M2_02,NOT_SELECTED_BY_DETERMINISTIC_DIVERSITY_TIE_BREAK
RBKB,Financial Services,false,true,true,true,true,2019-04-18,2023-12-15,246,244,T1-B1-S1-I1,PASS_REQUIRED_WINDOWS,0,0,0,true,false,1684,TEXT_CONTENT_INTEGRITY_NOT_AUDITED_M2_02,NOT_SELECTED_BY_DETERMINISTIC_DIVERSITY_TIE_BREAK
RCB,N/A,false,true,true,true,true,2019-10-18,2023-12-15,220,218,T1-B1-S1-I1,PASS_REQUIRED_WINDOWS,0,0,0,true,false,694,TEXT_CONTENT_INTEGRITY_NOT_AUDITED_M2_02,NOT_SELECTED_BY_DETERMINISTIC_DIVERSITY_TIE_BREAK
RCEL,Healthcare,false,true,true,true,true,2012-08-10,2023-12-15,595,593,T1-B1-S1-I1,PASS_REQUIRED_WINDOWS,0,0,0,true,false,1515,TEXT_CONTENT_INTEGRITY_NOT_AUDITED_M2_02,NOT_SELECTED_BY_DETERMINISTIC_DIVERSITY_TIE_BREAK
RCG,Financial Services,false,true,false,true,true,2000-03-31,2023-12-15,1240,1238,T1-B0-S1-I1,PASS_REQUIRED_WINDOWS,0,0,0,true,false,1410,TEXT_CONTENT_INTEGRITY_NOT_AUDITED_M2_02;TABLE_MEMBER_MISSING,NOT_SELECTED_BY_DETERMINISTIC_DIVERSITY_TIE_BREAK
RCI,Communication Services,false,true,true,true,true,2000-03-31,2023-12-15,1240,1238,T1-B1-S1-I1,PASS_REQUIRED_WINDOWS,0,0,0,true,false,2728,TEXT_CONTENT_INTEGRITY_NOT_AUDITED_M2_02,NOT_SELECTED_BY_DETERMINISTIC_DIVERSITY_TIE_BREAK
RCKT,Healthcare,false,true,true,true,true,2015-05-15,2023-12-15,451,449,T1-B1-S1-I1,PASS_REQUIRED_WINDOWS,0,0,0,true,false,465,TEXT_CONTENT_INTEGRITY_NOT_AUDITED_M2_02,NOT_SELECTED_BY_DETERMINISTIC_DIVERSITY_TIE_BREAK
RCKY,Consumer Cyclical,false,true,true,true,true,2000-03-31,2023-12-15,1240,1238,T1-B1-S1-I1,PASS_REQUIRED_WINDOWS,0,0,0,true,false,957,TEXT_CONTENT_INTEGRITY_NOT_AUDITED_M2_02,NOT_SELECTED_BY_DETERMINISTIC_DIVERSITY_TIE_BREAK
RCL,Consumer Cyclical,false,true,true,true,true,2000-03-31,2023-12-15,1240,1238,T1-B1-S1-I1,PASS_REQUIRED_WINDOWS,0,0,0,true,false,199,TEXT_CONTENT_INTEGRITY_NOT_AUDITED_M2_02,NOT_SELECTED_BY_DETERMINISTIC_DIVERSITY_TIE_BREAK
RCMT,Industrials,false,true,true,true,true,2000-03-31,2023-12-15,1240,1238,T1-B1-S1-I1,PASS_REQUIRED_WINDOWS,0,0,0,true,false,343,TEXT_CONTENT_INTEGRITY_NOT_AUDITED_M2_02,NOT_SELECTED_BY_DETERMINISTIC_DIVERSITY_TIE_BREAK
RCON,Energy,false,true,true,true,true,2009-10-23,2023-12-15,741,739,T1-B1-S1-I1,PASS_REQUIRED_WINDOWS,0,0,0,true,false,1922,TEXT_CONTENT_INTEGRITY_NOT_AUDITED_M2_02,NOT_SELECTED_BY_DETERMINISTIC_DIVERSITY_TIE_BREAK
RCS,Financial Services,false,true,false,true,true,2000-03-31,2023-12-15,1240,1238,T1-B0-S1-I1,PASS_REQUIRED_WINDOWS,0,0,0,true,false,1691,TEXT_CONTENT_INTEGRITY_NOT_AUDITED_M2_02;TABLE_MEMBER_MISSING,NOT_SELECTED_BY_DETERMINISTIC_DIVERSITY_TIE_BREAK
RCUS,Healthcare,false,true,true,true,true,2018-06-15,2023-12-15,290,288,T1-B1-S1-I1,PASS_REQUIRED_WINDOWS,0,0,0,true,false,1701,TEXT_CONTENT_INTEGRITY_NOT_AUDITED_M2_02,NOT_SELECTED_BY_DETERMINISTIC_DIVERSITY_TIE_BREAK
RDCM,Communication Services,false,true,true,true,true,2000-03-31,2023-12-15,1240,1238,T1-B1-S1-I1,PASS_REQUIRED_WINDOWS,0,0,0,true,false,1966,TEXT_CONTENT_INTEGRITY_NOT_AUDITED_M2_02,NOT_SELECTED_BY_DETERMINISTIC_DIVERSITY_TIE_BREAK
RDFN,Real Estate,false,true,true,true,true,2017-10-27,2023-12-15,323,321,T1-B1-S1-I1,PASS_REQUIRED_WINDOWS,0,0,0,true,false,2369,TEXT_CONTENT_INTEGRITY_NOT_AUDITED_M2_02,NOT_SELECTED_BY_DETERMINISTIC_DIVERSITY_TIE_BREAK
RDHL,Healthcare,false,true,true,true,true,2013-04-05,2023-12-15,561,559,T1-B1-S1-I1,PASS_REQUIRED_WINDOWS,0,0,0,true,false,991,TEXT_CONTENT_INTEGRITY_NOT_AUDITED_M2_02,NOT_SELECTED_BY_DETERMINISTIC_DIVERSITY_TIE_BREAK
RDI,Communication Services,false,true,true,true,true,2000-03-31,2023-12-15,1240,1238,T1-B1-S1-I1,PASS_REQUIRED_WINDOWS,0,0,0,true,false,1733,TEXT_CONTENT_INTEGRITY_NOT_AUDITED_M2_02,NOT_SELECTED_BY_DETERMINISTIC_DIVERSITY_TIE_BREAK
RDIB,Communication Services,false,true,true,true,true,2000-03-31,2023-12-15,1225,1223,T1-B1-S1-I1,PASS_REQUIRED_WINDOWS,7,0,0,true,false,1038,TEXT_CONTENT_INTEGRITY_NOT_AUDITED_M2_02,NOT_SELECTED_BY_DETERMINISTIC_DIVERSITY_TIE_BREAK
RDIV,N/A,false,true,false,true,true,,,0,0,T1-B0-S1-I1,INVALID_HEADER,0,0,0,false,false,,TEXT_CONTENT_INTEGRITY_NOT_AUDITED_M2_02;TABLE_MEMBER_MISSING,INCOMPLETE_STRUCTURALLY_VALID_REQUIRED_WINDOWS
RDN,Financial Services,false,true,true,true,true,2000-03-31,2023-12-15,1240,1238,T1-B1-S1-I1,PASS_REQUIRED_WINDOWS,0,0,0,true,false,2591,TEXT_CONTENT_INTEGRITY_NOT_AUDITED_M2_02,NOT_SELECTED_BY_DETERMINISTIC_DIVERSITY_TIE_BREAK
RDNT,Healthcare,false,true,true,true,true,2000-03-31,2023-12-15,1240,1238,T1-B1-S1-I1,PASS_REQUIRED_WINDOWS,0,0,0,true,false,822,TEXT_CONTENT_INTEGRITY_NOT_AUDITED_M2_02,NOT_SELECTED_BY_DETERMINISTIC_DIVERSITY_TIE_BREAK
RDOG,N/A,false,true,false,true,true,,,0,0,T1-B0-S1-I1,INVALID_HEADER,0,0,0,false,false,,TEXT_CONTENT_INTEGRITY_NOT_AUDITED_M2_02;TABLE_MEMBER_MISSING,INCOMPLETE_STRUCTURALLY_VALID_REQUIRED_WINDOWS
RDUS,Basic Materials,false,true,true,true,true,2000-03-31,2023-12-15,1240,1238,T1-B1-S1-I1,PASS_REQUIRED_WINDOWS,0,0,0,true,false,1475,TEXT_CONTENT_INTEGRITY_NOT_AUDITED_M2_02,NOT_SELECTED_BY_DETERMINISTIC_DIVERSITY_TIE_BREAK
RDVT,Technology,false,true,true,true,true,2018-06-22,2023-12-15,289,287,T1-B1-S1-I1,PASS_REQUIRED_WINDOWS,0,0,0,true,false,590,TEXT_CONTENT_INTEGRITY_NOT_AUDITED_M2_02,NOT_SELECTED_BY_DETERMINISTIC_DIVERSITY_TIE_BREAK
RDVY,N/A,false,true,false,true,true,,,0,0,T1-B0-S1-I1,INVALID_HEADER,0,0,0,false,false,,TEXT_CONTENT_INTEGRITY_NOT_AUDITED_M2_02;TABLE_MEMBER_MISSING,INCOMPLETE_STRUCTURALLY_VALID_REQUIRED_WINDOWS
RDWR,Technology,false,true,true,true,true,2000-03-31,2023-12-15,1240,1238,T1-B1-S1-I1,PASS_REQUIRED_WINDOWS,0,0,0,true,false,1451,TEXT_CONTENT_INTEGRITY_NOT_AUDITED_M2_02,NOT_SELECTED_BY_DETERMINISTIC_DIVERSITY_TIE_BREAK
RDY,Healthcare,false,true,true,true,true,2001-07-13,2023-12-15,1173,1171,T1-B1-S1-I1,PASS_REQUIRED_WINDOWS,0,0,0,true,false,2276,TEXT_CONTENT_INTEGRITY_NOT_AUDITED_M2_02,NOT_SELECTED_BY_DETERMINISTIC_DIVERSITY_TIE_BREAK
REAL,Consumer Cyclical,false,true,true,true,true,2019-09-27,2023-12-15,223,221,T1-B1-S1-I1,PASS_REQUIRED_WINDOWS,0,0,0,true,false,2541,TEXT_CONTENT_INTEGRITY_NOT_AUDITED_M2_02,NOT_SELECTED_BY_DETERMINISTIC_DIVERSITY_TIE_BREAK
RECS,N/A,false,true,false,true,true,,,0,0,T1-B0-S1-I1,INVALID_HEADER,0,0,0,false,false,,TEXT_CONTENT_INTEGRITY_NOT_AUDITED_M2_02;TABLE_MEMBER_MISSING,INCOMPLETE_STRUCTURALLY_VALID_REQUIRED_WINDOWS
REFR,Technology,false,true,true,true,true,2000-03-31,2023-12-15,1240,1238,T1-B1-S1-I1,PASS_REQUIRED_WINDOWS,0,0,0,true,false,2321,TEXT_CONTENT_INTEGRITY_NOT_AUDITED_M2_02,NOT_SELECTED_BY_DETERMINISTIC_DIVERSITY_TIE_BREAK
REG,Real Estate,false,true,true,true,true,2000-03-31,2023-12-15,1240,1238,T1-B1-S1-I1,PASS_REQUIRED_WINDOWS,0,0,0,true,false,898,TEXT_CONTENT_INTEGRITY_NOT_AUDITED_M2_02,NOT_SELECTED_BY_DETERMINISTIC_DIVERSITY_TIE_BREAK
REGL,N/A,false,true,false,true,true,,,0,0,T1-B0-S1-I1,INVALID_HEADER,0,0,0,false,false,,TEXT_CONTENT_INTEGRITY_NOT_AUDITED_M2_02;TABLE_MEMBER_MISSING,INCOMPLETE_STRUCTURALLY_VALID_REQUIRED_WINDOWS
REGN,Healthcare,false,true,true,true,true,2000-03-31,2023-12-15,1240,1238,T1-B1-S1-I1,PASS_REQUIRED_WINDOWS,0,0,0,true,false,2538,TEXT_CONTENT_INTEGRITY_NOT_AUDITED_M2_02,NOT_SELECTED_BY_DETERMINISTIC_DIVERSITY_TIE_BREAK
REI,Energy,false,true,true,true,true,2007-07-06,2023-12-15,861,859,T1-B1-S1-I1,PASS_REQUIRED_WINDOWS,0,0,0,true,false,988,TEXT_CONTENT_INTEGRITY_NOT_AUDITED_M2_02,NOT_SELECTED_BY_DETERMINISTIC_DIVERSITY_TIE_BREAK
REK,N/A,false,true,false,true,true,,,0,0,T1-B0-S1-I1,INVALID_HEADER,0,0,0,false,false,,TEXT_CONTENT_INTEGRITY_NOT_AUDITED_M2_02;TABLE_MEMBER_MISSING,INCOMPLETE_STRUCTURALLY_VALID_REQUIRED_WINDOWS
REKR,Technology,false,true,true,true,true,2017-11-24,2023-12-15,319,317,T1-B1-S1-I1,PASS_REQUIRED_WINDOWS,0,0,0,true,false,1288,TEXT_CONTENT_INTEGRITY_NOT_AUDITED_M2_02,NOT_SELECTED_BY_DETERMINISTIC_DIVERSITY_TIE_BREAK
RELL,Technology,false,true,true,true,true,2000-03-31,2023-12-15,1240,1238,T1-B1-S1-I1,PASS_REQUIRED_WINDOWS,0,0,0,true,false,2706,TEXT_CONTENT_INTEGRITY_NOT_AUDITED_M2_02,NOT_SELECTED_BY_DETERMINISTIC_DIVERSITY_TIE_BREAK
RELV,Consumer Defensive,false,true,false,true,true,2016-07-29,2023-12-15,388,386,T1-B0-S1-I1,PASS_REQUIRED_WINDOWS,0,0,0,true,false,1612,TEXT_CONTENT_INTEGRITY_NOT_AUDITED_M2_02;TABLE_MEMBER_MISSING,NOT_SELECTED_BY_DETERMINISTIC_DIVERSITY_TIE_BREAK
RELX,Industrials,false,true,true,true,true,2000-03-31,2023-12-15,1240,1238,T1-B1-S1-I1,PASS_REQUIRED_WINDOWS,0,0,0,true,false,1469,TEXT_CONTENT_INTEGRITY_NOT_AUDITED_M2_02,NOT_SELECTED_BY_DETERMINISTIC_DIVERSITY_TIE_BREAK
REM,N/A,false,true,false,true,true,,,0,0,T1-B0-S1-I1,INVALID_HEADER,0,0,0,false,false,,TEXT_CONTENT_INTEGRITY_NOT_AUDITED_M2_02;TABLE_MEMBER_MISSING,INCOMPLETE_STRUCTURALLY_VALID_REQUIRED_WINDOWS
REMX,N/A,false,true,false,true,true,,,0,0,T1-B0-S1-I1,INVALID_HEADER,0,0,0,false,false,,TEXT_CONTENT_INTEGRITY_NOT_AUDITED_M2_02;TABLE_MEMBER_MISSING,INCOMPLETE_STRUCTURALLY_VALID_REQUIRED_WINDOWS
REPL,Healthcare,false,true,true,true,true,2018-10-19,2023-12-15,272,270,T1-B1-S1-I1,PASS_REQUIRED_WINDOWS,0,0,0,true,false,536,TEXT_CONTENT_INTEGRITY_NOT_AUDITED_M2_02,NOT_SELECTED_BY_DETERMINISTIC_DIVERSITY_TIE_BREAK
RES,Energy,false,true,true,true,true,2000-03-31,2023-12-15,1240,1238,T1-B1-S1-I1,PASS_REQUIRED_WINDOWS,0,0,0,true,false,571,TEXT_CONTENT_INTEGRITY_NOT_AUDITED_M2_02,NOT_SELECTED_BY_DETERMINISTIC_DIVERSITY_TIE_BREAK
RESD,N/A,false,true,false,true,true,,,0,0,T1-B0-S1-I1,INVALID_HEADER,0,0,0,false,false,,TEXT_CONTENT_INTEGRITY_NOT_AUDITED_M2_02;TABLE_MEMBER_MISSING,INCOMPLETE_STRUCTURALLY_VALID_REQUIRED_WINDOWS
RESE,N/A,false,true,false,true,true,,,0,0,T1-B0-S1-I1,INVALID_HEADER,0,0,0,false,false,,TEXT_CONTENT_INTEGRITY_NOT_AUDITED_M2_02;TABLE_MEMBER_MISSING,INCOMPLETE_STRUCTURALLY_VALID_REQUIRED_WINDOWS
RESI,N/A,false,false,false,true,true,,,0,0,T0-B0-S1-I1,INVALID_HEADER,0,0,0,false,false,,TEXT_CONTENT_INTEGRITY_NOT_AUDITED_M2_02;TEXT_MEMBER_MISSING;TABLE_MEMBER_MISSING,INCOMPLETE_STRUCTURALLY_VALID_REQUIRED_WINDOWS
RESP,N/A,false,true,false,true,true,,,0,0,T1-B0-S1-I1,INVALID_HEADER,0,0,0,false,false,,TEXT_CONTENT_INTEGRITY_NOT_AUDITED_M2_02;TABLE_MEMBER_MISSING,INCOMPLETE_STRUCTURALLY_VALID_REQUIRED_WINDOWS
RETL,N/A,false,true,false,true,true,,,0,0,T1-B0-S1-I1,INVALID_HEADER,0,0,0,false,false,,TEXT_CONTENT_INTEGRITY_NOT_AUDITED_M2_02;TABLE_MEMBER_MISSING,INCOMPLETE_STRUCTURALLY_VALID_REQUIRED_WINDOWS
RETO,Basic Materials,false,true,true,true,true,2018-03-02,2023-12-15,305,303,T1-B1-S1-I1,PASS_REQUIRED_WINDOWS,0,0,0,true,false,464,TEXT_CONTENT_INTEGRITY_NOT_AUDITED_M2_02,NOT_SELECTED_BY_DETERMINISTIC_DIVERSITY_TIE_BREAK
REVG,Industrials,false,true,true,true,true,2017-04-28,2023-12-15,349,347,T1-B1-S1-I1,PASS_REQUIRED_WINDOWS,0,0,0,true,false,2423,TEXT_CONTENT_INTEGRITY_NOT_AUDITED_M2_02,NOT_SELECTED_BY_DETERMINISTIC_DIVERSITY_TIE_BREAK
REVS,N/A,false,true,false,true,true,,,0,0,T1-B0-S1-I1,INVALID_HEADER,0,0,0,false,false,,TEXT_CONTENT_INTEGRITY_NOT_AUDITED_M2_02;TABLE_MEMBER_MISSING,INCOMPLETE_STRUCTURALLY_VALID_REQUIRED_WINDOWS
REW,N/A,false,true,false,true,true,,,0,0,T1-B0-S1-I1,INVALID_HEADER,0,0,0,false,false,,TEXT_CONTENT_INTEGRITY_NOT_AUDITED_M2_02;TABLE_MEMBER_MISSING,INCOMPLETE_STRUCTURALLY_VALID_REQUIRED_WINDOWS
REX,Basic Materials,false,true,true,true,true,2000-03-31,2023-12-15,1240,1238,T1-B1-S1-I1,PASS_REQUIRED_WINDOWS,0,0,0,true,false,1875,TEXT_CONTENT_INTEGRITY_NOT_AUDITED_M2_02,NOT_SELECTED_BY_DETERMINISTIC_DIVERSITY_TIE_BREAK
REYN,Consumer Cyclical,false,true,true,true,true,2020-05-01,2023-12-15,192,190,T1-B1-S1-I1,PASS_REQUIRED_WINDOWS,0,0,0,true,false,2202,TEXT_CONTENT_INTEGRITY_NOT_AUDITED_M2_02,NOT_SELECTED_BY_DETERMINISTIC_DIVERSITY_TIE_BREAK
REZ,N/A,false,true,false,true,true,,,0,0,T1-B0-S1-I1,INVALID_HEADER,0,0,0,false,false,,TEXT_CONTENT_INTEGRITY_NOT_AUDITED_M2_02;TABLE_MEMBER_MISSING,INCOMPLETE_STRUCTURALLY_VALID_REQUIRED_WINDOWS
REZI,Industrials,false,true,true,true,true,2019-02-01,2023-12-15,257,255,T1-B1-S1-I1,PASS_REQUIRED_WINDOWS,0,0,0,true,false,1931,TEXT_CONTENT_INTEGRITY_NOT_AUDITED_M2_02,NOT_SELECTED_BY_DETERMINISTIC_DIVERSITY_TIE_BREAK
RF,Financial Services,false,true,true,true,true,2000-03-31,2023-12-15,1240,1238,T1-B1-S1-I1,PASS_REQUIRED_WINDOWS,0,0,0,true,false,1695,TEXT_CONTENT_INTEGRITY_NOT_AUDITED_M2_02,NOT_SELECTED_BY_DETERMINISTIC_DIVERSITY_TIE_BREAK
RFCI,N/A,false,true,false,true,true,,,0,0,T1-B0-S1-I1,INVALID_HEADER,0,0,0,false,false,,TEXT_CONTENT_INTEGRITY_NOT_AUDITED_M2_02;TABLE_MEMBER_MISSING,INCOMPLETE_STRUCTURALLY_VALID_REQUIRED_WINDOWS
RFDA,N/A,false,true,false,true,true,,,0,0,T1-B0-S1-I1,INVALID_HEADER,0,0,0,false,false,,TEXT_CONTENT_INTEGRITY_NOT_AUDITED_M2_02;TABLE_MEMBER_MISSING,INCOMPLETE_STRUCTURALLY_VALID_REQUIRED_WINDOWS
RFDI,N/A,false,true,false,true,true,,,0,0,T1-B0-S1-I1,INVALID_HEADER,0,0,0,false,false,,TEXT_CONTENT_INTEGRITY_NOT_AUDITED_M2_02;TABLE_MEMBER_MISSING,INCOMPLETE_STRUCTURALLY_VALID_REQUIRED_WINDOWS
RFEM,N/A,false,true,false,true,true,,,0,0,T1-B0-S1-I1,INVALID_HEADER,0,0,0,false,false,,TEXT_CONTENT_INTEGRITY_NOT_AUDITED_M2_02;TABLE_MEMBER_MISSING,INCOMPLETE_STRUCTURALLY_VALID_REQUIRED_WINDOWS
RFEU,N/A,false,true,false,true,true,,,0,0,T1-B0-S1-I1,INVALID_HEADER,0,0,0,false,false,,TEXT_CONTENT_INTEGRITY_NOT_AUDITED_M2_02;TABLE_MEMBER_MISSING,INCOMPLETE_STRUCTURALLY_VALID_REQUIRED_WINDOWS
RFFC,N/A,false,true,false,true,true,,,0,0,T1-B0-S1-I1,INVALID_HEADER,0,0,0,false,false,,TEXT_CONTENT_INTEGRITY_NOT_AUDITED_M2_02;TABLE_MEMBER_MISSING,INCOMPLETE_STRUCTURALLY_VALID_REQUIRED_WINDOWS
RFI,Financial Services,false,true,false,true,true,2000-03-31,2023-12-15,1240,1238,T1-B0-S1-I1,PASS_REQUIRED_WINDOWS,0,0,0,true,false,647,TEXT_CONTENT_INTEGRITY_NOT_AUDITED_M2_02;TABLE_MEMBER_MISSING,NOT_SELECTED_BY_DETERMINISTIC_DIVERSITY_TIE_BREAK
RFIL,Industrials,false,true,true,true,true,2000-03-31,2023-12-15,1240,1238,T1-B1-S1-I1,PASS_REQUIRED_WINDOWS,0,0,0,true,false,1034,TEXT_CONTENT_INTEGRITY_NOT_AUDITED_M2_02,NOT_SELECTED_BY_DETERMINISTIC_DIVERSITY_TIE_BREAK
RGA,Financial Services,false,true,true,true,true,2008-12-12,2023-12-15,786,784,T1-B1-S1-I1,PASS_REQUIRED_WINDOWS,0,0,0,true,false,505,TEXT_CONTENT_INTEGRITY_NOT_AUDITED_M2_02,NOT_SELECTED_BY_DETERMINISTIC_DIVERSITY_TIE_BREAK
RGCO,Utilities,false,true,true,true,true,2000-03-31,2023-12-15,1240,1238,T1-B1-S1-I1,PASS_REQUIRED_WINDOWS,0,0,0,true,false,384,TEXT_CONTENT_INTEGRITY_NOT_AUDITED_M2_02,NOT_SELECTED_BY_DETERMINISTIC_DIVERSITY_TIE_BREAK
RGEN,Healthcare,false,true,true,true,true,2000-03-31,2023-12-15,1240,1238,T1-B1-S1-I1,PASS_REQUIRED_WINDOWS,0,0,0,true,false,754,TEXT_CONTENT_INTEGRITY_NOT_AUDITED_M2_02,NOT_SELECTED_BY_DETERMINISTIC_DIVERSITY_TIE_BREAK
RGLD,Basic Materials,false,true,true,true,true,2000-03-31,2023-12-15,1240,1238,T1-B1-S1-I1,PASS_REQUIRED_WINDOWS,0,0,0,true,false,1277,TEXT_CONTENT_INTEGRITY_NOT_AUDITED_M2_02,NOT_SELECTED_BY_DETERMINISTIC_DIVERSITY_TIE_BREAK
RGLS,Healthcare,false,true,true,true,true,2013-01-11,2023-12-15,573,571,T1-B1-S1-I1,PASS_REQUIRED_WINDOWS,0,0,0,true,false,2837,TEXT_CONTENT_INTEGRITY_NOT_AUDITED_M2_02,NOT_SELECTED_BY_DETERMINISTIC_DIVERSITY_TIE_BREAK
RGP,Industrials,false,true,true,true,true,2001-03-16,2023-12-15,1190,1188,T1-B1-S1-I1,PASS_REQUIRED_WINDOWS,0,0,0,true,false,230,TEXT_CONTENT_INTEGRITY_NOT_AUDITED_M2_02,NOT_SELECTED_BY_DETERMINISTIC_DIVERSITY_TIE_BREAK
RGR,Industrials,false,true,true,true,true,2000-03-31,2023-12-15,1240,1238,T1-B1-S1-I1,PASS_REQUIRED_WINDOWS,0,0,0,true,false,2520,TEXT_CONTENT_INTEGRITY_NOT_AUDITED_M2_02,NOT_SELECTED_BY_DETERMINISTIC_DIVERSITY_TIE_BREAK
RGS,Consumer Cyclical,false,true,true,true,true,2000-03-31,2023-12-15,1240,1238,T1-B1-S1-I1,PASS_REQUIRED_WINDOWS,0,0,0,true,false,1963,TEXT_CONTENT_INTEGRITY_NOT_AUDITED_M2_02,NOT_SELECTED_BY_DETERMINISTIC_DIVERSITY_TIE_BREAK
RGT,Financial Services,false,true,false,true,true,2014-01-10,2023-12-15,521,519,T1-B0-S1-I1,PASS_REQUIRED_WINDOWS,0,0,0,true,false,2455,TEXT_CONTENT_INTEGRITY_NOT_AUDITED_M2_02;TABLE_MEMBER_MISSING,NOT_SELECTED_BY_DETERMINISTIC_DIVERSITY_TIE_BREAK
RH,Consumer Cyclical,false,true,true,true,true,2013-02-01,2023-12-15,570,568,T1-B1-S1-I1,PASS_REQUIRED_WINDOWS,0,0,0,true,false,1460,TEXT_CONTENT_INTEGRITY_NOT_AUDITED_M2_02,NOT_SELECTED_BY_DETERMINISTIC_DIVERSITY_TIE_BREAK
RHI,Industrials,false,true,true,true,true,2000-03-31,2023-12-15,1240,1238,T1-B1-S1-I1,PASS_REQUIRED_WINDOWS,0,0,0,true,false,1713,TEXT_CONTENT_INTEGRITY_NOT_AUDITED_M2_02,NOT_SELECTED_BY_DETERMINISTIC_DIVERSITY_TIE_BREAK
RHP,Real Estate,false,true,true,true,true,2000-03-31,2023-12-15,1240,1238,T1-B1-S1-I1,PASS_REQUIRED_WINDOWS,0,0,0,true,false,892,TEXT_CONTENT_INTEGRITY_NOT_AUDITED_M2_02,NOT_SELECTED_BY_DETERMINISTIC_DIVERSITY_TIE_BREAK
RIBT,Consumer Defensive,false,true,false,true,true,2001-10-19,2023-12-15,1121,1119,T1-B0-S1-I1,PASS_REQUIRED_WINDOWS,3,0,0,true,false,1396,TEXT_CONTENT_INTEGRITY_NOT_AUDITED_M2_02;TABLE_MEMBER_MISSING,NOT_SELECTED_BY_DETERMINISTIC_DIVERSITY_TIE_BREAK
RICK,Consumer Cyclical,false,true,true,true,true,2000-03-31,2023-12-15,1240,1238,T1-B1-S1-I1,PASS_REQUIRED_WINDOWS,0,0,0,true,false,2358,TEXT_CONTENT_INTEGRITY_NOT_AUDITED_M2_02,NOT_SELECTED_BY_DETERMINISTIC_DIVERSITY_TIE_BREAK
RIG,Energy,false,true,true,true,true,2000-03-31,2023-12-15,1240,1238,T1-B1-S1-I1,PASS_REQUIRED_WINDOWS,0,0,0,true,false,1147,TEXT_CONTENT_INTEGRITY_NOT_AUDITED_M2_02,NOT_SELECTED_BY_DETERMINISTIC_DIVERSITY_TIE_BREAK
RIGL,Healthcare,false,true,true,true,true,2001-03-02,2023-12-15,1192,1190,T1-B1-S1-I1,PASS_REQUIRED_WINDOWS,0,0,0,true,false,787,TEXT_CONTENT_INTEGRITY_NOT_AUDITED_M2_02,NOT_SELECTED_BY_DETERMINISTIC_DIVERSITY_TIE_BREAK
RILY,Financial Services,false,true,true,true,true,2007-11-09,2023-12-15,843,841,T1-B1-S1-I1,PASS_REQUIRED_WINDOWS,0,0,0,true,false,966,TEXT_CONTENT_INTEGRITY_NOT_AUDITED_M2_02,NOT_SELECTED_BY_DETERMINISTIC_DIVERSITY_TIE_BREAK
RILYG,N/A,false,true,true,true,true,2022-03-04,2023-12-15,96,94,T1-B1-S1-I1,PASS_REQUIRED_WINDOWS,0,0,0,true,false,1552,TEXT_CONTENT_INTEGRITY_NOT_AUDITED_M2_02,NOT_SELECTED_BY_DETERMINISTIC_DIVERSITY_TIE_BREAK
RILYM,N/A,false,true,false,true,true,2020-05-15,2023-12-15,190,188,T1-B0-S1-I1,PASS_REQUIRED_WINDOWS,0,0,0,true,false,2190,TEXT_CONTENT_INTEGRITY_NOT_AUDITED_M2_02;TABLE_MEMBER_MISSING,NOT_SELECTED_BY_DETERMINISTIC_DIVERSITY_TIE_BREAK
RILYN,N/A,false,true,true,true,true,2019-12-20,2023-12-15,211,209,T1-B1-S1-I1,PASS_REQUIRED_WINDOWS,0,0,0,true,false,508,TEXT_CONTENT_INTEGRITY_NOT_AUDITED_M2_02,NOT_SELECTED_BY_DETERMINISTIC_DIVERSITY_TIE_BREAK
RILYP,Financial Services,false,true,true,true,true,2020-01-03,2023-12-15,209,207,T1-B1-S1-I1,PASS_REQUIRED_WINDOWS,0,0,0,true,false,1030,TEXT_CONTENT_INTEGRITY_NOT_AUDITED_M2_02,NOT_SELECTED_BY_DETERMINISTIC_DIVERSITY_TIE_BREAK
RILYZ,N/A,false,true,true,true,true,2021-11-05,2023-12-15,113,111,T1-B1-S1-I1,PASS_REQUIRED_WINDOWS,0,0,0,true,false,2483,TEXT_CONTENT_INTEGRITY_NOT_AUDITED_M2_02,NOT_SELECTED_BY_DETERMINISTIC_DIVERSITY_TIE_BREAK
RINF,N/A,false,true,false,true,true,,,0,0,T1-B0-S1-I1,INVALID_HEADER,0,0,0,false,false,,TEXT_CONTENT_INTEGRITY_NOT_AUDITED_M2_02;TABLE_MEMBER_MISSING,INCOMPLETE_STRUCTURALLY_VALID_REQUIRED_WINDOWS
RING,N/A,false,true,false,true,true,,,0,0,T1-B0-S1-I1,INVALID_HEADER,0,0,0,false,false,,TEXT_CONTENT_INTEGRITY_NOT_AUDITED_M2_02;TABLE_MEMBER_MISSING,INCOMPLETE_STRUCTURALLY_VALID_REQUIRED_WINDOWS
RIO,Basic Materials,false,true,true,true,true,2000-03-31,2023-12-15,1240,1238,T1-B1-S1-I1,PASS_REQUIRED_WINDOWS,0,0,0,true,false,1298,TEXT_CONTENT_INTEGRITY_NOT_AUDITED_M2_02,NOT_SELECTED_BY_DETERMINISTIC_DIVERSITY_TIE_BREAK
RIV,Financial Services,false,true,false,true,true,2016-04-08,2023-12-15,404,402,T1-B0-S1-I1,PASS_REQUIRED_WINDOWS,0,0,0,true,false,2028,TEXT_CONTENT_INTEGRITY_NOT_AUDITED_M2_02;TABLE_MEMBER_MISSING,NOT_SELECTED_BY_DETERMINISTIC_DIVERSITY_TIE_BREAK
RJF,Financial Services,false,true,true,true,true,2000-03-31,2023-12-15,1240,1238,T1-B1-S1-I1,PASS_REQUIRED_WINDOWS,0,0,0,true,false,1019,TEXT_CONTENT_INTEGRITY_NOT_AUDITED_M2_02,NOT_SELECTED_BY_DETERMINISTIC_DIVERSITY_TIE_BREAK
RKDA,Consumer Defensive,false,true,true,true,true,2015-08-14,2023-12-15,438,436,T1-B1-S1-I1,PASS_REQUIRED_WINDOWS,0,0,0,true,false,2119,TEXT_CONTENT_INTEGRITY_NOT_AUDITED_M2_02,NOT_SELECTED_BY_DETERMINISTIC_DIVERSITY_TIE_BREAK
RL,Consumer Cyclical,false,true,true,true,true,2000-03-31,2023-12-15,1240,1238,T1-B1-S1-I1,PASS_REQUIRED_WINDOWS,0,0,0,true,false,2257,TEXT_CONTENT_INTEGRITY_NOT_AUDITED_M2_02,NOT_SELECTED_BY_DETERMINISTIC_DIVERSITY_TIE_BREAK
RLGT,Industrials,false,true,true,true,true,2007-02-02,2023-12-15,883,881,T1-B1-S1-I1,PASS_REQUIRED_WINDOWS,0,0,0,true,false,1121,TEXT_CONTENT_INTEGRITY_NOT_AUDITED_M2_02,NOT_SELECTED_BY_DETERMINISTIC_DIVERSITY_TIE_BREAK
RLI,Financial Services,false,true,true,true,true,2000-03-31,2023-12-15,1240,1238,T1-B1-S1-I1,PASS_REQUIRED_WINDOWS,0,0,0,true,false,1152,TEXT_CONTENT_INTEGRITY_NOT_AUDITED_M2_02,NOT_SELECTED_BY_DETERMINISTIC_DIVERSITY_TIE_BREAK
RLJ,Real Estate,false,true,true,true,true,2011-08-05,2023-12-15,648,646,T1-B1-S1-I1,PASS_REQUIRED_WINDOWS,0,0,0,true,false,1036,TEXT_CONTENT_INTEGRITY_NOT_AUDITED_M2_02,NOT_SELECTED_BY_DETERMINISTIC_DIVERSITY_TIE_BREAK
RLMD,Healthcare,false,true,true,true,true,2014-09-19,2023-12-15,485,483,T1-B1-S1-I1,PASS_REQUIRED_WINDOWS,0,0,0,true,false,903,TEXT_CONTENT_INTEGRITY_NOT_AUDITED_M2_02,NOT_SELECTED_BY_DETERMINISTIC_DIVERSITY_TIE_BREAK
RLY,N/A,false,true,false,true,true,,,0,0,T1-B0-S1-I1,INVALID_HEADER,0,0,0,false,false,,TEXT_CONTENT_INTEGRITY_NOT_AUDITED_M2_02;TABLE_MEMBER_MISSING,INCOMPLETE_STRUCTURALLY_VALID_REQUIRED_WINDOWS
RM,Financial Services,false,true,true,true,true,2012-06-22,2023-12-15,602,600,T1-B1-S1-I1,PASS_REQUIRED_WINDOWS,0,0,0,true,false,82,TEXT_CONTENT_INTEGRITY_NOT_AUDITED_M2_02,NOT_SELECTED_BY_DETERMINISTIC_DIVERSITY_TIE_BREAK
RMAX,Real Estate,false,true,true,true,true,2013-12-27,2023-12-15,523,521,T1-B1-S1-I1,PASS_REQUIRED_WINDOWS,0,0,0,true,false,2512,TEXT_CONTENT_INTEGRITY_NOT_AUDITED_M2_02,NOT_SELECTED_BY_DETERMINISTIC_DIVERSITY_TIE_BREAK
RMBI,Financial Services,false,true,true,true,true,2019-09-27,2023-12-15,223,221,T1-B1-S1-I1,PASS_REQUIRED_WINDOWS,0,0,0,true,false,151,TEXT_CONTENT_INTEGRITY_NOT_AUDITED_M2_02,NOT_SELECTED_BY_DETERMINISTIC_DIVERSITY_TIE_BREAK
RMBL,Consumer Cyclical,false,true,true,true,true,2017-05-05,2023-12-15,348,346,T1-B1-S1-I1,PASS_REQUIRED_WINDOWS,0,0,0,true,false,23,TEXT_CONTENT_INTEGRITY_NOT_AUDITED_M2_02,NOT_SELECTED_BY_DETERMINISTIC_DIVERSITY_TIE_BREAK
RMBS,Technology,false,true,true,true,true,2000-03-31,2023-12-15,1240,1238,T1-B1-S1-I1,PASS_REQUIRED_WINDOWS,0,0,0,true,false,606,TEXT_CONTENT_INTEGRITY_NOT_AUDITED_M2_02,NOT_SELECTED_BY_DETERMINISTIC_DIVERSITY_TIE_BREAK
RMCF,Consumer Defensive,false,true,true,true,true,2000-03-31,2023-12-15,1240,1238,T1-B1-S1-I1,PASS_REQUIRED_WINDOWS,0,0,0,true,false,2608,TEXT_CONTENT_INTEGRITY_NOT_AUDITED_M2_02,NOT_SELECTED_BY_DETERMINISTIC_DIVERSITY_TIE_BREAK
RMD,Healthcare,false,true,true,true,true,2000-03-31,2023-12-15,1240,1238,T1-B1-S1-I1,PASS_REQUIRED_WINDOWS,0,0,0,true,false,1477,TEXT_CONTENT_INTEGRITY_NOT_AUDITED_M2_02,NOT_SELECTED_BY_DETERMINISTIC_DIVERSITY_TIE_BREAK
RMI,N/A,false,true,false,true,true,2019-01-25,2023-12-15,258,256,T1-B0-S1-I1,PASS_REQUIRED_WINDOWS,0,0,0,true,false,2674,TEXT_CONTENT_INTEGRITY_NOT_AUDITED_M2_02;TABLE_MEMBER_MISSING,NOT_SELECTED_BY_DETERMINISTIC_DIVERSITY_TIE_BREAK
RMM,Financial Services,false,true,false,true,true,2019-10-25,2023-12-15,219,217,T1-B0-S1-I1,PASS_REQUIRED_WINDOWS,0,0,0,true,false,1905,TEXT_CONTENT_INTEGRITY_NOT_AUDITED_M2_02;TABLE_MEMBER_MISSING,NOT_SELECTED_BY_DETERMINISTIC_DIVERSITY_TIE_BREAK
RMNI,Technology,false,true,true,true,true,2015-11-27,2023-12-15,423,421,T1-B1-S1-I1,PASS_REQUIRED_WINDOWS,0,0,0,true,false,1319,TEXT_CONTENT_INTEGRITY_NOT_AUDITED_M2_02,NOT_SELECTED_BY_DETERMINISTIC_DIVERSITY_TIE_BREAK
RMR,Real Estate,false,true,true,true,true,2016-03-11,2023-12-15,408,406,T1-B1-S1-I1,PASS_REQUIRED_WINDOWS,0,0,0,true,false,773,TEXT_CONTENT_INTEGRITY_NOT_AUDITED_M2_02,NOT_SELECTED_BY_DETERMINISTIC_DIVERSITY_TIE_BREAK
RMT,Financial Services,false,true,false,true,true,2000-03-31,2023-12-15,1240,1238,T1-B0-S1-I1,PASS_REQUIRED_WINDOWS,0,0,0,true,false,1352,TEXT_CONTENT_INTEGRITY_NOT_AUDITED_M2_02;TABLE_MEMBER_MISSING,NOT_SELECTED_BY_DETERMINISTIC_DIVERSITY_TIE_BREAK
RMTI,Healthcare,false,true,true,true,true,2000-03-31,2023-12-15,1240,1238,T1-B1-S1-I1,PASS_REQUIRED_WINDOWS,0,0,0,true,false,2818,TEXT_CONTENT_INTEGRITY_NOT_AUDITED_M2_02,NOT_SELECTED_BY_DETERMINISTIC_DIVERSITY_TIE_BREAK
RNA,Healthcare,false,true,true,true,true,2020-09-11,2023-12-15,173,171,T1-B1-S1-I1,PASS_REQUIRED_WINDOWS,0,0,0,true,false,1104,TEXT_CONTENT_INTEGRITY_NOT_AUDITED_M2_02,NOT_SELECTED_BY_DETERMINISTIC_DIVERSITY_TIE_BREAK
RNEM,N/A,false,true,false,true,true,,,0,0,T1-B0-S1-I1,INVALID_HEADER,0,0,0,false,false,,TEXT_CONTENT_INTEGRITY_NOT_AUDITED_M2_02;TABLE_MEMBER_MISSING,INCOMPLETE_STRUCTURALLY_VALID_REQUIRED_WINDOWS
RNG,Technology,false,true,true,true,true,2013-12-27,2023-12-15,523,521,T1-B1-S1-I1,PASS_REQUIRED_WINDOWS,0,0,0,true,false,1417,TEXT_CONTENT_INTEGRITY_NOT_AUDITED_M2_02,NOT_SELECTED_BY_DETERMINISTIC_DIVERSITY_TIE_BREAK
RNGR,Energy,false,true,true,true,true,2017-11-10,2023-12-15,321,319,T1-B1-S1-I1,PASS_REQUIRED_WINDOWS,0,0,0,true,false,658,TEXT_CONTENT_INTEGRITY_NOT_AUDITED_M2_02,NOT_SELECTED_BY_DETERMINISTIC_DIVERSITY_TIE_BREAK
RNLC,N/A,false,true,false,true,true,,,0,0,T1-B0-S1-I1,INVALID_HEADER,0,0,0,false,false,,TEXT_CONTENT_INTEGRITY_NOT_AUDITED_M2_02;TABLE_MEMBER_MISSING,INCOMPLETE_STRUCTURALLY_VALID_REQUIRED_WINDOWS
RNMC,N/A,false,true,false,true,true,,,0,0,T1-B0-S1-I1,INVALID_HEADER,0,0,0,false,false,,TEXT_CONTENT_INTEGRITY_NOT_AUDITED_M2_02;TABLE_MEMBER_MISSING,INCOMPLETE_STRUCTURALLY_VALID_REQUIRED_WINDOWS
RNP,Financial Services,false,true,false,true,true,2003-09-19,2023-12-15,1059,1057,T1-B0-S1-I1,PASS_REQUIRED_WINDOWS,0,0,0,true,false,806,TEXT_CONTENT_INTEGRITY_NOT_AUDITED_M2_02;TABLE_MEMBER_MISSING,NOT_SELECTED_BY_DETERMINISTIC_DIVERSITY_TIE_BREAK
RNSC,N/A,false,true,false,true,true,,,0,0,T1-B0-S1-I1,INVALID_HEADER,0,0,0,false,false,,TEXT_CONTENT_INTEGRITY_NOT_AUDITED_M2_02;TABLE_MEMBER_MISSING,INCOMPLETE_STRUCTURALLY_VALID_REQUIRED_WINDOWS
ROAD,Industrials,false,true,true,true,true,2018-08-03,2023-12-15,283,281,T1-B1-S1-I1,PASS_REQUIRED_WINDOWS,0,0,0,true,false,2972,TEXT_CONTENT_INTEGRITY_NOT_AUDITED_M2_02,NOT_SELECTED_BY_DETERMINISTIC_DIVERSITY_TIE_BREAK
ROAM,N/A,false,true,false,true,true,,,0,0,T1-B0-S1-I1,INVALID_HEADER,0,0,0,false,false,,TEXT_CONTENT_INTEGRITY_NOT_AUDITED_M2_02;TABLE_MEMBER_MISSING,INCOMPLETE_STRUCTURALLY_VALID_REQUIRED_WINDOWS
ROBO,N/A,false,true,false,true,true,,,0,0,T1-B0-S1-I1,INVALID_HEADER,0,0,0,false,false,,TEXT_CONTENT_INTEGRITY_NOT_AUDITED_M2_02;TABLE_MEMBER_MISSING,INCOMPLETE_STRUCTURALLY_VALID_REQUIRED_WINDOWS
ROBT,N/A,false,true,false,true,true,,,0,0,T1-B0-S1-I1,INVALID_HEADER,0,0,0,false,false,,TEXT_CONTENT_INTEGRITY_NOT_AUDITED_M2_02;TABLE_MEMBER_MISSING,INCOMPLETE_STRUCTURALLY_VALID_REQUIRED_WINDOWS
ROCK,Industrials,false,true,true,true,true,2000-03-31,2023-12-15,1240,1238,T1-B1-S1-I1,PASS_REQUIRED_WINDOWS,0,0,0,true,false,2106,TEXT_CONTENT_INTEGRITY_NOT_AUDITED_M2_02,NOT_SELECTED_BY_DETERMINISTIC_DIVERSITY_TIE_BREAK
RODE,N/A,false,true,false,true,true,,,0,0,T1-B0-S1-I1,INVALID_HEADER,0,0,0,false,false,,TEXT_CONTENT_INTEGRITY_NOT_AUDITED_M2_02;TABLE_MEMBER_MISSING,INCOMPLETE_STRUCTURALLY_VALID_REQUIRED_WINDOWS
RODM,N/A,false,true,false,true,true,,,0,0,T1-B0-S1-I1,INVALID_HEADER,0,0,0,false,false,,TEXT_CONTENT_INTEGRITY_NOT_AUDITED_M2_02;TABLE_MEMBER_MISSING,INCOMPLETE_STRUCTURALLY_VALID_REQUIRED_WINDOWS
ROG,Technology,false,true,true,true,true,2000-03-31,2023-12-15,1240,1238,T1-B1-S1-I1,PASS_REQUIRED_WINDOWS,0,0,0,true,false,1700,TEXT_CONTENT_INTEGRITY_NOT_AUDITED_M2_02,NOT_SELECTED_BY_DETERMINISTIC_DIVERSITY_TIE_BREAK
ROIC,N/A,false,true,false,true,true,2008-02-01,2023-12-15,817,815,T1-B0-S1-I1,PASS_REQUIRED_WINDOWS,1,0,0,true,false,1222,TEXT_CONTENT_INTEGRITY_NOT_AUDITED_M2_02;TABLE_MEMBER_MISSING,NOT_SELECTED_BY_DETERMINISTIC_DIVERSITY_TIE_BREAK
ROK,Industrials,false,true,true,true,true,2000-03-31,2023-12-15,1240,1238,T1-B1-S1-I1,PASS_REQUIRED_WINDOWS,0,0,0,true,false,1540,TEXT_CONTENT_INTEGRITY_NOT_AUDITED_M2_02,NOT_SELECTED_BY_DETERMINISTIC_DIVERSITY_TIE_BREAK
ROKT,N/A,false,true,false,true,true,,,0,0,T1-B0-S1-I1,INVALID_HEADER,0,0,0,false,false,,TEXT_CONTENT_INTEGRITY_NOT_AUDITED_M2_02;TABLE_MEMBER_MISSING,INCOMPLETE_STRUCTURALLY_VALID_REQUIRED_WINDOWS
ROKU,Communication Services,false,true,true,true,true,2017-12-22,2023-12-15,315,313,T1-B1-S1-I1,PASS_REQUIRED_WINDOWS,0,0,0,true,false,2304,TEXT_CONTENT_INTEGRITY_NOT_AUDITED_M2_02,NOT_SELECTED_BY_DETERMINISTIC_DIVERSITY_TIE_BREAK
ROL,Consumer Cyclical,false,true,true,true,true,2000-03-31,2023-12-15,1240,1238,T1-B1-S1-I1,PASS_REQUIRED_WINDOWS,0,0,0,true,false,947,TEXT_CONTENT_INTEGRITY_NOT_AUDITED_M2_02,NOT_SELECTED_BY_DETERMINISTIC_DIVERSITY_TIE_BREAK
ROM,N/A,false,true,false,true,true,,,0,0,T1-B0-S1-I1,INVALID_HEADER,0,0,0,false,false,,TEXT_CONTENT_INTEGRITY_NOT_AUDITED_M2_02;TABLE_MEMBER_MISSING,INCOMPLETE_STRUCTURALLY_VALID_REQUIRED_WINDOWS
ROMO,N/A,false,true,false,true,true,,,0,0,T1-B0-S1-I1,INVALID_HEADER,0,0,0,false,false,,TEXT_CONTENT_INTEGRITY_NOT_AUDITED_M2_02;TABLE_MEMBER_MISSING,INCOMPLETE_STRUCTURALLY_VALID_REQUIRED_WINDOWS
ROOF,N/A,false,true,false,true,true,,,0,0,T1-B0-S1-I1,INVALID_HEADER,0,0,0,false,false,,TEXT_CONTENT_INTEGRITY_NOT_AUDITED_M2_02;TABLE_MEMBER_MISSING,INCOMPLETE_STRUCTURALLY_VALID_REQUIRED_WINDOWS
ROP,Technology,false,true,true,true,true,2000-03-31,2023-12-15,1240,1238,T1-B1-S1-I1,PASS_REQUIRED_WINDOWS,0,0,0,true,false,800,TEXT_CONTENT_INTEGRITY_NOT_AUDITED_M2_02,NOT_SELECTED_BY_DETERMINISTIC_DIVERSITY_TIE_BREAK
ROSC,N/A,false,true,false,true,true,,,0,0,T1-B0-S1-I1,INVALID_HEADER,0,0,0,false,false,,TEXT_CONTENT_INTEGRITY_NOT_AUDITED_M2_02;TABLE_MEMBER_MISSING,INCOMPLETE_STRUCTURALLY_VALID_REQUIRED_WINDOWS
ROST,Consumer Cyclical,false,true,true,true,true,2000-03-31,2023-12-15,1240,1238,T1-B1-S1-I1,PASS_REQUIRED_WINDOWS,0,0,0,true,false,2848,TEXT_CONTENT_INTEGRITY_NOT_AUDITED_M2_02,NOT_SELECTED_BY_DETERMINISTIC_DIVERSITY_TIE_BREAK
ROUS,N/A,false,true,false,true,true,,,0,0,T1-B0-S1-I1,INVALID_HEADER,0,0,0,false,false,,TEXT_CONTENT_INTEGRITY_NOT_AUDITED_M2_02;TABLE_MEMBER_MISSING,INCOMPLETE_STRUCTURALLY_VALID_REQUIRED_WINDOWS
RPAR,N/A,false,true,false,true,true,,,0,0,T1-B0-S1-I1,INVALID_HEADER,0,0,0,false,false,,TEXT_CONTENT_INTEGRITY_NOT_AUDITED_M2_02;TABLE_MEMBER_MISSING,INCOMPLETE_STRUCTURALLY_VALID_REQUIRED_WINDOWS
RPAY,Technology,false,true,true,true,true,2018-10-12,2023-12-15,273,271,T1-B1-S1-I1,PASS_REQUIRED_WINDOWS,0,0,0,true,false,2584,TEXT_CONTENT_INTEGRITY_NOT_AUDITED_M2_02,NOT_SELECTED_BY_DETERMINISTIC_DIVERSITY_TIE_BREAK
RPD,Technology,false,true,true,true,true,2015-10-16,2023-12-15,429,427,T1-B1-S1-I1,PASS_REQUIRED_WINDOWS,0,0,0,true,false,1301,TEXT_CONTENT_INTEGRITY_NOT_AUDITED_M2_02,NOT_SELECTED_BY_DETERMINISTIC_DIVERSITY_TIE_BREAK
RPG,N/A,false,true,false,true,true,,,0,0,T1-B0-S1-I1,INVALID_HEADER,0,0,0,false,false,,TEXT_CONTENT_INTEGRITY_NOT_AUDITED_M2_02;TABLE_MEMBER_MISSING,INCOMPLETE_STRUCTURALLY_VALID_REQUIRED_WINDOWS
RPM,Basic Materials,false,true,true,true,true,2000-03-31,2023-12-15,1240,1238,T1-B1-S1-I1,PASS_REQUIRED_WINDOWS,0,0,0,true,false,2184,TEXT_CONTENT_INTEGRITY_NOT_AUDITED_M2_02,NOT_SELECTED_BY_DETERMINISTIC_DIVERSITY_TIE_BREAK
RPRX,Healthcare,false,true,true,true,true,2020-09-11,2023-12-15,173,171,T1-B1-S1-I1,PASS_REQUIRED_WINDOWS,0,0,0,true,false,2411,TEXT_CONTENT_INTEGRITY_NOT_AUDITED_M2_02,NOT_SELECTED_BY_DETERMINISTIC_DIVERSITY_TIE_BREAK
RPT,Real Estate,false,true,true,true,true,2015-05-15,2023-12-15,451,449,T1-B1-S1-I1,PASS_REQUIRED_WINDOWS,0,0,0,true,false,1082,TEXT_CONTENT_INTEGRITY_NOT_AUDITED_M2_02,NOT_SELECTED_BY_DETERMINISTIC_DIVERSITY_TIE_BREAK
RPTX,Healthcare,false,true,true,true,true,2020-09-18,2023-12-15,172,170,T1-B1-S1-I1,PASS_REQUIRED_WINDOWS,0,0,0,true,false,33,TEXT_CONTENT_INTEGRITY_NOT_AUDITED_M2_02,NOT_SELECTED_BY_DETERMINISTIC_DIVERSITY_TIE_BREAK
RPV,N/A,false,true,false,true,true,,,0,0,T1-B0-S1-I1,INVALID_HEADER,0,0,0,false,false,,TEXT_CONTENT_INTEGRITY_NOT_AUDITED_M2_02;TABLE_MEMBER_MISSING,INCOMPLETE_STRUCTURALLY_VALID_REQUIRED_WINDOWS
RQI,Financial Services,false,true,false,true,true,2002-05-24,2023-12-15,1128,1126,T1-B0-S1-I1,PASS_REQUIRED_WINDOWS,0,0,0,true,false,2040,TEXT_CONTENT_INTEGRITY_NOT_AUDITED_M2_02;TABLE_MEMBER_MISSING,NOT_SELECTED_BY_DETERMINISTIC_DIVERSITY_TIE_BREAK
RRBI,Financial Services,false,true,true,true,true,2019-08-02,2023-12-15,231,229,T1-B1-S1-I1,PASS_REQUIRED_WINDOWS,0,0,0,true,false,979,TEXT_CONTENT_INTEGRITY_NOT_AUDITED_M2_02,NOT_SELECTED_BY_DETERMINISTIC_DIVERSITY_TIE_BREAK
RRC,Energy,false,true,true,true,true,2000-03-31,2023-12-15,1240,1238,T1-B1-S1-I1,PASS_REQUIRED_WINDOWS,0,0,0,true,false,2143,TEXT_CONTENT_INTEGRITY_NOT_AUDITED_M2_02,NOT_SELECTED_BY_DETERMINISTIC_DIVERSITY_TIE_BREAK
RRR,Consumer Cyclical,false,true,true,true,true,2016-07-22,2023-12-15,389,387,T1-B1-S1-I1,PASS_REQUIRED_WINDOWS,0,0,0,true,false,2540,TEXT_CONTENT_INTEGRITY_NOT_AUDITED_M2_02,NOT_SELECTED_BY_DETERMINISTIC_DIVERSITY_TIE_BREAK
RS,Basic Materials,false,true,true,true,true,2000-03-31,2023-12-15,1240,1238,T1-B1-S1-I1,PASS_REQUIRED_WINDOWS,0,0,0,true,false,1655,TEXT_CONTENT_INTEGRITY_NOT_AUDITED_M2_02,NOT_SELECTED_BY_DETERMINISTIC_DIVERSITY_TIE_BREAK
RSF,N/A,false,true,false,true,true,2019-09-13,2023-12-15,225,223,T1-B0-S1-I1,PASS_REQUIRED_WINDOWS,0,0,0,true,false,2023,TEXT_CONTENT_INTEGRITY_NOT_AUDITED_M2_02;TABLE_MEMBER_MISSING,NOT_SELECTED_BY_DETERMINISTIC_DIVERSITY_TIE_BREAK
RSG,Industrials,false,true,true,true,true,2000-03-31,2023-12-15,1240,1238,T1-B1-S1-I1,PASS_REQUIRED_WINDOWS,0,0,0,true,false,748,TEXT_CONTENT_INTEGRITY_NOT_AUDITED_M2_02,NOT_SELECTED_BY_DETERMINISTIC_DIVERSITY_TIE_BREAK
RSP,N/A,false,true,false,true,true,,,0,0,T1-B0-S1-I1,INVALID_HEADER,0,0,0,false,false,,TEXT_CONTENT_INTEGRITY_NOT_AUDITED_M2_02;TABLE_MEMBER_MISSING,INCOMPLETE_STRUCTURALLY_VALID_REQUIRED_WINDOWS
RSSS,Technology,false,true,true,true,true,2011-02-11,2023-12-15,673,671,T1-B1-S1-I1,PASS_REQUIRED_WINDOWS,0,0,0,true,false,489,TEXT_CONTENT_INTEGRITY_NOT_AUDITED_M2_02,NOT_SELECTED_BY_DETERMINISTIC_DIVERSITY_TIE_BREAK
RTH,N/A,false,true,false,true,true,,,0,0,T1-B0-S1-I1,INVALID_HEADER,0,0,0,false,false,,TEXT_CONTENT_INTEGRITY_NOT_AUDITED_M2_02;TABLE_MEMBER_MISSING,INCOMPLETE_STRUCTURALLY_VALID_REQUIRED_WINDOWS
RUN,Technology,false,true,true,true,true,2015-10-30,2023-12-15,427,425,T1-B1-S1-I1,PASS_REQUIRED_WINDOWS,0,0,0,true,false,1427,TEXT_CONTENT_INTEGRITY_NOT_AUDITED_M2_02,NOT_SELECTED_BY_DETERMINISTIC_DIVERSITY_TIE_BREAK
RUSHA,Consumer Cyclical,false,true,true,true,true,2004-01-02,2023-12-15,1044,1042,T1-B1-S1-I1,PASS_REQUIRED_WINDOWS,0,0,0,true,false,1557,TEXT_CONTENT_INTEGRITY_NOT_AUDITED_M2_02,NOT_SELECTED_BY_DETERMINISTIC_DIVERSITY_TIE_BREAK
RUSHB,Consumer Cyclical,false,true,true,true,true,2000-03-31,2023-12-15,1240,1238,T1-B1-S1-I1,PASS_REQUIRED_WINDOWS,0,0,0,true,false,2625,TEXT_CONTENT_INTEGRITY_NOT_AUDITED_M2_02,NOT_SELECTED_BY_DETERMINISTIC_DIVERSITY_TIE_BREAK
RVLV,Consumer Cyclical,false,true,true,true,true,2019-09-06,2023-12-15,226,224,T1-B1-S1-I1,PASS_REQUIRED_WINDOWS,0,0,0,true,false,733,TEXT_CONTENT_INTEGRITY_NOT_AUDITED_M2_02,NOT_SELECTED_BY_DETERMINISTIC_DIVERSITY_TIE_BREAK
RVMD,Healthcare,false,true,true,true,true,2020-05-15,2023-12-15,190,188,T1-B1-S1-I1,PASS_REQUIRED_WINDOWS,0,0,0,true,false,1598,TEXT_CONTENT_INTEGRITY_NOT_AUDITED_M2_02,NOT_SELECTED_BY_DETERMINISTIC_DIVERSITY_TIE_BREAK
RVP,Healthcare,false,true,true,true,true,2001-08-03,2023-12-15,1170,1168,T1-B1-S1-I1,PASS_REQUIRED_WINDOWS,0,0,0,true,false,259,TEXT_CONTENT_INTEGRITY_NOT_AUDITED_M2_02,NOT_SELECTED_BY_DETERMINISTIC_DIVERSITY_TIE_BREAK
RVT,Financial Services,false,true,false,true,true,2000-03-31,2023-12-15,1240,1238,T1-B0-S1-I1,PASS_REQUIRED_WINDOWS,0,0,0,true,false,2563,TEXT_CONTENT_INTEGRITY_NOT_AUDITED_M2_02;TABLE_MEMBER_MISSING,NOT_SELECTED_BY_DETERMINISTIC_DIVERSITY_TIE_BREAK
RWJ,N/A,false,true,false,true,true,,,0,0,T1-B0-S1-I1,INVALID_HEADER,0,0,0,false,false,,TEXT_CONTENT_INTEGRITY_NOT_AUDITED_M2_02;TABLE_MEMBER_MISSING,INCOMPLETE_STRUCTURALLY_VALID_REQUIRED_WINDOWS
RWK,N/A,false,true,false,true,true,,,0,0,T1-B0-S1-I1,INVALID_HEADER,0,0,0,false,false,,TEXT_CONTENT_INTEGRITY_NOT_AUDITED_M2_02;TABLE_MEMBER_MISSING,INCOMPLETE_STRUCTURALLY_VALID_REQUIRED_WINDOWS
RWL,N/A,false,true,false,true,true,,,0,0,T1-B0-S1-I1,INVALID_HEADER,0,0,0,false,false,,TEXT_CONTENT_INTEGRITY_NOT_AUDITED_M2_02;TABLE_MEMBER_MISSING,INCOMPLETE_STRUCTURALLY_VALID_REQUIRED_WINDOWS
RWM,N/A,false,true,false,true,true,,,0,0,T1-B0-S1-I1,INVALID_HEADER,0,0,0,false,false,,TEXT_CONTENT_INTEGRITY_NOT_AUDITED_M2_02;TABLE_MEMBER_MISSING,INCOMPLETE_STRUCTURALLY_VALID_REQUIRED_WINDOWS
RWO,N/A,false,true,false,true,true,,,0,0,T1-B0-S1-I1,INVALID_HEADER,0,0,0,false,false,,TEXT_CONTENT_INTEGRITY_NOT_AUDITED_M2_02;TABLE_MEMBER_MISSING,INCOMPLETE_STRUCTURALLY_VALID_REQUIRED_WINDOWS
RWR,N/A,false,true,false,true,true,,,0,0,T1-B0-S1-I1,INVALID_HEADER,0,0,0,false,false,,TEXT_CONTENT_INTEGRITY_NOT_AUDITED_M2_02;TABLE_MEMBER_MISSING,INCOMPLETE_STRUCTURALLY_VALID_REQUIRED_WINDOWS
RWT,Real Estate,false,true,true,true,true,2000-03-31,2023-12-15,1240,1238,T1-B1-S1-I1,PASS_REQUIRED_WINDOWS,0,0,0,true,false,34,TEXT_CONTENT_INTEGRITY_NOT_AUDITED_M2_02,NOT_SELECTED_BY_DETERMINISTIC_DIVERSITY_TIE_BREAK
RWX,N/A,false,true,false,true,true,,,0,0,T1-B0-S1-I1,INVALID_HEADER,0,0,0,false,false,,TEXT_CONTENT_INTEGRITY_NOT_AUDITED_M2_02;TABLE_MEMBER_MISSING,INCOMPLETE_STRUCTURALLY_VALID_REQUIRED_WINDOWS
RXD,N/A,false,true,false,true,true,,,0,0,T1-B0-S1-I1,INVALID_HEADER,0,0,0,false,false,,TEXT_CONTENT_INTEGRITY_NOT_AUDITED_M2_02;TABLE_MEMBER_MISSING,INCOMPLETE_STRUCTURALLY_VALID_REQUIRED_WINDOWS
RXL,N/A,false,true,false,true,true,,,0,0,T1-B0-S1-I1,INVALID_HEADER,0,0,0,false,false,,TEXT_CONTENT_INTEGRITY_NOT_AUDITED_M2_02;TABLE_MEMBER_MISSING,INCOMPLETE_STRUCTURALLY_VALID_REQUIRED_WINDOWS
RY,Financial Services,false,true,true,true,true,2000-03-31,2023-12-15,1240,1238,T1-B1-S1-I1,PASS_REQUIRED_WINDOWS,0,0,0,true,false,2582,TEXT_CONTENT_INTEGRITY_NOT_AUDITED_M2_02,NOT_SELECTED_BY_DETERMINISTIC_DIVERSITY_TIE_BREAK
RYAM,Basic Materials,false,true,true,true,true,2014-09-12,2023-12-15,486,484,T1-B1-S1-I1,PASS_REQUIRED_WINDOWS,0,0,0,true,false,326,TEXT_CONTENT_INTEGRITY_NOT_AUDITED_M2_02,NOT_SELECTED_BY_DETERMINISTIC_DIVERSITY_TIE_BREAK
RYLD,N/A,false,true,false,true,true,,,0,0,T1-B0-S1-I1,INVALID_HEADER,0,0,0,false,false,,TEXT_CONTENT_INTEGRITY_NOT_AUDITED_M2_02;TABLE_MEMBER_MISSING,INCOMPLETE_STRUCTURALLY_VALID_REQUIRED_WINDOWS
RYTM,Healthcare,false,true,true,true,true,2018-01-05,2023-12-15,313,311,T1-B1-S1-I1,PASS_REQUIRED_WINDOWS,0,0,0,true,false,1934,TEXT_CONTENT_INTEGRITY_NOT_AUDITED_M2_02,NOT_SELECTED_BY_DETERMINISTIC_DIVERSITY_TIE_BREAK
RZB,N/A,false,true,true,true,true,2016-09-09,2023-12-15,382,380,T1-B1-S1-I1,PASS_REQUIRED_WINDOWS,0,0,0,true,false,2363,TEXT_CONTENT_INTEGRITY_NOT_AUDITED_M2_02,NOT_SELECTED_BY_DETERMINISTIC_DIVERSITY_TIE_BREAK
RZG,N/A,false,true,false,true,true,,,0,0,T1-B0-S1-I1,INVALID_HEADER,0,0,0,false,false,,TEXT_CONTENT_INTEGRITY_NOT_AUDITED_M2_02;TABLE_MEMBER_MISSING,INCOMPLETE_STRUCTURALLY_VALID_REQUIRED_WINDOWS
RZV,N/A,false,true,false,true,true,,,0,0,T1-B0-S1-I1,INVALID_HEADER,0,0,0,false,false,,TEXT_CONTENT_INTEGRITY_NOT_AUDITED_M2_02;TABLE_MEMBER_MISSING,INCOMPLETE_STRUCTURALLY_VALID_REQUIRED_WINDOWS
SPBO,N/A,false,true,false,true,true,,,0,0,T1-B0-S1-I1,INVALID_HEADER,0,0,0,false,false,,TEXT_CONTENT_INTEGRITY_NOT_AUDITED_M2_02;TABLE_MEMBER_MISSING,INCOMPLETE_STRUCTURALLY_VALID_REQUIRED_WINDOWS
SPCB,Industrials,false,true,true,true,true,2005-05-20,2023-12-15,972,970,T1-B1-S1-I1,PASS_REQUIRED_WINDOWS,0,0,0,true,false,2497,TEXT_CONTENT_INTEGRITY_NOT_AUDITED_M2_02,NOT_SELECTED_BY_DETERMINISTIC_DIVERSITY_TIE_BREAK
SPCE,Industrials,false,true,true,true,true,2017-12-29,2023-12-15,314,312,T1-B1-S1-I1,PASS_REQUIRED_WINDOWS,0,0,0,true,false,1629,TEXT_CONTENT_INTEGRITY_NOT_AUDITED_M2_02,NOT_SELECTED_BY_DETERMINISTIC_DIVERSITY_TIE_BREAK
SPDN,N/A,false,true,false,true,true,,,0,0,T1-B0-S1-I1,INVALID_HEADER,0,0,0,false,false,,TEXT_CONTENT_INTEGRITY_NOT_AUDITED_M2_02;TABLE_MEMBER_MISSING,INCOMPLETE_STRUCTURALLY_VALID_REQUIRED_WINDOWS
SPDV,N/A,false,true,false,true,true,,,0,0,T1-B0-S1-I1,INVALID_HEADER,0,0,0,false,false,,TEXT_CONTENT_INTEGRITY_NOT_AUDITED_M2_02;TABLE_MEMBER_MISSING,INCOMPLETE_STRUCTURALLY_VALID_REQUIRED_WINDOWS
SPDW,N/A,false,true,false,true,true,,,0,0,T1-B0-S1-I1,INVALID_HEADER,0,0,0,false,false,,TEXT_CONTENT_INTEGRITY_NOT_AUDITED_M2_02;TABLE_MEMBER_MISSING,INCOMPLETE_STRUCTURALLY_VALID_REQUIRED_WINDOWS
SPEM,N/A,false,true,false,true,true,,,0,0,T1-B0-S1-I1,INVALID_HEADER,0,0,0,false,false,,TEXT_CONTENT_INTEGRITY_NOT_AUDITED_M2_02;TABLE_MEMBER_MISSING,INCOMPLETE_STRUCTURALLY_VALID_REQUIRED_WINDOWS
SPEU,N/A,false,true,false,true,true,,,0,0,T1-B0-S1-I1,INVALID_HEADER,0,0,0,false,false,,TEXT_CONTENT_INTEGRITY_NOT_AUDITED_M2_02;TABLE_MEMBER_MISSING,INCOMPLETE_STRUCTURALLY_VALID_REQUIRED_WINDOWS
SPFF,N/A,false,true,false,true,true,,,0,0,T1-B0-S1-I1,INVALID_HEADER,0,0,0,false,false,,TEXT_CONTENT_INTEGRITY_NOT_AUDITED_M2_02;TABLE_MEMBER_MISSING,INCOMPLETE_STRUCTURALLY_VALID_REQUIRED_WINDOWS
SPFI,Financial Services,false,true,true,true,true,2019-08-09,2023-12-15,230,228,T1-B1-S1-I1,PASS_REQUIRED_WINDOWS,0,0,0,true,false,701,TEXT_CONTENT_INTEGRITY_NOT_AUDITED_M2_02,NOT_SELECTED_BY_DETERMINISTIC_DIVERSITY_TIE_BREAK
SPGM,N/A,false,true,false,true,true,,,0,0,T1-B0-S1-I1,INVALID_HEADER,0,0,0,false,false,,TEXT_CONTENT_INTEGRITY_NOT_AUDITED_M2_02;TABLE_MEMBER_MISSING,INCOMPLETE_STRUCTURALLY_VALID_REQUIRED_WINDOWS
SPH,Utilities,false,true,true,true,true,2000-03-31,2023-12-15,1240,1238,T1-B1-S1-I1,PASS_REQUIRED_WINDOWS,0,0,0,true,false,1331,TEXT_CONTENT_INTEGRITY_NOT_AUDITED_M2_02,NOT_SELECTED_BY_DETERMINISTIC_DIVERSITY_TIE_BREAK
SPHB,N/A,false,true,false,true,true,,,0,0,T1-B0-S1-I1,INVALID_HEADER,0,0,0,false,false,,TEXT_CONTENT_INTEGRITY_NOT_AUDITED_M2_02;TABLE_MEMBER_MISSING,INCOMPLETE_STRUCTURALLY_VALID_REQUIRED_WINDOWS
SPHD,N/A,false,true,false,true,true,,,0,0,T1-B0-S1-I1,INVALID_HEADER,0,0,0,false,false,,TEXT_CONTENT_INTEGRITY_NOT_AUDITED_M2_02;TABLE_MEMBER_MISSING,INCOMPLETE_STRUCTURALLY_VALID_REQUIRED_WINDOWS
SPHQ,N/A,false,true,false,true,true,,,0,0,T1-B0-S1-I1,INVALID_HEADER,0,0,0,false,false,,TEXT_CONTENT_INTEGRITY_NOT_AUDITED_M2_02;TABLE_MEMBER_MISSING,INCOMPLETE_STRUCTURALLY_VALID_REQUIRED_WINDOWS
SPHY,N/A,false,true,false,true,true,,,0,0,T1-B0-S1-I1,INVALID_HEADER,0,0,0,false,false,,TEXT_CONTENT_INTEGRITY_NOT_AUDITED_M2_02;TABLE_MEMBER_MISSING,INCOMPLETE_STRUCTURALLY_VALID_REQUIRED_WINDOWS
SPI,Technology,false,true,false,true,true,2017-12-15,2023-12-15,316,314,T1-B0-S1-I1,PASS_REQUIRED_WINDOWS,0,0,0,true,false,2691,TEXT_CONTENT_INTEGRITY_NOT_AUDITED_M2_02;TABLE_MEMBER_MISSING,NOT_SELECTED_BY_DETERMINISTIC_DIVERSITY_TIE_BREAK
SPIB,N/A,false,true,false,true,true,,,0,0,T1-B0-S1-I1,INVALID_HEADER,0,0,0,false,false,,TEXT_CONTENT_INTEGRITY_NOT_AUDITED_M2_02;TABLE_MEMBER_MISSING,INCOMPLETE_STRUCTURALLY_VALID_REQUIRED_WINDOWS
SPIP,N/A,false,true,false,true,true,,,0,0,T1-B0-S1-I1,INVALID_HEADER,0,0,0,false,false,,TEXT_CONTENT_INTEGRITY_NOT_AUDITED_M2_02;TABLE_MEMBER_MISSING,INCOMPLETE_STRUCTURALLY_VALID_REQUIRED_WINDOWS
SPLG,N/A,false,true,false,true,true,,,0,0,T1-B0-S1-I1,INVALID_HEADER,0,0,0,false,false,,TEXT_CONTENT_INTEGRITY_NOT_AUDITED_M2_02;TABLE_MEMBER_MISSING,INCOMPLETE_STRUCTURALLY_VALID_REQUIRED_WINDOWS
SPLP,Industrials,false,true,true,true,true,2012-07-06,2023-12-15,600,598,T1-B1-S1-I1,PASS_REQUIRED_WINDOWS,0,0,0,true,false,1668,TEXT_CONTENT_INTEGRITY_NOT_AUDITED_M2_02,NOT_SELECTED_BY_DETERMINISTIC_DIVERSITY_TIE_BREAK
SPMB,N/A,false,true,false,true,true,,,0,0,T1-B0-S1-I1,INVALID_HEADER,0,0,0,false,false,,TEXT_CONTENT_INTEGRITY_NOT_AUDITED_M2_02;TABLE_MEMBER_MISSING,INCOMPLETE_STRUCTURALLY_VALID_REQUIRED_WINDOWS
SPMD,N/A,false,true,false,true,true,,,0,0,T1-B0-S1-I1,INVALID_HEADER,0,0,0,false,false,,TEXT_CONTENT_INTEGRITY_NOT_AUDITED_M2_02;TABLE_MEMBER_MISSING,INCOMPLETE_STRUCTURALLY_VALID_REQUIRED_WINDOWS
SPMO,N/A,false,true,false,true,true,,,0,0,T1-B0-S1-I1,INVALID_HEADER,0,0,0,false,false,,TEXT_CONTENT_INTEGRITY_NOT_AUDITED_M2_02;TABLE_MEMBER_MISSING,INCOMPLETE_STRUCTURALLY_VALID_REQUIRED_WINDOWS
SPMV,N/A,false,true,false,true,true,,,0,0,T1-B0-S1-I1,INVALID_HEADER,0,0,0,false,false,,TEXT_CONTENT_INTEGRITY_NOT_AUDITED_M2_02;TABLE_MEMBER_MISSING,INCOMPLETE_STRUCTURALLY_VALID_REQUIRED_WINDOWS
SPNS,Technology,false,true,true,true,true,2000-03-31,2023-12-15,1240,1238,T1-B1-S1-I1,PASS_REQUIRED_WINDOWS,0,0,0,true,false,2160,TEXT_CONTENT_INTEGRITY_NOT_AUDITED_M2_02,NOT_SELECTED_BY_DETERMINISTIC_DIVERSITY_TIE_BREAK
SPOK,Healthcare,false,true,true,true,true,2005-02-18,2023-12-15,985,983,T1-B1-S1-I1,PASS_REQUIRED_WINDOWS,0,0,0,true,false,1504,TEXT_CONTENT_INTEGRITY_NOT_AUDITED_M2_02,NOT_SELECTED_BY_DETERMINISTIC_DIVERSITY_TIE_BREAK
SPOT,Communication Services,false,true,true,true,true,2018-06-29,2023-12-15,288,286,T1-B1-S1-I1,PASS_REQUIRED_WINDOWS,0,0,0,true,false,2758,TEXT_CONTENT_INTEGRITY_NOT_AUDITED_M2_02,NOT_SELECTED_BY_DETERMINISTIC_DIVERSITY_TIE_BREAK
SPPP,N/A,false,true,true,true,true,2013-03-22,2023-12-15,563,561,T1-B1-S1-I1,PASS_REQUIRED_WINDOWS,0,0,0,true,false,1632,TEXT_CONTENT_INTEGRITY_NOT_AUDITED_M2_02,NOT_SELECTED_BY_DETERMINISTIC_DIVERSITY_TIE_BREAK
SPR,Industrials,false,true,true,true,true,2007-03-02,2023-12-15,879,877,T1-B1-S1-I1,PASS_REQUIRED_WINDOWS,0,0,0,true,false,1553,TEXT_CONTENT_INTEGRITY_NOT_AUDITED_M2_02,NOT_SELECTED_BY_DETERMINISTIC_DIVERSITY_TIE_BREAK
SPRO,Healthcare,false,true,true,true,true,2018-02-02,2023-12-15,309,307,T1-B1-S1-I1,PASS_REQUIRED_WINDOWS,0,0,0,true,false,494,TEXT_CONTENT_INTEGRITY_NOT_AUDITED_M2_02,NOT_SELECTED_BY_DETERMINISTIC_DIVERSITY_TIE_BREAK
SPSC,Technology,false,true,true,true,true,2010-07-23,2023-12-15,702,700,T1-B1-S1-I1,PASS_REQUIRED_WINDOWS,0,0,0,true,false,1881,TEXT_CONTENT_INTEGRITY_NOT_AUDITED_M2_02,NOT_SELECTED_BY_DETERMINISTIC_DIVERSITY_TIE_BREAK
SPSK,N/A,false,true,false,true,true,,,0,0,T1-B0-S1-I1,INVALID_HEADER,0,0,0,false,false,,TEXT_CONTENT_INTEGRITY_NOT_AUDITED_M2_02;TABLE_MEMBER_MISSING,INCOMPLETE_STRUCTURALLY_VALID_REQUIRED_WINDOWS
SPSM,N/A,false,true,false,true,true,,,0,0,T1-B0-S1-I1,INVALID_HEADER,0,0,0,false,false,,TEXT_CONTENT_INTEGRITY_NOT_AUDITED_M2_02;TABLE_MEMBER_MISSING,INCOMPLETE_STRUCTURALLY_VALID_REQUIRED_WINDOWS
SPT,Technology,false,true,true,true,true,2020-03-13,2023-12-15,199,197,T1-B1-S1-I1,PASS_REQUIRED_WINDOWS,0,0,0,true,false,1830,TEXT_CONTENT_INTEGRITY_NOT_AUDITED_M2_02,NOT_SELECTED_BY_DETERMINISTIC_DIVERSITY_TIE_BREAK
SPTI,N/A,false,true,false,true,true,,,0,0,T1-B0-S1-I1,INVALID_HEADER,0,0,0,false,false,,TEXT_CONTENT_INTEGRITY_NOT_AUDITED_M2_02;TABLE_MEMBER_MISSING,INCOMPLETE_STRUCTURALLY_VALID_REQUIRED_WINDOWS
SPTM,N/A,false,true,false,true,true,,,0,0,T1-B0-S1-I1,INVALID_HEADER,0,0,0,false,false,,TEXT_CONTENT_INTEGRITY_NOT_AUDITED_M2_02;TABLE_MEMBER_MISSING,INCOMPLETE_STRUCTURALLY_VALID_REQUIRED_WINDOWS
SPTN,Consumer Defensive,false,true,true,true,true,2000-10-27,2023-12-15,1210,1208,T1-B1-S1-I1,PASS_REQUIRED_WINDOWS,0,0,0,true,false,1580,TEXT_CONTENT_INTEGRITY_NOT_AUDITED_M2_02,NOT_SELECTED_BY_DETERMINISTIC_DIVERSITY_TIE_BREAK
SPTS,N/A,false,true,false,true,true,,,0,0,T1-B0-S1-I1,INVALID_HEADER,0,0,0,false,false,,TEXT_CONTENT_INTEGRITY_NOT_AUDITED_M2_02;TABLE_MEMBER_MISSING,INCOMPLETE_STRUCTURALLY_VALID_REQUIRED_WINDOWS
SPUS,N/A,false,true,false,true,true,,,0,0,T1-B0-S1-I1,INVALID_HEADER,0,0,0,false,false,,TEXT_CONTENT_INTEGRITY_NOT_AUDITED_M2_02;TABLE_MEMBER_MISSING,INCOMPLETE_STRUCTURALLY_VALID_REQUIRED_WINDOWS
SPUU,N/A,false,true,false,true,true,,,0,0,T1-B0-S1-I1,INVALID_HEADER,0,0,0,false,false,,TEXT_CONTENT_INTEGRITY_NOT_AUDITED_M2_02;TABLE_MEMBER_MISSING,INCOMPLETE_STRUCTURALLY_VALID_REQUIRED_WINDOWS
SPVM,N/A,false,true,false,true,true,,,0,0,T1-B0-S1-I1,INVALID_HEADER,0,0,0,false,false,,TEXT_CONTENT_INTEGRITY_NOT_AUDITED_M2_02;TABLE_MEMBER_MISSING,INCOMPLETE_STRUCTURALLY_VALID_REQUIRED_WINDOWS
SPWH,Consumer Cyclical,false,true,true,true,true,2014-07-18,2023-12-15,494,492,T1-B1-S1-I1,PASS_REQUIRED_WINDOWS,0,0,0,true,false,2462,TEXT_CONTENT_INTEGRITY_NOT_AUDITED_M2_02,NOT_SELECTED_BY_DETERMINISTIC_DIVERSITY_TIE_BREAK
SPXC,Industrials,false,true,true,true,true,2000-03-31,2023-12-15,1240,1238,T1-B1-S1-I1,PASS_REQUIRED_WINDOWS,0,0,0,true,false,157,TEXT_CONTENT_INTEGRITY_NOT_AUDITED_M2_02,NOT_SELECTED_BY_DETERMINISTIC_DIVERSITY_TIE_BREAK
SPXE,N/A,false,true,false,true,true,,,0,0,T1-B0-S1-I1,INVALID_HEADER,0,0,0,false,false,,TEXT_CONTENT_INTEGRITY_NOT_AUDITED_M2_02;TABLE_MEMBER_MISSING,INCOMPLETE_STRUCTURALLY_VALID_REQUIRED_WINDOWS
SPXL,N/A,false,true,false,true,true,,,0,0,T1-B0-S1-I1,INVALID_HEADER,0,0,0,false,false,,TEXT_CONTENT_INTEGRITY_NOT_AUDITED_M2_02;TABLE_MEMBER_MISSING,INCOMPLETE_STRUCTURALLY_VALID_REQUIRED_WINDOWS
SPXT,N/A,false,true,false,true,true,,,0,0,T1-B0-S1-I1,INVALID_HEADER,0,0,0,false,false,,TEXT_CONTENT_INTEGRITY_NOT_AUDITED_M2_02;TABLE_MEMBER_MISSING,INCOMPLETE_STRUCTURALLY_VALID_REQUIRED_WINDOWS
SPXU,N/A,false,true,false,true,true,,,0,0,T1-B0-S1-I1,INVALID_HEADER,0,0,0,false,false,,TEXT_CONTENT_INTEGRITY_NOT_AUDITED_M2_02;TABLE_MEMBER_MISSING,INCOMPLETE_STRUCTURALLY_VALID_REQUIRED_WINDOWS
SPXV,N/A,false,true,false,true,true,,,0,0,T1-B0-S1-I1,INVALID_HEADER,0,0,0,false,false,,TEXT_CONTENT_INTEGRITY_NOT_AUDITED_M2_02;TABLE_MEMBER_MISSING,INCOMPLETE_STRUCTURALLY_VALID_REQUIRED_WINDOWS
SPY,N/A,false,true,false,true,true,,,0,0,T1-B0-S1-I1,INVALID_HEADER,0,0,0,false,false,,TEXT_CONTENT_INTEGRITY_NOT_AUDITED_M2_02;TABLE_MEMBER_MISSING,INCOMPLETE_STRUCTURALLY_VALID_REQUIRED_WINDOWS
SU,Energy,false,true,true,true,true,2000-03-31,2023-12-15,1240,1238,T1-B1-S1-I1,PASS_REQUIRED_WINDOWS,0,0,0,true,false,2129,TEXT_CONTENT_INTEGRITY_NOT_AUDITED_M2_02,NOT_SELECTED_BY_DETERMINISTIC_DIVERSITY_TIE_BREAK
SUB,N/A,false,true,false,true,true,,,0,0,T1-B0-S1-I1,INVALID_HEADER,0,0,0,false,false,,TEXT_CONTENT_INTEGRITY_NOT_AUDITED_M2_02;TABLE_MEMBER_MISSING,INCOMPLETE_STRUCTURALLY_VALID_REQUIRED_WINDOWS
SUI,Real Estate,false,true,true,true,true,2000-03-31,2023-12-15,1240,1238,T1-B1-S1-I1,PASS_REQUIRED_WINDOWS,0,0,0,true,false,1914,TEXT_CONTENT_INTEGRITY_NOT_AUDITED_M2_02,NOT_SELECTED_BY_DETERMINISTIC_DIVERSITY_TIE_BREAK
SUN,Energy,false,true,true,true,true,2012-12-21,2023-12-15,576,574,T1-B1-S1-I1,PASS_REQUIRED_WINDOWS,0,0,0,true,false,775,TEXT_CONTENT_INTEGRITY_NOT_AUDITED_M2_02,NOT_SELECTED_BY_DETERMINISTIC_DIVERSITY_TIE_BREAK
SUP,Consumer Cyclical,false,true,true,true,true,2000-03-31,2023-12-15,1240,1238,T1-B1-S1-I1,PASS_REQUIRED_WINDOWS,0,0,0,true,false,2716,TEXT_CONTENT_INTEGRITY_NOT_AUDITED_M2_02,NOT_SELECTED_BY_DETERMINISTIC_DIVERSITY_TIE_BREAK
SUPN,Healthcare,false,true,true,true,true,2012-07-27,2023-12-15,597,595,T1-B1-S1-I1,PASS_REQUIRED_WINDOWS,0,0,0,true,false,845,TEXT_CONTENT_INTEGRITY_NOT_AUDITED_M2_02,NOT_SELECTED_BY_DETERMINISTIC_DIVERSITY_TIE_BREAK
SUPV,Financial Services,false,true,true,true,true,2016-08-19,2023-12-15,385,383,T1-B1-S1-I1,PASS_REQUIRED_WINDOWS,0,0,0,true,false,713,TEXT_CONTENT_INTEGRITY_NOT_AUDITED_M2_02,NOT_SELECTED_BY_DETERMINISTIC_DIVERSITY_TIE_BREAK
SUSA,N/A,false,true,false,true,true,,,0,0,T1-B0-S1-I1,INVALID_HEADER,0,0,0,false,false,,TEXT_CONTENT_INTEGRITY_NOT_AUDITED_M2_02;TABLE_MEMBER_MISSING,INCOMPLETE_STRUCTURALLY_VALID_REQUIRED_WINDOWS
SUSB,N/A,false,true,false,true,true,,,0,0,T1-B0-S1-I1,INVALID_HEADER,0,0,0,false,false,,TEXT_CONTENT_INTEGRITY_NOT_AUDITED_M2_02;TABLE_MEMBER_MISSING,INCOMPLETE_STRUCTURALLY_VALID_REQUIRED_WINDOWS
SUSL,N/A,false,true,false,true,true,,,0,0,T1-B0-S1-I1,INVALID_HEADER,0,0,0,false,false,,TEXT_CONTENT_INTEGRITY_NOT_AUDITED_M2_02;TABLE_MEMBER_MISSING,INCOMPLETE_STRUCTURALLY_VALID_REQUIRED_WINDOWS
SVM,Basic Materials,false,true,true,true,true,2017-08-11,2023-12-15,334,332,T1-B1-S1-I1,PASS_REQUIRED_WINDOWS,0,0,0,true,false,2201,TEXT_CONTENT_INTEGRITY_NOT_AUDITED_M2_02,NOT_SELECTED_BY_DETERMINISTIC_DIVERSITY_TIE_BREAK
SVRA,Healthcare,false,true,true,true,true,2017-07-28,2023-12-15,336,334,T1-B1-S1-I1,PASS_REQUIRED_WINDOWS,0,0,0,true,false,125,TEXT_CONTENT_INTEGRITY_NOT_AUDITED_M2_02,NOT_SELECTED_BY_DETERMINISTIC_DIVERSITY_TIE_BREAK
SVT,Industrials,false,true,true,true,true,2000-03-31,2023-12-15,1240,1238,T1-B1-S1-I1,PASS_REQUIRED_WINDOWS,0,0,0,true,false,662,TEXT_CONTENT_INTEGRITY_NOT_AUDITED_M2_02,NOT_SELECTED_BY_DETERMINISTIC_DIVERSITY_TIE_BREAK
SVVC,Financial Services,false,true,true,true,true,2011-07-29,2023-12-15,649,647,T1-B1-S1-I1,PASS_REQUIRED_WINDOWS,0,0,0,true,false,2528,TEXT_CONTENT_INTEGRITY_NOT_AUDITED_M2_02,NOT_SELECTED_BY_DETERMINISTIC_DIVERSITY_TIE_BREAK
SVXY,N/A,false,true,true,true,true,,,0,0,T1-B1-S1-I1,INVALID_HEADER,0,0,0,false,false,,TEXT_CONTENT_INTEGRITY_NOT_AUDITED_M2_02,INCOMPLETE_STRUCTURALLY_VALID_REQUIRED_WINDOWS
SWAN,N/A,false,true,false,true,true,,,0,0,T1-B0-S1-I1,INVALID_HEADER,0,0,0,false,false,,TEXT_CONTENT_INTEGRITY_NOT_AUDITED_M2_02;TABLE_MEMBER_MISSING,INCOMPLETE_STRUCTURALLY_VALID_REQUIRED_WINDOWS
SWBI,Industrials,false,true,true,true,true,2000-03-31,2023-12-15,1240,1238,T1-B1-S1-I1,PASS_REQUIRED_WINDOWS,0,0,0,true,false,693,TEXT_CONTENT_INTEGRITY_NOT_AUDITED_M2_02,NOT_SELECTED_BY_DETERMINISTIC_DIVERSITY_TIE_BREAK
SWI,Technology,false,true,true,true,true,2019-01-18,2023-12-15,259,257,T1-B1-S1-I1,PASS_REQUIRED_WINDOWS,0,0,0,true,false,1935,TEXT_CONTENT_INTEGRITY_NOT_AUDITED_M2_02,NOT_SELECTED_BY_DETERMINISTIC_DIVERSITY_TIE_BREAK
SWK,Industrials,false,true,true,true,true,2000-03-31,2023-12-15,1240,1238,T1-B1-S1-I1,PASS_REQUIRED_WINDOWS,0,0,0,true,false,1271,TEXT_CONTENT_INTEGRITY_NOT_AUDITED_M2_02,NOT_SELECTED_BY_DETERMINISTIC_DIVERSITY_TIE_BREAK
SWKH,Financial Services,false,true,true,true,true,2000-03-31,2023-12-15,1240,1238,T1-B1-S1-I1,PASS_REQUIRED_WINDOWS,0,0,0,true,false,2846,TEXT_CONTENT_INTEGRITY_NOT_AUDITED_M2_02,NOT_SELECTED_BY_DETERMINISTIC_DIVERSITY_TIE_BREAK
SWKS,Technology,false,true,true,true,true,2000-03-31,2023-12-15,1240,1238,T1-B1-S1-I1,PASS_REQUIRED_WINDOWS,0,0,0,true,false,1487,TEXT_CONTENT_INTEGRITY_NOT_AUDITED_M2_02,NOT_SELECTED_BY_DETERMINISTIC_DIVERSITY_TIE_BREAK
SWTX,Healthcare,false,true,true,true,true,2019-12-13,2023-12-15,212,210,T1-B1-S1-I1,PASS_REQUIRED_WINDOWS,0,0,0,true,false,2662,TEXT_CONTENT_INTEGRITY_NOT_AUDITED_M2_02,NOT_SELECTED_BY_DETERMINISTIC_DIVERSITY_TIE_BREAK
SWX,Utilities,false,true,true,true,true,2000-03-31,2023-12-15,1240,1238,T1-B1-S1-I1,PASS_REQUIRED_WINDOWS,0,0,0,true,false,202,TEXT_CONTENT_INTEGRITY_NOT_AUDITED_M2_02,NOT_SELECTED_BY_DETERMINISTIC_DIVERSITY_TIE_BREAK
SWZ,Financial Services,false,true,false,true,true,2000-03-31,2023-12-15,1240,1238,T1-B0-S1-I1,PASS_REQUIRED_WINDOWS,0,0,0,true,false,1161,TEXT_CONTENT_INTEGRITY_NOT_AUDITED_M2_02;TABLE_MEMBER_MISSING,NOT_SELECTED_BY_DETERMINISTIC_DIVERSITY_TIE_BREAK
SXC,Basic Materials,false,true,true,true,true,2011-10-14,2023-12-15,638,636,T1-B1-S1-I1,PASS_REQUIRED_WINDOWS,0,0,0,true,false,1040,TEXT_CONTENT_INTEGRITY_NOT_AUDITED_M2_02,NOT_SELECTED_BY_DETERMINISTIC_DIVERSITY_TIE_BREAK
SXI,Industrials,false,true,true,true,true,2000-03-31,2023-12-15,1240,1238,T1-B1-S1-I1,PASS_REQUIRED_WINDOWS,0,0,0,true,false,156,TEXT_CONTENT_INTEGRITY_NOT_AUDITED_M2_02,NOT_SELECTED_BY_DETERMINISTIC_DIVERSITY_TIE_BREAK
SXTC,Healthcare,false,true,true,true,true,2019-04-05,2023-12-15,248,246,T1-B1-S1-I1,PASS_REQUIRED_WINDOWS,0,0,0,true,false,1813,TEXT_CONTENT_INTEGRITY_NOT_AUDITED_M2_02,NOT_SELECTED_BY_DETERMINISTIC_DIVERSITY_TIE_BREAK
SY,Healthcare,false,true,true,true,true,2019-08-02,2023-12-15,231,229,T1-B1-S1-I1,PASS_REQUIRED_WINDOWS,0,0,0,true,false,1865,TEXT_CONTENT_INTEGRITY_NOT_AUDITED_M2_02,NOT_SELECTED_BY_DETERMINISTIC_DIVERSITY_TIE_BREAK
SYBX,Healthcare,false,true,true,true,true,2015-12-24,2023-12-15,419,417,T1-B1-S1-I1,PASS_REQUIRED_WINDOWS,0,0,0,true,false,2493,TEXT_CONTENT_INTEGRITY_NOT_AUDITED_M2_02,NOT_SELECTED_BY_DETERMINISTIC_DIVERSITY_TIE_BREAK
SYK,Healthcare,false,true,true,true,true,2000-03-31,2023-12-15,1240,1238,T1-B1-S1-I1,PASS_REQUIRED_WINDOWS,0,0,0,true,false,352,TEXT_CONTENT_INTEGRITY_NOT_AUDITED_M2_02,NOT_SELECTED_BY_DETERMINISTIC_DIVERSITY_TIE_BREAK
SYLD,N/A,false,true,false,true,true,,,0,0,T1-B0-S1-I1,INVALID_HEADER,0,0,0,false,false,,TEXT_CONTENT_INTEGRITY_NOT_AUDITED_M2_02;TABLE_MEMBER_MISSING,INCOMPLETE_STRUCTURALLY_VALID_REQUIRED_WINDOWS
SYNA,Technology,false,true,true,true,true,2002-04-26,2023-12-15,1132,1130,T1-B1-S1-I1,PASS_REQUIRED_WINDOWS,0,0,0,true,false,2831,TEXT_CONTENT_INTEGRITY_NOT_AUDITED_M2_02,NOT_SELECTED_BY_DETERMINISTIC_DIVERSITY_TIE_BREAK
SYPR,Consumer Cyclical,false,true,true,true,true,2000-03-31,2023-12-15,1240,1238,T1-B1-S1-I1,PASS_REQUIRED_WINDOWS,0,0,0,true,false,2696,TEXT_CONTENT_INTEGRITY_NOT_AUDITED_M2_02,NOT_SELECTED_BY_DETERMINISTIC_DIVERSITY_TIE_BREAK
SYY,Consumer Defensive,false,true,true,true,true,2000-03-31,2023-12-15,1240,1238,T1-B1-S1-I1,PASS_REQUIRED_WINDOWS,0,0,0,true,false,53,TEXT_CONTENT_INTEGRITY_NOT_AUDITED_M2_02,NOT_SELECTED_BY_DETERMINISTIC_DIVERSITY_TIE_BREAK
SZK,N/A,false,true,false,true,true,,,0,0,T1-B0-S1-I1,INVALID_HEADER,0,0,0,false,false,,TEXT_CONTENT_INTEGRITY_NOT_AUDITED_M2_02;TABLE_MEMBER_MISSING,INCOMPLETE_STRUCTURALLY_VALID_REQUIRED_WINDOWS
T,Communication Services,false,true,false,true,true,2000-03-31,2023-12-15,1240,1238,T1-B0-S1-I1,PASS_REQUIRED_WINDOWS,0,0,0,true,false,2332,TEXT_CONTENT_INTEGRITY_NOT_AUDITED_M2_02;TABLE_MEMBER_MISSING,NOT_SELECTED_BY_DETERMINISTIC_DIVERSITY_TIE_BREAK
TAC,Utilities,false,true,true,true,true,2001-11-02,2023-12-15,1157,1155,T1-B1-S1-I1,PASS_REQUIRED_WINDOWS,0,0,0,true,false,2570,TEXT_CONTENT_INTEGRITY_NOT_AUDITED_M2_02,NOT_SELECTED_BY_DETERMINISTIC_DIVERSITY_TIE_BREAK
TAGS,N/A,false,true,true,true,true,,,0,0,T1-B1-S1-I1,INVALID_HEADER,0,0,0,false,false,,TEXT_CONTENT_INTEGRITY_NOT_AUDITED_M2_02,INCOMPLETE_STRUCTURALLY_VALID_REQUIRED_WINDOWS
TAIL,N/A,false,true,false,true,true,,,0,0,T1-B0-S1-I1,INVALID_HEADER,0,0,0,false,false,,TEXT_CONTENT_INTEGRITY_NOT_AUDITED_M2_02;TABLE_MEMBER_MISSING,INCOMPLETE_STRUCTURALLY_VALID_REQUIRED_WINDOWS
TAIT,Technology,false,true,true,true,true,2000-03-31,2023-12-15,1240,1238,T1-B1-S1-I1,PASS_REQUIRED_WINDOWS,0,0,0,true,false,25,TEXT_CONTENT_INTEGRITY_NOT_AUDITED_M2_02,NOT_SELECTED_BY_DETERMINISTIC_DIVERSITY_TIE_BREAK
TAK,Healthcare,false,true,true,true,true,2010-04-01,2023-12-15,718,716,T1-B1-S1-I1,PASS_REQUIRED_WINDOWS,0,0,0,true,false,2480,TEXT_CONTENT_INTEGRITY_NOT_AUDITED_M2_02,NOT_SELECTED_BY_DETERMINISTIC_DIVERSITY_TIE_BREAK
TALO,Energy,false,true,true,true,true,2018-08-10,2023-12-15,282,280,T1-B1-S1-I1,PASS_REQUIRED_WINDOWS,0,0,0,true,false,1870,TEXT_CONTENT_INTEGRITY_NOT_AUDITED_M2_02,NOT_SELECTED_BY_DETERMINISTIC_DIVERSITY_TIE_BREAK
TAN,N/A,false,true,false,true,true,,,0,0,T1-B0-S1-I1,INVALID_HEADER,0,0,0,false,false,,TEXT_CONTENT_INTEGRITY_NOT_AUDITED_M2_02;TABLE_MEMBER_MISSING,INCOMPLETE_STRUCTURALLY_VALID_REQUIRED_WINDOWS
TANH,Consumer Defensive,false,true,true,true,true,2015-06-19,2023-12-15,446,444,T1-B1-S1-I1,PASS_REQUIRED_WINDOWS,0,0,0,true,false,2234,TEXT_CONTENT_INTEGRITY_NOT_AUDITED_M2_02,NOT_SELECTED_BY_DETERMINISTIC_DIVERSITY_TIE_BREAK
TAOP,Technology,false,true,true,true,true,2006-12-22,2023-12-15,889,887,T1-B1-S1-I1,PASS_REQUIRED_WINDOWS,0,0,0,true,false,2952,TEXT_CONTENT_INTEGRITY_NOT_AUDITED_M2_02,NOT_SELECTED_BY_DETERMINISTIC_DIVERSITY_TIE_BREAK
TAP,Consumer Defensive,false,true,true,true,true,2000-03-31,2023-12-15,1240,1238,T1-B1-S1-I1,PASS_REQUIRED_WINDOWS,0,0,0,true,false,2100,TEXT_CONTENT_INTEGRITY_NOT_AUDITED_M2_02,NOT_SELECTED_BY_DETERMINISTIC_DIVERSITY_TIE_BREAK
TARA,Healthcare,false,true,true,true,true,2015-01-23,2023-12-15,467,465,T1-B1-S1-I1,PASS_REQUIRED_WINDOWS,0,0,0,true,false,1666,TEXT_CONTENT_INTEGRITY_NOT_AUDITED_M2_02,NOT_SELECTED_BY_DETERMINISTIC_DIVERSITY_TIE_BREAK
TATT,Industrials,false,true,true,true,true,2000-03-31,2023-12-15,1240,1238,T1-B1-S1-I1,PASS_REQUIRED_WINDOWS,0,0,0,true,false,415,TEXT_CONTENT_INTEGRITY_NOT_AUDITED_M2_02,NOT_SELECTED_BY_DETERMINISTIC_DIVERSITY_TIE_BREAK
TAXF,N/A,false,true,false,true,true,,,0,0,T1-B0-S1-I1,INVALID_HEADER,0,0,0,false,false,,TEXT_CONTENT_INTEGRITY_NOT_AUDITED_M2_02;TABLE_MEMBER_MISSING,INCOMPLETE_STRUCTURALLY_VALID_REQUIRED_WINDOWS
TAYD,Industrials,false,true,true,true,true,2000-03-31,2023-12-15,1240,1238,T1-B1-S1-I1,PASS_REQUIRED_WINDOWS,0,0,0,true,false,1102,TEXT_CONTENT_INTEGRITY_NOT_AUDITED_M2_02,NOT_SELECTED_BY_DETERMINISTIC_DIVERSITY_TIE_BREAK
TBB,N/A,false,true,true,true,true,2018-02-09,2023-12-15,308,306,T1-B1-S1-I1,PASS_REQUIRED_WINDOWS,0,0,0,true,false,2533,TEXT_CONTENT_INTEGRITY_NOT_AUDITED_M2_02,NOT_SELECTED_BY_DETERMINISTIC_DIVERSITY_TIE_BREAK
TBBK,Financial Services,false,true,true,true,true,2004-04-30,2023-12-15,1027,1025,T1-B1-S1-I1,PASS_REQUIRED_WINDOWS,0,0,0,true,false,1968,TEXT_CONTENT_INTEGRITY_NOT_AUDITED_M2_02,NOT_SELECTED_BY_DETERMINISTIC_DIVERSITY_TIE_BREAK
TBF,N/A,false,true,false,true,true,,,0,0,T1-B0-S1-I1,INVALID_HEADER,0,0,0,false,false,,TEXT_CONTENT_INTEGRITY_NOT_AUDITED_M2_02;TABLE_MEMBER_MISSING,INCOMPLETE_STRUCTURALLY_VALID_REQUIRED_WINDOWS
TBIO,Healthcare,false,true,true,true,true,2021-09-17,2023-12-15,120,118,T1-B1-S1-I1,PASS_REQUIRED_WINDOWS,0,0,0,true,false,2792,TEXT_CONTENT_INTEGRITY_NOT_AUDITED_M2_02,NOT_SELECTED_BY_DETERMINISTIC_DIVERSITY_TIE_BREAK
TBLT,Industrials,false,true,false,true,true,2019-03-08,2023-12-15,252,250,T1-B0-S1-I1,PASS_REQUIRED_WINDOWS,0,0,0,true,false,2659,TEXT_CONTENT_INTEGRITY_NOT_AUDITED_M2_02;TABLE_MEMBER_MISSING,NOT_SELECTED_BY_DETERMINISTIC_DIVERSITY_TIE_BREAK
TBNK,Financial Services,false,true,false,true,true,2009-10-09,2023-12-15,698,696,T1-B0-S1-I1,PASS_REQUIRED_WINDOWS,4,0,0,true,false,2263,TEXT_CONTENT_INTEGRITY_NOT_AUDITED_M2_02;TABLE_MEMBER_MISSING,NOT_SELECTED_BY_DETERMINISTIC_DIVERSITY_TIE_BREAK
TBPH,Healthcare,false,true,true,true,true,2014-08-15,2023-12-15,490,488,T1-B1-S1-I1,PASS_REQUIRED_WINDOWS,0,0,0,true,false,2267,TEXT_CONTENT_INTEGRITY_NOT_AUDITED_M2_02,NOT_SELECTED_BY_DETERMINISTIC_DIVERSITY_TIE_BREAK
TBT,N/A,false,true,false,true,true,,,0,0,T1-B0-S1-I1,INVALID_HEADER,0,0,0,false,false,,TEXT_CONTENT_INTEGRITY_NOT_AUDITED_M2_02;TABLE_MEMBER_MISSING,INCOMPLETE_STRUCTURALLY_VALID_REQUIRED_WINDOWS
TBX,N/A,false,true,false,true,true,,,0,0,T1-B0-S1-I1,INVALID_HEADER,0,0,0,false,false,,TEXT_CONTENT_INTEGRITY_NOT_AUDITED_M2_02;TABLE_MEMBER_MISSING,INCOMPLETE_STRUCTURALLY_VALID_REQUIRED_WINDOWS
TCBK,Financial Services,false,true,true,true,true,2000-03-31,2023-12-15,1240,1238,T1-B1-S1-I1,PASS_REQUIRED_WINDOWS,0,0,0,true,false,2378,TEXT_CONTENT_INTEGRITY_NOT_AUDITED_M2_02,NOT_SELECTED_BY_DETERMINISTIC_DIVERSITY_TIE_BREAK
TCCO,Technology,false,true,false,true,true,2000-03-31,2023-12-15,1223,1221,T1-B0-S1-I1,PASS_REQUIRED_WINDOWS,2,0,0,true,false,188,TEXT_CONTENT_INTEGRITY_NOT_AUDITED_M2_02;TABLE_MEMBER_MISSING,NOT_SELECTED_BY_DETERMINISTIC_DIVERSITY_TIE_BREAK
TCI,Real Estate,false,true,true,true,true,2000-03-31,2023-12-15,1240,1238,T1-B1-S1-I1,PASS_REQUIRED_WINDOWS,0,0,0,true,false,75,TEXT_CONTENT_INTEGRITY_NOT_AUDITED_M2_02,NOT_SELECTED_BY_DETERMINISTIC_DIVERSITY_TIE_BREAK
TCOM,Consumer Cyclical,false,true,true,true,true,2004-03-12,2023-12-15,1034,1032,T1-B1-S1-I1,PASS_REQUIRED_WINDOWS,0,0,0,true,false,1843,TEXT_CONTENT_INTEGRITY_NOT_AUDITED_M2_02,NOT_SELECTED_BY_DETERMINISTIC_DIVERSITY_TIE_BREAK
TCON,Healthcare,false,true,false,true,true,2015-05-01,2023-12-15,453,451,T1-B0-S1-I1,PASS_REQUIRED_WINDOWS,0,0,0,true,false,1293,TEXT_CONTENT_INTEGRITY_NOT_AUDITED_M2_02;TABLE_MEMBER_MISSING,NOT_SELECTED_BY_DETERMINISTIC_DIVERSITY_TIE_BREAK
TCPC,Financial Services,false,true,true,true,true,2012-06-29,2023-12-15,601,599,T1-B1-S1-I1,PASS_REQUIRED_WINDOWS,0,0,0,true,false,208,TEXT_CONTENT_INTEGRITY_NOT_AUDITED_M2_02,NOT_SELECTED_BY_DETERMINISTIC_DIVERSITY_TIE_BREAK
TCX,Technology,false,true,true,true,true,2000-03-31,2023-12-15,1240,1238,T1-B1-S1-I1,PASS_REQUIRED_WINDOWS,0,0,0,true,false,1185,TEXT_CONTENT_INTEGRITY_NOT_AUDITED_M2_02,NOT_SELECTED_BY_DETERMINISTIC_DIVERSITY_TIE_BREAK
TD,Financial Services,false,true,true,true,true,2000-03-31,2023-12-15,1240,1238,T1-B1-S1-I1,PASS_REQUIRED_WINDOWS,0,0,0,true,false,50,TEXT_CONTENT_INTEGRITY_NOT_AUDITED_M2_02,NOT_SELECTED_BY_DETERMINISTIC_DIVERSITY_TIE_BREAK
TDC,Technology,false,true,true,true,true,2007-12-28,2023-12-15,836,834,T1-B1-S1-I1,PASS_REQUIRED_WINDOWS,0,0,0,true,false,2650,TEXT_CONTENT_INTEGRITY_NOT_AUDITED_M2_02,NOT_SELECTED_BY_DETERMINISTIC_DIVERSITY_TIE_BREAK
TDF,Financial Services,false,true,false,true,true,2000-03-31,2023-12-15,1240,1238,T1-B0-S1-I1,PASS_REQUIRED_WINDOWS,0,0,0,true,false,1287,TEXT_CONTENT_INTEGRITY_NOT_AUDITED_M2_02;TABLE_MEMBER_MISSING,NOT_SELECTED_BY_DETERMINISTIC_DIVERSITY_TIE_BREAK
TDIV,N/A,false,true,false,true,true,,,0,0,T1-B0-S1-I1,INVALID_HEADER,0,0,0,false,false,,TEXT_CONTENT_INTEGRITY_NOT_AUDITED_M2_02;TABLE_MEMBER_MISSING,INCOMPLETE_STRUCTURALLY_VALID_REQUIRED_WINDOWS
TDOC,Healthcare,false,true,true,true,true,2015-09-25,2023-12-15,432,430,T1-B1-S1-I1,PASS_REQUIRED_WINDOWS,0,0,0,true,false,855,TEXT_CONTENT_INTEGRITY_NOT_AUDITED_M2_02,NOT_SELECTED_BY_DETERMINISTIC_DIVERSITY_TIE_BREAK
TDS,Communication Services,false,true,true,true,true,2000-03-31,2023-12-15,1240,1238,T1-B1-S1-I1,PASS_REQUIRED_WINDOWS,0,0,0,true,false,414,TEXT_CONTENT_INTEGRITY_NOT_AUDITED_M2_02,NOT_SELECTED_BY_DETERMINISTIC_DIVERSITY_TIE_BREAK
TDV,N/A,false,true,false,true,true,,,0,0,T1-B0-S1-I1,INVALID_HEADER,0,0,0,false,false,,TEXT_CONTENT_INTEGRITY_NOT_AUDITED_M2_02;TABLE_MEMBER_MISSING,INCOMPLETE_STRUCTURALLY_VALID_REQUIRED_WINDOWS
TDW,Energy,false,true,true,true,true,2000-03-31,2023-12-15,1240,1238,T1-B1-S1-I1,PASS_REQUIRED_WINDOWS,0,0,0,true,false,2094,TEXT_CONTENT_INTEGRITY_NOT_AUDITED_M2_02,NOT_SELECTED_BY_DETERMINISTIC_DIVERSITY_TIE_BREAK
TEAF,Financial Services,false,true,false,true,true,2019-06-21,2023-12-15,237,235,T1-B0-S1-I1,PASS_REQUIRED_WINDOWS,0,0,0,true,false,276,TEXT_CONTENT_INTEGRITY_NOT_AUDITED_M2_02;TABLE_MEMBER_MISSING,NOT_SELECTED_BY_DETERMINISTIC_DIVERSITY_TIE_BREAK
TEAM,Technology,false,true,true,true,true,2016-03-11,2023-12-15,408,406,T1-B1-S1-I1,PASS_REQUIRED_WINDOWS,0,0,0,true,false,525,TEXT_CONTENT_INTEGRITY_NOT_AUDITED_M2_02,NOT_SELECTED_BY_DETERMINISTIC_DIVERSITY_TIE_BREAK
TECH,Healthcare,false,true,true,true,true,2000-03-31,2023-12-15,1240,1238,T1-B1-S1-I1,PASS_REQUIRED_WINDOWS,0,0,0,true,false,1511,TEXT_CONTENT_INTEGRITY_NOT_AUDITED_M2_02,NOT_SELECTED_BY_DETERMINISTIC_DIVERSITY_TIE_BREAK
TECK,Basic Materials,false,true,true,true,true,2002-10-11,2023-12-15,1108,1106,T1-B1-S1-I1,PASS_REQUIRED_WINDOWS,0,0,0,true,false,2354,TEXT_CONTENT_INTEGRITY_NOT_AUDITED_M2_02,NOT_SELECTED_BY_DETERMINISTIC_DIVERSITY_TIE_BREAK
TECL,N/A,false,true,false,true,true,,,0,0,T1-B0-S1-I1,INVALID_HEADER,0,0,0,false,false,,TEXT_CONTENT_INTEGRITY_NOT_AUDITED_M2_02;TABLE_MEMBER_MISSING,INCOMPLETE_STRUCTURALLY_VALID_REQUIRED_WINDOWS
TECS,N/A,false,true,false,true,true,,,0,0,T1-B0-S1-I1,INVALID_HEADER,0,0,0,false,false,,TEXT_CONTENT_INTEGRITY_NOT_AUDITED_M2_02;TABLE_MEMBER_MISSING,INCOMPLETE_STRUCTURALLY_VALID_REQUIRED_WINDOWS
TECTP,Financial Services,false,true,true,true,true,2019-08-23,2023-12-15,228,226,T1-B1-S1-I1,PASS_REQUIRED_WINDOWS,0,0,0,true,false,404,TEXT_CONTENT_INTEGRITY_NOT_AUDITED_M2_02,NOT_SELECTED_BY_DETERMINISTIC_DIVERSITY_TIE_BREAK
TELA,Healthcare,false,true,true,true,true,2020-02-07,2023-12-15,204,202,T1-B1-S1-I1,PASS_REQUIRED_WINDOWS,0,0,0,true,false,1026,TEXT_CONTENT_INTEGRITY_NOT_AUDITED_M2_02,NOT_SELECTED_BY_DETERMINISTIC_DIVERSITY_TIE_BREAK
TENB,Technology,false,true,true,true,true,2018-10-19,2023-12-15,272,270,T1-B1-S1-I1,PASS_REQUIRED_WINDOWS,0,0,0,true,false,1042,TEXT_CONTENT_INTEGRITY_NOT_AUDITED_M2_02,NOT_SELECTED_BY_DETERMINISTIC_DIVERSITY_TIE_BREAK
TENX,Healthcare,false,true,true,true,true,2000-03-31,2023-12-15,1240,1238,T1-B1-S1-I1,PASS_REQUIRED_WINDOWS,0,0,0,true,false,2602,TEXT_CONTENT_INTEGRITY_NOT_AUDITED_M2_02,NOT_SELECTED_BY_DETERMINISTIC_DIVERSITY_TIE_BREAK
TEO,Communication Services,false,true,true,true,true,2000-03-31,2023-12-15,1240,1238,T1-B1-S1-I1,PASS_REQUIRED_WINDOWS,0,0,0,true,false,1595,TEXT_CONTENT_INTEGRITY_NOT_AUDITED_M2_02,NOT_SELECTED_BY_DETERMINISTIC_DIVERSITY_TIE_BREAK
TER,Technology,false,true,true,true,true,2000-03-31,2023-12-15,1240,1238,T1-B1-S1-I1,PASS_REQUIRED_WINDOWS,0,0,0,true,false,1996,TEXT_CONTENT_INTEGRITY_NOT_AUDITED_M2_02,NOT_SELECTED_BY_DETERMINISTIC_DIVERSITY_TIE_BREAK
TEVA,Healthcare,false,true,true,true,true,2000-03-31,2023-12-15,1240,1238,T1-B1-S1-I1,PASS_REQUIRED_WINDOWS,0,0,0,true,false,1924,TEXT_CONTENT_INTEGRITY_NOT_AUDITED_M2_02,NOT_SELECTED_BY_DETERMINISTIC_DIVERSITY_TIE_BREAK
TEX,Industrials,false,true,true,true,true,2000-03-31,2023-12-15,1240,1238,T1-B1-S1-I1,PASS_REQUIRED_WINDOWS,0,0,0,true,false,2242,TEXT_CONTENT_INTEGRITY_NOT_AUDITED_M2_02,NOT_SELECTED_BY_DETERMINISTIC_DIVERSITY_TIE_BREAK
TFC,Financial Services,false,true,true,true,true,2000-03-31,2023-12-15,1240,1238,T1-B1-S1-I1,PASS_REQUIRED_WINDOWS,0,0,0,true,false,2435,TEXT_CONTENT_INTEGRITY_NOT_AUDITED_M2_02,NOT_SELECTED_BY_DETERMINISTIC_DIVERSITY_TIE_BREAK
TFI,N/A,false,true,false,true,true,,,0,0,T1-B0-S1-I1,INVALID_HEADER,0,0,0,false,false,,TEXT_CONTENT_INTEGRITY_NOT_AUDITED_M2_02;TABLE_MEMBER_MISSING,INCOMPLETE_STRUCTURALLY_VALID_REQUIRED_WINDOWS
TFII,Industrials,false,true,true,true,true,2006-02-17,2023-12-15,933,931,T1-B1-S1-I1,PASS_REQUIRED_WINDOWS,0,0,0,true,false,2822,TEXT_CONTENT_INTEGRITY_NOT_AUDITED_M2_02,NOT_SELECTED_BY_DETERMINISTIC_DIVERSITY_TIE_BREAK
TFLO,N/A,false,true,false,true,true,,,0,0,T1-B0-S1-I1,INVALID_HEADER,0,0,0,false,false,,TEXT_CONTENT_INTEGRITY_NOT_AUDITED_M2_02;TABLE_MEMBER_MISSING,INCOMPLETE_STRUCTURALLY_VALID_REQUIRED_WINDOWS
TFX,Healthcare,false,true,true,true,true,2000-03-31,2023-12-15,1240,1238,T1-B1-S1-I1,PASS_REQUIRED_WINDOWS,0,0,0,true,false,1568,TEXT_CONTENT_INTEGRITY_NOT_AUDITED_M2_02,NOT_SELECTED_BY_DETERMINISTIC_DIVERSITY_TIE_BREAK
TG,Industrials,false,true,true,true,true,2000-03-31,2023-12-15,1240,1238,T1-B1-S1-I1,PASS_REQUIRED_WINDOWS,0,0,0,true,false,2587,TEXT_CONTENT_INTEGRITY_NOT_AUDITED_M2_02,NOT_SELECTED_BY_DETERMINISTIC_DIVERSITY_TIE_BREAK
TGB,Basic Materials,false,true,true,true,true,2000-03-31,2023-12-15,1240,1238,T1-B1-S1-I1,PASS_REQUIRED_WINDOWS,0,0,0,true,false,1349,TEXT_CONTENT_INTEGRITY_NOT_AUDITED_M2_02,NOT_SELECTED_BY_DETERMINISTIC_DIVERSITY_TIE_BREAK
TGEN,Industrials,false,true,true,true,true,2014-08-15,2023-12-15,490,488,T1-B1-S1-I1,PASS_REQUIRED_WINDOWS,0,0,0,true,false,648,TEXT_CONTENT_INTEGRITY_NOT_AUDITED_M2_02,NOT_SELECTED_BY_DETERMINISTIC_DIVERSITY_TIE_BREAK
TGI,Industrials,false,true,true,true,true,2000-03-31,2023-12-15,1240,1238,T1-B1-S1-I1,PASS_REQUIRED_WINDOWS,0,0,0,true,false,2469,TEXT_CONTENT_INTEGRITY_NOT_AUDITED_M2_02,NOT_SELECTED_BY_DETERMINISTIC_DIVERSITY_TIE_BREAK
TGLS,Basic Materials,false,true,true,true,true,2012-08-10,2023-12-15,595,593,T1-B1-S1-I1,PASS_REQUIRED_WINDOWS,0,0,0,true,false,2029,TEXT_CONTENT_INTEGRITY_NOT_AUDITED_M2_02,NOT_SELECTED_BY_DETERMINISTIC_DIVERSITY_TIE_BREAK
TGNA,Communication Services,false,true,true,true,true,2000-03-31,2023-12-15,1240,1238,T1-B1-S1-I1,PASS_REQUIRED_WINDOWS,0,0,0,true,false,715,TEXT_CONTENT_INTEGRITY_NOT_AUDITED_M2_02,NOT_SELECTED_BY_DETERMINISTIC_DIVERSITY_TIE_BREAK
TGS,Energy,false,true,true,true,true,2000-03-31,2023-12-15,1240,1238,T1-B1-S1-I1,PASS_REQUIRED_WINDOWS,0,0,0,true,false,2277,TEXT_CONTENT_INTEGRITY_NOT_AUDITED_M2_02,NOT_SELECTED_BY_DETERMINISTIC_DIVERSITY_TIE_BREAK
TGT,Consumer Defensive,false,true,true,true,true,2000-03-31,2023-12-15,1240,1238,T1-B1-S1-I1,PASS_REQUIRED_WINDOWS,0,0,0,true,false,2000,TEXT_CONTENT_INTEGRITY_NOT_AUDITED_M2_02,NOT_SELECTED_BY_DETERMINISTIC_DIVERSITY_TIE_BREAK
TGTX,Healthcare,false,true,true,true,true,2010-07-30,2023-12-15,701,699,T1-B1-S1-I1,PASS_REQUIRED_WINDOWS,0,0,0,true,false,533,TEXT_CONTENT_INTEGRITY_NOT_AUDITED_M2_02,NOT_SELECTED_BY_DETERMINISTIC_DIVERSITY_TIE_BREAK
TH,Industrials,false,true,true,true,true,2018-06-08,2023-12-15,291,289,T1-B1-S1-I1,PASS_REQUIRED_WINDOWS,0,0,0,true,false,711,TEXT_CONTENT_INTEGRITY_NOT_AUDITED_M2_02,NOT_SELECTED_BY_DETERMINISTIC_DIVERSITY_TIE_BREAK
THC,Healthcare,false,true,true,true,true,2000-03-31,2023-12-15,1240,1238,T1-B1-S1-I1,PASS_REQUIRED_WINDOWS,0,0,0,true,false,1457,TEXT_CONTENT_INTEGRITY_NOT_AUDITED_M2_02,NOT_SELECTED_BY_DETERMINISTIC_DIVERSITY_TIE_BREAK
THCX,N/A,false,true,false,true,true,,,0,0,T1-B0-S1-I1,INVALID_HEADER,0,0,0,false,false,,TEXT_CONTENT_INTEGRITY_NOT_AUDITED_M2_02;TABLE_MEMBER_MISSING,INCOMPLETE_STRUCTURALLY_VALID_REQUIRED_WINDOWS
THD,N/A,false,true,false,true,true,,,0,0,T1-B0-S1-I1,INVALID_HEADER,0,0,0,false,false,,TEXT_CONTENT_INTEGRITY_NOT_AUDITED_M2_02;TABLE_MEMBER_MISSING,INCOMPLETE_STRUCTURALLY_VALID_REQUIRED_WINDOWS
THG,Financial Services,false,true,true,true,true,2000-03-31,2023-12-15,1240,1238,T1-B1-S1-I1,PASS_REQUIRED_WINDOWS,0,0,0,true,false,1092,TEXT_CONTENT_INTEGRITY_NOT_AUDITED_M2_02,NOT_SELECTED_BY_DETERMINISTIC_DIVERSITY_TIE_BREAK
THM,Basic Materials,false,true,true,true,true,2007-07-27,2023-12-15,858,856,T1-B1-S1-I1,PASS_REQUIRED_WINDOWS,0,0,0,true,false,46,TEXT_CONTENT_INTEGRITY_NOT_AUDITED_M2_02,NOT_SELECTED_BY_DETERMINISTIC_DIVERSITY_TIE_BREAK
THMO,Healthcare,false,true,false,true,true,2000-03-31,2023-12-15,1188,1186,T1-B0-S1-I1,PASS_REQUIRED_WINDOWS,4,0,0,true,false,1900,TEXT_CONTENT_INTEGRITY_NOT_AUDITED_M2_02;TABLE_MEMBER_MISSING,NOT_SELECTED_BY_DETERMINISTIC_DIVERSITY_TIE_BREAK
THNQ,N/A,false,true,false,true,true,,,0,0,T1-B0-S1-I1,INVALID_HEADER,0,0,0,false,false,,TEXT_CONTENT_INTEGRITY_NOT_AUDITED_M2_02;TABLE_MEMBER_MISSING,INCOMPLETE_STRUCTURALLY_VALID_REQUIRED_WINDOWS
THO,Consumer Cyclical,false,true,true,true,true,2000-03-31,2023-12-15,1240,1238,T1-B1-S1-I1,PASS_REQUIRED_WINDOWS,0,0,0,true,false,1387,TEXT_CONTENT_INTEGRITY_NOT_AUDITED_M2_02,NOT_SELECTED_BY_DETERMINISTIC_DIVERSITY_TIE_BREAK
THQ,Financial Services,false,true,false,true,true,2014-10-24,2023-12-15,480,478,T1-B0-S1-I1,PASS_REQUIRED_WINDOWS,0,0,0,true,false,2207,TEXT_CONTENT_INTEGRITY_NOT_AUDITED_M2_02;TABLE_MEMBER_MISSING,NOT_SELECTED_BY_DETERMINISTIC_DIVERSITY_TIE_BREAK
THRM,Consumer Cyclical,false,true,true,true,true,2000-03-31,2023-12-15,1240,1238,T1-B1-S1-I1,PASS_REQUIRED_WINDOWS,0,0,0,true,false,830,TEXT_CONTENT_INTEGRITY_NOT_AUDITED_M2_02,NOT_SELECTED_BY_DETERMINISTIC_DIVERSITY_TIE_BREAK
THS,Consumer Defensive,false,true,true,true,true,2005-09-23,2023-12-15,954,952,T1-B1-S1-I1,PASS_REQUIRED_WINDOWS,0,0,0,true,false,522,TEXT_CONTENT_INTEGRITY_NOT_AUDITED_M2_02,NOT_SELECTED_BY_DETERMINISTIC_DIVERSITY_TIE_BREAK
THTX,Healthcare,false,true,true,true,true,2009-05-15,2023-12-15,764,762,T1-B1-S1-I1,PASS_REQUIRED_WINDOWS,0,0,0,true,false,721,TEXT_CONTENT_INTEGRITY_NOT_AUDITED_M2_02,NOT_SELECTED_BY_DETERMINISTIC_DIVERSITY_TIE_BREAK
THW,Financial Services,false,true,false,true,true,2015-09-25,2023-12-15,432,430,T1-B0-S1-I1,PASS_REQUIRED_WINDOWS,0,0,0,true,false,1663,TEXT_CONTENT_INTEGRITY_NOT_AUDITED_M2_02;TABLE_MEMBER_MISSING,NOT_SELECTED_BY_DETERMINISTIC_DIVERSITY_TIE_BREAK
THY,N/A,false,true,false,true,true,,,0,0,T1-B0-S1-I1,INVALID_HEADER,0,0,0,false,false,,TEXT_CONTENT_INTEGRITY_NOT_AUDITED_M2_02;TABLE_MEMBER_MISSING,INCOMPLETE_STRUCTURALLY_VALID_REQUIRED_WINDOWS
TIGO,Communication Services,false,true,true,true,true,2019-04-05,2023-12-15,248,246,T1-B1-S1-I1,PASS_REQUIRED_WINDOWS,0,0,0,true,false,2572,TEXT_CONTENT_INTEGRITY_NOT_AUDITED_M2_02,NOT_SELECTED_BY_DETERMINISTIC_DIVERSITY_TIE_BREAK
TIGR,Financial Services,false,true,true,true,true,2019-06-14,2023-12-15,238,236,T1-B1-S1-I1,PASS_REQUIRED_WINDOWS,0,0,0,true,false,191,TEXT_CONTENT_INTEGRITY_NOT_AUDITED_M2_02,NOT_SELECTED_BY_DETERMINISTIC_DIVERSITY_TIE_BREAK
TILE,Consumer Cyclical,false,true,true,true,true,2000-03-31,2023-12-15,1240,1238,T1-B1-S1-I1,PASS_REQUIRED_WINDOWS,0,0,0,true,false,928,TEXT_CONTENT_INTEGRITY_NOT_AUDITED_M2_02,NOT_SELECTED_BY_DETERMINISTIC_DIVERSITY_TIE_BREAK
TIP,N/A,false,true,false,true,true,,,0,0,T1-B0-S1-I1,INVALID_HEADER,0,0,0,false,false,,TEXT_CONTENT_INTEGRITY_NOT_AUDITED_M2_02;TABLE_MEMBER_MISSING,INCOMPLETE_STRUCTURALLY_VALID_REQUIRED_WINDOWS
TIPT,Financial Services,false,true,true,true,true,2011-01-14,2023-12-15,677,675,T1-B1-S1-I1,PASS_REQUIRED_WINDOWS,0,0,0,true,false,248,TEXT_CONTENT_INTEGRITY_NOT_AUDITED_M2_02,NOT_SELECTED_BY_DETERMINISTIC_DIVERSITY_TIE_BREAK
TIPX,N/A,false,true,false,true,true,,,0,0,T1-B0-S1-I1,INVALID_HEADER,0,0,0,false,false,,TEXT_CONTENT_INTEGRITY_NOT_AUDITED_M2_02;TABLE_MEMBER_MISSING,INCOMPLETE_STRUCTURALLY_VALID_REQUIRED_WINDOWS
TISI,Industrials,false,true,true,true,true,2000-03-31,2023-12-15,1240,1238,T1-B1-S1-I1,PASS_REQUIRED_WINDOWS,0,0,0,true,false,2445,TEXT_CONTENT_INTEGRITY_NOT_AUDITED_M2_02,NOT_SELECTED_BY_DETERMINISTIC_DIVERSITY_TIE_BREAK
TITN,Industrials,false,true,true,true,true,2008-03-14,2023-12-15,825,823,T1-B1-S1-I1,PASS_REQUIRED_WINDOWS,0,0,0,true,false,2727,TEXT_CONTENT_INTEGRITY_NOT_AUDITED_M2_02,NOT_SELECTED_BY_DETERMINISTIC_DIVERSITY_TIE_BREAK
TJX,Consumer Cyclical,false,true,true,true,true,2000-03-31,2023-12-15,1240,1238,T1-B1-S1-I1,PASS_REQUIRED_WINDOWS,0,0,0,true,false,1705,TEXT_CONTENT_INTEGRITY_NOT_AUDITED_M2_02,NOT_SELECTED_BY_DETERMINISTIC_DIVERSITY_TIE_BREAK
TK,Energy,false,true,true,true,true,2000-03-31,2023-12-15,1240,1238,T1-B1-S1-I1,PASS_REQUIRED_WINDOWS,0,0,0,true,false,161,TEXT_CONTENT_INTEGRITY_NOT_AUDITED_M2_02,NOT_SELECTED_BY_DETERMINISTIC_DIVERSITY_TIE_BREAK
TKC,Communication Services,false,true,true,true,true,2000-10-06,2023-12-15,1213,1211,T1-B1-S1-I1,PASS_REQUIRED_WINDOWS,0,0,0,true,false,1284,TEXT_CONTENT_INTEGRITY_NOT_AUDITED_M2_02,NOT_SELECTED_BY_DETERMINISTIC_DIVERSITY_TIE_BREAK
TKR,Industrials,false,true,true,true,true,2000-03-31,2023-12-15,1240,1238,T1-B1-S1-I1,PASS_REQUIRED_WINDOWS,0,0,0,true,false,948,TEXT_CONTENT_INTEGRITY_NOT_AUDITED_M2_02,NOT_SELECTED_BY_DETERMINISTIC_DIVERSITY_TIE_BREAK
TLH,N/A,false,true,false,true,true,,,0,0,T1-B0-S1-I1,INVALID_HEADER,0,0,0,false,false,,TEXT_CONTENT_INTEGRITY_NOT_AUDITED_M2_02;TABLE_MEMBER_MISSING,INCOMPLETE_STRUCTURALLY_VALID_REQUIRED_WINDOWS
TLK,Communication Services,false,true,true,true,true,2000-03-31,2023-12-15,1240,1238,T1-B1-S1-I1,PASS_REQUIRED_WINDOWS,0,0,0,true,false,984,TEXT_CONTENT_INTEGRITY_NOT_AUDITED_M2_02,NOT_SELECTED_BY_DETERMINISTIC_DIVERSITY_TIE_BREAK
TLSA,Healthcare,false,true,true,true,true,2019-02-22,2023-12-15,254,252,T1-B1-S1-I1,PASS_REQUIRED_WINDOWS,0,0,0,true,false,1383,TEXT_CONTENT_INTEGRITY_NOT_AUDITED_M2_02,NOT_SELECTED_BY_DETERMINISTIC_DIVERSITY_TIE_BREAK
TLT,N/A,false,true,false,true,true,,,0,0,T1-B0-S1-I1,INVALID_HEADER,0,0,0,false,false,,TEXT_CONTENT_INTEGRITY_NOT_AUDITED_M2_02;TABLE_MEMBER_MISSING,INCOMPLETE_STRUCTURALLY_VALID_REQUIRED_WINDOWS
TLTD,N/A,false,true,false,true,true,,,0,0,T1-B0-S1-I1,INVALID_HEADER,0,0,0,false,false,,TEXT_CONTENT_INTEGRITY_NOT_AUDITED_M2_02;TABLE_MEMBER_MISSING,INCOMPLETE_STRUCTURALLY_VALID_REQUIRED_WINDOWS
TLTE,N/A,false,true,false,true,true,,,0,0,T1-B0-S1-I1,INVALID_HEADER,0,0,0,false,false,,TEXT_CONTENT_INTEGRITY_NOT_AUDITED_M2_02;TABLE_MEMBER_MISSING,INCOMPLETE_STRUCTURALLY_VALID_REQUIRED_WINDOWS
TLYS,Consumer Cyclical,false,true,true,true,true,2012-08-03,2023-12-15,596,594,T1-B1-S1-I1,PASS_REQUIRED_WINDOWS,0,0,0,true,false,2939,TEXT_CONTENT_INTEGRITY_NOT_AUDITED_M2_02,NOT_SELECTED_BY_DETERMINISTIC_DIVERSITY_TIE_BREAK
TM,Consumer Cyclical,false,true,true,true,true,2000-03-31,2023-12-15,1240,1238,T1-B1-S1-I1,PASS_REQUIRED_WINDOWS,0,0,0,true,false,1876,TEXT_CONTENT_INTEGRITY_NOT_AUDITED_M2_02,NOT_SELECTED_BY_DETERMINISTIC_DIVERSITY_TIE_BREAK
TMDV,N/A,false,true,false,true,true,,,0,0,T1-B0-S1-I1,INVALID_HEADER,0,0,0,false,false,,TEXT_CONTENT_INTEGRITY_NOT_AUDITED_M2_02;TABLE_MEMBER_MISSING,INCOMPLETE_STRUCTURALLY_VALID_REQUIRED_WINDOWS
TMDX,Healthcare,false,true,true,true,true,2019-08-02,2023-12-15,231,229,T1-B1-S1-I1,PASS_REQUIRED_WINDOWS,0,0,0,true,false,486,TEXT_CONTENT_INTEGRITY_NOT_AUDITED_M2_02,NOT_SELECTED_BY_DETERMINISTIC_DIVERSITY_TIE_BREAK
TME,Communication Services,false,true,true,true,true,2019-03-15,2023-12-15,251,249,T1-B1-S1-I1,PASS_REQUIRED_WINDOWS,0,0,0,true,false,2663,TEXT_CONTENT_INTEGRITY_NOT_AUDITED_M2_02,NOT_SELECTED_BY_DETERMINISTIC_DIVERSITY_TIE_BREAK
TMF,N/A,false,true,false,true,true,,,0,0,T1-B0-S1-I1,INVALID_HEADER,0,0,0,false,false,,TEXT_CONTENT_INTEGRITY_NOT_AUDITED_M2_02;TABLE_MEMBER_MISSING,INCOMPLETE_STRUCTURALLY_VALID_REQUIRED_WINDOWS
TMFC,N/A,false,true,false,true,true,,,0,0,T1-B0-S1-I1,INVALID_HEADER,0,0,0,false,false,,TEXT_CONTENT_INTEGRITY_NOT_AUDITED_M2_02;TABLE_MEMBER_MISSING,INCOMPLETE_STRUCTURALLY_VALID_REQUIRED_WINDOWS
TMO,Healthcare,false,true,true,true,true,2000-03-31,2023-12-15,1240,1238,T1-B1-S1-I1,PASS_REQUIRED_WINDOWS,0,0,0,true,false,132,TEXT_CONTENT_INTEGRITY_NOT_AUDITED_M2_02,NOT_SELECTED_BY_DETERMINISTIC_DIVERSITY_TIE_BREAK
TMP,Financial Services,false,true,true,true,true,2000-03-31,2023-12-15,1240,1238,T1-B1-S1-I1,PASS_REQUIRED_WINDOWS,0,0,0,true,false,740,TEXT_CONTENT_INTEGRITY_NOT_AUDITED_M2_02,NOT_SELECTED_BY_DETERMINISTIC_DIVERSITY_TIE_BREAK
TMQ,Basic Materials,false,true,true,true,true,2012-07-20,2023-12-15,598,596,T1-B1-S1-I1,PASS_REQUIRED_WINDOWS,0,0,0,true,false,1499,TEXT_CONTENT_INTEGRITY_NOT_AUDITED_M2_02,NOT_SELECTED_BY_DETERMINISTIC_DIVERSITY_TIE_BREAK
TMUS,Communication Services,false,true,true,true,true,2007-07-20,2023-12-15,859,857,T1-B1-S1-I1,PASS_REQUIRED_WINDOWS,0,0,0,true,false,359,TEXT_CONTENT_INTEGRITY_NOT_AUDITED_M2_02,NOT_SELECTED_BY_DETERMINISTIC_DIVERSITY_TIE_BREAK
TMV,N/A,false,true,false,true,true,,,0,0,T1-B0-S1-I1,INVALID_HEADER,0,0,0,false,false,,TEXT_CONTENT_INTEGRITY_NOT_AUDITED_M2_02;TABLE_MEMBER_MISSING,INCOMPLETE_STRUCTURALLY_VALID_REQUIRED_WINDOWS
TNA,N/A,false,true,false,true,true,,,0,0,T1-B0-S1-I1,INVALID_HEADER,0,0,0,false,false,,TEXT_CONTENT_INTEGRITY_NOT_AUDITED_M2_02;TABLE_MEMBER_MISSING,INCOMPLETE_STRUCTURALLY_VALID_REQUIRED_WINDOWS
TNC,Industrials,false,true,true,true,true,2000-03-31,2023-12-15,1240,1238,T1-B1-S1-I1,PASS_REQUIRED_WINDOWS,0,0,0,true,false,2626,TEXT_CONTENT_INTEGRITY_NOT_AUDITED_M2_02,NOT_SELECTED_BY_DETERMINISTIC_DIVERSITY_TIE_BREAK
TNDM,Healthcare,false,true,true,true,true,2014-02-14,2023-12-15,516,514,T1-B1-S1-I1,PASS_REQUIRED_WINDOWS,0,0,0,true,false,2349,TEXT_CONTENT_INTEGRITY_NOT_AUDITED_M2_02,NOT_SELECTED_BY_DETERMINISTIC_DIVERSITY_TIE_BREAK
TNET,Industrials,false,true,true,true,true,2014-06-27,2023-12-15,497,495,T1-B1-S1-I1,PASS_REQUIRED_WINDOWS,0,0,0,true,false,495,TEXT_CONTENT_INTEGRITY_NOT_AUDITED_M2_02,NOT_SELECTED_BY_DETERMINISTIC_DIVERSITY_TIE_BREAK
TNK,Energy,false,true,true,true,true,2008-03-14,2023-12-15,825,823,T1-B1-S1-I1,PASS_REQUIRED_WINDOWS,0,0,0,true,false,2942,TEXT_CONTENT_INTEGRITY_NOT_AUDITED_M2_02,NOT_SELECTED_BY_DETERMINISTIC_DIVERSITY_TIE_BREAK
TNXP,Healthcare,false,true,true,true,true,2012-08-10,2023-12-15,595,593,T1-B1-S1-I1,PASS_REQUIRED_WINDOWS,0,0,0,true,false,270,TEXT_CONTENT_INTEGRITY_NOT_AUDITED_M2_02,NOT_SELECTED_BY_DETERMINISTIC_DIVERSITY_TIE_BREAK
TOK,N/A,false,true,false,true,true,,,0,0,T1-B0-S1-I1,INVALID_HEADER,0,0,0,false,false,,TEXT_CONTENT_INTEGRITY_NOT_AUDITED_M2_02;TABLE_MEMBER_MISSING,INCOMPLETE_STRUCTURALLY_VALID_REQUIRED_WINDOWS
TOKE,N/A,false,true,false,true,true,,,0,0,T1-B0-S1-I1,INVALID_HEADER,0,0,0,false,false,,TEXT_CONTENT_INTEGRITY_NOT_AUDITED_M2_02;TABLE_MEMBER_MISSING,INCOMPLETE_STRUCTURALLY_VALID_REQUIRED_WINDOWS
TOL,Consumer Cyclical,false,true,true,true,true,2000-03-31,2023-12-15,1240,1238,T1-B1-S1-I1,PASS_REQUIRED_WINDOWS,0,0,0,true,false,2396,TEXT_CONTENT_INTEGRITY_NOT_AUDITED_M2_02,NOT_SELECTED_BY_DETERMINISTIC_DIVERSITY_TIE_BREAK
TOLZ,N/A,false,true,false,true,true,,,0,0,T1-B0-S1-I1,INVALID_HEADER,0,0,0,false,false,,TEXT_CONTENT_INTEGRITY_NOT_AUDITED_M2_02;TABLE_MEMBER_MISSING,INCOMPLETE_STRUCTURALLY_VALID_REQUIRED_WINDOWS
TOPS,Energy,false,true,true,true,true,2004-10-29,2023-12-15,1001,999,T1-B1-S1-I1,PASS_REQUIRED_WINDOWS,0,0,0,true,false,1583,TEXT_CONTENT_INTEGRITY_NOT_AUDITED_M2_02,NOT_SELECTED_BY_DETERMINISTIC_DIVERSITY_TIE_BREAK
TOTL,N/A,false,true,false,true,true,,,0,0,T1-B0-S1-I1,INVALID_HEADER,0,0,0,false,false,,TEXT_CONTENT_INTEGRITY_NOT_AUDITED_M2_02;TABLE_MEMBER_MISSING,INCOMPLETE_STRUCTURALLY_VALID_REQUIRED_WINDOWS
TOUR,Consumer Cyclical,false,true,true,true,true,2014-08-08,2023-12-15,491,489,T1-B1-S1-I1,PASS_REQUIRED_WINDOWS,0,0,0,true,false,1016,TEXT_CONTENT_INTEGRITY_NOT_AUDITED_M2_02,NOT_SELECTED_BY_DETERMINISTIC_DIVERSITY_TIE_BREAK
TPB,Consumer Defensive,false,true,true,true,true,2016-08-05,2023-12-15,387,385,T1-B1-S1-I1,PASS_REQUIRED_WINDOWS,0,0,0,true,false,900,TEXT_CONTENT_INTEGRITY_NOT_AUDITED_M2_02,NOT_SELECTED_BY_DETERMINISTIC_DIVERSITY_TIE_BREAK
TPC,Industrials,false,true,true,true,true,2000-03-31,2023-12-15,1240,1238,T1-B1-S1-I1,PASS_REQUIRED_WINDOWS,0,0,0,true,false,371,TEXT_CONTENT_INTEGRITY_NOT_AUDITED_M2_02,NOT_SELECTED_BY_DETERMINISTIC_DIVERSITY_TIE_BREAK
TPH,Consumer Cyclical,false,true,true,true,true,2013-05-03,2023-12-15,557,555,T1-B1-S1-I1,PASS_REQUIRED_WINDOWS,0,0,0,true,false,952,TEXT_CONTENT_INTEGRITY_NOT_AUDITED_M2_02,NOT_SELECTED_BY_DETERMINISTIC_DIVERSITY_TIE_BREAK
TPHD,N/A,false,true,false,true,true,,,0,0,T1-B0-S1-I1,INVALID_HEADER,0,0,0,false,false,,TEXT_CONTENT_INTEGRITY_NOT_AUDITED_M2_02;TABLE_MEMBER_MISSING,INCOMPLETE_STRUCTURALLY_VALID_REQUIRED_WINDOWS
TPHS,Real Estate,false,true,true,true,true,2013-01-04,2023-12-15,574,572,T1-B1-S1-I1,PASS_REQUIRED_WINDOWS,0,0,0,true,false,2400,TEXT_CONTENT_INTEGRITY_NOT_AUDITED_M2_02,NOT_SELECTED_BY_DETERMINISTIC_DIVERSITY_TIE_BREAK
TPIF,N/A,false,true,false,true,true,,,0,0,T1-B0-S1-I1,INVALID_HEADER,0,0,0,false,false,,TEXT_CONTENT_INTEGRITY_NOT_AUDITED_M2_02;TABLE_MEMBER_MISSING,INCOMPLETE_STRUCTURALLY_VALID_REQUIRED_WINDOWS
TPL,Energy,false,true,true,true,true,2000-03-31,2023-12-15,1240,1238,T1-B1-S1-I1,PASS_REQUIRED_WINDOWS,0,0,0,true,false,1450,TEXT_CONTENT_INTEGRITY_NOT_AUDITED_M2_02,NOT_SELECTED_BY_DETERMINISTIC_DIVERSITY_TIE_BREAK
TPLC,N/A,false,true,false,true,true,,,0,0,T1-B0-S1-I1,INVALID_HEADER,0,0,0,false,false,,TEXT_CONTENT_INTEGRITY_NOT_AUDITED_M2_02;TABLE_MEMBER_MISSING,INCOMPLETE_STRUCTURALLY_VALID_REQUIRED_WINDOWS
TPR,Consumer Cyclical,false,true,true,true,true,2001-01-05,2023-12-15,1200,1198,T1-B1-S1-I1,PASS_REQUIRED_WINDOWS,0,0,0,true,false,19,TEXT_CONTENT_INTEGRITY_NOT_AUDITED_M2_02,NOT_SELECTED_BY_DETERMINISTIC_DIVERSITY_TIE_BREAK
TPSC,N/A,false,true,false,true,true,,,0,0,T1-B0-S1-I1,INVALID_HEADER,0,0,0,false,false,,TEXT_CONTENT_INTEGRITY_NOT_AUDITED_M2_02;TABLE_MEMBER_MISSING,INCOMPLETE_STRUCTURALLY_VALID_REQUIRED_WINDOWS
TPVG,Financial Services,false,true,true,true,true,2014-06-06,2023-12-15,500,498,T1-B1-S1-I1,PASS_REQUIRED_WINDOWS,0,0,0,true,false,610,TEXT_CONTENT_INTEGRITY_NOT_AUDITED_M2_02,NOT_SELECTED_BY_DETERMINISTIC_DIVERSITY_TIE_BREAK
TPX,N/A,false,true,false,true,true,2004-03-19,2023-12-15,1005,1003,T1-B0-S1-I1,INCOMPLETE_REQUIRED_WINDOWS,2,0,0,false,false,,TEXT_CONTENT_INTEGRITY_NOT_AUDITED_M2_02;TABLE_MEMBER_MISSING,INCOMPLETE_STRUCTURALLY_VALID_REQUIRED_WINDOWS
TPYP,N/A,false,true,false,true,true,,,0,0,T1-B0-S1-I1,INVALID_HEADER,0,0,0,false,false,,TEXT_CONTENT_INTEGRITY_NOT_AUDITED_M2_02;TABLE_MEMBER_MISSING,INCOMPLETE_STRUCTURALLY_VALID_REQUIRED_WINDOWS
TPZ,N/A,false,true,false,true,true,2009-10-23,2023-12-15,741,739,T1-B0-S1-I1,PASS_REQUIRED_WINDOWS,0,0,0,true,false,804,TEXT_CONTENT_INTEGRITY_NOT_AUDITED_M2_02;TABLE_MEMBER_MISSING,NOT_SELECTED_BY_DETERMINISTIC_DIVERSITY_TIE_BREAK
TQQQ,N/A,false,true,false,true,true,,,0,0,T1-B0-S1-I1,INVALID_HEADER,0,0,0,false,false,,TEXT_CONTENT_INTEGRITY_NOT_AUDITED_M2_02;TABLE_MEMBER_MISSING,INCOMPLETE_STRUCTURALLY_VALID_REQUIRED_WINDOWS
TR,Consumer Defensive,false,true,true,true,true,2000-03-31,2023-12-15,1240,1238,T1-B1-S1-I1,PASS_REQUIRED_WINDOWS,0,0,0,true,false,1079,TEXT_CONTENT_INTEGRITY_NOT_AUDITED_M2_02,NOT_SELECTED_BY_DETERMINISTIC_DIVERSITY_TIE_BREAK
TRC,Industrials,false,true,true,true,true,2000-03-31,2023-12-15,1240,1238,T1-B1-S1-I1,PASS_REQUIRED_WINDOWS,0,0,0,true,false,576,TEXT_CONTENT_INTEGRITY_NOT_AUDITED_M2_02,NOT_SELECTED_BY_DETERMINISTIC_DIVERSITY_TIE_BREAK
TREE,Financial Services,false,true,true,true,true,2008-11-07,2023-12-15,791,789,T1-B1-S1-I1,PASS_REQUIRED_WINDOWS,0,0,0,true,false,2050,TEXT_CONTENT_INTEGRITY_NOT_AUDITED_M2_02,NOT_SELECTED_BY_DETERMINISTIC_DIVERSITY_TIE_BREAK
TREX,Industrials,false,true,true,true,true,2000-03-31,2023-12-15,1240,1238,T1-B1-S1-I1,PASS_REQUIRED_WINDOWS,0,0,0,true,false,2350,TEXT_CONTENT_INTEGRITY_NOT_AUDITED_M2_02,NOT_SELECTED_BY_DETERMINISTIC_DIVERSITY_TIE_BREAK
TRGP,Energy,false,true,true,true,true,2011-03-04,2023-12-15,670,668,T1-B1-S1-I1,PASS_REQUIRED_WINDOWS,0,0,0,true,false,2661,TEXT_CONTENT_INTEGRITY_NOT_AUDITED_M2_02,NOT_SELECTED_BY_DETERMINISTIC_DIVERSITY_TIE_BREAK
TRI,Industrials,false,true,true,true,true,2002-09-06,2023-12-15,1113,1111,T1-B1-S1-I1,PASS_REQUIRED_WINDOWS,0,0,0,true,false,613,TEXT_CONTENT_INTEGRITY_NOT_AUDITED_M2_02,NOT_SELECTED_BY_DETERMINISTIC_DIVERSITY_TIE_BREAK
TRIP,Consumer Cyclical,false,true,true,true,true,2012-03-09,2023-12-15,617,615,T1-B1-S1-I1,PASS_REQUIRED_WINDOWS,0,0,0,true,false,182,TEXT_CONTENT_INTEGRITY_NOT_AUDITED_M2_02,NOT_SELECTED_BY_DETERMINISTIC_DIVERSITY_TIE_BREAK
TRMB,Technology,false,true,true,true,true,2000-03-31,2023-12-15,1240,1238,T1-B1-S1-I1,PASS_REQUIRED_WINDOWS,0,0,0,true,false,1860,TEXT_CONTENT_INTEGRITY_NOT_AUDITED_M2_02,NOT_SELECTED_BY_DETERMINISTIC_DIVERSITY_TIE_BREAK
TRMD,Energy,false,true,true,true,true,2018-05-25,2023-12-15,293,291,T1-B1-S1-I1,PASS_REQUIRED_WINDOWS,0,0,0,true,false,1386,TEXT_CONTENT_INTEGRITY_NOT_AUDITED_M2_02,NOT_SELECTED_BY_DETERMINISTIC_DIVERSITY_TIE_BREAK
TRMK,Financial Services,false,true,true,true,true,2000-03-31,2023-12-15,1240,1238,T1-B1-S1-I1,PASS_REQUIRED_WINDOWS,0,0,0,true,false,2506,TEXT_CONTENT_INTEGRITY_NOT_AUDITED_M2_02,NOT_SELECTED_BY_DETERMINISTIC_DIVERSITY_TIE_BREAK
TRN,Industrials,false,true,true,true,true,2000-03-31,2023-12-15,1240,1238,T1-B1-S1-I1,PASS_REQUIRED_WINDOWS,0,0,0,true,false,764,TEXT_CONTENT_INTEGRITY_NOT_AUDITED_M2_02,NOT_SELECTED_BY_DETERMINISTIC_DIVERSITY_TIE_BREAK
TRNO,Real Estate,false,true,true,true,true,2010-05-07,2023-12-15,713,711,T1-B1-S1-I1,PASS_REQUIRED_WINDOWS,0,0,0,true,false,2928,TEXT_CONTENT_INTEGRITY_NOT_AUDITED_M2_02,NOT_SELECTED_BY_DETERMINISTIC_DIVERSITY_TIE_BREAK
TRNS,Industrials,false,true,true,true,true,2000-03-31,2023-12-15,1240,1238,T1-B1-S1-I1,PASS_REQUIRED_WINDOWS,0,0,0,true,false,1863,TEXT_CONTENT_INTEGRITY_NOT_AUDITED_M2_02,NOT_SELECTED_BY_DETERMINISTIC_DIVERSITY_TIE_BREAK
TROW,Financial Services,false,true,true,true,true,2000-03-31,2023-12-15,1240,1238,T1-B1-S1-I1,PASS_REQUIRED_WINDOWS,0,0,0,true,false,2178,TEXT_CONTENT_INTEGRITY_NOT_AUDITED_M2_02,NOT_SELECTED_BY_DETERMINISTIC_DIVERSITY_TIE_BREAK
TROX,Basic Materials,false,true,true,true,true,2011-03-04,2023-12-15,670,668,T1-B1-S1-I1,PASS_REQUIRED_WINDOWS,0,0,0,true,false,481,TEXT_CONTENT_INTEGRITY_NOT_AUDITED_M2_02,NOT_SELECTED_BY_DETERMINISTIC_DIVERSITY_TIE_BREAK
TRP,Energy,false,true,true,true,true,2000-03-31,2023-12-15,1240,1238,T1-B1-S1-I1,PASS_REQUIRED_WINDOWS,0,0,0,true,false,1877,TEXT_CONTENT_INTEGRITY_NOT_AUDITED_M2_02,NOT_SELECTED_BY_DETERMINISTIC_DIVERSITY_TIE_BREAK
TRS,Consumer Cyclical,false,true,true,true,true,2007-08-17,2023-12-15,855,853,T1-B1-S1-I1,PASS_REQUIRED_WINDOWS,0,0,0,true,false,1569,TEXT_CONTENT_INTEGRITY_NOT_AUDITED_M2_02,NOT_SELECTED_BY_DETERMINISTIC_DIVERSITY_TIE_BREAK
TRST,Financial Services,false,true,true,true,true,2000-03-31,2023-12-15,1240,1238,T1-B1-S1-I1,PASS_REQUIRED_WINDOWS,0,0,0,true,false,1801,TEXT_CONTENT_INTEGRITY_NOT_AUDITED_M2_02,NOT_SELECTED_BY_DETERMINISTIC_DIVERSITY_TIE_BREAK
TRT,Technology,false,true,true,true,true,2000-03-31,2023-12-15,1240,1238,T1-B1-S1-I1,PASS_REQUIRED_WINDOWS,0,0,0,true,false,1296,TEXT_CONTENT_INTEGRITY_NOT_AUDITED_M2_02,NOT_SELECTED_BY_DETERMINISTIC_DIVERSITY_TIE_BREAK
TRTX,Real Estate,false,true,true,true,true,2017-10-13,2023-12-15,325,323,T1-B1-S1-I1,PASS_REQUIRED_WINDOWS,0,0,0,true,false,301,TEXT_CONTENT_INTEGRITY_NOT_AUDITED_M2_02,NOT_SELECTED_BY_DETERMINISTIC_DIVERSITY_TIE_BREAK
TRU,Financial Services,false,true,true,true,true,2015-09-25,2023-12-15,432,430,T1-B1-S1-I1,PASS_REQUIRED_WINDOWS,0,0,0,true,false,2199,TEXT_CONTENT_INTEGRITY_NOT_AUDITED_M2_02,NOT_SELECTED_BY_DETERMINISTIC_DIVERSITY_TIE_BREAK
TRUE,Communication Services,false,true,true,true,true,2014-08-15,2023-12-15,490,488,T1-B1-S1-I1,PASS_REQUIRED_WINDOWS,0,0,0,true,false,216,TEXT_CONTENT_INTEGRITY_NOT_AUDITED_M2_02,NOT_SELECTED_BY_DETERMINISTIC_DIVERSITY_TIE_BREAK
TRUP,Financial Services,false,true,true,true,true,2014-10-17,2023-12-15,481,479,T1-B1-S1-I1,PASS_REQUIRED_WINDOWS,0,0,0,true,false,2711,TEXT_CONTENT_INTEGRITY_NOT_AUDITED_M2_02,NOT_SELECTED_BY_DETERMINISTIC_DIVERSITY_TIE_BREAK
TRV,Financial Services,false,true,true,true,true,2000-03-31,2023-12-15,1240,1238,T1-B1-S1-I1,PASS_REQUIRED_WINDOWS,0,0,0,true,false,421,TEXT_CONTENT_INTEGRITY_NOT_AUDITED_M2_02,NOT_SELECTED_BY_DETERMINISTIC_DIVERSITY_TIE_BREAK
TRVG,Communication Services,false,true,true,true,true,2017-03-17,2023-12-15,355,353,T1-B1-S1-I1,PASS_REQUIRED_WINDOWS,0,0,0,true,false,546,TEXT_CONTENT_INTEGRITY_NOT_AUDITED_M2_02,NOT_SELECTED_BY_DETERMINISTIC_DIVERSITY_TIE_BREAK
TRVI,Healthcare,false,true,true,true,true,2019-08-02,2023-12-15,231,229,T1-B1-S1-I1,PASS_REQUIRED_WINDOWS,0,0,0,true,false,1481,TEXT_CONTENT_INTEGRITY_NOT_AUDITED_M2_02,NOT_SELECTED_BY_DETERMINISTIC_DIVERSITY_TIE_BREAK
TRVN,Healthcare,false,true,true,true,true,2014-05-02,2023-12-15,505,503,T1-B1-S1-I1,PASS_REQUIRED_WINDOWS,0,0,0,true,false,453,TEXT_CONTENT_INTEGRITY_NOT_AUDITED_M2_02,NOT_SELECTED_BY_DETERMINISTIC_DIVERSITY_TIE_BREAK
TRX,Basic Materials,false,true,true,true,true,2005-08-12,2023-12-15,960,958,T1-B1-S1-I1,PASS_REQUIRED_WINDOWS,0,0,0,true,false,2449,TEXT_CONTENT_INTEGRITY_NOT_AUDITED_M2_02,NOT_SELECTED_BY_DETERMINISTIC_DIVERSITY_TIE_BREAK
TS,Energy,false,true,true,true,true,2003-03-14,2023-12-15,1086,1084,T1-B1-S1-I1,PASS_REQUIRED_WINDOWS,0,0,0,true,false,1600,TEXT_CONTENT_INTEGRITY_NOT_AUDITED_M2_02,NOT_SELECTED_BY_DETERMINISTIC_DIVERSITY_TIE_BREAK
TSBK,Financial Services,false,true,true,true,true,2000-03-31,2023-12-15,1240,1238,T1-B1-S1-I1,PASS_REQUIRED_WINDOWS,0,0,0,true,false,1659,TEXT_CONTENT_INTEGRITY_NOT_AUDITED_M2_02,NOT_SELECTED_BY_DETERMINISTIC_DIVERSITY_TIE_BREAK
TSCO,Consumer Cyclical,false,true,true,true,true,2000-03-31,2023-12-15,1240,1238,T1-B1-S1-I1,PASS_REQUIRED_WINDOWS,0,0,0,true,false,758,TEXT_CONTENT_INTEGRITY_NOT_AUDITED_M2_02,NOT_SELECTED_BY_DETERMINISTIC_DIVERSITY_TIE_BREAK
TSE,Basic Materials,false,true,true,true,true,2014-09-12,2023-12-15,486,484,T1-B1-S1-I1,PASS_REQUIRED_WINDOWS,0,0,0,true,false,2102,TEXT_CONTENT_INTEGRITY_NOT_AUDITED_M2_02,NOT_SELECTED_BY_DETERMINISTIC_DIVERSITY_TIE_BREAK
TSEM,Technology,false,true,true,true,true,2000-03-31,2023-12-15,1240,1238,T1-B1-S1-I1,PASS_REQUIRED_WINDOWS,0,0,0,true,false,1761,TEXT_CONTENT_INTEGRITY_NOT_AUDITED_M2_02,NOT_SELECTED_BY_DETERMINISTIC_DIVERSITY_TIE_BREAK
TSI,Financial Services,false,true,false,true,true,2000-03-31,2023-12-15,1240,1238,T1-B0-S1-I1,PASS_REQUIRED_WINDOWS,0,0,0,true,false,1869,TEXT_CONTENT_INTEGRITY_NOT_AUDITED_M2_02;TABLE_MEMBER_MISSING,NOT_SELECTED_BY_DETERMINISTIC_DIVERSITY_TIE_BREAK
TSLA,Consumer Cyclical,false,true,true,true,true,2010-09-24,2023-12-15,693,691,T1-B1-S1-I1,PASS_REQUIRED_WINDOWS,0,0,0,true,false,895,TEXT_CONTENT_INTEGRITY_NOT_AUDITED_M2_02,NOT_SELECTED_BY_DETERMINISTIC_DIVERSITY_TIE_BREAK
TSLX,Financial Services,false,true,true,true,true,2014-06-20,2023-12-15,498,496,T1-B1-S1-I1,PASS_REQUIRED_WINDOWS,0,0,0,true,false,524,TEXT_CONTENT_INTEGRITY_NOT_AUDITED_M2_02,NOT_SELECTED_BY_DETERMINISTIC_DIVERSITY_TIE_BREAK
TSM,Technology,false,true,true,true,true,2000-03-31,2023-12-15,1240,1238,T1-B1-S1-I1,PASS_REQUIRED_WINDOWS,0,0,0,true,false,1883,TEXT_CONTENT_INTEGRITY_NOT_AUDITED_M2_02,NOT_SELECTED_BY_DETERMINISTIC_DIVERSITY_TIE_BREAK
TSN,Consumer Defensive,false,true,true,true,true,2000-03-31,2023-12-15,1240,1238,T1-B1-S1-I1,PASS_REQUIRED_WINDOWS,0,0,0,true,false,2974,TEXT_CONTENT_INTEGRITY_NOT_AUDITED_M2_02,NOT_SELECTED_BY_DETERMINISTIC_DIVERSITY_TIE_BREAK
TT,Industrials,false,true,true,true,true,2000-03-31,2023-12-15,1240,1238,T1-B1-S1-I1,PASS_REQUIRED_WINDOWS,0,0,0,true,false,394,TEXT_CONTENT_INTEGRITY_NOT_AUDITED_M2_02,NOT_SELECTED_BY_DETERMINISTIC_DIVERSITY_TIE_BREAK
TTAC,N/A,false,true,false,true,true,,,0,0,T1-B0-S1-I1,INVALID_HEADER,0,0,0,false,false,,TEXT_CONTENT_INTEGRITY_NOT_AUDITED_M2_02;TABLE_MEMBER_MISSING,INCOMPLETE_STRUCTURALLY_VALID_REQUIRED_WINDOWS
TTAI,N/A,false,true,false,true,true,,,0,0,T1-B0-S1-I1,INVALID_HEADER,0,0,0,false,false,,TEXT_CONTENT_INTEGRITY_NOT_AUDITED_M2_02;TABLE_MEMBER_MISSING,INCOMPLETE_STRUCTURALLY_VALID_REQUIRED_WINDOWS
TTC,Industrials,false,true,true,true,true,2000-03-31,2023-12-15,1240,1238,T1-B1-S1-I1,PASS_REQUIRED_WINDOWS,0,0,0,true,false,2006,TEXT_CONTENT_INTEGRITY_NOT_AUDITED_M2_02,NOT_SELECTED_BY_DETERMINISTIC_DIVERSITY_TIE_BREAK
TTEC,Technology,false,true,true,true,true,2000-03-31,2023-12-15,1240,1238,T1-B1-S1-I1,PASS_REQUIRED_WINDOWS,0,0,0,true,false,1785,TEXT_CONTENT_INTEGRITY_NOT_AUDITED_M2_02,NOT_SELECTED_BY_DETERMINISTIC_DIVERSITY_TIE_BREAK
TTEK,Industrials,false,true,true,true,true,2000-03-31,2023-12-15,1240,1238,T1-B1-S1-I1,PASS_REQUIRED_WINDOWS,0,0,0,true,false,1667,TEXT_CONTENT_INTEGRITY_NOT_AUDITED_M2_02,NOT_SELECTED_BY_DETERMINISTIC_DIVERSITY_TIE_BREAK
TTGT,Technology,false,true,true,true,true,2007-08-17,2023-12-15,855,853,T1-B1-S1-I1,PASS_REQUIRED_WINDOWS,0,0,0,true,false,1675,TEXT_CONTENT_INTEGRITY_NOT_AUDITED_M2_02,NOT_SELECTED_BY_DETERMINISTIC_DIVERSITY_TIE_BREAK
TTI,Energy,false,true,true,true,true,2000-03-31,2023-12-15,1240,1238,T1-B1-S1-I1,PASS_REQUIRED_WINDOWS,0,0,0,true,false,133,TEXT_CONTENT_INTEGRITY_NOT_AUDITED_M2_02,NOT_SELECTED_BY_DETERMINISTIC_DIVERSITY_TIE_BREAK
TTMI,Technology,false,true,true,true,true,2000-12-22,2023-12-15,1202,1200,T1-B1-S1-I1,PASS_REQUIRED_WINDOWS,0,0,0,true,false,3,TEXT_CONTENT_INTEGRITY_NOT_AUDITED_M2_02,NOT_SELECTED_BY_DETERMINISTIC_DIVERSITY_TIE_BREAK
TTNP,Healthcare,false,true,true,true,true,2000-03-31,2023-12-15,1240,1238,T1-B1-S1-I1,PASS_REQUIRED_WINDOWS,0,0,0,true,false,1748,TEXT_CONTENT_INTEGRITY_NOT_AUDITED_M2_02,NOT_SELECTED_BY_DETERMINISTIC_DIVERSITY_TIE_BREAK
TTOO,Healthcare,false,true,true,true,true,2014-10-31,2023-12-15,479,477,T1-B1-S1-I1,PASS_REQUIRED_WINDOWS,0,0,0,true,false,736,TEXT_CONTENT_INTEGRITY_NOT_AUDITED_M2_02,NOT_SELECTED_BY_DETERMINISTIC_DIVERSITY_TIE_BREAK
TTT,N/A,false,true,false,true,true,,,0,0,T1-B0-S1-I1,INVALID_HEADER,0,0,0,false,false,,TEXT_CONTENT_INTEGRITY_NOT_AUDITED_M2_02;TABLE_MEMBER_MISSING,INCOMPLETE_STRUCTURALLY_VALID_REQUIRED_WINDOWS
TTWO,Communication Services,false,true,true,true,true,2000-03-31,2023-12-15,1240,1238,T1-B1-S1-I1,PASS_REQUIRED_WINDOWS,0,0,0,true,false,2198,TEXT_CONTENT_INTEGRITY_NOT_AUDITED_M2_02,NOT_SELECTED_BY_DETERMINISTIC_DIVERSITY_TIE_BREAK
TURN,Financial Services,false,true,false,true,true,2000-03-31,2023-12-15,1240,1238,T1-B0-S1-I1,PASS_REQUIRED_WINDOWS,0,0,0,true,false,236,TEXT_CONTENT_INTEGRITY_NOT_AUDITED_M2_02;TABLE_MEMBER_MISSING,NOT_SELECTED_BY_DETERMINISTIC_DIVERSITY_TIE_BREAK
TUSK,Industrials,false,true,true,true,true,2017-01-13,2023-12-15,364,362,T1-B1-S1-I1,PASS_REQUIRED_WINDOWS,0,0,0,true,false,79,TEXT_CONTENT_INTEGRITY_NOT_AUDITED_M2_02,NOT_SELECTED_BY_DETERMINISTIC_DIVERSITY_TIE_BREAK
TV,Communication Services,false,true,true,true,true,2000-03-31,2023-12-15,1240,1238,T1-B1-S1-I1,PASS_REQUIRED_WINDOWS,0,0,0,true,false,940,TEXT_CONTENT_INTEGRITY_NOT_AUDITED_M2_02,NOT_SELECTED_BY_DETERMINISTIC_DIVERSITY_TIE_BREAK
TVC,N/A,false,true,true,true,true,2000-03-31,2023-12-15,1240,1238,T1-B1-S1-I1,PASS_REQUIRED_WINDOWS,0,0,0,true,false,2439,TEXT_CONTENT_INTEGRITY_NOT_AUDITED_M2_02,NOT_SELECTED_BY_DETERMINISTIC_DIVERSITY_TIE_BREAK
TVE,N/A,false,true,true,true,true,2000-03-31,2023-12-15,1240,1238,T1-B1-S1-I1,PASS_REQUIRED_WINDOWS,0,0,0,true,false,2529,TEXT_CONTENT_INTEGRITY_NOT_AUDITED_M2_02,NOT_SELECTED_BY_DETERMINISTIC_DIVERSITY_TIE_BREAK
TW,Financial Services,false,true,true,true,true,2019-07-05,2023-12-15,235,233,T1-B1-S1-I1,PASS_REQUIRED_WINDOWS,0,0,0,true,false,1986,TEXT_CONTENT_INTEGRITY_NOT_AUDITED_M2_02,NOT_SELECTED_BY_DETERMINISTIC_DIVERSITY_TIE_BREAK
TWI,Industrials,false,true,true,true,true,2000-03-31,2023-12-15,1240,1238,T1-B1-S1-I1,PASS_REQUIRED_WINDOWS,0,0,0,true,false,1239,TEXT_CONTENT_INTEGRITY_NOT_AUDITED_M2_02,NOT_SELECTED_BY_DETERMINISTIC_DIVERSITY_TIE_BREAK
TWLO,Technology,false,true,true,true,true,2016-09-23,2023-12-15,380,378,T1-B1-S1-I1,PASS_REQUIRED_WINDOWS,0,0,0,true,false,1418,TEXT_CONTENT_INTEGRITY_NOT_AUDITED_M2_02,NOT_SELECTED_BY_DETERMINISTIC_DIVERSITY_TIE_BREAK
TWN,Financial Services,false,true,false,true,true,2000-03-31,2023-12-15,1240,1238,T1-B0-S1-I1,PASS_REQUIRED_WINDOWS,0,0,0,true,false,2566,TEXT_CONTENT_INTEGRITY_NOT_AUDITED_M2_02;TABLE_MEMBER_MISSING,NOT_SELECTED_BY_DETERMINISTIC_DIVERSITY_TIE_BREAK
TWO,Real Estate,false,true,true,true,true,2010-01-29,2023-12-15,727,725,T1-B1-S1-I1,PASS_REQUIRED_WINDOWS,0,0,0,true,false,2917,TEXT_CONTENT_INTEGRITY_NOT_AUDITED_M2_02,NOT_SELECTED_BY_DETERMINISTIC_DIVERSITY_TIE_BREAK
TWST,Healthcare,false,true,true,true,true,2019-02-01,2023-12-15,257,255,T1-B1-S1-I1,PASS_REQUIRED_WINDOWS,0,0,0,true,false,2481,TEXT_CONTENT_INTEGRITY_NOT_AUDITED_M2_02,NOT_SELECTED_BY_DETERMINISTIC_DIVERSITY_TIE_BREAK
TX,Basic Materials,false,true,true,true,true,2006-04-28,2023-12-15,923,921,T1-B1-S1-I1,PASS_REQUIRED_WINDOWS,0,0,0,true,false,1401,TEXT_CONTENT_INTEGRITY_NOT_AUDITED_M2_02,NOT_SELECTED_BY_DETERMINISTIC_DIVERSITY_TIE_BREAK
TXG,Healthcare,false,true,true,true,true,2019-12-06,2023-12-15,213,211,T1-B1-S1-I1,PASS_REQUIRED_WINDOWS,0,0,0,true,false,1974,TEXT_CONTENT_INTEGRITY_NOT_AUDITED_M2_02,NOT_SELECTED_BY_DETERMINISTIC_DIVERSITY_TIE_BREAK
TXMD,Healthcare,false,true,true,true,true,2007-08-03,2023-12-15,857,855,T1-B1-S1-I1,PASS_REQUIRED_WINDOWS,0,0,0,true,false,2410,TEXT_CONTENT_INTEGRITY_NOT_AUDITED_M2_02,NOT_SELECTED_BY_DETERMINISTIC_DIVERSITY_TIE_BREAK
TXN,Technology,false,true,true,true,true,2000-03-31,2023-12-15,1240,1238,T1-B1-S1-I1,PASS_REQUIRED_WINDOWS,0,0,0,true,false,319,TEXT_CONTENT_INTEGRITY_NOT_AUDITED_M2_02,NOT_SELECTED_BY_DETERMINISTIC_DIVERSITY_TIE_BREAK
TXRH,Consumer Cyclical,false,true,true,true,true,2004-12-31,2023-12-15,992,990,T1-B1-S1-I1,PASS_REQUIRED_WINDOWS,0,0,0,true,false,1238,TEXT_CONTENT_INTEGRITY_NOT_AUDITED_M2_02,NOT_SELECTED_BY_DETERMINISTIC_DIVERSITY_TIE_BREAK
TY,Financial Services,false,true,false,true,true,2000-03-31,2023-12-15,1240,1238,T1-B0-S1-I1,PASS_REQUIRED_WINDOWS,0,0,0,true,false,1915,TEXT_CONTENT_INTEGRITY_NOT_AUDITED_M2_02;TABLE_MEMBER_MISSING,NOT_SELECTED_BY_DETERMINISTIC_DIVERSITY_TIE_BREAK
TYD,N/A,false,true,false,true,true,,,0,0,T1-B0-S1-I1,INVALID_HEADER,0,0,0,false,false,,TEXT_CONTENT_INTEGRITY_NOT_AUDITED_M2_02;TABLE_MEMBER_MISSING,INCOMPLETE_STRUCTURALLY_VALID_REQUIRED_WINDOWS
TYG,Financial Services,false,true,false,true,true,2004-05-21,2023-12-15,1024,1022,T1-B0-S1-I1,PASS_REQUIRED_WINDOWS,0,0,0,true,false,285,TEXT_CONTENT_INTEGRITY_NOT_AUDITED_M2_02;TABLE_MEMBER_MISSING,NOT_SELECTED_BY_DETERMINISTIC_DIVERSITY_TIE_BREAK
TYL,Technology,false,true,true,true,true,2000-03-31,2023-12-15,1240,1238,T1-B1-S1-I1,PASS_REQUIRED_WINDOWS,0,0,0,true,false,1115,TEXT_CONTENT_INTEGRITY_NOT_AUDITED_M2_02,NOT_SELECTED_BY_DETERMINISTIC_DIVERSITY_TIE_BREAK
TYO,N/A,false,true,false,true,true,,,0,0,T1-B0-S1-I1,INVALID_HEADER,0,0,0,false,false,,TEXT_CONTENT_INTEGRITY_NOT_AUDITED_M2_02;TABLE_MEMBER_MISSING,INCOMPLETE_STRUCTURALLY_VALID_REQUIRED_WINDOWS
TZA,N/A,false,true,false,true,true,,,0,0,T1-B0-S1-I1,INVALID_HEADER,0,0,0,false,false,,TEXT_CONTENT_INTEGRITY_NOT_AUDITED_M2_02;TABLE_MEMBER_MISSING,INCOMPLETE_STRUCTURALLY_VALID_REQUIRED_WINDOWS
TZOO,Communication Services,false,true,true,true,true,2002-11-22,2023-12-15,1102,1100,T1-B1-S1-I1,PASS_REQUIRED_WINDOWS,0,0,0,true,false,2968,TEXT_CONTENT_INTEGRITY_NOT_AUDITED_M2_02,NOT_SELECTED_BY_DETERMINISTIC_DIVERSITY_TIE_BREAK
UAN,Basic Materials,false,true,true,true,true,2011-07-08,2023-12-15,652,650,T1-B1-S1-I1,PASS_REQUIRED_WINDOWS,0,0,0,true,false,2305,TEXT_CONTENT_INTEGRITY_NOT_AUDITED_M2_02,NOT_SELECTED_BY_DETERMINISTIC_DIVERSITY_TIE_BREAK
UAPR,N/A,false,true,false,true,true,,,0,0,T1-B0-S1-I1,INVALID_HEADER,0,0,0,false,false,,TEXT_CONTENT_INTEGRITY_NOT_AUDITED_M2_02;TABLE_MEMBER_MISSING,INCOMPLETE_STRUCTURALLY_VALID_REQUIRED_WINDOWS
UAUG,N/A,false,true,false,true,true,,,0,0,T1-B0-S1-I1,INVALID_HEADER,0,0,0,false,false,,TEXT_CONTENT_INTEGRITY_NOT_AUDITED_M2_02;TABLE_MEMBER_MISSING,INCOMPLETE_STRUCTURALLY_VALID_REQUIRED_WINDOWS
UAVS,Technology,false,true,true,true,true,2007-08-17,2023-12-15,855,853,T1-B1-S1-I1,PASS_REQUIRED_WINDOWS,0,0,0,true,false,295,TEXT_CONTENT_INTEGRITY_NOT_AUDITED_M2_02,NOT_SELECTED_BY_DETERMINISTIC_DIVERSITY_TIE_BREAK
UBCP,Financial Services,false,true,true,true,true,2000-03-31,2023-12-15,1240,1238,T1-B1-S1-I1,PASS_REQUIRED_WINDOWS,0,0,0,true,false,1829,TEXT_CONTENT_INTEGRITY_NOT_AUDITED_M2_02,NOT_SELECTED_BY_DETERMINISTIC_DIVERSITY_TIE_BREAK
UBER,Technology,false,true,true,true,true,2019-08-09,2023-12-15,230,228,T1-B1-S1-I1,PASS_REQUIRED_WINDOWS,0,0,0,true,false,2535,TEXT_CONTENT_INTEGRITY_NOT_AUDITED_M2_02,NOT_SELECTED_BY_DETERMINISTIC_DIVERSITY_TIE_BREAK
UBOH,Financial Services,false,true,true,true,true,,,0,0,T1-B1-S1-I1,INCOMPLETE_REQUIRED_WINDOWS,0,0,0,false,false,,TEXT_CONTENT_INTEGRITY_NOT_AUDITED_M2_02,INCOMPLETE_STRUCTURALLY_VALID_REQUIRED_WINDOWS
UBS,Financial Services,false,true,true,true,true,2000-08-11,2023-12-15,1221,1219,T1-B1-S1-I1,PASS_REQUIRED_WINDOWS,0,0,0,true,false,2811,TEXT_CONTENT_INTEGRITY_NOT_AUDITED_M2_02,NOT_SELECTED_BY_DETERMINISTIC_DIVERSITY_TIE_BREAK
UBSI,Financial Services,false,true,true,true,true,2000-03-31,2023-12-15,1240,1238,T1-B1-S1-I1,PASS_REQUIRED_WINDOWS,0,0,0,true,false,2926,TEXT_CONTENT_INTEGRITY_NOT_AUDITED_M2_02,NOT_SELECTED_BY_DETERMINISTIC_DIVERSITY_TIE_BREAK
UBT,N/A,false,true,false,true,true,,,0,0,T1-B0-S1-I1,INVALID_HEADER,0,0,0,false,false,,TEXT_CONTENT_INTEGRITY_NOT_AUDITED_M2_02;TABLE_MEMBER_MISSING,INCOMPLETE_STRUCTURALLY_VALID_REQUIRED_WINDOWS
UBX,Healthcare,false,true,true,true,true,2018-08-03,2023-12-15,283,281,T1-B1-S1-I1,PASS_REQUIRED_WINDOWS,0,0,0,true,false,1867,TEXT_CONTENT_INTEGRITY_NOT_AUDITED_M2_02,NOT_SELECTED_BY_DETERMINISTIC_DIVERSITY_TIE_BREAK
UCC,N/A,false,true,false,true,true,,,0,0,T1-B0-S1-I1,INVALID_HEADER,0,0,0,false,false,,TEXT_CONTENT_INTEGRITY_NOT_AUDITED_M2_02;TABLE_MEMBER_MISSING,INCOMPLETE_STRUCTURALLY_VALID_REQUIRED_WINDOWS
UCIB,N/A,false,true,true,true,true,,,0,0,T1-B1-S1-I1,INVALID_HEADER,0,0,0,false,false,,TEXT_CONTENT_INTEGRITY_NOT_AUDITED_M2_02,INCOMPLETE_STRUCTURALLY_VALID_REQUIRED_WINDOWS
UCO,N/A,false,true,true,true,true,,,0,0,T1-B1-S1-I1,INVALID_HEADER,0,0,0,false,false,,TEXT_CONTENT_INTEGRITY_NOT_AUDITED_M2_02,INCOMPLETE_STRUCTURALLY_VALID_REQUIRED_WINDOWS
UCTT,Technology,false,true,true,true,true,2004-06-25,2023-12-15,1019,1017,T1-B1-S1-I1,PASS_REQUIRED_WINDOWS,0,0,0,true,false,589,TEXT_CONTENT_INTEGRITY_NOT_AUDITED_M2_02,NOT_SELECTED_BY_DETERMINISTIC_DIVERSITY_TIE_BREAK
UDEC,N/A,false,true,false,true,true,,,0,0,T1-B0-S1-I1,INVALID_HEADER,0,0,0,false,false,,TEXT_CONTENT_INTEGRITY_NOT_AUDITED_M2_02;TABLE_MEMBER_MISSING,INCOMPLETE_STRUCTURALLY_VALID_REQUIRED_WINDOWS
UDN,N/A,false,true,true,true,true,,,0,0,T1-B1-S1-I1,INVALID_HEADER,0,0,0,false,false,,TEXT_CONTENT_INTEGRITY_NOT_AUDITED_M2_02,INCOMPLETE_STRUCTURALLY_VALID_REQUIRED_WINDOWS
UDOW,N/A,false,true,false,true,true,,,0,0,T1-B0-S1-I1,INVALID_HEADER,0,0,0,false,false,,TEXT_CONTENT_INTEGRITY_NOT_AUDITED_M2_02;TABLE_MEMBER_MISSING,INCOMPLETE_STRUCTURALLY_VALID_REQUIRED_WINDOWS
UE,Real Estate,false,true,true,true,true,2015-04-17,2023-12-15,455,453,T1-B1-S1-I1,PASS_REQUIRED_WINDOWS,0,0,0,true,false,1009,TEXT_CONTENT_INTEGRITY_NOT_AUDITED_M2_02,NOT_SELECTED_BY_DETERMINISTIC_DIVERSITY_TIE_BREAK
UEC,Energy,false,true,true,true,true,2007-07-06,2023-12-15,861,859,T1-B1-S1-I1,PASS_REQUIRED_WINDOWS,0,0,0,true,false,2320,TEXT_CONTENT_INTEGRITY_NOT_AUDITED_M2_02,NOT_SELECTED_BY_DETERMINISTIC_DIVERSITY_TIE_BREAK
UEIC,Technology,false,true,true,true,true,2000-03-31,2023-12-15,1240,1238,T1-B1-S1-I1,PASS_REQUIRED_WINDOWS,0,0,0,true,false,1346,TEXT_CONTENT_INTEGRITY_NOT_AUDITED_M2_02,NOT_SELECTED_BY_DETERMINISTIC_DIVERSITY_TIE_BREAK
UEVM,N/A,false,true,false,true,true,,,0,0,T1-B0-S1-I1,INVALID_HEADER,0,0,0,false,false,,TEXT_CONTENT_INTEGRITY_NOT_AUDITED_M2_02;TABLE_MEMBER_MISSING,INCOMPLETE_STRUCTURALLY_VALID_REQUIRED_WINDOWS
UFCS,Financial Services,false,true,true,true,true,2000-03-31,2023-12-15,1240,1238,T1-B1-S1-I1,PASS_REQUIRED_WINDOWS,0,0,0,true,false,2555,TEXT_CONTENT_INTEGRITY_NOT_AUDITED_M2_02,NOT_SELECTED_BY_DETERMINISTIC_DIVERSITY_TIE_BREAK
UFEB,N/A,false,true,false,true,true,,,0,0,T1-B0-S1-I1,INVALID_HEADER,0,0,0,false,false,,TEXT_CONTENT_INTEGRITY_NOT_AUDITED_M2_02;TABLE_MEMBER_MISSING,INCOMPLETE_STRUCTURALLY_VALID_REQUIRED_WINDOWS
UFPI,Basic Materials,false,true,true,true,true,2000-03-31,2023-12-15,1240,1238,T1-B1-S1-I1,PASS_REQUIRED_WINDOWS,0,0,0,true,false,1546,TEXT_CONTENT_INTEGRITY_NOT_AUDITED_M2_02,NOT_SELECTED_BY_DETERMINISTIC_DIVERSITY_TIE_BREAK
UFPT,Healthcare,false,true,true,true,true,2000-03-31,2023-12-15,1240,1238,T1-B1-S1-I1,PASS_REQUIRED_WINDOWS,0,0,0,true,false,2953,TEXT_CONTENT_INTEGRITY_NOT_AUDITED_M2_02,NOT_SELECTED_BY_DETERMINISTIC_DIVERSITY_TIE_BREAK
UG,Consumer Defensive,false,true,true,true,true,2000-03-31,2023-12-15,1240,1238,T1-B1-S1-I1,PASS_REQUIRED_WINDOWS,0,0,0,true,false,2450,TEXT_CONTENT_INTEGRITY_NOT_AUDITED_M2_02,NOT_SELECTED_BY_DETERMINISTIC_DIVERSITY_TIE_BREAK
UGA,N/A,false,true,true,true,true,,,0,0,T1-B1-S1-I1,INVALID_HEADER,0,0,0,false,false,,TEXT_CONTENT_INTEGRITY_NOT_AUDITED_M2_02,INCOMPLETE_STRUCTURALLY_VALID_REQUIRED_WINDOWS
UGE,N/A,false,true,false,true,true,,,0,0,T1-B0-S1-I1,INVALID_HEADER,0,0,0,false,false,,TEXT_CONTENT_INTEGRITY_NOT_AUDITED_M2_02;TABLE_MEMBER_MISSING,INCOMPLETE_STRUCTURALLY_VALID_REQUIRED_WINDOWS
UGI,Utilities,false,true,true,true,true,2000-03-31,2023-12-15,1240,1238,T1-B1-S1-I1,PASS_REQUIRED_WINDOWS,0,0,0,true,false,1083,TEXT_CONTENT_INTEGRITY_NOT_AUDITED_M2_02,NOT_SELECTED_BY_DETERMINISTIC_DIVERSITY_TIE_BREAK
UGL,N/A,false,true,true,true,true,,,0,0,T1-B1-S1-I1,INVALID_HEADER,0,0,0,false,false,,TEXT_CONTENT_INTEGRITY_NOT_AUDITED_M2_02,INCOMPLETE_STRUCTURALLY_VALID_REQUIRED_WINDOWS
UGP,Energy,false,true,true,true,true,2000-03-31,2023-12-15,1240,1238,T1-B1-S1-I1,PASS_REQUIRED_WINDOWS,0,0,0,true,false,1868,TEXT_CONTENT_INTEGRITY_NOT_AUDITED_M2_02,NOT_SELECTED_BY_DETERMINISTIC_DIVERSITY_TIE_BREAK
UHAL,Industrials,false,true,true,true,true,2000-03-31,2023-12-15,1240,1238,T1-B1-S1-I1,PASS_REQUIRED_WINDOWS,0,0,0,true,false,2886,TEXT_CONTENT_INTEGRITY_NOT_AUDITED_M2_02,NOT_SELECTED_BY_DETERMINISTIC_DIVERSITY_TIE_BREAK
UHS,Healthcare,false,true,true,true,true,2000-03-31,2023-12-15,1240,1238,T1-B1-S1-I1,PASS_REQUIRED_WINDOWS,0,0,0,true,false,418,TEXT_CONTENT_INTEGRITY_NOT_AUDITED_M2_02,NOT_SELECTED_BY_DETERMINISTIC_DIVERSITY_TIE_BREAK
UI,Technology,false,true,true,true,true,2012-01-13,2023-12-15,625,623,T1-B1-S1-I1,PASS_REQUIRED_WINDOWS,0,0,0,true,false,1107,TEXT_CONTENT_INTEGRITY_NOT_AUDITED_M2_02,NOT_SELECTED_BY_DETERMINISTIC_DIVERSITY_TIE_BREAK
UIS,Technology,false,true,true,true,true,2000-03-31,2023-12-15,1240,1238,T1-B1-S1-I1,PASS_REQUIRED_WINDOWS,0,0,0,true,false,962,TEXT_CONTENT_INTEGRITY_NOT_AUDITED_M2_02,NOT_SELECTED_BY_DETERMINISTIC_DIVERSITY_TIE_BREAK
UIVM,N/A,false,true,false,true,true,,,0,0,T1-B0-S1-I1,INVALID_HEADER,0,0,0,false,false,,TEXT_CONTENT_INTEGRITY_NOT_AUDITED_M2_02;TABLE_MEMBER_MISSING,INCOMPLETE_STRUCTURALLY_VALID_REQUIRED_WINDOWS
UJAN,N/A,false,true,false,true,true,,,0,0,T1-B0-S1-I1,INVALID_HEADER,0,0,0,false,false,,TEXT_CONTENT_INTEGRITY_NOT_AUDITED_M2_02;TABLE_MEMBER_MISSING,INCOMPLETE_STRUCTURALLY_VALID_REQUIRED_WINDOWS
UJB,N/A,false,true,false,true,true,,,0,0,T1-B0-S1-I1,INVALID_HEADER,0,0,0,false,false,,TEXT_CONTENT_INTEGRITY_NOT_AUDITED_M2_02;TABLE_MEMBER_MISSING,INCOMPLETE_STRUCTURALLY_VALID_REQUIRED_WINDOWS
UJUL,N/A,false,true,false,true,true,,,0,0,T1-B0-S1-I1,INVALID_HEADER,0,0,0,false,false,,TEXT_CONTENT_INTEGRITY_NOT_AUDITED_M2_02;TABLE_MEMBER_MISSING,INCOMPLETE_STRUCTURALLY_VALID_REQUIRED_WINDOWS
UJUN,N/A,false,true,false,true,true,,,0,0,T1-B0-S1-I1,INVALID_HEADER,0,0,0,false,false,,TEXT_CONTENT_INTEGRITY_NOT_AUDITED_M2_02;TABLE_MEMBER_MISSING,INCOMPLETE_STRUCTURALLY_VALID_REQUIRED_WINDOWS
UL,Consumer Defensive,false,true,true,true,true,2000-03-31,2023-12-15,1240,1238,T1-B1-S1-I1,PASS_REQUIRED_WINDOWS,0,0,0,true,false,934,TEXT_CONTENT_INTEGRITY_NOT_AUDITED_M2_02,NOT_SELECTED_BY_DETERMINISTIC_DIVERSITY_TIE_BREAK
ULE,N/A,false,true,true,true,true,,,0,0,T1-B1-S1-I1,INVALID_HEADER,0,0,0,false,false,,TEXT_CONTENT_INTEGRITY_NOT_AUDITED_M2_02,INCOMPLETE_STRUCTURALLY_VALID_REQUIRED_WINDOWS
ULH,Industrials,false,true,true,true,true,2005-05-13,2023-12-15,973,971,T1-B1-S1-I1,PASS_REQUIRED_WINDOWS,0,0,0,true,false,2265,TEXT_CONTENT_INTEGRITY_NOT_AUDITED_M2_02,NOT_SELECTED_BY_DETERMINISTIC_DIVERSITY_TIE_BREAK
ULST,N/A,false,true,false,true,true,,,0,0,T1-B0-S1-I1,INVALID_HEADER,0,0,0,false,false,,TEXT_CONTENT_INTEGRITY_NOT_AUDITED_M2_02;TABLE_MEMBER_MISSING,INCOMPLETE_STRUCTURALLY_VALID_REQUIRED_WINDOWS
ULTA,Consumer Cyclical,false,true,true,true,true,2008-01-25,2023-12-15,832,830,T1-B1-S1-I1,PASS_REQUIRED_WINDOWS,0,0,0,true,false,1005,TEXT_CONTENT_INTEGRITY_NOT_AUDITED_M2_02,NOT_SELECTED_BY_DETERMINISTIC_DIVERSITY_TIE_BREAK
ULTR,N/A,false,true,false,true,true,,,0,0,T1-B0-S1-I1,INVALID_HEADER,0,0,0,false,false,,TEXT_CONTENT_INTEGRITY_NOT_AUDITED_M2_02;TABLE_MEMBER_MISSING,INCOMPLETE_STRUCTURALLY_VALID_REQUIRED_WINDOWS
UMAY,N/A,false,true,false,true,true,,,0,0,T1-B0-S1-I1,INVALID_HEADER,0,0,0,false,false,,TEXT_CONTENT_INTEGRITY_NOT_AUDITED_M2_02;TABLE_MEMBER_MISSING,INCOMPLETE_STRUCTURALLY_VALID_REQUIRED_WINDOWS
UMBF,Financial Services,false,true,true,true,true,2000-03-31,2023-12-15,1240,1238,T1-B1-S1-I1,PASS_REQUIRED_WINDOWS,0,0,0,true,false,2713,TEXT_CONTENT_INTEGRITY_NOT_AUDITED_M2_02,NOT_SELECTED_BY_DETERMINISTIC_DIVERSITY_TIE_BREAK
UMC,Technology,false,true,true,true,true,2000-12-15,2023-12-15,1203,1201,T1-B1-S1-I1,PASS_REQUIRED_WINDOWS,0,0,0,true,false,798,TEXT_CONTENT_INTEGRITY_NOT_AUDITED_M2_02,NOT_SELECTED_BY_DETERMINISTIC_DIVERSITY_TIE_BREAK
UMDD,N/A,false,true,false,true,true,,,0,0,T1-B0-S1-I1,INVALID_HEADER,0,0,0,false,false,,TEXT_CONTENT_INTEGRITY_NOT_AUDITED_M2_02;TABLE_MEMBER_MISSING,INCOMPLETE_STRUCTURALLY_VALID_REQUIRED_WINDOWS
UMH,Real Estate,false,true,true,true,true,2000-03-31,2023-12-15,1240,1238,T1-B1-S1-I1,PASS_REQUIRED_WINDOWS,0,0,0,true,false,1090,TEXT_CONTENT_INTEGRITY_NOT_AUDITED_M2_02,NOT_SELECTED_BY_DETERMINISTIC_DIVERSITY_TIE_BREAK
UNB,Financial Services,false,true,true,true,true,2000-03-31,2023-12-15,1240,1238,T1-B1-S1-I1,PASS_REQUIRED_WINDOWS,0,0,0,true,false,299,TEXT_CONTENT_INTEGRITY_NOT_AUDITED_M2_02,NOT_SELECTED_BY_DETERMINISTIC_DIVERSITY_TIE_BREAK
UNF,Industrials,false,true,true,true,true,2000-03-31,2023-12-15,1240,1238,T1-B1-S1-I1,PASS_REQUIRED_WINDOWS,0,0,0,true,false,705,TEXT_CONTENT_INTEGRITY_NOT_AUDITED_M2_02,NOT_SELECTED_BY_DETERMINISTIC_DIVERSITY_TIE_BREAK
UNFI,Consumer Defensive,false,true,true,true,true,2000-03-31,2023-12-15,1240,1238,T1-B1-S1-I1,PASS_REQUIRED_WINDOWS,0,0,0,true,false,2573,TEXT_CONTENT_INTEGRITY_NOT_AUDITED_M2_02,NOT_SELECTED_BY_DETERMINISTIC_DIVERSITY_TIE_BREAK
UNG,N/A,false,true,true,true,true,,,0,0,T1-B1-S1-I1,INVALID_HEADER,0,0,0,false,false,,TEXT_CONTENT_INTEGRITY_NOT_AUDITED_M2_02,INCOMPLETE_STRUCTURALLY_VALID_REQUIRED_WINDOWS
UNIT,Real Estate,false,true,true,true,true,2015-07-17,2023-12-15,442,440,T1-B1-S1-I1,PASS_REQUIRED_WINDOWS,0,0,0,true,false,2348,TEXT_CONTENT_INTEGRITY_NOT_AUDITED_M2_02,NOT_SELECTED_BY_DETERMINISTIC_DIVERSITY_TIE_BREAK
UNM,Financial Services,false,true,true,true,true,2000-03-31,2023-12-15,1240,1238,T1-B1-S1-I1,PASS_REQUIRED_WINDOWS,0,0,0,true,false,144,TEXT_CONTENT_INTEGRITY_NOT_AUDITED_M2_02,NOT_SELECTED_BY_DETERMINISTIC_DIVERSITY_TIE_BREAK
UNMA,N/A,false,true,true,true,true,2018-09-14,2023-12-15,277,275,T1-B1-S1-I1,PASS_REQUIRED_WINDOWS,0,0,0,true,false,2165,TEXT_CONTENT_INTEGRITY_NOT_AUDITED_M2_02,NOT_SELECTED_BY_DETERMINISTIC_DIVERSITY_TIE_BREAK
UNOV,N/A,false,true,true,true,true,,,0,0,T1-B1-S1-I1,INVALID_HEADER,0,0,0,false,false,,TEXT_CONTENT_INTEGRITY_NOT_AUDITED_M2_02,INCOMPLETE_STRUCTURALLY_VALID_REQUIRED_WINDOWS
UNP,Industrials,false,true,true,true,true,2000-03-31,2023-12-15,1240,1238,T1-B1-S1-I1,PASS_REQUIRED_WINDOWS,0,0,0,true,false,2432,TEXT_CONTENT_INTEGRITY_NOT_AUDITED_M2_02,NOT_SELECTED_BY_DETERMINISTIC_DIVERSITY_TIE_BREAK
UNTY,Financial Services,false,true,true,true,true,2000-03-31,2023-12-15,1240,1238,T1-B1-S1-I1,PASS_REQUIRED_WINDOWS,0,0,0,true,false,2370,TEXT_CONTENT_INTEGRITY_NOT_AUDITED_M2_02,NOT_SELECTED_BY_DETERMINISTIC_DIVERSITY_TIE_BREAK
UOCT,N/A,false,true,false,true,true,,,0,0,T1-B0-S1-I1,INVALID_HEADER,0,0,0,false,false,,TEXT_CONTENT_INTEGRITY_NOT_AUDITED_M2_02;TABLE_MEMBER_MISSING,INCOMPLETE_STRUCTURALLY_VALID_REQUIRED_WINDOWS
UONEK,Communication Services,false,true,true,true,true,2000-09-01,2023-12-15,1218,1216,T1-B1-S1-I1,PASS_REQUIRED_WINDOWS,0,0,0,true,false,891,TEXT_CONTENT_INTEGRITY_NOT_AUDITED_M2_02,NOT_SELECTED_BY_DETERMINISTIC_DIVERSITY_TIE_BREAK
UPRO,N/A,false,true,false,true,true,,,0,0,T1-B0-S1-I1,INVALID_HEADER,0,0,0,false,false,,TEXT_CONTENT_INTEGRITY_NOT_AUDITED_M2_02;TABLE_MEMBER_MISSING,INCOMPLETE_STRUCTURALLY_VALID_REQUIRED_WINDOWS
UPS,Industrials,false,true,true,true,true,2000-03-31,2023-12-15,1240,1238,T1-B1-S1-I1,PASS_REQUIRED_WINDOWS,0,0,0,true,false,2975,TEXT_CONTENT_INTEGRITY_NOT_AUDITED_M2_02,NOT_SELECTED_BY_DETERMINISTIC_DIVERSITY_TIE_BREAK
UPV,N/A,false,true,false,true,true,,,0,0,T1-B0-S1-I1,INVALID_HEADER,0,0,0,false,false,,TEXT_CONTENT_INTEGRITY_NOT_AUDITED_M2_02;TABLE_MEMBER_MISSING,INCOMPLETE_STRUCTURALLY_VALID_REQUIRED_WINDOWS
UPW,N/A,false,true,false,true,true,,,0,0,T1-B0-S1-I1,INVALID_HEADER,0,0,0,false,false,,TEXT_CONTENT_INTEGRITY_NOT_AUDITED_M2_02;TABLE_MEMBER_MISSING,INCOMPLETE_STRUCTURALLY_VALID_REQUIRED_WINDOWS
UPWK,Communication Services,false,true,true,true,true,2019-01-04,2023-12-15,261,259,T1-B1-S1-I1,PASS_REQUIRED_WINDOWS,0,0,0,true,false,2809,TEXT_CONTENT_INTEGRITY_NOT_AUDITED_M2_02,NOT_SELECTED_BY_DETERMINISTIC_DIVERSITY_TIE_BREAK
URA,N/A,false,true,false,true,true,,,0,0,T1-B0-S1-I1,INVALID_HEADER,0,0,0,false,false,,TEXT_CONTENT_INTEGRITY_NOT_AUDITED_M2_02;TABLE_MEMBER_MISSING,INCOMPLETE_STRUCTURALLY_VALID_REQUIRED_WINDOWS
URBN,Consumer Cyclical,false,true,true,true,true,2000-03-31,2023-12-15,1240,1238,T1-B1-S1-I1,PASS_REQUIRED_WINDOWS,0,0,0,true,false,2751,TEXT_CONTENT_INTEGRITY_NOT_AUDITED_M2_02,NOT_SELECTED_BY_DETERMINISTIC_DIVERSITY_TIE_BREAK
URG,Energy,false,true,true,true,true,2008-10-24,2023-12-15,793,791,T1-B1-S1-I1,PASS_REQUIRED_WINDOWS,0,0,0,true,false,1803,TEXT_CONTENT_INTEGRITY_NOT_AUDITED_M2_02,NOT_SELECTED_BY_DETERMINISTIC_DIVERSITY_TIE_BREAK
URI,Industrials,false,true,true,true,true,2000-03-31,2023-12-15,1240,1238,T1-B1-S1-I1,PASS_REQUIRED_WINDOWS,0,0,0,true,false,1558,TEXT_CONTENT_INTEGRITY_NOT_AUDITED_M2_02,NOT_SELECTED_BY_DETERMINISTIC_DIVERSITY_TIE_BREAK
URTH,N/A,false,true,false,true,true,,,0,0,T1-B0-S1-I1,INVALID_HEADER,0,0,0,false,false,,TEXT_CONTENT_INTEGRITY_NOT_AUDITED_M2_02;TABLE_MEMBER_MISSING,INCOMPLETE_STRUCTURALLY_VALID_REQUIRED_WINDOWS
URTY,N/A,false,true,false,true,true,,,0,0,T1-B0-S1-I1,INVALID_HEADER,0,0,0,false,false,,TEXT_CONTENT_INTEGRITY_NOT_AUDITED_M2_02;TABLE_MEMBER_MISSING,INCOMPLETE_STRUCTURALLY_VALID_REQUIRED_WINDOWS
USA,Financial Services,false,true,false,true,true,2000-03-31,2023-12-15,1240,1238,T1-B0-S1-I1,PASS_REQUIRED_WINDOWS,0,0,0,true,false,2247,TEXT_CONTENT_INTEGRITY_NOT_AUDITED_M2_02;TABLE_MEMBER_MISSING,NOT_SELECTED_BY_DETERMINISTIC_DIVERSITY_TIE_BREAK
USAC,Energy,false,true,true,true,true,2013-04-12,2023-12-15,560,558,T1-B1-S1-I1,PASS_REQUIRED_WINDOWS,0,0,0,true,false,2158,TEXT_CONTENT_INTEGRITY_NOT_AUDITED_M2_02,NOT_SELECTED_BY_DETERMINISTIC_DIVERSITY_TIE_BREAK
USAS,Basic Materials,false,true,true,true,true,2009-01-23,2023-12-15,780,778,T1-B1-S1-I1,PASS_REQUIRED_WINDOWS,1073,0,0,true,false,185,TEXT_CONTENT_INTEGRITY_NOT_AUDITED_M2_02,NOT_SELECTED_BY_DETERMINISTIC_DIVERSITY_TIE_BREAK
USB,Financial Services,false,true,true,true,true,2000-03-31,2023-12-15,1240,1238,T1-B1-S1-I1,PASS_REQUIRED_WINDOWS,0,0,0,true,false,2819,TEXT_CONTENT_INTEGRITY_NOT_AUDITED_M2_02,NOT_SELECTED_BY_DETERMINISTIC_DIVERSITY_TIE_BREAK
USCI,N/A,false,true,true,true,true,,,0,0,T1-B1-S1-I1,INVALID_HEADER,0,0,0,false,false,,TEXT_CONTENT_INTEGRITY_NOT_AUDITED_M2_02,INCOMPLETE_STRUCTURALLY_VALID_REQUIRED_WINDOWS
USD,N/A,false,true,false,true,true,,,0,0,T1-B0-S1-I1,INVALID_HEADER,0,0,0,false,false,,TEXT_CONTENT_INTEGRITY_NOT_AUDITED_M2_02;TABLE_MEMBER_MISSING,INCOMPLETE_STRUCTURALLY_VALID_REQUIRED_WINDOWS
USDP,Industrials,false,false,true,true,true,2015-01-09,2023-12-15,469,467,T0-B1-S1-I1,PASS_REQUIRED_WINDOWS,0,0,0,true,false,1519,TEXT_CONTENT_INTEGRITY_NOT_AUDITED_M2_02;TEXT_MEMBER_MISSING,NOT_SELECTED_BY_DETERMINISTIC_DIVERSITY_TIE_BREAK
USDU,N/A,false,true,false,true,true,,,0,0,T1-B0-S1-I1,INVALID_HEADER,0,0,0,false,false,,TEXT_CONTENT_INTEGRITY_NOT_AUDITED_M2_02;TABLE_MEMBER_MISSING,INCOMPLETE_STRUCTURALLY_VALID_REQUIRED_WINDOWS
USEG,Energy,false,true,true,true,true,2000-03-31,2023-12-15,1240,1238,T1-B1-S1-I1,PASS_REQUIRED_WINDOWS,0,0,0,true,false,2543,TEXT_CONTENT_INTEGRITY_NOT_AUDITED_M2_02,NOT_SELECTED_BY_DETERMINISTIC_DIVERSITY_TIE_BREAK
USFD,Consumer Defensive,false,true,true,true,true,2016-08-26,2023-12-15,384,382,T1-B1-S1-I1,PASS_REQUIRED_WINDOWS,0,0,0,true,false,36,TEXT_CONTENT_INTEGRITY_NOT_AUDITED_M2_02,NOT_SELECTED_BY_DETERMINISTIC_DIVERSITY_TIE_BREAK
USFR,N/A,false,true,false,true,true,,,0,0,T1-B0-S1-I1,INVALID_HEADER,0,0,0,false,false,,TEXT_CONTENT_INTEGRITY_NOT_AUDITED_M2_02;TABLE_MEMBER_MISSING,INCOMPLETE_STRUCTURALLY_VALID_REQUIRED_WINDOWS
USHY,N/A,false,true,false,true,true,,,0,0,T1-B0-S1-I1,INVALID_HEADER,0,0,0,false,false,,TEXT_CONTENT_INTEGRITY_NOT_AUDITED_M2_02;TABLE_MEMBER_MISSING,INCOMPLETE_STRUCTURALLY_VALID_REQUIRED_WINDOWS
USIG,N/A,false,true,false,true,true,,,0,0,T1-B0-S1-I1,INVALID_HEADER,0,0,0,false,false,,TEXT_CONTENT_INTEGRITY_NOT_AUDITED_M2_02;TABLE_MEMBER_MISSING,INCOMPLETE_STRUCTURALLY_VALID_REQUIRED_WINDOWS
USL,N/A,false,true,true,true,true,,,0,0,T1-B1-S1-I1,INVALID_HEADER,0,0,0,false,false,,TEXT_CONTENT_INTEGRITY_NOT_AUDITED_M2_02,INCOMPLETE_STRUCTURALLY_VALID_REQUIRED_WINDOWS
USLM,Basic Materials,false,true,true,true,true,2000-03-31,2023-12-15,1240,1238,T1-B1-S1-I1,PASS_REQUIRED_WINDOWS,0,0,0,true,false,551,TEXT_CONTENT_INTEGRITY_NOT_AUDITED_M2_02,NOT_SELECTED_BY_DETERMINISTIC_DIVERSITY_TIE_BREAK
USM,Communication Services,false,true,true,true,true,2000-03-31,2023-12-15,1240,1238,T1-B1-S1-I1,PASS_REQUIRED_WINDOWS,0,0,0,true,false,839,TEXT_CONTENT_INTEGRITY_NOT_AUDITED_M2_02,NOT_SELECTED_BY_DETERMINISTIC_DIVERSITY_TIE_BREAK
USMC,N/A,false,true,false,true,true,,,0,0,T1-B0-S1-I1,INVALID_HEADER,0,0,0,false,false,,TEXT_CONTENT_INTEGRITY_NOT_AUDITED_M2_02;TABLE_MEMBER_MISSING,INCOMPLETE_STRUCTURALLY_VALID_REQUIRED_WINDOWS
USMF,N/A,false,true,false,true,true,,,0,0,T1-B0-S1-I1,INVALID_HEADER,0,0,0,false,false,,TEXT_CONTENT_INTEGRITY_NOT_AUDITED_M2_02;TABLE_MEMBER_MISSING,INCOMPLETE_STRUCTURALLY_VALID_REQUIRED_WINDOWS
USMV,N/A,false,true,false,true,true,,,0,0,T1-B0-S1-I1,INVALID_HEADER,0,0,0,false,false,,TEXT_CONTENT_INTEGRITY_NOT_AUDITED_M2_02;TABLE_MEMBER_MISSING,INCOMPLETE_STRUCTURALLY_VALID_REQUIRED_WINDOWS
USNA,Consumer Defensive,false,true,true,true,true,2000-03-31,2023-12-15,1240,1238,T1-B1-S1-I1,PASS_REQUIRED_WINDOWS,0,0,0,true,false,1194,TEXT_CONTENT_INTEGRITY_NOT_AUDITED_M2_02,NOT_SELECTED_BY_DETERMINISTIC_DIVERSITY_TIE_BREAK
USO,N/A,false,true,true,true,true,,,0,0,T1-B1-S1-I1,INVALID_HEADER,0,0,0,false,false,,TEXT_CONTENT_INTEGRITY_NOT_AUDITED_M2_02,INCOMPLETE_STRUCTURALLY_VALID_REQUIRED_WINDOWS
USPH,Healthcare,false,true,true,true,true,2000-03-31,2023-12-15,1240,1238,T1-B1-S1-I1,PASS_REQUIRED_WINDOWS,0,0,0,true,false,258,TEXT_CONTENT_INTEGRITY_NOT_AUDITED_M2_02,NOT_SELECTED_BY_DETERMINISTIC_DIVERSITY_TIE_BREAK
USRT,N/A,false,true,false,true,true,,,0,0,T1-B0-S1-I1,INVALID_HEADER,0,0,0,false,false,,TEXT_CONTENT_INTEGRITY_NOT_AUDITED_M2_02;TABLE_MEMBER_MISSING,INCOMPLETE_STRUCTURALLY_VALID_REQUIRED_WINDOWS
UST,N/A,false,true,false,true,true,,,0,0,T1-B0-S1-I1,INVALID_HEADER,0,0,0,false,false,,TEXT_CONTENT_INTEGRITY_NOT_AUDITED_M2_02;TABLE_MEMBER_MISSING,INCOMPLETE_STRUCTURALLY_VALID_REQUIRED_WINDOWS
USVM,N/A,false,true,false,true,true,,,0,0,T1-B0-S1-I1,INVALID_HEADER,0,0,0,false,false,,TEXT_CONTENT_INTEGRITY_NOT_AUDITED_M2_02;TABLE_MEMBER_MISSING,INCOMPLETE_STRUCTURALLY_VALID_REQUIRED_WINDOWS
UTES,N/A,false,true,false,true,true,,,0,0,T1-B0-S1-I1,INVALID_HEADER,0,0,0,false,false,,TEXT_CONTENT_INTEGRITY_NOT_AUDITED_M2_02;TABLE_MEMBER_MISSING,INCOMPLETE_STRUCTURALLY_VALID_REQUIRED_WINDOWS
UTF,Financial Services,false,true,false,true,true,2004-06-25,2023-12-15,1019,1017,T1-B0-S1-I1,PASS_REQUIRED_WINDOWS,0,0,0,true,false,305,TEXT_CONTENT_INTEGRITY_NOT_AUDITED_M2_02;TABLE_MEMBER_MISSING,NOT_SELECTED_BY_DETERMINISTIC_DIVERSITY_TIE_BREAK
UTG,Financial Services,false,true,false,true,true,2004-05-21,2023-12-15,1024,1022,T1-B0-S1-I1,PASS_REQUIRED_WINDOWS,0,0,0,true,false,264,TEXT_CONTENT_INTEGRITY_NOT_AUDITED_M2_02;TABLE_MEMBER_MISSING,NOT_SELECTED_BY_DETERMINISTIC_DIVERSITY_TIE_BREAK
UTHR,Healthcare,false,true,true,true,true,2000-03-31,2023-12-15,1240,1238,T1-B1-S1-I1,PASS_REQUIRED_WINDOWS,0,0,0,true,false,2328,TEXT_CONTENT_INTEGRITY_NOT_AUDITED_M2_02,NOT_SELECTED_BY_DETERMINISTIC_DIVERSITY_TIE_BREAK
UTI,Consumer Defensive,false,true,true,true,true,2004-03-19,2023-12-15,1033,1031,T1-B1-S1-I1,PASS_REQUIRED_WINDOWS,0,0,0,true,false,1189,TEXT_CONTENT_INTEGRITY_NOT_AUDITED_M2_02,NOT_SELECTED_BY_DETERMINISTIC_DIVERSITY_TIE_BREAK
UTL,Utilities,false,true,true,true,true,2000-03-31,2023-12-15,1240,1238,T1-B1-S1-I1,PASS_REQUIRED_WINDOWS,0,0,0,true,false,1378,TEXT_CONTENT_INTEGRITY_NOT_AUDITED_M2_02,NOT_SELECTED_BY_DETERMINISTIC_DIVERSITY_TIE_BREAK
UTRN,N/A,false,true,false,true,true,,,0,0,T1-B0-S1-I1,INVALID_HEADER,0,0,0,false,false,,TEXT_CONTENT_INTEGRITY_NOT_AUDITED_M2_02;TABLE_MEMBER_MISSING,INCOMPLETE_STRUCTURALLY_VALID_REQUIRED_WINDOWS
UTSI,Technology,false,true,true,true,true,2000-06-02,2023-12-15,1231,1229,T1-B1-S1-I1,PASS_REQUIRED_WINDOWS,0,0,0,true,false,296,TEXT_CONTENT_INTEGRITY_NOT_AUDITED_M2_02,NOT_SELECTED_BY_DETERMINISTIC_DIVERSITY_TIE_BREAK
UTSL,N/A,false,true,false,true,true,,,0,0,T1-B0-S1-I1,INVALID_HEADER,0,0,0,false,false,,TEXT_CONTENT_INTEGRITY_NOT_AUDITED_M2_02;TABLE_MEMBER_MISSING,INCOMPLETE_STRUCTURALLY_VALID_REQUIRED_WINDOWS
UUP,N/A,false,true,true,true,true,,,0,0,T1-B1-S1-I1,INVALID_HEADER,0,0,0,false,false,,TEXT_CONTENT_INTEGRITY_NOT_AUDITED_M2_02,INCOMPLETE_STRUCTURALLY_VALID_REQUIRED_WINDOWS
UUU,Industrials,false,true,true,true,true,2000-03-31,2023-12-15,1240,1238,T1-B1-S1-I1,PASS_REQUIRED_WINDOWS,0,0,0,true,false,572,TEXT_CONTENT_INTEGRITY_NOT_AUDITED_M2_02,NOT_SELECTED_BY_DETERMINISTIC_DIVERSITY_TIE_BREAK
UUUU,Energy,false,true,true,true,true,2007-06-15,2023-12-15,864,862,T1-B1-S1-I1,PASS_REQUIRED_WINDOWS,0,0,0,true,false,1927,TEXT_CONTENT_INTEGRITY_NOT_AUDITED_M2_02,NOT_SELECTED_BY_DETERMINISTIC_DIVERSITY_TIE_BREAK
UVE,Financial Services,false,true,true,true,true,2003-09-05,2023-12-15,1061,1059,T1-B1-S1-I1,PASS_REQUIRED_WINDOWS,0,0,0,true,false,1489,TEXT_CONTENT_INTEGRITY_NOT_AUDITED_M2_02,NOT_SELECTED_BY_DETERMINISTIC_DIVERSITY_TIE_BREAK
UVSP,Financial Services,false,true,true,true,true,2000-03-31,2023-12-15,1240,1238,T1-B1-S1-I1,PASS_REQUIRED_WINDOWS,0,0,0,true,false,874,TEXT_CONTENT_INTEGRITY_NOT_AUDITED_M2_02,NOT_SELECTED_BY_DETERMINISTIC_DIVERSITY_TIE_BREAK
UVV,Consumer Defensive,false,true,true,true,true,2000-03-31,2023-12-15,1240,1238,T1-B1-S1-I1,PASS_REQUIRED_WINDOWS,0,0,0,true,false,2413,TEXT_CONTENT_INTEGRITY_NOT_AUDITED_M2_02,NOT_SELECTED_BY_DETERMINISTIC_DIVERSITY_TIE_BREAK
UVXY,N/A,false,true,true,true,true,,,0,0,T1-B1-S1-I1,INVALID_HEADER,0,0,0,false,false,,TEXT_CONTENT_INTEGRITY_NOT_AUDITED_M2_02,INCOMPLETE_STRUCTURALLY_VALID_REQUIRED_WINDOWS
UWM,N/A,false,true,false,true,true,,,0,0,T1-B0-S1-I1,INVALID_HEADER,0,0,0,false,false,,TEXT_CONTENT_INTEGRITY_NOT_AUDITED_M2_02;TABLE_MEMBER_MISSING,INCOMPLETE_STRUCTURALLY_VALID_REQUIRED_WINDOWS
UXIN,Consumer Cyclical,false,true,true,true,true,2018-09-21,2023-12-15,276,274,T1-B1-S1-I1,PASS_REQUIRED_WINDOWS,0,0,0,true,false,2640,TEXT_CONTENT_INTEGRITY_NOT_AUDITED_M2_02,NOT_SELECTED_BY_DETERMINISTIC_DIVERSITY_TIE_BREAK
UYG,N/A,false,true,false,true,true,,,0,0,T1-B0-S1-I1,INVALID_HEADER,0,0,0,false,false,,TEXT_CONTENT_INTEGRITY_NOT_AUDITED_M2_02;TABLE_MEMBER_MISSING,INCOMPLETE_STRUCTURALLY_VALID_REQUIRED_WINDOWS
UYM,N/A,false,true,false,true,true,,,0,0,T1-B0-S1-I1,INVALID_HEADER,0,0,0,false,false,,TEXT_CONTENT_INTEGRITY_NOT_AUDITED_M2_02;TABLE_MEMBER_MISSING,INCOMPLETE_STRUCTURALLY_VALID_REQUIRED_WINDOWS
V,Financial Services,false,true,false,true,true,2008-06-13,2023-12-15,812,810,T1-B0-S1-I1,PASS_REQUIRED_WINDOWS,0,0,0,true,false,1658,TEXT_CONTENT_INTEGRITY_NOT_AUDITED_M2_02;TABLE_MEMBER_MISSING,NOT_SELECTED_BY_DETERMINISTIC_DIVERSITY_TIE_BREAK
VAC,Consumer Cyclical,false,true,true,true,true,2012-02-10,2023-12-15,621,619,T1-B1-S1-I1,PASS_REQUIRED_WINDOWS,0,0,0,true,false,1555,TEXT_CONTENT_INTEGRITY_NOT_AUDITED_M2_02,NOT_SELECTED_BY_DETERMINISTIC_DIVERSITY_TIE_BREAK
VAL,Energy,false,true,true,true,true,2021-07-30,2023-12-15,127,125,T1-B1-S1-I1,PASS_REQUIRED_WINDOWS,0,0,0,true,false,1979,TEXT_CONTENT_INTEGRITY_NOT_AUDITED_M2_02,NOT_SELECTED_BY_DETERMINISTIC_DIVERSITY_TIE_BREAK
VALE,Basic Materials,false,true,true,true,true,2002-06-21,2023-12-15,1124,1122,T1-B1-S1-I1,PASS_REQUIRED_WINDOWS,0,0,0,true,false,232,TEXT_CONTENT_INTEGRITY_NOT_AUDITED_M2_02,NOT_SELECTED_BY_DETERMINISTIC_DIVERSITY_TIE_BREAK
VALQ,N/A,false,true,false,true,true,,,0,0,T1-B0-S1-I1,INVALID_HEADER,0,0,0,false,false,,TEXT_CONTENT_INTEGRITY_NOT_AUDITED_M2_02;TABLE_MEMBER_MISSING,INCOMPLETE_STRUCTURALLY_VALID_REQUIRED_WINDOWS
VALU,Financial Services,false,true,true,true,true,2000-03-31,2023-12-15,1240,1238,T1-B1-S1-I1,PASS_REQUIRED_WINDOWS,0,0,0,true,false,686,TEXT_CONTENT_INTEGRITY_NOT_AUDITED_M2_02,NOT_SELECTED_BY_DETERMINISTIC_DIVERSITY_TIE_BREAK
VAMO,N/A,false,true,false,true,true,,,0,0,T1-B0-S1-I1,INVALID_HEADER,0,0,0,false,false,,TEXT_CONTENT_INTEGRITY_NOT_AUDITED_M2_02;TABLE_MEMBER_MISSING,INCOMPLETE_STRUCTURALLY_VALID_REQUIRED_WINDOWS
VAW,N/A,false,true,false,true,true,,,0,0,T1-B0-S1-I1,INVALID_HEADER,0,0,0,false,false,,TEXT_CONTENT_INTEGRITY_NOT_AUDITED_M2_02;TABLE_MEMBER_MISSING,INCOMPLETE_STRUCTURALLY_VALID_REQUIRED_WINDOWS
VB,N/A,false,true,false,true,true,,,0,0,T1-B0-S1-I1,INVALID_HEADER,0,0,0,false,false,,TEXT_CONTENT_INTEGRITY_NOT_AUDITED_M2_02;TABLE_MEMBER_MISSING,INCOMPLETE_STRUCTURALLY_VALID_REQUIRED_WINDOWS
VBF,Financial Services,false,true,false,true,true,2000-03-31,2023-12-15,1240,1238,T1-B0-S1-I1,PASS_REQUIRED_WINDOWS,0,0,0,true,false,2504,TEXT_CONTENT_INTEGRITY_NOT_AUDITED_M2_02;TABLE_MEMBER_MISSING,NOT_SELECTED_BY_DETERMINISTIC_DIVERSITY_TIE_BREAK
VBFC,Financial Services,false,true,false,true,true,2001-02-02,2023-12-15,1166,1164,T1-B0-S1-I1,PASS_REQUIRED_WINDOWS,3,0,0,true,false,1366,TEXT_CONTENT_INTEGRITY_NOT_AUDITED_M2_02;TABLE_MEMBER_MISSING,NOT_SELECTED_BY_DETERMINISTIC_DIVERSITY_TIE_BREAK
VBK,N/A,false,true,false,true,true,,,0,0,T1-B0-S1-I1,INVALID_HEADER,0,0,0,false,false,,TEXT_CONTENT_INTEGRITY_NOT_AUDITED_M2_02;TABLE_MEMBER_MISSING,INCOMPLETE_STRUCTURALLY_VALID_REQUIRED_WINDOWS
VBND,N/A,false,true,false,true,true,,,0,0,T1-B0-S1-I1,INVALID_HEADER,0,0,0,false,false,,TEXT_CONTENT_INTEGRITY_NOT_AUDITED_M2_02;TABLE_MEMBER_MISSING,INCOMPLETE_STRUCTURALLY_VALID_REQUIRED_WINDOWS
VC,Consumer Cyclical,false,true,true,true,true,2010-12-31,2023-12-15,679,677,T1-B1-S1-I1,PASS_REQUIRED_WINDOWS,0,0,0,true,false,2678,TEXT_CONTENT_INTEGRITY_NOT_AUDITED_M2_02,NOT_SELECTED_BY_DETERMINISTIC_DIVERSITY_TIE_BREAK
VCEL,Healthcare,false,true,true,true,true,2000-03-31,2023-12-15,1240,1238,T1-B1-S1-I1,PASS_REQUIRED_WINDOWS,0,0,0,true,false,2088,TEXT_CONTENT_INTEGRITY_NOT_AUDITED_M2_02,NOT_SELECTED_BY_DETERMINISTIC_DIVERSITY_TIE_BREAK
VCIT,N/A,false,true,false,true,true,,,0,0,T1-B0-S1-I1,INVALID_HEADER,0,0,0,false,false,,TEXT_CONTENT_INTEGRITY_NOT_AUDITED_M2_02;TABLE_MEMBER_MISSING,INCOMPLETE_STRUCTURALLY_VALID_REQUIRED_WINDOWS
VCLT,N/A,false,true,false,true,true,,,0,0,T1-B0-S1-I1,INVALID_HEADER,0,0,0,false,false,,TEXT_CONTENT_INTEGRITY_NOT_AUDITED_M2_02;TABLE_MEMBER_MISSING,INCOMPLETE_STRUCTURALLY_VALID_REQUIRED_WINDOWS
VCNX,Healthcare,false,true,true,true,true,2018-11-02,2023-12-15,270,268,T1-B1-S1-I1,PASS_REQUIRED_WINDOWS,0,0,0,true,false,2689,TEXT_CONTENT_INTEGRITY_NOT_AUDITED_M2_02,NOT_SELECTED_BY_DETERMINISTIC_DIVERSITY_TIE_BREAK
VCR,N/A,false,true,false,true,true,,,0,0,T1-B0-S1-I1,INVALID_HEADER,0,0,0,false,false,,TEXT_CONTENT_INTEGRITY_NOT_AUDITED_M2_02;TABLE_MEMBER_MISSING,INCOMPLETE_STRUCTURALLY_VALID_REQUIRED_WINDOWS
VCSH,N/A,false,true,false,true,true,,,0,0,T1-B0-S1-I1,INVALID_HEADER,0,0,0,false,false,,TEXT_CONTENT_INTEGRITY_NOT_AUDITED_M2_02;TABLE_MEMBER_MISSING,INCOMPLETE_STRUCTURALLY_VALID_REQUIRED_WINDOWS
VCYT,Healthcare,false,true,true,true,true,2014-01-31,2023-12-15,518,516,T1-B1-S1-I1,PASS_REQUIRED_WINDOWS,0,0,0,true,false,367,TEXT_CONTENT_INTEGRITY_NOT_AUDITED_M2_02,NOT_SELECTED_BY_DETERMINISTIC_DIVERSITY_TIE_BREAK
VDE,N/A,false,true,false,true,true,,,0,0,T1-B0-S1-I1,INVALID_HEADER,0,0,0,false,false,,TEXT_CONTENT_INTEGRITY_NOT_AUDITED_M2_02;TABLE_MEMBER_MISSING,INCOMPLETE_STRUCTURALLY_VALID_REQUIRED_WINDOWS
VEA,N/A,false,true,false,true,true,,,0,0,T1-B0-S1-I1,INVALID_HEADER,0,0,0,false,false,,TEXT_CONTENT_INTEGRITY_NOT_AUDITED_M2_02;TABLE_MEMBER_MISSING,INCOMPLETE_STRUCTURALLY_VALID_REQUIRED_WINDOWS
VECO,Technology,false,true,true,true,true,2000-03-31,2023-12-15,1240,1238,T1-B1-S1-I1,PASS_REQUIRED_WINDOWS,0,0,0,true,false,1971,TEXT_CONTENT_INTEGRITY_NOT_AUDITED_M2_02,NOT_SELECTED_BY_DETERMINISTIC_DIVERSITY_TIE_BREAK
VEEV,Healthcare,false,true,true,true,true,2014-01-17,2023-12-15,520,518,T1-B1-S1-I1,PASS_REQUIRED_WINDOWS,0,0,0,true,false,946,TEXT_CONTENT_INTEGRITY_NOT_AUDITED_M2_02,NOT_SELECTED_BY_DETERMINISTIC_DIVERSITY_TIE_BREAK
VEGA,N/A,false,true,false,true,true,,,0,0,T1-B0-S1-I1,INVALID_HEADER,0,0,0,false,false,,TEXT_CONTENT_INTEGRITY_NOT_AUDITED_M2_02;TABLE_MEMBER_MISSING,INCOMPLETE_STRUCTURALLY_VALID_REQUIRED_WINDOWS
VEGI,N/A,false,true,false,true,true,,,0,0,T1-B0-S1-I1,INVALID_HEADER,0,0,0,false,false,,TEXT_CONTENT_INTEGRITY_NOT_AUDITED_M2_02;TABLE_MEMBER_MISSING,INCOMPLETE_STRUCTURALLY_VALID_REQUIRED_WINDOWS
VEGN,N/A,false,true,false,true,true,,,0,0,T1-B0-S1-I1,INVALID_HEADER,0,0,0,false,false,,TEXT_CONTENT_INTEGRITY_NOT_AUDITED_M2_02;TABLE_MEMBER_MISSING,INCOMPLETE_STRUCTURALLY_VALID_REQUIRED_WINDOWS
VEL,Financial Services,false,true,true,true,true,2020-04-17,2023-12-15,194,192,T1-B1-S1-I1,PASS_REQUIRED_WINDOWS,0,0,0,true,false,1781,TEXT_CONTENT_INTEGRITY_NOT_AUDITED_M2_02,NOT_SELECTED_BY_DETERMINISTIC_DIVERSITY_TIE_BREAK
VEON,Communication Services,false,true,true,true,true,2000-03-31,2023-12-15,1240,1238,T1-B1-S1-I1,PASS_REQUIRED_WINDOWS,0,0,0,true,false,1969,TEXT_CONTENT_INTEGRITY_NOT_AUDITED_M2_02,NOT_SELECTED_BY_DETERMINISTIC_DIVERSITY_TIE_BREAK
VERB,Technology,false,true,true,true,true,2015-02-20,2023-12-15,463,461,T1-B1-S1-I1,PASS_REQUIRED_WINDOWS,0,0,0,true,false,1145,TEXT_CONTENT_INTEGRITY_NOT_AUDITED_M2_02,NOT_SELECTED_BY_DETERMINISTIC_DIVERSITY_TIE_BREAK
VERI,Technology,false,true,true,true,true,2017-08-11,2023-12-15,334,332,T1-B1-S1-I1,PASS_REQUIRED_WINDOWS,0,0,0,true,false,410,TEXT_CONTENT_INTEGRITY_NOT_AUDITED_M2_02,NOT_SELECTED_BY_DETERMINISTIC_DIVERSITY_TIE_BREAK
VERO,Healthcare,false,true,true,true,true,2018-01-12,2023-12-15,312,310,T1-B1-S1-I1,PASS_REQUIRED_WINDOWS,0,0,0,true,false,2611,TEXT_CONTENT_INTEGRITY_NOT_AUDITED_M2_02,NOT_SELECTED_BY_DETERMINISTIC_DIVERSITY_TIE_BREAK
VERU,Healthcare,false,true,true,true,true,2000-03-31,2023-12-15,1240,1238,T1-B1-S1-I1,PASS_REQUIRED_WINDOWS,0,0,0,true,false,810,TEXT_CONTENT_INTEGRITY_NOT_AUDITED_M2_02,NOT_SELECTED_BY_DETERMINISTIC_DIVERSITY_TIE_BREAK
VET,Energy,false,true,true,true,true,2010-12-10,2023-12-15,682,680,T1-B1-S1-I1,PASS_REQUIRED_WINDOWS,0,0,0,true,false,1995,TEXT_CONTENT_INTEGRITY_NOT_AUDITED_M2_02,NOT_SELECTED_BY_DETERMINISTIC_DIVERSITY_TIE_BREAK
VEU,N/A,false,true,false,true,true,,,0,0,T1-B0-S1-I1,INVALID_HEADER,0,0,0,false,false,,TEXT_CONTENT_INTEGRITY_NOT_AUDITED_M2_02;TABLE_MEMBER_MISSING,INCOMPLETE_STRUCTURALLY_VALID_REQUIRED_WINDOWS
VFC,Consumer Cyclical,false,true,true,true,true,2000-03-31,2023-12-15,1240,1238,T1-B1-S1-I1,PASS_REQUIRED_WINDOWS,0,0,0,true,false,1058,TEXT_CONTENT_INTEGRITY_NOT_AUDITED_M2_02,NOT_SELECTED_BY_DETERMINISTIC_DIVERSITY_TIE_BREAK
VFF,Consumer Defensive,false,true,true,true,true,2019-05-17,2023-12-15,242,240,T1-B1-S1-I1,PASS_REQUIRED_WINDOWS,0,0,0,true,false,2440,TEXT_CONTENT_INTEGRITY_NOT_AUDITED_M2_02,NOT_SELECTED_BY_DETERMINISTIC_DIVERSITY_TIE_BREAK
VFH,N/A,false,true,false,true,true,,,0,0,T1-B0-S1-I1,INVALID_HEADER,0,0,0,false,false,,TEXT_CONTENT_INTEGRITY_NOT_AUDITED_M2_02;TABLE_MEMBER_MISSING,INCOMPLETE_STRUCTURALLY_VALID_REQUIRED_WINDOWS
VFL,Financial Services,false,true,false,true,true,2000-03-31,2023-12-15,1240,1238,T1-B0-S1-I1,PASS_REQUIRED_WINDOWS,0,0,0,true,false,1148,TEXT_CONTENT_INTEGRITY_NOT_AUDITED_M2_02;TABLE_MEMBER_MISSING,NOT_SELECTED_BY_DETERMINISTIC_DIVERSITY_TIE_BREAK
VFMF,N/A,false,true,false,true,true,,,0,0,T1-B0-S1-I1,INVALID_HEADER,0,0,0,false,false,,TEXT_CONTENT_INTEGRITY_NOT_AUDITED_M2_02;TABLE_MEMBER_MISSING,INCOMPLETE_STRUCTURALLY_VALID_REQUIRED_WINDOWS
VFMO,N/A,false,true,false,true,true,,,0,0,T1-B0-S1-I1,INVALID_HEADER,0,0,0,false,false,,TEXT_CONTENT_INTEGRITY_NOT_AUDITED_M2_02;TABLE_MEMBER_MISSING,INCOMPLETE_STRUCTURALLY_VALID_REQUIRED_WINDOWS
VFMV,N/A,false,true,false,true,true,,,0,0,T1-B0-S1-I1,INVALID_HEADER,0,0,0,false,false,,TEXT_CONTENT_INTEGRITY_NOT_AUDITED_M2_02;TABLE_MEMBER_MISSING,INCOMPLETE_STRUCTURALLY_VALID_REQUIRED_WINDOWS
VFQY,N/A,false,true,false,true,true,,,0,0,T1-B0-S1-I1,INVALID_HEADER,0,0,0,false,false,,TEXT_CONTENT_INTEGRITY_NOT_AUDITED_M2_02;TABLE_MEMBER_MISSING,INCOMPLETE_STRUCTURALLY_VALID_REQUIRED_WINDOWS
VFVA,N/A,false,true,false,true,true,,,0,0,T1-B0-S1-I1,INVALID_HEADER,0,0,0,false,false,,TEXT_CONTENT_INTEGRITY_NOT_AUDITED_M2_02;TABLE_MEMBER_MISSING,INCOMPLETE_STRUCTURALLY_VALID_REQUIRED_WINDOWS
VGI,Financial Services,false,true,false,true,true,2012-05-25,2023-12-15,606,604,T1-B0-S1-I1,PASS_REQUIRED_WINDOWS,0,0,0,true,false,344,TEXT_CONTENT_INTEGRITY_NOT_AUDITED_M2_02;TABLE_MEMBER_MISSING,NOT_SELECTED_BY_DETERMINISTIC_DIVERSITY_TIE_BREAK
VGIT,N/A,false,true,false,true,true,,,0,0,T1-B0-S1-I1,INVALID_HEADER,0,0,0,false,false,,TEXT_CONTENT_INTEGRITY_NOT_AUDITED_M2_02;TABLE_MEMBER_MISSING,INCOMPLETE_STRUCTURALLY_VALID_REQUIRED_WINDOWS
VGK,N/A,false,true,false,true,true,,,0,0,T1-B0-S1-I1,INVALID_HEADER,0,0,0,false,false,,TEXT_CONTENT_INTEGRITY_NOT_AUDITED_M2_02;TABLE_MEMBER_MISSING,INCOMPLETE_STRUCTURALLY_VALID_REQUIRED_WINDOWS
VGLT,N/A,false,true,false,true,true,,,0,0,T1-B0-S1-I1,INVALID_HEADER,0,0,0,false,false,,TEXT_CONTENT_INTEGRITY_NOT_AUDITED_M2_02;TABLE_MEMBER_MISSING,INCOMPLETE_STRUCTURALLY_VALID_REQUIRED_WINDOWS
VGM,Financial Services,false,true,false,true,true,2000-03-31,2023-12-15,1240,1238,T1-B0-S1-I1,PASS_REQUIRED_WINDOWS,0,0,0,true,false,80,TEXT_CONTENT_INTEGRITY_NOT_AUDITED_M2_02;TABLE_MEMBER_MISSING,NOT_SELECTED_BY_DETERMINISTIC_DIVERSITY_TIE_BREAK
VGSH,N/A,false,true,false,true,true,,,0,0,T1-B0-S1-I1,INVALID_HEADER,0,0,0,false,false,,TEXT_CONTENT_INTEGRITY_NOT_AUDITED_M2_02;TABLE_MEMBER_MISSING,INCOMPLETE_STRUCTURALLY_VALID_REQUIRED_WINDOWS
VGT,N/A,false,true,false,true,true,,,0,0,T1-B0-S1-I1,INVALID_HEADER,0,0,0,false,false,,TEXT_CONTENT_INTEGRITY_NOT_AUDITED_M2_02;TABLE_MEMBER_MISSING,INCOMPLETE_STRUCTURALLY_VALID_REQUIRED_WINDOWS
VGZ,Basic Materials,false,true,true,true,true,2000-03-31,2023-12-15,1240,1238,T1-B1-S1-I1,PASS_REQUIRED_WINDOWS,0,0,0,true,false,1814,TEXT_CONTENT_INTEGRITY_NOT_AUDITED_M2_02,NOT_SELECTED_BY_DETERMINISTIC_DIVERSITY_TIE_BREAK
VHC,Technology,false,true,true,true,true,2000-03-31,2023-12-15,1240,1238,T1-B1-S1-I1,PASS_REQUIRED_WINDOWS,0,0,0,true,false,2829,TEXT_CONTENT_INTEGRITY_NOT_AUDITED_M2_02,NOT_SELECTED_BY_DETERMINISTIC_DIVERSITY_TIE_BREAK
VHI,Basic Materials,false,true,true,true,true,2001-12-14,2023-12-15,1151,1149,T1-B1-S1-I1,PASS_REQUIRED_WINDOWS,426,0,0,true,false,2492,TEXT_CONTENT_INTEGRITY_NOT_AUDITED_M2_02,NOT_SELECTED_BY_DETERMINISTIC_DIVERSITY_TIE_BREAK
VHT,N/A,false,true,false,true,true,,,0,0,T1-B0-S1-I1,INVALID_HEADER,0,0,0,false,false,,TEXT_CONTENT_INTEGRITY_NOT_AUDITED_M2_02;TABLE_MEMBER_MISSING,INCOMPLETE_STRUCTURALLY_VALID_REQUIRED_WINDOWS
VIAV,Technology,false,true,true,true,true,2000-03-31,2023-12-15,1240,1238,T1-B1-S1-I1,PASS_REQUIRED_WINDOWS,0,0,0,true,false,2441,TEXT_CONTENT_INTEGRITY_NOT_AUDITED_M2_02,NOT_SELECTED_BY_DETERMINISTIC_DIVERSITY_TIE_BREAK
VICI,Real Estate,false,true,true,true,true,2018-03-29,2023-12-15,301,299,T1-B1-S1-I1,PASS_REQUIRED_WINDOWS,0,0,0,true,false,777,TEXT_CONTENT_INTEGRITY_NOT_AUDITED_M2_02,NOT_SELECTED_BY_DETERMINISTIC_DIVERSITY_TIE_BREAK
VICR,Technology,false,true,true,true,true,2000-03-31,2023-12-15,1240,1238,T1-B1-S1-I1,PASS_REQUIRED_WINDOWS,0,0,0,true,false,1111,TEXT_CONTENT_INTEGRITY_NOT_AUDITED_M2_02,NOT_SELECTED_BY_DETERMINISTIC_DIVERSITY_TIE_BREAK
VIG,N/A,false,true,false,true,true,,,0,0,T1-B0-S1-I1,INVALID_HEADER,0,0,0,false,false,,TEXT_CONTENT_INTEGRITY_NOT_AUDITED_M2_02;TABLE_MEMBER_MISSING,INCOMPLETE_STRUCTURALLY_VALID_REQUIRED_WINDOWS
VIGI,N/A,false,true,false,true,true,,,0,0,T1-B0-S1-I1,INVALID_HEADER,0,0,0,false,false,,TEXT_CONTENT_INTEGRITY_NOT_AUDITED_M2_02;TABLE_MEMBER_MISSING,INCOMPLETE_STRUCTURALLY_VALID_REQUIRED_WINDOWS
VIOG,N/A,false,true,false,true,true,,,0,0,T1-B0-S1-I1,INVALID_HEADER,0,0,0,false,false,,TEXT_CONTENT_INTEGRITY_NOT_AUDITED_M2_02;TABLE_MEMBER_MISSING,INCOMPLETE_STRUCTURALLY_VALID_REQUIRED_WINDOWS
VIOO,N/A,false,true,false,true,true,,,0,0,T1-B0-S1-I1,INVALID_HEADER,0,0,0,false,false,,TEXT_CONTENT_INTEGRITY_NOT_AUDITED_M2_02;TABLE_MEMBER_MISSING,INCOMPLETE_STRUCTURALLY_VALID_REQUIRED_WINDOWS
VIOT,Consumer Cyclical,false,true,true,true,true,2018-12-21,2023-12-15,263,261,T1-B1-S1-I1,PASS_REQUIRED_WINDOWS,0,0,0,true,false,781,TEXT_CONTENT_INTEGRITY_NOT_AUDITED_M2_02,NOT_SELECTED_BY_DETERMINISTIC_DIVERSITY_TIE_BREAK
VIOV,N/A,false,true,false,true,true,,,0,0,T1-B0-S1-I1,INVALID_HEADER,0,0,0,false,false,,TEXT_CONTENT_INTEGRITY_NOT_AUDITED_M2_02;TABLE_MEMBER_MISSING,INCOMPLETE_STRUCTURALLY_VALID_REQUIRED_WINDOWS
VIPS,Consumer Cyclical,false,true,true,true,true,2012-06-22,2023-12-15,602,600,T1-B1-S1-I1,PASS_REQUIRED_WINDOWS,0,0,0,true,false,573,TEXT_CONTENT_INTEGRITY_NOT_AUDITED_M2_02,NOT_SELECTED_BY_DETERMINISTIC_DIVERSITY_TIE_BREAK
VIR,Healthcare,false,true,true,true,true,2020-01-10,2023-12-15,208,206,T1-B1-S1-I1,PASS_REQUIRED_WINDOWS,0,0,0,true,false,707,TEXT_CONTENT_INTEGRITY_NOT_AUDITED_M2_02,NOT_SELECTED_BY_DETERMINISTIC_DIVERSITY_TIE_BREAK
VIRC,Consumer Cyclical,false,true,true,true,true,2000-03-31,2023-12-15,1240,1238,T1-B1-S1-I1,PASS_REQUIRED_WINDOWS,0,0,0,true,false,2738,TEXT_CONTENT_INTEGRITY_NOT_AUDITED_M2_02,NOT_SELECTED_BY_DETERMINISTIC_DIVERSITY_TIE_BREAK
VIRT,Financial Services,false,true,true,true,true,2015-07-17,2023-12-15,442,440,T1-B1-S1-I1,PASS_REQUIRED_WINDOWS,0,0,0,true,false,2945,TEXT_CONTENT_INTEGRITY_NOT_AUDITED_M2_02,NOT_SELECTED_BY_DETERMINISTIC_DIVERSITY_TIE_BREAK
VIS,N/A,false,true,false,true,true,,,0,0,T1-B0-S1-I1,INVALID_HEADER,0,0,0,false,false,,TEXT_CONTENT_INTEGRITY_NOT_AUDITED_M2_02;TABLE_MEMBER_MISSING,INCOMPLETE_STRUCTURALLY_VALID_REQUIRED_WINDOWS
VISL,Technology,false,true,true,true,true,2012-07-13,2023-12-15,599,597,T1-B1-S1-I1,PASS_REQUIRED_WINDOWS,0,0,0,true,false,1393,TEXT_CONTENT_INTEGRITY_NOT_AUDITED_M2_02,NOT_SELECTED_BY_DETERMINISTIC_DIVERSITY_TIE_BREAK
VIST,Energy,false,true,true,true,true,2019-10-25,2023-12-15,219,217,T1-B1-S1-I1,PASS_REQUIRED_WINDOWS,0,0,0,true,false,504,TEXT_CONTENT_INTEGRITY_NOT_AUDITED_M2_02,NOT_SELECTED_BY_DETERMINISTIC_DIVERSITY_TIE_BREAK
VIV,Communication Services,false,true,true,true,true,2000-03-31,2023-12-15,1240,1238,T1-B1-S1-I1,PASS_REQUIRED_WINDOWS,0,0,0,true,false,708,TEXT_CONTENT_INTEGRITY_NOT_AUDITED_M2_02,NOT_SELECTED_BY_DETERMINISTIC_DIVERSITY_TIE_BREAK
VIXM,N/A,false,true,true,true,true,,,0,0,T1-B1-S1-I1,INVALID_HEADER,0,0,0,false,false,,TEXT_CONTENT_INTEGRITY_NOT_AUDITED_M2_02,INCOMPLETE_STRUCTURALLY_VALID_REQUIRED_WINDOWS
VIXY,N/A,false,true,true,true,true,,,0,0,T1-B1-S1-I1,INVALID_HEADER,0,0,0,false,false,,TEXT_CONTENT_INTEGRITY_NOT_AUDITED_M2_02,INCOMPLETE_STRUCTURALLY_VALID_REQUIRED_WINDOWS
VKI,Financial Services,false,true,false,true,true,2000-03-31,2023-12-15,1240,1238,T1-B0-S1-I1,PASS_REQUIRED_WINDOWS,0,0,0,true,false,2588,TEXT_CONTENT_INTEGRITY_NOT_AUDITED_M2_02;TABLE_MEMBER_MISSING,NOT_SELECTED_BY_DETERMINISTIC_DIVERSITY_TIE_BREAK
VKQ,Financial Services,false,true,false,true,true,2000-03-31,2023-12-15,1240,1238,T1-B0-S1-I1,PASS_REQUIRED_WINDOWS,0,0,0,true,false,911,TEXT_CONTENT_INTEGRITY_NOT_AUDITED_M2_02;TABLE_MEMBER_MISSING,NOT_SELECTED_BY_DETERMINISTIC_DIVERSITY_TIE_BREAK
VKTX,Healthcare,false,true,true,true,true,2015-07-24,2023-12-15,441,439,T1-B1-S1-I1,PASS_REQUIRED_WINDOWS,0,0,0,true,false,2649,TEXT_CONTENT_INTEGRITY_NOT_AUDITED_M2_02,NOT_SELECTED_BY_DETERMINISTIC_DIVERSITY_TIE_BREAK
VLGEA,Consumer Defensive,false,true,true,true,true,2000-03-31,2023-12-15,1240,1238,T1-B1-S1-I1,PASS_REQUIRED_WINDOWS,0,0,0,true,false,2579,TEXT_CONTENT_INTEGRITY_NOT_AUDITED_M2_02,NOT_SELECTED_BY_DETERMINISTIC_DIVERSITY_TIE_BREAK
VLO,Energy,false,true,true,true,true,2000-03-31,2023-12-15,1240,1238,T1-B1-S1-I1,PASS_REQUIRED_WINDOWS,0,0,0,true,false,1210,TEXT_CONTENT_INTEGRITY_NOT_AUDITED_M2_02,NOT_SELECTED_BY_DETERMINISTIC_DIVERSITY_TIE_BREAK
VLRS,Industrials,false,true,true,true,true,2013-12-13,2023-12-15,525,523,T1-B1-S1-I1,PASS_REQUIRED_WINDOWS,0,0,0,true,false,1212,TEXT_CONTENT_INTEGRITY_NOT_AUDITED_M2_02,NOT_SELECTED_BY_DETERMINISTIC_DIVERSITY_TIE_BREAK
VLT,Financial Services,false,true,false,true,true,2000-03-31,2023-12-15,1240,1238,T1-B0-S1-I1,PASS_REQUIRED_WINDOWS,0,0,0,true,false,747,TEXT_CONTENT_INTEGRITY_NOT_AUDITED_M2_02;TABLE_MEMBER_MISSING,NOT_SELECTED_BY_DETERMINISTIC_DIVERSITY_TIE_BREAK
VLU,N/A,false,true,false,true,true,,,0,0,T1-B0-S1-I1,INVALID_HEADER,0,0,0,false,false,,TEXT_CONTENT_INTEGRITY_NOT_AUDITED_M2_02;TABLE_MEMBER_MISSING,INCOMPLETE_STRUCTURALLY_VALID_REQUIRED_WINDOWS
VLUE,N/A,false,true,false,true,true,,,0,0,T1-B0-S1-I1,INVALID_HEADER,0,0,0,false,false,,TEXT_CONTENT_INTEGRITY_NOT_AUDITED_M2_02;TABLE_MEMBER_MISSING,INCOMPLETE_STRUCTURALLY_VALID_REQUIRED_WINDOWS
VLY,Financial Services,false,true,true,true,true,2000-03-31,2023-12-15,1240,1238,T1-B1-S1-I1,PASS_REQUIRED_WINDOWS,0,0,0,true,false,1382,TEXT_CONTENT_INTEGRITY_NOT_AUDITED_M2_02,NOT_SELECTED_BY_DETERMINISTIC_DIVERSITY_TIE_BREAK
VLYPO,Financial Services,false,true,true,true,true,2019-01-11,2023-12-15,260,258,T1-B1-S1-I1,PASS_REQUIRED_WINDOWS,0,0,0,true,false,358,TEXT_CONTENT_INTEGRITY_NOT_AUDITED_M2_02,NOT_SELECTED_BY_DETERMINISTIC_DIVERSITY_TIE_BREAK
VLYPP,Financial Services,false,true,true,true,true,2019-01-11,2023-12-15,260,258,T1-B1-S1-I1,PASS_REQUIRED_WINDOWS,0,0,0,true,false,1235,TEXT_CONTENT_INTEGRITY_NOT_AUDITED_M2_02,NOT_SELECTED_BY_DETERMINISTIC_DIVERSITY_TIE_BREAK
VMC,Basic Materials,false,true,true,true,true,2000-03-31,2023-12-15,1240,1238,T1-B1-S1-I1,PASS_REQUIRED_WINDOWS,0,0,0,true,false,759,TEXT_CONTENT_INTEGRITY_NOT_AUDITED_M2_02,NOT_SELECTED_BY_DETERMINISTIC_DIVERSITY_TIE_BREAK
VMI,Industrials,false,true,true,true,true,2000-03-31,2023-12-15,1240,1238,T1-B1-S1-I1,PASS_REQUIRED_WINDOWS,0,0,0,true,false,2014,TEXT_CONTENT_INTEGRITY_NOT_AUDITED_M2_02,NOT_SELECTED_BY_DETERMINISTIC_DIVERSITY_TIE_BREAK
VMO,Financial Services,false,true,false,true,true,2000-03-31,2023-12-15,1240,1238,T1-B0-S1-I1,PASS_REQUIRED_WINDOWS,0,0,0,true,false,377,TEXT_CONTENT_INTEGRITY_NOT_AUDITED_M2_02;TABLE_MEMBER_MISSING,NOT_SELECTED_BY_DETERMINISTIC_DIVERSITY_TIE_BREAK
VMOT,N/A,false,true,false,true,true,,,0,0,T1-B0-S1-I1,INVALID_HEADER,0,0,0,false,false,,TEXT_CONTENT_INTEGRITY_NOT_AUDITED_M2_02;TABLE_MEMBER_MISSING,INCOMPLETE_STRUCTURALLY_VALID_REQUIRED_WINDOWS
VNCE,Consumer Cyclical,false,true,true,true,true,2014-02-21,2023-12-15,515,513,T1-B1-S1-I1,PASS_REQUIRED_WINDOWS,0,0,0,true,false,2712,TEXT_CONTENT_INTEGRITY_NOT_AUDITED_M2_02,NOT_SELECTED_BY_DETERMINISTIC_DIVERSITY_TIE_BREAK
VNET,Technology,false,true,true,true,true,2011-07-22,2023-12-15,650,648,T1-B1-S1-I1,PASS_REQUIRED_WINDOWS,0,0,0,true,false,1625,TEXT_CONTENT_INTEGRITY_NOT_AUDITED_M2_02,NOT_SELECTED_BY_DETERMINISTIC_DIVERSITY_TIE_BREAK
VNLA,N/A,false,true,false,true,true,,,0,0,T1-B0-S1-I1,INVALID_HEADER,0,0,0,false,false,,TEXT_CONTENT_INTEGRITY_NOT_AUDITED_M2_02;TABLE_MEMBER_MISSING,INCOMPLETE_STRUCTURALLY_VALID_REQUIRED_WINDOWS
VNM,N/A,false,true,false,true,true,,,0,0,T1-B0-S1-I1,INVALID_HEADER,0,0,0,false,false,,TEXT_CONTENT_INTEGRITY_NOT_AUDITED_M2_02;TABLE_MEMBER_MISSING,INCOMPLETE_STRUCTURALLY_VALID_REQUIRED_WINDOWS
VNO,Real Estate,false,true,true,true,true,2000-03-31,2023-12-15,1240,1238,T1-B1-S1-I1,PASS_REQUIRED_WINDOWS,0,0,0,true,false,1068,TEXT_CONTENT_INTEGRITY_NOT_AUDITED_M2_02,NOT_SELECTED_BY_DETERMINISTIC_DIVERSITY_TIE_BREAK
VNOM,Energy,false,true,true,true,true,2014-09-12,2023-12-15,486,484,T1-B1-S1-I1,PASS_REQUIRED_WINDOWS,0,0,0,true,false,2756,TEXT_CONTENT_INTEGRITY_NOT_AUDITED_M2_02,NOT_SELECTED_BY_DETERMINISTIC_DIVERSITY_TIE_BREAK
VNQ,N/A,false,true,false,true,true,,,0,0,T1-B0-S1-I1,INVALID_HEADER,0,0,0,false,false,,TEXT_CONTENT_INTEGRITY_NOT_AUDITED_M2_02;TABLE_MEMBER_MISSING,INCOMPLETE_STRUCTURALLY_VALID_REQUIRED_WINDOWS
VNQI,N/A,false,true,false,true,true,,,0,0,T1-B0-S1-I1,INVALID_HEADER,0,0,0,false,false,,TEXT_CONTENT_INTEGRITY_NOT_AUDITED_M2_02;TABLE_MEMBER_MISSING,INCOMPLETE_STRUCTURALLY_VALID_REQUIRED_WINDOWS
VNRX,Healthcare,false,true,true,true,true,2012-06-01,2023-12-15,605,603,T1-B1-S1-I1,PASS_REQUIRED_WINDOWS,0,0,0,true,false,2924,TEXT_CONTENT_INTEGRITY_NOT_AUDITED_M2_02,NOT_SELECTED_BY_DETERMINISTIC_DIVERSITY_TIE_BREAK
VO,N/A,false,true,false,true,true,,,0,0,T1-B0-S1-I1,INVALID_HEADER,0,0,0,false,false,,TEXT_CONTENT_INTEGRITY_NOT_AUDITED_M2_02;TABLE_MEMBER_MISSING,INCOMPLETE_STRUCTURALLY_VALID_REQUIRED_WINDOWS
VOC,Energy,false,true,false,true,true,2011-08-05,2023-12-15,648,646,T1-B0-S1-I1,PASS_REQUIRED_WINDOWS,0,0,0,true,false,2979,TEXT_CONTENT_INTEGRITY_NOT_AUDITED_M2_02;TABLE_MEMBER_MISSING,NOT_SELECTED_BY_DETERMINISTIC_DIVERSITY_TIE_BREAK
VOD,Communication Services,false,true,true,true,true,2000-03-31,2023-12-15,1240,1238,T1-B1-S1-I1,PASS_REQUIRED_WINDOWS,0,0,0,true,false,2857,TEXT_CONTENT_INTEGRITY_NOT_AUDITED_M2_02,NOT_SELECTED_BY_DETERMINISTIC_DIVERSITY_TIE_BREAK
VOE,N/A,false,true,false,true,true,,,0,0,T1-B0-S1-I1,INVALID_HEADER,0,0,0,false,false,,TEXT_CONTENT_INTEGRITY_NOT_AUDITED_M2_02;TABLE_MEMBER_MISSING,INCOMPLETE_STRUCTURALLY_VALID_REQUIRED_WINDOWS
VONV,N/A,false,true,false,true,true,,,0,0,T1-B0-S1-I1,INVALID_HEADER,0,0,0,false,false,,TEXT_CONTENT_INTEGRITY_NOT_AUDITED_M2_02;TABLE_MEMBER_MISSING,INCOMPLETE_STRUCTURALLY_VALID_REQUIRED_WINDOWS
VOO,N/A,false,true,false,true,true,,,0,0,T1-B0-S1-I1,INVALID_HEADER,0,0,0,false,false,,TEXT_CONTENT_INTEGRITY_NOT_AUDITED_M2_02;TABLE_MEMBER_MISSING,INCOMPLETE_STRUCTURALLY_VALID_REQUIRED_WINDOWS
VOOV,N/A,false,true,false,true,true,,,0,0,T1-B0-S1-I1,INVALID_HEADER,0,0,0,false,false,,TEXT_CONTENT_INTEGRITY_NOT_AUDITED_M2_02;TABLE_MEMBER_MISSING,INCOMPLETE_STRUCTURALLY_VALID_REQUIRED_WINDOWS
VOT,N/A,false,true,false,true,true,,,0,0,T1-B0-S1-I1,INVALID_HEADER,0,0,0,false,false,,TEXT_CONTENT_INTEGRITY_NOT_AUDITED_M2_02;TABLE_MEMBER_MISSING,INCOMPLETE_STRUCTURALLY_VALID_REQUIRED_WINDOWS
VOX,N/A,false,true,false,true,true,,,0,0,T1-B0-S1-I1,INVALID_HEADER,0,0,0,false,false,,TEXT_CONTENT_INTEGRITY_NOT_AUDITED_M2_02;TABLE_MEMBER_MISSING,INCOMPLETE_STRUCTURALLY_VALID_REQUIRED_WINDOWS
VOXX,Technology,false,true,false,true,true,2000-03-31,2023-12-15,1240,1238,T1-B0-S1-I1,PASS_REQUIRED_WINDOWS,0,0,0,true,false,225,TEXT_CONTENT_INTEGRITY_NOT_AUDITED_M2_02;TABLE_MEMBER_MISSING,NOT_SELECTED_BY_DETERMINISTIC_DIVERSITY_TIE_BREAK
VPC,N/A,false,true,false,true,true,,,0,0,T1-B0-S1-I1,INVALID_HEADER,0,0,0,false,false,,TEXT_CONTENT_INTEGRITY_NOT_AUDITED_M2_02;TABLE_MEMBER_MISSING,INCOMPLETE_STRUCTURALLY_VALID_REQUIRED_WINDOWS
VPL,N/A,false,true,false,true,true,,,0,0,T1-B0-S1-I1,INVALID_HEADER,0,0,0,false,false,,TEXT_CONTENT_INTEGRITY_NOT_AUDITED_M2_02;TABLE_MEMBER_MISSING,INCOMPLETE_STRUCTURALLY_VALID_REQUIRED_WINDOWS
VPU,N/A,false,true,false,true,true,,,0,0,T1-B0-S1-I1,INVALID_HEADER,0,0,0,false,false,,TEXT_CONTENT_INTEGRITY_NOT_AUDITED_M2_02;TABLE_MEMBER_MISSING,INCOMPLETE_STRUCTURALLY_VALID_REQUIRED_WINDOWS
VPV,Financial Services,false,true,false,true,true,2000-03-31,2023-12-15,1240,1238,T1-B0-S1-I1,PASS_REQUIRED_WINDOWS,0,0,0,true,false,880,TEXT_CONTENT_INTEGRITY_NOT_AUDITED_M2_02;TABLE_MEMBER_MISSING,NOT_SELECTED_BY_DETERMINISTIC_DIVERSITY_TIE_BREAK
VRA,Consumer Cyclical,false,true,true,true,true,2011-01-21,2023-12-15,676,674,T1-B1-S1-I1,PASS_REQUIRED_WINDOWS,0,0,0,true,false,1340,TEXT_CONTENT_INTEGRITY_NOT_AUDITED_M2_02,NOT_SELECTED_BY_DETERMINISTIC_DIVERSITY_TIE_BREAK
VRAI,N/A,false,true,false,true,true,,,0,0,T1-B0-S1-I1,INVALID_HEADER,0,0,0,false,false,,TEXT_CONTENT_INTEGRITY_NOT_AUDITED_M2_02;TABLE_MEMBER_MISSING,INCOMPLETE_STRUCTURALLY_VALID_REQUIRED_WINDOWS
VRCA,Healthcare,false,true,true,true,true,2018-09-14,2023-12-15,277,275,T1-B1-S1-I1,PASS_REQUIRED_WINDOWS,0,0,0,true,false,2130,TEXT_CONTENT_INTEGRITY_NOT_AUDITED_M2_02,NOT_SELECTED_BY_DETERMINISTIC_DIVERSITY_TIE_BREAK
VREX,Healthcare,false,true,true,true,true,2017-04-21,2023-12-15,350,348,T1-B1-S1-I1,PASS_REQUIRED_WINDOWS,0,0,0,true,false,2434,TEXT_CONTENT_INTEGRITY_NOT_AUDITED_M2_02,NOT_SELECTED_BY_DETERMINISTIC_DIVERSITY_TIE_BREAK
VRIG,N/A,false,true,false,true,true,,,0,0,T1-B0-S1-I1,INVALID_HEADER,0,0,0,false,false,,TEXT_CONTENT_INTEGRITY_NOT_AUDITED_M2_02;TABLE_MEMBER_MISSING,INCOMPLETE_STRUCTURALLY_VALID_REQUIRED_WINDOWS
VRM,Consumer Cyclical,false,true,true,true,true,,,0,0,T1-B1-S1-I1,INCOMPLETE_REQUIRED_WINDOWS,0,0,0,false,false,,TEXT_CONTENT_INTEGRITY_NOT_AUDITED_M2_02,INCOMPLETE_STRUCTURALLY_VALID_REQUIRED_WINDOWS
VRNA,Healthcare,false,true,true,true,true,2017-07-28,2023-12-15,336,334,T1-B1-S1-I1,PASS_REQUIRED_WINDOWS,0,0,0,true,false,325,TEXT_CONTENT_INTEGRITY_NOT_AUDITED_M2_02,NOT_SELECTED_BY_DETERMINISTIC_DIVERSITY_TIE_BREAK
VRNS,Technology,false,true,true,true,true,2014-05-30,2023-12-15,501,499,T1-B1-S1-I1,PASS_REQUIRED_WINDOWS,0,0,0,true,false,283,TEXT_CONTENT_INTEGRITY_NOT_AUDITED_M2_02,NOT_SELECTED_BY_DETERMINISTIC_DIVERSITY_TIE_BREAK
VRNT,Technology,false,true,true,true,true,2002-08-16,2023-12-15,1116,1114,T1-B1-S1-I1,PASS_REQUIRED_WINDOWS,0,0,0,true,false,2466,TEXT_CONTENT_INTEGRITY_NOT_AUDITED_M2_02,NOT_SELECTED_BY_DETERMINISTIC_DIVERSITY_TIE_BREAK
VRP,N/A,false,true,false,true,true,,,0,0,T1-B0-S1-I1,INVALID_HEADER,0,0,0,false,false,,TEXT_CONTENT_INTEGRITY_NOT_AUDITED_M2_02;TABLE_MEMBER_MISSING,INCOMPLETE_STRUCTURALLY_VALID_REQUIRED_WINDOWS
VRRM,Technology,false,true,true,true,true,2017-06-23,2023-12-15,341,339,T1-B1-S1-I1,PASS_REQUIRED_WINDOWS,0,0,0,true,false,45,TEXT_CONTENT_INTEGRITY_NOT_AUDITED_M2_02,NOT_SELECTED_BY_DETERMINISTIC_DIVERSITY_TIE_BREAK
VRSK,Industrials,false,true,true,true,true,2010-01-08,2023-12-15,730,728,T1-B1-S1-I1,PASS_REQUIRED_WINDOWS,0,0,0,true,false,1290,TEXT_CONTENT_INTEGRITY_NOT_AUDITED_M2_02,NOT_SELECTED_BY_DETERMINISTIC_DIVERSITY_TIE_BREAK
VRSN,Technology,false,true,true,true,true,2000-03-31,2023-12-15,1240,1238,T1-B1-S1-I1,PASS_REQUIRED_WINDOWS,0,0,0,true,false,271,TEXT_CONTENT_INTEGRITY_NOT_AUDITED_M2_02,NOT_SELECTED_BY_DETERMINISTIC_DIVERSITY_TIE_BREAK
VRT,Industrials,false,true,true,true,true,2018-10-26,2023-12-15,271,269,T1-B1-S1-I1,PASS_REQUIRED_WINDOWS,0,0,0,true,false,190,TEXT_CONTENT_INTEGRITY_NOT_AUDITED_M2_02,NOT_SELECTED_BY_DETERMINISTIC_DIVERSITY_TIE_BREAK
VRTS,Financial Services,false,true,true,true,true,2009-04-03,2023-12-15,770,768,T1-B1-S1-I1,PASS_REQUIRED_WINDOWS,0,0,0,true,false,1818,TEXT_CONTENT_INTEGRITY_NOT_AUDITED_M2_02,NOT_SELECTED_BY_DETERMINISTIC_DIVERSITY_TIE_BREAK
VRTX,Healthcare,false,true,true,true,true,2000-03-31,2023-12-15,1240,1238,T1-B1-S1-I1,PASS_REQUIRED_WINDOWS,0,0,0,true,false,2743,TEXT_CONTENT_INTEGRITY_NOT_AUDITED_M2_02,NOT_SELECTED_BY_DETERMINISTIC_DIVERSITY_TIE_BREAK
VSDA,N/A,false,true,false,true,true,,,0,0,T1-B0-S1-I1,INVALID_HEADER,0,0,0,false,false,,TEXT_CONTENT_INTEGRITY_NOT_AUDITED_M2_02;TABLE_MEMBER_MISSING,INCOMPLETE_STRUCTURALLY_VALID_REQUIRED_WINDOWS
VSGX,N/A,false,true,false,true,true,,,0,0,T1-B0-S1-I1,INVALID_HEADER,0,0,0,false,false,,TEXT_CONTENT_INTEGRITY_NOT_AUDITED_M2_02;TABLE_MEMBER_MISSING,INCOMPLETE_STRUCTURALLY_VALID_REQUIRED_WINDOWS
VSH,Technology,false,true,true,true,true,2000-03-31,2023-12-15,1240,1238,T1-B1-S1-I1,PASS_REQUIRED_WINDOWS,0,0,0,true,false,15,TEXT_CONTENT_INTEGRITY_NOT_AUDITED_M2_02,NOT_SELECTED_BY_DETERMINISTIC_DIVERSITY_TIE_BREAK
VSMV,N/A,false,true,false,true,true,,,0,0,T1-B0-S1-I1,INVALID_HEADER,0,0,0,false,false,,TEXT_CONTENT_INTEGRITY_NOT_AUDITED_M2_02;TABLE_MEMBER_MISSING,INCOMPLETE_STRUCTURALLY_VALID_REQUIRED_WINDOWS
VSS,N/A,false,true,false,true,true,,,0,0,T1-B0-S1-I1,INVALID_HEADER,0,0,0,false,false,,TEXT_CONTENT_INTEGRITY_NOT_AUDITED_M2_02;TABLE_MEMBER_MISSING,INCOMPLETE_STRUCTURALLY_VALID_REQUIRED_WINDOWS
VST,Utilities,false,true,true,true,true,2016-12-30,2023-12-15,366,364,T1-B1-S1-I1,PASS_REQUIRED_WINDOWS,0,0,0,true,false,224,TEXT_CONTENT_INTEGRITY_NOT_AUDITED_M2_02,NOT_SELECTED_BY_DETERMINISTIC_DIVERSITY_TIE_BREAK
VSTM,Healthcare,false,true,true,true,true,2012-04-27,2023-12-15,610,608,T1-B1-S1-I1,PASS_REQUIRED_WINDOWS,0,0,0,true,false,2089,TEXT_CONTENT_INTEGRITY_NOT_AUDITED_M2_02,NOT_SELECTED_BY_DETERMINISTIC_DIVERSITY_TIE_BREAK
VT,N/A,false,true,false,true,true,,,0,0,T1-B0-S1-I1,INVALID_HEADER,0,0,0,false,false,,TEXT_CONTENT_INTEGRITY_NOT_AUDITED_M2_02;TABLE_MEMBER_MISSING,INCOMPLETE_STRUCTURALLY_VALID_REQUIRED_WINDOWS
VTC,N/A,false,true,false,true,true,,,0,0,T1-B0-S1-I1,INVALID_HEADER,0,0,0,false,false,,TEXT_CONTENT_INTEGRITY_NOT_AUDITED_M2_02;TABLE_MEMBER_MISSING,INCOMPLETE_STRUCTURALLY_VALID_REQUIRED_WINDOWS
VTEB,N/A,false,true,false,true,true,,,0,0,T1-B0-S1-I1,INVALID_HEADER,0,0,0,false,false,,TEXT_CONTENT_INTEGRITY_NOT_AUDITED_M2_02;TABLE_MEMBER_MISSING,INCOMPLETE_STRUCTURALLY_VALID_REQUIRED_WINDOWS
VTHR,N/A,false,true,false,true,true,,,0,0,T1-B0-S1-I1,INVALID_HEADER,0,0,0,false,false,,TEXT_CONTENT_INTEGRITY_NOT_AUDITED_M2_02;TABLE_MEMBER_MISSING,INCOMPLETE_STRUCTURALLY_VALID_REQUIRED_WINDOWS
VTI,N/A,false,true,false,true,true,,,0,0,T1-B0-S1-I1,INVALID_HEADER,0,0,0,false,false,,TEXT_CONTENT_INTEGRITY_NOT_AUDITED_M2_02;TABLE_MEMBER_MISSING,INCOMPLETE_STRUCTURALLY_VALID_REQUIRED_WINDOWS
VTIP,N/A,false,true,false,true,true,,,0,0,T1-B0-S1-I1,INVALID_HEADER,0,0,0,false,false,,TEXT_CONTENT_INTEGRITY_NOT_AUDITED_M2_02;TABLE_MEMBER_MISSING,INCOMPLETE_STRUCTURALLY_VALID_REQUIRED_WINDOWS
VTN,Financial Services,false,true,false,true,true,2000-03-31,2023-12-15,1240,1238,T1-B0-S1-I1,PASS_REQUIRED_WINDOWS,0,0,0,true,false,2161,TEXT_CONTENT_INTEGRITY_NOT_AUDITED_M2_02;TABLE_MEMBER_MISSING,NOT_SELECTED_BY_DETERMINISTIC_DIVERSITY_TIE_BREAK
VTOL,Energy,false,true,true,true,true,2013-04-19,2023-12-15,559,557,T1-B1-S1-I1,PASS_REQUIRED_WINDOWS,0,0,0,true,false,1089,TEXT_CONTENT_INTEGRITY_NOT_AUDITED_M2_02,NOT_SELECTED_BY_DETERMINISTIC_DIVERSITY_TIE_BREAK
VTR,Real Estate,false,true,true,true,true,2000-03-31,2023-12-15,1240,1238,T1-B1-S1-I1,PASS_REQUIRED_WINDOWS,0,0,0,true,false,1291,TEXT_CONTENT_INTEGRITY_NOT_AUDITED_M2_02,NOT_SELECTED_BY_DETERMINISTIC_DIVERSITY_TIE_BREAK
VTSI,Technology,false,true,true,true,true,2012-12-21,2023-12-15,576,574,T1-B1-S1-I1,PASS_REQUIRED_WINDOWS,0,0,0,true,false,383,TEXT_CONTENT_INTEGRITY_NOT_AUDITED_M2_02,NOT_SELECTED_BY_DETERMINISTIC_DIVERSITY_TIE_BREAK
VTV,N/A,false,true,false,true,true,,,0,0,T1-B0-S1-I1,INVALID_HEADER,0,0,0,false,false,,TEXT_CONTENT_INTEGRITY_NOT_AUDITED_M2_02;TABLE_MEMBER_MISSING,INCOMPLETE_STRUCTURALLY_VALID_REQUIRED_WINDOWS
VTVT,Healthcare,false,true,true,true,true,2015-10-23,2023-12-15,428,426,T1-B1-S1-I1,PASS_REQUIRED_WINDOWS,0,0,0,true,false,2044,TEXT_CONTENT_INTEGRITY_NOT_AUDITED_M2_02,NOT_SELECTED_BY_DETERMINISTIC_DIVERSITY_TIE_BREAK
VTWG,N/A,false,true,false,true,true,,,0,0,T1-B0-S1-I1,INVALID_HEADER,0,0,0,false,false,,TEXT_CONTENT_INTEGRITY_NOT_AUDITED_M2_02;TABLE_MEMBER_MISSING,INCOMPLETE_STRUCTURALLY_VALID_REQUIRED_WINDOWS
VTWO,N/A,false,true,false,true,true,,,0,0,T1-B0-S1-I1,INVALID_HEADER,0,0,0,false,false,,TEXT_CONTENT_INTEGRITY_NOT_AUDITED_M2_02;TABLE_MEMBER_MISSING,INCOMPLETE_STRUCTURALLY_VALID_REQUIRED_WINDOWS
VTWV,N/A,false,true,false,true,true,,,0,0,T1-B0-S1-I1,INVALID_HEADER,0,0,0,false,false,,TEXT_CONTENT_INTEGRITY_NOT_AUDITED_M2_02;TABLE_MEMBER_MISSING,INCOMPLETE_STRUCTURALLY_VALID_REQUIRED_WINDOWS
VUG,N/A,false,true,false,true,true,,,0,0,T1-B0-S1-I1,INVALID_HEADER,0,0,0,false,false,,TEXT_CONTENT_INTEGRITY_NOT_AUDITED_M2_02;TABLE_MEMBER_MISSING,INCOMPLETE_STRUCTURALLY_VALID_REQUIRED_WINDOWS
VUSE,N/A,false,true,false,true,true,,,0,0,T1-B0-S1-I1,INVALID_HEADER,0,0,0,false,false,,TEXT_CONTENT_INTEGRITY_NOT_AUDITED_M2_02;TABLE_MEMBER_MISSING,INCOMPLETE_STRUCTURALLY_VALID_REQUIRED_WINDOWS
VUZI,Technology,false,true,true,true,true,2010-07-02,2023-12-15,705,703,T1-B1-S1-I1,PASS_REQUIRED_WINDOWS,0,0,0,true,false,1806,TEXT_CONTENT_INTEGRITY_NOT_AUDITED_M2_02,NOT_SELECTED_BY_DETERMINISTIC_DIVERSITY_TIE_BREAK
VV,N/A,false,true,false,true,true,,,0,0,T1-B0-S1-I1,INVALID_HEADER,0,0,0,false,false,,TEXT_CONTENT_INTEGRITY_NOT_AUDITED_M2_02;TABLE_MEMBER_MISSING,INCOMPLETE_STRUCTURALLY_VALID_REQUIRED_WINDOWS
VVV,Consumer Cyclical,false,true,true,true,true,2016-12-23,2023-12-15,367,365,T1-B1-S1-I1,PASS_REQUIRED_WINDOWS,0,0,0,true,false,2367,TEXT_CONTENT_INTEGRITY_NOT_AUDITED_M2_02,NOT_SELECTED_BY_DETERMINISTIC_DIVERSITY_TIE_BREAK
VWO,N/A,false,true,false,true,true,,,0,0,T1-B0-S1-I1,INVALID_HEADER,0,0,0,false,false,,TEXT_CONTENT_INTEGRITY_NOT_AUDITED_M2_02;TABLE_MEMBER_MISSING,INCOMPLETE_STRUCTURALLY_VALID_REQUIRED_WINDOWS
VWOB,N/A,false,true,false,true,true,,,0,0,T1-B0-S1-I1,INVALID_HEADER,0,0,0,false,false,,TEXT_CONTENT_INTEGRITY_NOT_AUDITED_M2_02;TABLE_MEMBER_MISSING,INCOMPLETE_STRUCTURALLY_VALID_REQUIRED_WINDOWS
VXF,N/A,false,true,false,true,true,,,0,0,T1-B0-S1-I1,INVALID_HEADER,0,0,0,false,false,,TEXT_CONTENT_INTEGRITY_NOT_AUDITED_M2_02;TABLE_MEMBER_MISSING,INCOMPLETE_STRUCTURALLY_VALID_REQUIRED_WINDOWS
VXRT,Healthcare,false,true,true,true,true,2000-03-31,2023-12-15,1240,1238,T1-B1-S1-I1,PASS_REQUIRED_WINDOWS,0,0,0,true,false,2786,TEXT_CONTENT_INTEGRITY_NOT_AUDITED_M2_02,NOT_SELECTED_BY_DETERMINISTIC_DIVERSITY_TIE_BREAK
VXUS,N/A,false,true,false,true,true,,,0,0,T1-B0-S1-I1,INVALID_HEADER,0,0,0,false,false,,TEXT_CONTENT_INTEGRITY_NOT_AUDITED_M2_02;TABLE_MEMBER_MISSING,INCOMPLETE_STRUCTURALLY_VALID_REQUIRED_WINDOWS
VXX,N/A,false,true,true,true,true,,,0,0,T1-B1-S1-I1,INVALID_HEADER,0,0,0,false,false,,TEXT_CONTENT_INTEGRITY_NOT_AUDITED_M2_02,INCOMPLETE_STRUCTURALLY_VALID_REQUIRED_WINDOWS
VXZ,N/A,false,true,true,true,true,,,0,0,T1-B1-S1-I1,INVALID_HEADER,0,0,0,false,false,,TEXT_CONTENT_INTEGRITY_NOT_AUDITED_M2_02,INCOMPLETE_STRUCTURALLY_VALID_REQUIRED_WINDOWS
VYGR,Healthcare,false,true,true,true,true,2016-02-12,2023-12-15,412,410,T1-B1-S1-I1,PASS_REQUIRED_WINDOWS,0,0,0,true,false,1311,TEXT_CONTENT_INTEGRITY_NOT_AUDITED_M2_02,NOT_SELECTED_BY_DETERMINISTIC_DIVERSITY_TIE_BREAK
VYM,N/A,false,true,false,true,true,,,0,0,T1-B0-S1-I1,INVALID_HEADER,0,0,0,false,false,,TEXT_CONTENT_INTEGRITY_NOT_AUDITED_M2_02;TABLE_MEMBER_MISSING,INCOMPLETE_STRUCTURALLY_VALID_REQUIRED_WINDOWS
VYMI,N/A,false,true,false,true,true,,,0,0,T1-B0-S1-I1,INVALID_HEADER,0,0,0,false,false,,TEXT_CONTENT_INTEGRITY_NOT_AUDITED_M2_02;TABLE_MEMBER_MISSING,INCOMPLETE_STRUCTURALLY_VALID_REQUIRED_WINDOWS
W,Consumer Cyclical,false,true,false,true,true,2015-01-02,2023-12-15,470,468,T1-B0-S1-I1,PASS_REQUIRED_WINDOWS,0,0,0,true,false,2121,TEXT_CONTENT_INTEGRITY_NOT_AUDITED_M2_02;TABLE_MEMBER_MISSING,NOT_SELECTED_BY_DETERMINISTIC_DIVERSITY_TIE_BREAK
WAB,Industrials,false,true,true,true,true,2000-03-31,2023-12-15,1240,1238,T1-B1-S1-I1,PASS_REQUIRED_WINDOWS,0,0,0,true,false,567,TEXT_CONTENT_INTEGRITY_NOT_AUDITED_M2_02,NOT_SELECTED_BY_DETERMINISTIC_DIVERSITY_TIE_BREAK
WABC,Financial Services,false,true,true,true,true,2000-03-31,2023-12-15,1240,1238,T1-B1-S1-I1,PASS_REQUIRED_WINDOWS,0,0,0,true,false,2912,TEXT_CONTENT_INTEGRITY_NOT_AUDITED_M2_02,NOT_SELECTED_BY_DETERMINISTIC_DIVERSITY_TIE_BREAK
WAFD,Financial Services,false,true,true,true,true,2000-03-31,2023-12-15,1240,1238,T1-B1-S1-I1,PASS_REQUIRED_WINDOWS,0,0,0,true,false,1721,TEXT_CONTENT_INTEGRITY_NOT_AUDITED_M2_02,NOT_SELECTED_BY_DETERMINISTIC_DIVERSITY_TIE_BREAK
WAFU,Consumer Defensive,false,true,true,true,true,2019-07-26,2023-12-15,232,230,T1-B1-S1-I1,PASS_REQUIRED_WINDOWS,0,0,0,true,false,951,TEXT_CONTENT_INTEGRITY_NOT_AUDITED_M2_02,NOT_SELECTED_BY_DETERMINISTIC_DIVERSITY_TIE_BREAK
WAL,Financial Services,false,true,true,true,true,2005-09-30,2023-12-15,953,951,T1-B1-S1-I1,PASS_REQUIRED_WINDOWS,0,0,0,true,false,741,TEXT_CONTENT_INTEGRITY_NOT_AUDITED_M2_02,NOT_SELECTED_BY_DETERMINISTIC_DIVERSITY_TIE_BREAK
WANT,N/A,false,true,false,true,true,,,0,0,T1-B0-S1-I1,INVALID_HEADER,0,0,0,false,false,,TEXT_CONTENT_INTEGRITY_NOT_AUDITED_M2_02;TABLE_MEMBER_MISSING,INCOMPLETE_STRUCTURALLY_VALID_REQUIRED_WINDOWS
WASH,Financial Services,false,true,true,true,true,2000-03-31,2023-12-15,1240,1238,T1-B1-S1-I1,PASS_REQUIRED_WINDOWS,0,0,0,true,false,1302,TEXT_CONTENT_INTEGRITY_NOT_AUDITED_M2_02,NOT_SELECTED_BY_DETERMINISTIC_DIVERSITY_TIE_BREAK
WAT,Healthcare,false,true,true,true,true,2000-03-31,2023-12-15,1240,1238,T1-B1-S1-I1,PASS_REQUIRED_WINDOWS,0,0,0,true,false,2345,TEXT_CONTENT_INTEGRITY_NOT_AUDITED_M2_02,NOT_SELECTED_BY_DETERMINISTIC_DIVERSITY_TIE_BREAK
WATT,Technology,false,true,true,true,true,2014-06-27,2023-12-15,497,495,T1-B1-S1-I1,PASS_REQUIRED_WINDOWS,0,0,0,true,false,1660,TEXT_CONTENT_INTEGRITY_NOT_AUDITED_M2_02,NOT_SELECTED_BY_DETERMINISTIC_DIVERSITY_TIE_BREAK
WB,Communication Services,false,true,true,true,true,2014-07-18,2023-12-15,494,492,T1-B1-S1-I1,PASS_REQUIRED_WINDOWS,0,0,0,true,false,2342,TEXT_CONTENT_INTEGRITY_NOT_AUDITED_M2_02,NOT_SELECTED_BY_DETERMINISTIC_DIVERSITY_TIE_BREAK
WBA,Healthcare,false,true,true,true,true,2000-03-31,2023-12-15,1240,1238,T1-B1-S1-I1,PASS_REQUIRED_WINDOWS,0,0,0,true,false,1752,TEXT_CONTENT_INTEGRITY_NOT_AUDITED_M2_02,NOT_SELECTED_BY_DETERMINISTIC_DIVERSITY_TIE_BREAK
WBIF,N/A,false,true,false,true,true,,,0,0,T1-B0-S1-I1,INVALID_HEADER,0,0,0,false,false,,TEXT_CONTENT_INTEGRITY_NOT_AUDITED_M2_02;TABLE_MEMBER_MISSING,INCOMPLETE_STRUCTURALLY_VALID_REQUIRED_WINDOWS
WBIG,N/A,false,true,false,true,true,,,0,0,T1-B0-S1-I1,INVALID_HEADER,0,0,0,false,false,,TEXT_CONTENT_INTEGRITY_NOT_AUDITED_M2_02;TABLE_MEMBER_MISSING,INCOMPLETE_STRUCTURALLY_VALID_REQUIRED_WINDOWS
WBIL,N/A,false,true,false,true,true,,,0,0,T1-B0-S1-I1,INVALID_HEADER,0,0,0,false,false,,TEXT_CONTENT_INTEGRITY_NOT_AUDITED_M2_02;TABLE_MEMBER_MISSING,INCOMPLETE_STRUCTURALLY_VALID_REQUIRED_WINDOWS
WBIY,N/A,false,true,false,true,true,,,0,0,T1-B0-S1-I1,INVALID_HEADER,0,0,0,false,false,,TEXT_CONTENT_INTEGRITY_NOT_AUDITED_M2_02;TABLE_MEMBER_MISSING,INCOMPLETE_STRUCTURALLY_VALID_REQUIRED_WINDOWS
WBS,Financial Services,false,true,true,true,true,2000-03-31,2023-12-15,1240,1238,T1-B1-S1-I1,PASS_REQUIRED_WINDOWS,0,0,0,true,false,2894,TEXT_CONTENT_INTEGRITY_NOT_AUDITED_M2_02,NOT_SELECTED_BY_DETERMINISTIC_DIVERSITY_TIE_BREAK
WCC,Industrials,false,true,true,true,true,2000-03-31,2023-12-15,1240,1238,T1-B1-S1-I1,PASS_REQUIRED_WINDOWS,0,0,0,true,false,2298,TEXT_CONTENT_INTEGRITY_NOT_AUDITED_M2_02,NOT_SELECTED_BY_DETERMINISTIC_DIVERSITY_TIE_BREAK
WCLD,N/A,false,true,false,true,true,,,0,0,T1-B0-S1-I1,INVALID_HEADER,0,0,0,false,false,,TEXT_CONTENT_INTEGRITY_NOT_AUDITED_M2_02;TABLE_MEMBER_MISSING,INCOMPLETE_STRUCTURALLY_VALID_REQUIRED_WINDOWS
WCN,Industrials,false,true,true,true,true,2000-03-31,2023-12-15,1240,1238,T1-B1-S1-I1,PASS_REQUIRED_WINDOWS,0,0,0,true,false,2392,TEXT_CONTENT_INTEGRITY_NOT_AUDITED_M2_02,NOT_SELECTED_BY_DETERMINISTIC_DIVERSITY_TIE_BREAK
WD,Financial Services,false,true,true,true,true,2011-03-18,2023-12-15,668,666,T1-B1-S1-I1,PASS_REQUIRED_WINDOWS,0,0,0,true,false,1295,TEXT_CONTENT_INTEGRITY_NOT_AUDITED_M2_02,NOT_SELECTED_BY_DETERMINISTIC_DIVERSITY_TIE_BREAK
WDAY,Technology,false,true,true,true,true,2013-01-11,2023-12-15,573,571,T1-B1-S1-I1,PASS_REQUIRED_WINDOWS,0,0,0,true,false,57,TEXT_CONTENT_INTEGRITY_NOT_AUDITED_M2_02,NOT_SELECTED_BY_DETERMINISTIC_DIVERSITY_TIE_BREAK
WDC,Technology,false,true,true,true,true,2000-03-31,2023-12-15,1240,1238,T1-B1-S1-I1,PASS_REQUIRED_WINDOWS,0,0,0,true,false,1122,TEXT_CONTENT_INTEGRITY_NOT_AUDITED_M2_02,NOT_SELECTED_BY_DETERMINISTIC_DIVERSITY_TIE_BREAK
WDFC,Basic Materials,false,true,true,true,true,2000-03-31,2023-12-15,1240,1238,T1-B1-S1-I1,PASS_REQUIRED_WINDOWS,0,0,0,true,false,2309,TEXT_CONTENT_INTEGRITY_NOT_AUDITED_M2_02,NOT_SELECTED_BY_DETERMINISTIC_DIVERSITY_TIE_BREAK
WDIV,N/A,false,true,false,true,true,,,0,0,T1-B0-S1-I1,INVALID_HEADER,0,0,0,false,false,,TEXT_CONTENT_INTEGRITY_NOT_AUDITED_M2_02;TABLE_MEMBER_MISSING,INCOMPLETE_STRUCTURALLY_VALID_REQUIRED_WINDOWS
WEA,Financial Services,false,true,false,true,true,2002-06-21,2023-12-15,1124,1122,T1-B0-S1-I1,PASS_REQUIRED_WINDOWS,0,0,0,true,false,2895,TEXT_CONTENT_INTEGRITY_NOT_AUDITED_M2_02;TABLE_MEMBER_MISSING,NOT_SELECTED_BY_DETERMINISTIC_DIVERSITY_TIE_BREAK
WEAT,N/A,false,true,true,true,true,,,0,0,T1-B1-S1-I1,INVALID_HEADER,0,0,0,false,false,,TEXT_CONTENT_INTEGRITY_NOT_AUDITED_M2_02,INCOMPLETE_STRUCTURALLY_VALID_REQUIRED_WINDOWS
WEBL,N/A,false,true,false,true,true,,,0,0,T1-B0-S1-I1,INVALID_HEADER,0,0,0,false,false,,TEXT_CONTENT_INTEGRITY_NOT_AUDITED_M2_02;TABLE_MEMBER_MISSING,INCOMPLETE_STRUCTURALLY_VALID_REQUIRED_WINDOWS
WEBS,N/A,false,true,false,true,true,,,0,0,T1-B0-S1-I1,INVALID_HEADER,0,0,0,false,false,,TEXT_CONTENT_INTEGRITY_NOT_AUDITED_M2_02;TABLE_MEMBER_MISSING,INCOMPLETE_STRUCTURALLY_VALID_REQUIRED_WINDOWS
WELL,Real Estate,false,true,true,true,true,2000-03-31,2023-12-15,1240,1238,T1-B1-S1-I1,PASS_REQUIRED_WINDOWS,0,0,0,true,false,2642,TEXT_CONTENT_INTEGRITY_NOT_AUDITED_M2_02,NOT_SELECTED_BY_DETERMINISTIC_DIVERSITY_TIE_BREAK
WEN,Consumer Cyclical,false,true,true,true,true,2000-03-31,2023-12-15,1240,1238,T1-B1-S1-I1,PASS_REQUIRED_WINDOWS,0,0,0,true,false,2167,TEXT_CONTENT_INTEGRITY_NOT_AUDITED_M2_02,NOT_SELECTED_BY_DETERMINISTIC_DIVERSITY_TIE_BREAK
WERN,Industrials,false,true,true,true,true,2000-03-31,2023-12-15,1240,1238,T1-B1-S1-I1,PASS_REQUIRED_WINDOWS,0,0,0,true,false,86,TEXT_CONTENT_INTEGRITY_NOT_AUDITED_M2_02,NOT_SELECTED_BY_DETERMINISTIC_DIVERSITY_TIE_BREAK
WES,Energy,false,true,true,true,true,2013-03-08,2023-12-15,565,563,T1-B1-S1-I1,PASS_REQUIRED_WINDOWS,0,0,0,true,false,640,TEXT_CONTENT_INTEGRITY_NOT_AUDITED_M2_02,NOT_SELECTED_BY_DETERMINISTIC_DIVERSITY_TIE_BREAK
WEX,Technology,false,true,true,true,true,2005-05-13,2023-12-15,973,971,T1-B1-S1-I1,PASS_REQUIRED_WINDOWS,0,0,0,true,false,513,TEXT_CONTENT_INTEGRITY_NOT_AUDITED_M2_02,NOT_SELECTED_BY_DETERMINISTIC_DIVERSITY_TIE_BREAK
WEYS,Consumer Cyclical,false,true,true,true,true,2000-03-31,2023-12-15,1240,1238,T1-B1-S1-I1,PASS_REQUIRED_WINDOWS,0,0,0,true,false,461,TEXT_CONTENT_INTEGRITY_NOT_AUDITED_M2_02,NOT_SELECTED_BY_DETERMINISTIC_DIVERSITY_TIE_BREAK
WF,Financial Services,false,true,true,true,true,2003-12-26,2023-12-15,1045,1043,T1-B1-S1-I1,PASS_REQUIRED_WINDOWS,0,0,0,true,false,1585,TEXT_CONTENT_INTEGRITY_NOT_AUDITED_M2_02,NOT_SELECTED_BY_DETERMINISTIC_DIVERSITY_TIE_BREAK
WFC,Financial Services,false,true,true,true,true,2000-03-31,2023-12-15,1240,1238,T1-B1-S1-I1,PASS_REQUIRED_WINDOWS,0,0,0,true,false,1792,TEXT_CONTENT_INTEGRITY_NOT_AUDITED_M2_02,NOT_SELECTED_BY_DETERMINISTIC_DIVERSITY_TIE_BREAK
WFH,N/A,false,true,false,true,true,,,0,0,T1-B0-S1-I1,INVALID_HEADER,0,0,0,false,false,,TEXT_CONTENT_INTEGRITY_NOT_AUDITED_M2_02;TABLE_MEMBER_MISSING,INCOMPLETE_STRUCTURALLY_VALID_REQUIRED_WINDOWS
WFHY,N/A,false,true,false,true,true,,,0,0,T1-B0-S1-I1,INVALID_HEADER,0,0,0,false,false,,TEXT_CONTENT_INTEGRITY_NOT_AUDITED_M2_02;TABLE_MEMBER_MISSING,INCOMPLETE_STRUCTURALLY_VALID_REQUIRED_WINDOWS
WFIG,N/A,false,true,false,true,true,,,0,0,T1-B0-S1-I1,INVALID_HEADER,0,0,0,false,false,,TEXT_CONTENT_INTEGRITY_NOT_AUDITED_M2_02;TABLE_MEMBER_MISSING,INCOMPLETE_STRUCTURALLY_VALID_REQUIRED_WINDOWS
WGO,Consumer Cyclical,false,true,true,true,true,2000-03-31,2023-12-15,1240,1238,T1-B1-S1-I1,PASS_REQUIRED_WINDOWS,0,0,0,true,false,2783,TEXT_CONTENT_INTEGRITY_NOT_AUDITED_M2_02,NOT_SELECTED_BY_DETERMINISTIC_DIVERSITY_TIE_BREAK
WH,Consumer Cyclical,false,true,true,true,true,2018-08-17,2023-12-15,281,279,T1-B1-S1-I1,PASS_REQUIRED_WINDOWS,0,0,0,true,false,1476,TEXT_CONTENT_INTEGRITY_NOT_AUDITED_M2_02,NOT_SELECTED_BY_DETERMINISTIC_DIVERSITY_TIE_BREAK
WHD,Energy,false,true,true,true,true,2018-05-11,2023-12-15,295,293,T1-B1-S1-I1,PASS_REQUIRED_WINDOWS,0,0,0,true,false,1221,TEXT_CONTENT_INTEGRITY_NOT_AUDITED_M2_02,NOT_SELECTED_BY_DETERMINISTIC_DIVERSITY_TIE_BREAK
WHF,Financial Services,false,true,true,true,true,2013-03-08,2023-12-15,565,563,T1-B1-S1-I1,PASS_REQUIRED_WINDOWS,0,0,0,true,false,2966,TEXT_CONTENT_INTEGRITY_NOT_AUDITED_M2_02,NOT_SELECTED_BY_DETERMINISTIC_DIVERSITY_TIE_BREAK
WHG,Financial Services,false,true,true,true,true,2002-09-13,2023-12-15,1112,1110,T1-B1-S1-I1,PASS_REQUIRED_WINDOWS,0,0,0,true,false,1837,TEXT_CONTENT_INTEGRITY_NOT_AUDITED_M2_02,NOT_SELECTED_BY_DETERMINISTIC_DIVERSITY_TIE_BREAK
WHLM,Industrials,false,true,true,true,true,2000-03-31,2023-12-15,1240,1238,T1-B1-S1-I1,PASS_REQUIRED_WINDOWS,0,0,0,true,false,1941,TEXT_CONTENT_INTEGRITY_NOT_AUDITED_M2_02,NOT_SELECTED_BY_DETERMINISTIC_DIVERSITY_TIE_BREAK
WHLR,Real Estate,false,true,true,true,true,2013-02-15,2023-12-15,568,566,T1-B1-S1-I1,PASS_REQUIRED_WINDOWS,0,0,0,true,false,690,TEXT_CONTENT_INTEGRITY_NOT_AUDITED_M2_02,NOT_SELECTED_BY_DETERMINISTIC_DIVERSITY_TIE_BREAK
WHLRD,Real Estate,false,true,true,true,true,2017-10-20,2023-12-15,324,322,T1-B1-S1-I1,PASS_REQUIRED_WINDOWS,0,0,0,true,false,1828,TEXT_CONTENT_INTEGRITY_NOT_AUDITED_M2_02,NOT_SELECTED_BY_DETERMINISTIC_DIVERSITY_TIE_BREAK
WHLRP,Real Estate,false,true,true,true,true,2015-05-01,2023-12-15,453,451,T1-B1-S1-I1,PASS_REQUIRED_WINDOWS,0,0,0,true,false,341,TEXT_CONTENT_INTEGRITY_NOT_AUDITED_M2_02,NOT_SELECTED_BY_DETERMINISTIC_DIVERSITY_TIE_BREAK
WHR,Consumer Cyclical,false,true,true,true,true,2000-03-31,2023-12-15,1240,1238,T1-B1-S1-I1,PASS_REQUIRED_WINDOWS,0,0,0,true,false,2723,TEXT_CONTENT_INTEGRITY_NOT_AUDITED_M2_02,NOT_SELECTED_BY_DETERMINISTIC_DIVERSITY_TIE_BREAK
WIA,Financial Services,false,true,false,true,true,2003-12-26,2023-12-15,1045,1043,T1-B0-S1-I1,PASS_REQUIRED_WINDOWS,0,0,0,true,false,1011,TEXT_CONTENT_INTEGRITY_NOT_AUDITED_M2_02;TABLE_MEMBER_MISSING,NOT_SELECTED_BY_DETERMINISTIC_DIVERSITY_TIE_BREAK
WIMI,Communication Services,false,true,true,true,true,2020-06-26,2023-12-15,184,182,T1-B1-S1-I1,PASS_REQUIRED_WINDOWS,0,0,0,true,false,782,TEXT_CONTENT_INTEGRITY_NOT_AUDITED_M2_02,NOT_SELECTED_BY_DETERMINISTIC_DIVERSITY_TIE_BREAK
WINA,Consumer Cyclical,false,true,true,true,true,2000-03-31,2023-12-15,1240,1238,T1-B1-S1-I1,PASS_REQUIRED_WINDOWS,0,0,0,true,false,726,TEXT_CONTENT_INTEGRITY_NOT_AUDITED_M2_02,NOT_SELECTED_BY_DETERMINISTIC_DIVERSITY_TIE_BREAK
WINC,N/A,false,true,false,true,true,,,0,0,T1-B0-S1-I1,INVALID_HEADER,0,0,0,false,false,,TEXT_CONTENT_INTEGRITY_NOT_AUDITED_M2_02;TABLE_MEMBER_MISSING,INCOMPLETE_STRUCTURALLY_VALID_REQUIRED_WINDOWS
WING,Consumer Cyclical,false,true,true,true,true,2015-09-11,2023-12-15,434,432,T1-B1-S1-I1,PASS_REQUIRED_WINDOWS,0,0,0,true,false,2730,TEXT_CONTENT_INTEGRITY_NOT_AUDITED_M2_02,NOT_SELECTED_BY_DETERMINISTIC_DIVERSITY_TIE_BREAK
WINT,Healthcare,false,true,true,true,true,2000-03-31,2023-12-15,1240,1238,T1-B1-S1-I1,PASS_REQUIRED_WINDOWS,0,0,0,true,false,2291,TEXT_CONTENT_INTEGRITY_NOT_AUDITED_M2_02,NOT_SELECTED_BY_DETERMINISTIC_DIVERSITY_TIE_BREAK
WISA,N/A,false,true,false,true,true,2018-10-26,2023-12-15,271,269,T1-B0-S1-I1,PASS_REQUIRED_WINDOWS,0,0,0,true,false,2273,TEXT_CONTENT_INTEGRITY_NOT_AUDITED_M2_02;TABLE_MEMBER_MISSING,NOT_SELECTED_BY_DETERMINISTIC_DIVERSITY_TIE_BREAK
WIT,Technology,false,true,true,true,true,2001-01-19,2023-12-15,1198,1196,T1-B1-S1-I1,PASS_REQUIRED_WINDOWS,0,0,0,true,false,1611,TEXT_CONTENT_INTEGRITY_NOT_AUDITED_M2_02,NOT_SELECTED_BY_DETERMINISTIC_DIVERSITY_TIE_BREAK
WIW,Financial Services,false,true,false,true,true,2004-05-21,2023-12-15,1024,1022,T1-B0-S1-I1,PASS_REQUIRED_WINDOWS,0,0,0,true,false,1395,TEXT_CONTENT_INTEGRITY_NOT_AUDITED_M2_02;TABLE_MEMBER_MISSING,NOT_SELECTED_BY_DETERMINISTIC_DIVERSITY_TIE_BREAK
WIX,Technology,false,true,true,true,true,2014-02-07,2023-12-15,517,515,T1-B1-S1-I1,PASS_REQUIRED_WINDOWS,0,0,0,true,false,2634,TEXT_CONTENT_INTEGRITY_NOT_AUDITED_M2_02,NOT_SELECTED_BY_DETERMINISTIC_DIVERSITY_TIE_BREAK
WIZ,N/A,false,false,false,true,true,,,0,0,T0-B0-S1-I1,INVALID_HEADER,0,0,0,false,false,,TEXT_CONTENT_INTEGRITY_NOT_AUDITED_M2_02;TEXT_MEMBER_MISSING;TABLE_MEMBER_MISSING,INCOMPLETE_STRUCTURALLY_VALID_REQUIRED_WINDOWS
WK,Technology,false,true,true,true,true,2015-03-13,2023-12-15,460,458,T1-B1-S1-I1,PASS_REQUIRED_WINDOWS,0,0,0,true,false,2641,TEXT_CONTENT_INTEGRITY_NOT_AUDITED_M2_02,NOT_SELECTED_BY_DETERMINISTIC_DIVERSITY_TIE_BREAK
WKEY,Technology,false,true,true,true,true,2019-04-12,2023-12-15,247,245,T1-B1-S1-I1,PASS_REQUIRED_WINDOWS,0,0,0,true,false,2245,TEXT_CONTENT_INTEGRITY_NOT_AUDITED_M2_02,NOT_SELECTED_BY_DETERMINISTIC_DIVERSITY_TIE_BREAK
WKHS,Consumer Cyclical,false,true,true,true,true,2010-08-27,2023-12-15,697,695,T1-B1-S1-I1,PASS_REQUIRED_WINDOWS,0,0,0,true,false,253,TEXT_CONTENT_INTEGRITY_NOT_AUDITED_M2_02,NOT_SELECTED_BY_DETERMINISTIC_DIVERSITY_TIE_BREAK
WLDN,Industrials,false,true,true,true,true,2007-02-23,2023-12-15,880,878,T1-B1-S1-I1,PASS_REQUIRED_WINDOWS,0,0,0,true,false,2780,TEXT_CONTENT_INTEGRITY_NOT_AUDITED_M2_02,NOT_SELECTED_BY_DETERMINISTIC_DIVERSITY_TIE_BREAK
WLDR,N/A,false,true,false,true,true,,,0,0,T1-B0-S1-I1,INVALID_HEADER,0,0,0,false,false,,TEXT_CONTENT_INTEGRITY_NOT_AUDITED_M2_02;TABLE_MEMBER_MISSING,INCOMPLETE_STRUCTURALLY_VALID_REQUIRED_WINDOWS
WLFC,Industrials,false,true,true,true,true,2000-03-31,2023-12-15,1240,1238,T1-B1-S1-I1,PASS_REQUIRED_WINDOWS,0,0,0,true,false,731,TEXT_CONTENT_INTEGRITY_NOT_AUDITED_M2_02,NOT_SELECTED_BY_DETERMINISTIC_DIVERSITY_TIE_BREAK
WMS,Industrials,false,true,true,true,true,2014-10-24,2023-12-15,480,478,T1-B1-S1-I1,PASS_REQUIRED_WINDOWS,0,0,0,true,false,2855,TEXT_CONTENT_INTEGRITY_NOT_AUDITED_M2_02,NOT_SELECTED_BY_DETERMINISTIC_DIVERSITY_TIE_BREAK
WMT,Consumer Defensive,false,true,true,true,true,2000-03-31,2023-12-15,1240,1238,T1-B1-S1-I1,PASS_REQUIRED_WINDOWS,0,0,0,true,false,2832,TEXT_CONTENT_INTEGRITY_NOT_AUDITED_M2_02,NOT_SELECTED_BY_DETERMINISTIC_DIVERSITY_TIE_BREAK
WNC,Industrials,false,true,true,true,true,2000-03-31,2023-12-15,1240,1238,T1-B1-S1-I1,PASS_REQUIRED_WINDOWS,0,0,0,true,false,2527,TEXT_CONTENT_INTEGRITY_NOT_AUDITED_M2_02,NOT_SELECTED_BY_DETERMINISTIC_DIVERSITY_TIE_BREAK
WNEB,Financial Services,false,true,true,true,true,2002-08-02,2023-12-15,1118,1116,T1-B1-S1-I1,PASS_REQUIRED_WINDOWS,0,0,0,true,false,545,TEXT_CONTENT_INTEGRITY_NOT_AUDITED_M2_02,NOT_SELECTED_BY_DETERMINISTIC_DIVERSITY_TIE_BREAK
WNS,Technology,false,true,true,true,true,2006-10-20,2023-12-15,898,896,T1-B1-S1-I1,PASS_REQUIRED_WINDOWS,0,0,0,true,false,550,TEXT_CONTENT_INTEGRITY_NOT_AUDITED_M2_02,NOT_SELECTED_BY_DETERMINISTIC_DIVERSITY_TIE_BREAK
WOMN,N/A,false,true,false,true,true,,,0,0,T1-B0-S1-I1,INVALID_HEADER,0,0,0,false,false,,TEXT_CONTENT_INTEGRITY_NOT_AUDITED_M2_02;TABLE_MEMBER_MISSING,INCOMPLETE_STRUCTURALLY_VALID_REQUIRED_WINDOWS
WOOD,N/A,false,true,false,true,true,,,0,0,T1-B0-S1-I1,INVALID_HEADER,0,0,0,false,false,,TEXT_CONTENT_INTEGRITY_NOT_AUDITED_M2_02;TABLE_MEMBER_MISSING,INCOMPLETE_STRUCTURALLY_VALID_REQUIRED_WINDOWS
WOR,Industrials,false,true,true,true,true,2000-03-31,2023-12-15,1240,1238,T1-B1-S1-I1,PASS_REQUIRED_WINDOWS,0,0,0,true,false,217,TEXT_CONTENT_INTEGRITY_NOT_AUDITED_M2_02,NOT_SELECTED_BY_DETERMINISTIC_DIVERSITY_TIE_BREAK
WPC,Real Estate,false,true,true,true,true,2000-03-31,2023-12-15,1240,1238,T1-B1-S1-I1,PASS_REQUIRED_WINDOWS,0,0,0,true,false,1208,TEXT_CONTENT_INTEGRITY_NOT_AUDITED_M2_02,NOT_SELECTED_BY_DETERMINISTIC_DIVERSITY_TIE_BREAK
WPP,Communication Services,false,true,true,true,true,2000-03-31,2023-12-15,1240,1238,T1-B1-S1-I1,PASS_REQUIRED_WINDOWS,0,0,0,true,false,310,TEXT_CONTENT_INTEGRITY_NOT_AUDITED_M2_02,NOT_SELECTED_BY_DETERMINISTIC_DIVERSITY_TIE_BREAK
WPRT,Consumer Cyclical,false,true,true,true,true,2008-11-14,2023-12-15,790,788,T1-B1-S1-I1,PASS_REQUIRED_WINDOWS,0,0,0,true,false,1708,TEXT_CONTENT_INTEGRITY_NOT_AUDITED_M2_02,NOT_SELECTED_BY_DETERMINISTIC_DIVERSITY_TIE_BREAK
WPS,N/A,false,true,false,true,true,,,0,0,T1-B0-S1-I1,INVALID_HEADER,0,0,0,false,false,,TEXT_CONTENT_INTEGRITY_NOT_AUDITED_M2_02;TABLE_MEMBER_MISSING,INCOMPLETE_STRUCTURALLY_VALID_REQUIRED_WINDOWS
WRLD,Financial Services,false,true,true,true,true,2000-03-31,2023-12-15,1240,1238,T1-B1-S1-I1,PASS_REQUIRED_WINDOWS,0,0,0,true,false,2292,TEXT_CONTENT_INTEGRITY_NOT_AUDITED_M2_02,NOT_SELECTED_BY_DETERMINISTIC_DIVERSITY_TIE_BREAK
WSBC,Financial Services,false,true,true,true,true,2000-03-31,2023-12-15,1240,1238,T1-B1-S1-I1,PASS_REQUIRED_WINDOWS,0,0,0,true,false,1044,TEXT_CONTENT_INTEGRITY_NOT_AUDITED_M2_02,NOT_SELECTED_BY_DETERMINISTIC_DIVERSITY_TIE_BREAK
WSBF,Financial Services,false,true,true,true,true,2005-12-30,2023-12-15,940,938,T1-B1-S1-I1,PASS_REQUIRED_WINDOWS,0,0,0,true,false,704,TEXT_CONTENT_INTEGRITY_NOT_AUDITED_M2_02,NOT_SELECTED_BY_DETERMINISTIC_DIVERSITY_TIE_BREAK
WSC,Industrials,false,true,true,true,true,2016-02-05,2023-12-15,413,411,T1-B1-S1-I1,PASS_REQUIRED_WINDOWS,0,0,0,true,false,1534,TEXT_CONTENT_INTEGRITY_NOT_AUDITED_M2_02,NOT_SELECTED_BY_DETERMINISTIC_DIVERSITY_TIE_BREAK
WSM,Consumer Cyclical,false,true,true,true,true,2000-03-31,2023-12-15,1240,1238,T1-B1-S1-I1,PASS_REQUIRED_WINDOWS,0,0,0,true,false,2374,TEXT_CONTENT_INTEGRITY_NOT_AUDITED_M2_02,NOT_SELECTED_BY_DETERMINISTIC_DIVERSITY_TIE_BREAK
WSO,Industrials,false,true,true,true,true,2000-03-31,2023-12-15,1240,1238,T1-B1-S1-I1,PASS_REQUIRED_WINDOWS,0,0,0,true,false,1106,TEXT_CONTENT_INTEGRITY_NOT_AUDITED_M2_02,NOT_SELECTED_BY_DETERMINISTIC_DIVERSITY_TIE_BREAK
WSO-B,Industrials,false,true,true,true,true,2000-03-31,2023-12-15,1240,1238,T1-B1-S1-I1,PASS_REQUIRED_WINDOWS,0,0,0,true,false,1468,TEXT_CONTENT_INTEGRITY_NOT_AUDITED_M2_02,NOT_SELECTED_BY_DETERMINISTIC_DIVERSITY_TIE_BREAK
WSR,Real Estate,false,true,true,true,true,2010-11-19,2023-12-15,685,683,T1-B1-S1-I1,PASS_REQUIRED_WINDOWS,0,0,0,true,false,2446,TEXT_CONTENT_INTEGRITY_NOT_AUDITED_M2_02,NOT_SELECTED_BY_DETERMINISTIC_DIVERSITY_TIE_BREAK
WST,Healthcare,false,true,true,true,true,2000-03-31,2023-12-15,1240,1238,T1-B1-S1-I1,PASS_REQUIRED_WINDOWS,0,0,0,true,false,2630,TEXT_CONTENT_INTEGRITY_NOT_AUDITED_M2_02,NOT_SELECTED_BY_DETERMINISTIC_DIVERSITY_TIE_BREAK
WSTL,Technology,false,true,false,true,true,2000-03-31,2020-10-09,1072,1072,T1-B0-S1-I1,INCOMPLETE_REQUIRED_WINDOWS,0,0,0,false,false,,TEXT_CONTENT_INTEGRITY_NOT_AUDITED_M2_02;TABLE_MEMBER_MISSING,INCOMPLETE_STRUCTURALLY_VALID_REQUIRED_WINDOWS
WTBA,Financial Services,false,true,true,true,true,2000-03-31,2023-12-15,1240,1238,T1-B1-S1-I1,PASS_REQUIRED_WINDOWS,0,0,0,true,false,789,TEXT_CONTENT_INTEGRITY_NOT_AUDITED_M2_02,NOT_SELECTED_BY_DETERMINISTIC_DIVERSITY_TIE_BREAK
WTFC,Financial Services,false,true,true,true,true,2000-03-31,2023-12-15,1240,1238,T1-B1-S1-I1,PASS_REQUIRED_WINDOWS,0,0,0,true,false,1948,TEXT_CONTENT_INTEGRITY_NOT_AUDITED_M2_02,NOT_SELECTED_BY_DETERMINISTIC_DIVERSITY_TIE_BREAK
WTFCM,Financial Services,false,true,true,true,true,2015-09-18,2023-12-15,433,431,T1-B1-S1-I1,PASS_REQUIRED_WINDOWS,0,0,0,true,false,1531,TEXT_CONTENT_INTEGRITY_NOT_AUDITED_M2_02,NOT_SELECTED_BY_DETERMINISTIC_DIVERSITY_TIE_BREAK
WTFCP,Financial Services,false,true,true,true,true,2020-08-07,2023-12-15,178,176,T1-B1-S1-I1,PASS_REQUIRED_WINDOWS,0,0,0,true,false,2840,TEXT_CONTENT_INTEGRITY_NOT_AUDITED_M2_02,NOT_SELECTED_BY_DETERMINISTIC_DIVERSITY_TIE_BREAK
WTI,Energy,false,true,true,true,true,2005-04-29,2023-12-15,975,973,T1-B1-S1-I1,PASS_REQUIRED_WINDOWS,0,0,0,true,false,2741,TEXT_CONTENT_INTEGRITY_NOT_AUDITED_M2_02,NOT_SELECTED_BY_DETERMINISTIC_DIVERSITY_TIE_BREAK
WTM,Financial Services,false,true,true,true,true,2000-03-31,2023-12-15,1240,1238,T1-B1-S1-I1,PASS_REQUIRED_WINDOWS,0,0,0,true,false,1171,TEXT_CONTENT_INTEGRITY_NOT_AUDITED_M2_02,NOT_SELECTED_BY_DETERMINISTIC_DIVERSITY_TIE_BREAK
WTMF,N/A,false,true,false,true,true,,,0,0,T1-B0-S1-I1,INVALID_HEADER,0,0,0,false,false,,TEXT_CONTENT_INTEGRITY_NOT_AUDITED_M2_02;TABLE_MEMBER_MISSING,INCOMPLETE_STRUCTURALLY_VALID_REQUIRED_WINDOWS
WTRE,N/A,false,true,false,true,true,,,0,0,T1-B0-S1-I1,INVALID_HEADER,0,0,0,false,false,,TEXT_CONTENT_INTEGRITY_NOT_AUDITED_M2_02;TABLE_MEMBER_MISSING,INCOMPLETE_STRUCTURALLY_VALID_REQUIRED_WINDOWS
WTRG,Utilities,false,true,true,true,true,2000-03-31,2023-12-15,1240,1238,T1-B1-S1-I1,PASS_REQUIRED_WINDOWS,0,0,0,true,false,1703,TEXT_CONTENT_INTEGRITY_NOT_AUDITED_M2_02,NOT_SELECTED_BY_DETERMINISTIC_DIVERSITY_TIE_BREAK
WTS,Industrials,false,true,true,true,true,2000-03-31,2023-12-15,1240,1238,T1-B1-S1-I1,PASS_REQUIRED_WINDOWS,0,0,0,true,false,2062,TEXT_CONTENT_INTEGRITY_NOT_AUDITED_M2_02,NOT_SELECTED_BY_DETERMINISTIC_DIVERSITY_TIE_BREAK
WUGI,N/A,false,true,false,true,true,,,0,0,T1-B0-S1-I1,INVALID_HEADER,0,0,0,false,false,,TEXT_CONTENT_INTEGRITY_NOT_AUDITED_M2_02;TABLE_MEMBER_MISSING,INCOMPLETE_STRUCTURALLY_VALID_REQUIRED_WINDOWS
WVE,Healthcare,false,true,true,true,true,2016-02-12,2023-12-15,412,410,T1-B1-S1-I1,PASS_REQUIRED_WINDOWS,0,0,0,true,false,1537,TEXT_CONTENT_INTEGRITY_NOT_AUDITED_M2_02,NOT_SELECTED_BY_DETERMINISTIC_DIVERSITY_TIE_BREAK
WVFC,Financial Services,false,true,true,true,true,2000-03-31,2023-12-15,1240,1238,T1-B1-S1-I1,PASS_REQUIRED_WINDOWS,0,0,0,true,false,2283,TEXT_CONTENT_INTEGRITY_NOT_AUDITED_M2_02,NOT_SELECTED_BY_DETERMINISTIC_DIVERSITY_TIE_BREAK
WVVI,Consumer Defensive,false,true,true,true,true,2000-03-31,2023-12-15,1240,1238,T1-B1-S1-I1,PASS_REQUIRED_WINDOWS,0,0,0,true,false,2324,TEXT_CONTENT_INTEGRITY_NOT_AUDITED_M2_02,NOT_SELECTED_BY_DETERMINISTIC_DIVERSITY_TIE_BREAK
WW,Consumer Cyclical,false,true,true,true,true,2002-02-15,2023-12-15,1142,1140,T1-B1-S1-I1,PASS_REQUIRED_WINDOWS,0,0,0,true,false,1985,TEXT_CONTENT_INTEGRITY_NOT_AUDITED_M2_02,NOT_SELECTED_BY_DETERMINISTIC_DIVERSITY_TIE_BREAK
WWD,Industrials,false,true,true,true,true,2000-03-31,2023-12-15,1240,1238,T1-B1-S1-I1,PASS_REQUIRED_WINDOWS,0,0,0,true,false,2612,TEXT_CONTENT_INTEGRITY_NOT_AUDITED_M2_02,NOT_SELECTED_BY_DETERMINISTIC_DIVERSITY_TIE_BREAK
WWJD,N/A,false,true,false,true,true,,,0,0,T1-B0-S1-I1,INVALID_HEADER,0,0,0,false,false,,TEXT_CONTENT_INTEGRITY_NOT_AUDITED_M2_02;TABLE_MEMBER_MISSING,INCOMPLETE_STRUCTURALLY_VALID_REQUIRED_WINDOWS
WWR,Basic Materials,false,true,true,true,true,2000-03-31,2023-12-15,1240,1238,T1-B1-S1-I1,PASS_REQUIRED_WINDOWS,0,0,0,true,false,205,TEXT_CONTENT_INTEGRITY_NOT_AUDITED_M2_02,NOT_SELECTED_BY_DETERMINISTIC_DIVERSITY_TIE_BREAK
WWW,Consumer Cyclical,false,true,true,true,true,2000-03-31,2023-12-15,1240,1238,T1-B1-S1-I1,PASS_REQUIRED_WINDOWS,0,0,0,true,false,2154,TEXT_CONTENT_INTEGRITY_NOT_AUDITED_M2_02,NOT_SELECTED_BY_DETERMINISTIC_DIVERSITY_TIE_BREAK
WY,Real Estate,false,true,true,true,true,2000-03-31,2023-12-15,1240,1238,T1-B1-S1-I1,PASS_REQUIRED_WINDOWS,0,0,0,true,false,304,TEXT_CONTENT_INTEGRITY_NOT_AUDITED_M2_02,NOT_SELECTED_BY_DETERMINISTIC_DIVERSITY_TIE_BREAK
WYY,Technology,false,true,true,true,true,2000-03-31,2023-12-15,1240,1238,T1-B1-S1-I1,PASS_REQUIRED_WINDOWS,0,0,0,true,false,1846,TEXT_CONTENT_INTEGRITY_NOT_AUDITED_M2_02,NOT_SELECTED_BY_DETERMINISTIC_DIVERSITY_TIE_BREAK
X,Basic Materials,false,true,false,true,true,2000-03-31,2023-12-15,1240,1238,T1-B0-S1-I1,PASS_REQUIRED_WINDOWS,0,0,0,true,false,2433,TEXT_CONTENT_INTEGRITY_NOT_AUDITED_M2_02;TABLE_MEMBER_MISSING,NOT_SELECTED_BY_DETERMINISTIC_DIVERSITY_TIE_BREAK
XAIR,Healthcare,false,true,true,true,true,2018-09-07,2023-12-15,278,276,T1-B1-S1-I1,PASS_REQUIRED_WINDOWS,0,0,0,true,false,580,TEXT_CONTENT_INTEGRITY_NOT_AUDITED_M2_02,NOT_SELECTED_BY_DETERMINISTIC_DIVERSITY_TIE_BREAK
XAR,N/A,false,true,false,true,true,,,0,0,T1-B0-S1-I1,INVALID_HEADER,0,0,0,false,false,,TEXT_CONTENT_INTEGRITY_NOT_AUDITED_M2_02;TABLE_MEMBER_MISSING,INCOMPLETE_STRUCTURALLY_VALID_REQUIRED_WINDOWS
XBI,N/A,false,true,false,true,true,,,0,0,T1-B0-S1-I1,INVALID_HEADER,0,0,0,false,false,,TEXT_CONTENT_INTEGRITY_NOT_AUDITED_M2_02;TABLE_MEMBER_MISSING,INCOMPLETE_STRUCTURALLY_VALID_REQUIRED_WINDOWS
XBIO,Healthcare,false,true,true,true,true,2016-09-30,2023-12-15,379,377,T1-B1-S1-I1,PASS_REQUIRED_WINDOWS,0,0,0,true,false,2256,TEXT_CONTENT_INTEGRITY_NOT_AUDITED_M2_02,NOT_SELECTED_BY_DETERMINISTIC_DIVERSITY_TIE_BREAK
XBIT,Healthcare,false,true,true,true,true,2015-07-10,2023-12-15,443,441,T1-B1-S1-I1,PASS_REQUIRED_WINDOWS,0,0,0,true,false,809,TEXT_CONTENT_INTEGRITY_NOT_AUDITED_M2_02,NOT_SELECTED_BY_DETERMINISTIC_DIVERSITY_TIE_BREAK
XCEM,N/A,false,true,false,true,true,,,0,0,T1-B0-S1-I1,INVALID_HEADER,0,0,0,false,false,,TEXT_CONTENT_INTEGRITY_NOT_AUDITED_M2_02;TABLE_MEMBER_MISSING,INCOMPLETE_STRUCTURALLY_VALID_REQUIRED_WINDOWS
XCUR,Healthcare,false,true,true,true,true,2018-08-17,2023-12-15,281,279,T1-B1-S1-I1,PASS_REQUIRED_WINDOWS,0,0,0,true,false,2954,TEXT_CONTENT_INTEGRITY_NOT_AUDITED_M2_02,NOT_SELECTED_BY_DETERMINISTIC_DIVERSITY_TIE_BREAK
XEL,Utilities,false,true,true,true,true,2000-03-31,2023-12-15,1240,1238,T1-B1-S1-I1,PASS_REQUIRED_WINDOWS,0,0,0,true,false,1097,TEXT_CONTENT_INTEGRITY_NOT_AUDITED_M2_02,NOT_SELECTED_BY_DETERMINISTIC_DIVERSITY_TIE_BREAK
XELB,Consumer Cyclical,false,true,true,true,true,2013-01-04,2023-12-15,574,572,T1-B1-S1-I1,PASS_REQUIRED_WINDOWS,0,0,0,true,false,2523,TEXT_CONTENT_INTEGRITY_NOT_AUDITED_M2_02,NOT_SELECTED_BY_DETERMINISTIC_DIVERSITY_TIE_BREAK
XERS,Healthcare,false,true,true,true,true,2018-09-21,2023-12-15,276,274,T1-B1-S1-I1,PASS_REQUIRED_WINDOWS,0,0,0,true,false,1709,TEXT_CONTENT_INTEGRITY_NOT_AUDITED_M2_02,NOT_SELECTED_BY_DETERMINISTIC_DIVERSITY_TIE_BREAK
XES,N/A,false,true,false,true,true,,,0,0,T1-B0-S1-I1,INVALID_HEADER,0,0,0,false,false,,TEXT_CONTENT_INTEGRITY_NOT_AUDITED_M2_02;TABLE_MEMBER_MISSING,INCOMPLETE_STRUCTURALLY_VALID_REQUIRED_WINDOWS
XFLT,N/A,false,true,false,true,true,2018-01-05,2023-12-15,313,311,T1-B0-S1-I1,PASS_REQUIRED_WINDOWS,0,0,0,true,false,1375,TEXT_CONTENT_INTEGRITY_NOT_AUDITED_M2_02;TABLE_MEMBER_MISSING,NOT_SELECTED_BY_DETERMINISTIC_DIVERSITY_TIE_BREAK
XFOR,Healthcare,false,true,true,true,true,2018-02-16,2023-12-15,307,305,T1-B1-S1-I1,PASS_REQUIRED_WINDOWS,0,0,0,true,false,2830,TEXT_CONTENT_INTEGRITY_NOT_AUDITED_M2_02,NOT_SELECTED_BY_DETERMINISTIC_DIVERSITY_TIE_BREAK
XGN,Healthcare,false,true,true,true,true,2019-12-13,2023-12-15,212,210,T1-B1-S1-I1,PASS_REQUIRED_WINDOWS,0,0,0,true,false,1988,TEXT_CONTENT_INTEGRITY_NOT_AUDITED_M2_02,NOT_SELECTED_BY_DETERMINISTIC_DIVERSITY_TIE_BREAK
XHB,N/A,false,true,false,true,true,,,0,0,T1-B0-S1-I1,INVALID_HEADER,0,0,0,false,false,,TEXT_CONTENT_INTEGRITY_NOT_AUDITED_M2_02;TABLE_MEMBER_MISSING,INCOMPLETE_STRUCTURALLY_VALID_REQUIRED_WINDOWS
XHE,N/A,false,true,false,true,true,,,0,0,T1-B0-S1-I1,INVALID_HEADER,0,0,0,false,false,,TEXT_CONTENT_INTEGRITY_NOT_AUDITED_M2_02;TABLE_MEMBER_MISSING,INCOMPLETE_STRUCTURALLY_VALID_REQUIRED_WINDOWS
XHR,Real Estate,false,true,true,true,true,2015-05-01,2023-12-15,453,451,T1-B1-S1-I1,PASS_REQUIRED_WINDOWS,0,0,0,true,false,917,TEXT_CONTENT_INTEGRITY_NOT_AUDITED_M2_02,NOT_SELECTED_BY_DETERMINISTIC_DIVERSITY_TIE_BREAK
XIN,Real Estate,false,true,true,true,true,2008-03-14,2023-12-15,825,823,T1-B1-S1-I1,PASS_REQUIRED_WINDOWS,0,0,0,true,false,112,TEXT_CONTENT_INTEGRITY_NOT_AUDITED_M2_02,NOT_SELECTED_BY_DETERMINISTIC_DIVERSITY_TIE_BREAK
XITK,N/A,false,true,false,true,true,,,0,0,T1-B0-S1-I1,INVALID_HEADER,0,0,0,false,false,,TEXT_CONTENT_INTEGRITY_NOT_AUDITED_M2_02;TABLE_MEMBER_MISSING,INCOMPLETE_STRUCTURALLY_VALID_REQUIRED_WINDOWS
XLB,N/A,false,true,false,true,true,,,0,0,T1-B0-S1-I1,INVALID_HEADER,0,0,0,false,false,,TEXT_CONTENT_INTEGRITY_NOT_AUDITED_M2_02;TABLE_MEMBER_MISSING,INCOMPLETE_STRUCTURALLY_VALID_REQUIRED_WINDOWS
XLC,N/A,false,true,false,true,true,,,0,0,T1-B0-S1-I1,INVALID_HEADER,0,0,0,false,false,,TEXT_CONTENT_INTEGRITY_NOT_AUDITED_M2_02;TABLE_MEMBER_MISSING,INCOMPLETE_STRUCTURALLY_VALID_REQUIRED_WINDOWS
XLE,N/A,false,true,false,true,true,,,0,0,T1-B0-S1-I1,INVALID_HEADER,0,0,0,false,false,,TEXT_CONTENT_INTEGRITY_NOT_AUDITED_M2_02;TABLE_MEMBER_MISSING,INCOMPLETE_STRUCTURALLY_VALID_REQUIRED_WINDOWS
XLF,N/A,false,true,false,true,true,,,0,0,T1-B0-S1-I1,INVALID_HEADER,0,0,0,false,false,,TEXT_CONTENT_INTEGRITY_NOT_AUDITED_M2_02;TABLE_MEMBER_MISSING,INCOMPLETE_STRUCTURALLY_VALID_REQUIRED_WINDOWS
XLG,N/A,false,true,false,true,true,,,0,0,T1-B0-S1-I1,INVALID_HEADER,0,0,0,false,false,,TEXT_CONTENT_INTEGRITY_NOT_AUDITED_M2_02;TABLE_MEMBER_MISSING,INCOMPLETE_STRUCTURALLY_VALID_REQUIRED_WINDOWS
XLI,N/A,false,true,false,true,true,,,0,0,T1-B0-S1-I1,INVALID_HEADER,0,0,0,false,false,,TEXT_CONTENT_INTEGRITY_NOT_AUDITED_M2_02;TABLE_MEMBER_MISSING,INCOMPLETE_STRUCTURALLY_VALID_REQUIRED_WINDOWS
XLK,N/A,false,true,false,true,true,,,0,0,T1-B0-S1-I1,INVALID_HEADER,0,0,0,false,false,,TEXT_CONTENT_INTEGRITY_NOT_AUDITED_M2_02;TABLE_MEMBER_MISSING,INCOMPLETE_STRUCTURALLY_VALID_REQUIRED_WINDOWS
XLP,N/A,false,true,false,true,true,,,0,0,T1-B0-S1-I1,INVALID_HEADER,0,0,0,false,false,,TEXT_CONTENT_INTEGRITY_NOT_AUDITED_M2_02;TABLE_MEMBER_MISSING,INCOMPLETE_STRUCTURALLY_VALID_REQUIRED_WINDOWS
XLRE,N/A,false,true,false,true,true,,,0,0,T1-B0-S1-I1,INVALID_HEADER,0,0,0,false,false,,TEXT_CONTENT_INTEGRITY_NOT_AUDITED_M2_02;TABLE_MEMBER_MISSING,INCOMPLETE_STRUCTURALLY_VALID_REQUIRED_WINDOWS
XLSR,N/A,false,true,false,true,true,,,0,0,T1-B0-S1-I1,INVALID_HEADER,0,0,0,false,false,,TEXT_CONTENT_INTEGRITY_NOT_AUDITED_M2_02;TABLE_MEMBER_MISSING,INCOMPLETE_STRUCTURALLY_VALID_REQUIRED_WINDOWS
XLU,N/A,false,true,false,true,true,,,0,0,T1-B0-S1-I1,INVALID_HEADER,0,0,0,false,false,,TEXT_CONTENT_INTEGRITY_NOT_AUDITED_M2_02;TABLE_MEMBER_MISSING,INCOMPLETE_STRUCTURALLY_VALID_REQUIRED_WINDOWS
XLV,N/A,false,true,false,true,true,,,0,0,T1-B0-S1-I1,INVALID_HEADER,0,0,0,false,false,,TEXT_CONTENT_INTEGRITY_NOT_AUDITED_M2_02;TABLE_MEMBER_MISSING,INCOMPLETE_STRUCTURALLY_VALID_REQUIRED_WINDOWS
XLY,N/A,false,true,false,true,true,,,0,0,T1-B0-S1-I1,INVALID_HEADER,0,0,0,false,false,,TEXT_CONTENT_INTEGRITY_NOT_AUDITED_M2_02;TABLE_MEMBER_MISSING,INCOMPLETE_STRUCTURALLY_VALID_REQUIRED_WINDOWS
XME,N/A,false,true,false,true,true,,,0,0,T1-B0-S1-I1,INVALID_HEADER,0,0,0,false,false,,TEXT_CONTENT_INTEGRITY_NOT_AUDITED_M2_02;TABLE_MEMBER_MISSING,INCOMPLETE_STRUCTURALLY_VALID_REQUIRED_WINDOWS
XMHQ,N/A,false,true,false,true,true,,,0,0,T1-B0-S1-I1,INVALID_HEADER,0,0,0,false,false,,TEXT_CONTENT_INTEGRITY_NOT_AUDITED_M2_02;TABLE_MEMBER_MISSING,INCOMPLETE_STRUCTURALLY_VALID_REQUIRED_WINDOWS
XMLV,N/A,false,true,false,true,true,,,0,0,T1-B0-S1-I1,INVALID_HEADER,0,0,0,false,false,,TEXT_CONTENT_INTEGRITY_NOT_AUDITED_M2_02;TABLE_MEMBER_MISSING,INCOMPLETE_STRUCTURALLY_VALID_REQUIRED_WINDOWS
XMMO,N/A,false,true,false,true,true,,,0,0,T1-B0-S1-I1,INVALID_HEADER,0,0,0,false,false,,TEXT_CONTENT_INTEGRITY_NOT_AUDITED_M2_02;TABLE_MEMBER_MISSING,INCOMPLETE_STRUCTURALLY_VALID_REQUIRED_WINDOWS
XMPT,N/A,false,true,false,true,true,,,0,0,T1-B0-S1-I1,INVALID_HEADER,0,0,0,false,false,,TEXT_CONTENT_INTEGRITY_NOT_AUDITED_M2_02;TABLE_MEMBER_MISSING,INCOMPLETE_STRUCTURALLY_VALID_REQUIRED_WINDOWS
XMVM,N/A,false,true,false,true,true,,,0,0,T1-B0-S1-I1,INVALID_HEADER,0,0,0,false,false,,TEXT_CONTENT_INTEGRITY_NOT_AUDITED_M2_02;TABLE_MEMBER_MISSING,INCOMPLETE_STRUCTURALLY_VALID_REQUIRED_WINDOWS
XNCR,Healthcare,false,true,true,true,true,2014-03-07,2023-12-15,513,511,T1-B1-S1-I1,PASS_REQUIRED_WINDOWS,0,0,0,true,false,1523,TEXT_CONTENT_INTEGRITY_NOT_AUDITED_M2_02,NOT_SELECTED_BY_DETERMINISTIC_DIVERSITY_TIE_BREAK
XNET,Technology,false,true,true,true,true,2014-09-19,2023-12-15,485,483,T1-B1-S1-I1,PASS_REQUIRED_WINDOWS,0,0,0,true,false,2601,TEXT_CONTENT_INTEGRITY_NOT_AUDITED_M2_02,NOT_SELECTED_BY_DETERMINISTIC_DIVERSITY_TIE_BREAK
XNTK,N/A,false,true,false,true,true,,,0,0,T1-B0-S1-I1,INVALID_HEADER,0,0,0,false,false,,TEXT_CONTENT_INTEGRITY_NOT_AUDITED_M2_02;TABLE_MEMBER_MISSING,INCOMPLETE_STRUCTURALLY_VALID_REQUIRED_WINDOWS
XOM,Energy,false,true,true,true,true,2000-03-31,2023-12-15,1240,1238,T1-B1-S1-I1,PASS_REQUIRED_WINDOWS,0,0,0,true,false,706,TEXT_CONTENT_INTEGRITY_NOT_AUDITED_M2_02,NOT_SELECTED_BY_DETERMINISTIC_DIVERSITY_TIE_BREAK
XOMA,Healthcare,false,true,true,true,true,2000-03-31,2023-12-15,1240,1238,T1-B1-S1-I1,PASS_REQUIRED_WINDOWS,0,0,0,true,false,933,TEXT_CONTENT_INTEGRITY_NOT_AUDITED_M2_02,NOT_SELECTED_BY_DETERMINISTIC_DIVERSITY_TIE_BREAK
XONE,N/A,false,true,false,true,true,,,0,0,T1-B0-S1-I1,INVALID_HEADER,0,0,0,false,false,,TEXT_CONTENT_INTEGRITY_NOT_AUDITED_M2_02;TABLE_MEMBER_MISSING,INCOMPLETE_STRUCTURALLY_VALID_REQUIRED_WINDOWS
XOP,N/A,false,true,false,true,true,,,0,0,T1-B0-S1-I1,INVALID_HEADER,0,0,0,false,false,,TEXT_CONTENT_INTEGRITY_NOT_AUDITED_M2_02;TABLE_MEMBER_MISSING,INCOMPLETE_STRUCTURALLY_VALID_REQUIRED_WINDOWS
XP,Financial Services,false,true,true,true,true,2020-03-13,2023-12-15,199,197,T1-B1-S1-I1,PASS_REQUIRED_WINDOWS,0,0,0,true,false,2030,TEXT_CONTENT_INTEGRITY_NOT_AUDITED_M2_02,NOT_SELECTED_BY_DETERMINISTIC_DIVERSITY_TIE_BREAK
XPER,Technology,false,true,true,true,true,2022-12-16,2023-12-15,55,53,T1-B1-S1-I1,PASS_REQUIRED_WINDOWS,0,0,0,true,false,562,TEXT_CONTENT_INTEGRITY_NOT_AUDITED_M2_02,NOT_SELECTED_BY_DETERMINISTIC_DIVERSITY_TIE_BREAK
XPL,Basic Materials,false,true,true,true,true,2006-12-01,2023-12-15,892,890,T1-B1-S1-I1,PASS_REQUIRED_WINDOWS,0,0,0,true,false,69,TEXT_CONTENT_INTEGRITY_NOT_AUDITED_M2_02,NOT_SELECTED_BY_DETERMINISTIC_DIVERSITY_TIE_BREAK
XPO,Industrials,false,true,true,true,true,2004-01-02,2023-12-15,1044,1042,T1-B1-S1-I1,PASS_REQUIRED_WINDOWS,0,0,0,true,false,2746,TEXT_CONTENT_INTEGRITY_NOT_AUDITED_M2_02,NOT_SELECTED_BY_DETERMINISTIC_DIVERSITY_TIE_BREAK
XPP,N/A,false,true,false,true,true,,,0,0,T1-B0-S1-I1,INVALID_HEADER,0,0,0,false,false,,TEXT_CONTENT_INTEGRITY_NOT_AUDITED_M2_02;TABLE_MEMBER_MISSING,INCOMPLETE_STRUCTURALLY_VALID_REQUIRED_WINDOWS
XRAY,Healthcare,false,true,true,true,true,2000-03-31,2023-12-15,1240,1238,T1-B1-S1-I1,PASS_REQUIRED_WINDOWS,0,0,0,true,false,878,TEXT_CONTENT_INTEGRITY_NOT_AUDITED_M2_02,NOT_SELECTED_BY_DETERMINISTIC_DIVERSITY_TIE_BREAK
XRLV,N/A,false,true,false,true,true,,,0,0,T1-B0-S1-I1,INVALID_HEADER,0,0,0,false,false,,TEXT_CONTENT_INTEGRITY_NOT_AUDITED_M2_02;TABLE_MEMBER_MISSING,INCOMPLETE_STRUCTURALLY_VALID_REQUIRED_WINDOWS
XRT,N/A,false,true,false,true,true,,,0,0,T1-B0-S1-I1,INVALID_HEADER,0,0,0,false,false,,TEXT_CONTENT_INTEGRITY_NOT_AUDITED_M2_02;TABLE_MEMBER_MISSING,INCOMPLETE_STRUCTURALLY_VALID_REQUIRED_WINDOWS
XSD,N/A,false,true,false,true,true,,,0,0,T1-B0-S1-I1,INVALID_HEADER,0,0,0,false,false,,TEXT_CONTENT_INTEGRITY_NOT_AUDITED_M2_02;TABLE_MEMBER_MISSING,INCOMPLETE_STRUCTURALLY_VALID_REQUIRED_WINDOWS
XSHD,N/A,false,true,false,true,true,,,0,0,T1-B0-S1-I1,INVALID_HEADER,0,0,0,false,false,,TEXT_CONTENT_INTEGRITY_NOT_AUDITED_M2_02;TABLE_MEMBER_MISSING,INCOMPLETE_STRUCTURALLY_VALID_REQUIRED_WINDOWS
XSHQ,N/A,false,true,false,true,true,,,0,0,T1-B0-S1-I1,INVALID_HEADER,0,0,0,false,false,,TEXT_CONTENT_INTEGRITY_NOT_AUDITED_M2_02;TABLE_MEMBER_MISSING,INCOMPLETE_STRUCTURALLY_VALID_REQUIRED_WINDOWS
XSLV,N/A,false,true,false,true,true,,,0,0,T1-B0-S1-I1,INVALID_HEADER,0,0,0,false,false,,TEXT_CONTENT_INTEGRITY_NOT_AUDITED_M2_02;TABLE_MEMBER_MISSING,INCOMPLETE_STRUCTURALLY_VALID_REQUIRED_WINDOWS
XSMO,N/A,false,true,false,true,true,,,0,0,T1-B0-S1-I1,INVALID_HEADER,0,0,0,false,false,,TEXT_CONTENT_INTEGRITY_NOT_AUDITED_M2_02;TABLE_MEMBER_MISSING,INCOMPLETE_STRUCTURALLY_VALID_REQUIRED_WINDOWS
XSOE,N/A,false,true,false,true,true,,,0,0,T1-B0-S1-I1,INVALID_HEADER,0,0,0,false,false,,TEXT_CONTENT_INTEGRITY_NOT_AUDITED_M2_02;TABLE_MEMBER_MISSING,INCOMPLETE_STRUCTURALLY_VALID_REQUIRED_WINDOWS
XSVM,N/A,false,true,false,true,true,,,0,0,T1-B0-S1-I1,INVALID_HEADER,0,0,0,false,false,,TEXT_CONTENT_INTEGRITY_NOT_AUDITED_M2_02;TABLE_MEMBER_MISSING,INCOMPLETE_STRUCTURALLY_VALID_REQUIRED_WINDOWS
XSW,N/A,false,true,false,true,true,,,0,0,T1-B0-S1-I1,INVALID_HEADER,0,0,0,false,false,,TEXT_CONTENT_INTEGRITY_NOT_AUDITED_M2_02;TABLE_MEMBER_MISSING,INCOMPLETE_STRUCTURALLY_VALID_REQUIRED_WINDOWS
XT,N/A,false,true,false,true,true,,,0,0,T1-B0-S1-I1,INVALID_HEADER,0,0,0,false,false,,TEXT_CONTENT_INTEGRITY_NOT_AUDITED_M2_02;TABLE_MEMBER_MISSING,INCOMPLETE_STRUCTURALLY_VALID_REQUIRED_WINDOWS
XTL,N/A,false,true,false,true,true,,,0,0,T1-B0-S1-I1,INVALID_HEADER,0,0,0,false,false,,TEXT_CONTENT_INTEGRITY_NOT_AUDITED_M2_02;TABLE_MEMBER_MISSING,INCOMPLETE_STRUCTURALLY_VALID_REQUIRED_WINDOWS
XTLB,Healthcare,false,true,true,true,true,2005-12-02,2023-12-15,944,942,T1-B1-S1-I1,PASS_REQUIRED_WINDOWS,0,0,0,true,false,1984,TEXT_CONTENT_INTEGRITY_NOT_AUDITED_M2_02,NOT_SELECTED_BY_DETERMINISTIC_DIVERSITY_TIE_BREAK
XTNT,Healthcare,false,true,true,true,true,2010-10-01,2023-12-15,692,690,T1-B1-S1-I1,PASS_REQUIRED_WINDOWS,0,0,0,true,false,207,TEXT_CONTENT_INTEGRITY_NOT_AUDITED_M2_02,NOT_SELECTED_BY_DETERMINISTIC_DIVERSITY_TIE_BREAK
XWEB,N/A,false,true,false,true,true,,,0,0,T1-B0-S1-I1,INVALID_HEADER,0,0,0,false,false,,TEXT_CONTENT_INTEGRITY_NOT_AUDITED_M2_02;TABLE_MEMBER_MISSING,INCOMPLETE_STRUCTURALLY_VALID_REQUIRED_WINDOWS
XXII,Consumer Defensive,false,true,true,true,true,2011-04-21,2023-12-15,663,661,T1-B1-S1-I1,PASS_REQUIRED_WINDOWS,0,0,0,true,false,825,TEXT_CONTENT_INTEGRITY_NOT_AUDITED_M2_02,NOT_SELECTED_BY_DETERMINISTIC_DIVERSITY_TIE_BREAK
XYF,Financial Services,false,true,true,true,true,2018-12-14,2023-12-15,264,262,T1-B1-S1-I1,PASS_REQUIRED_WINDOWS,0,0,0,true,false,2140,TEXT_CONTENT_INTEGRITY_NOT_AUDITED_M2_02,NOT_SELECTED_BY_DETERMINISTIC_DIVERSITY_TIE_BREAK
XYL,Industrials,false,true,true,true,true,2012-01-13,2023-12-15,625,623,T1-B1-S1-I1,PASS_REQUIRED_WINDOWS,0,0,0,true,false,1060,TEXT_CONTENT_INTEGRITY_NOT_AUDITED_M2_02,NOT_SELECTED_BY_DETERMINISTIC_DIVERSITY_TIE_BREAK
YANG,N/A,false,true,false,true,true,,,0,0,T1-B0-S1-I1,INVALID_HEADER,0,0,0,false,false,,TEXT_CONTENT_INTEGRITY_NOT_AUDITED_M2_02;TABLE_MEMBER_MISSING,INCOMPLETE_STRUCTURALLY_VALID_REQUIRED_WINDOWS
YCBD,Healthcare,false,true,true,true,true,2018-02-16,2023-12-15,307,305,T1-B1-S1-I1,PASS_REQUIRED_WINDOWS,0,0,0,true,false,2575,TEXT_CONTENT_INTEGRITY_NOT_AUDITED_M2_02,NOT_SELECTED_BY_DETERMINISTIC_DIVERSITY_TIE_BREAK
YCL,N/A,false,true,true,true,true,,,0,0,T1-B1-S1-I1,INVALID_HEADER,0,0,0,false,false,,TEXT_CONTENT_INTEGRITY_NOT_AUDITED_M2_02,INCOMPLETE_STRUCTURALLY_VALID_REQUIRED_WINDOWS
YCS,N/A,false,true,true,true,true,,,0,0,T1-B1-S1-I1,INVALID_HEADER,0,0,0,false,false,,TEXT_CONTENT_INTEGRITY_NOT_AUDITED_M2_02,INCOMPLETE_STRUCTURALLY_VALID_REQUIRED_WINDOWS
YELP,Communication Services,false,true,true,true,true,2012-06-01,2023-12-15,605,603,T1-B1-S1-I1,PASS_REQUIRED_WINDOWS,0,0,0,true,false,2138,TEXT_CONTENT_INTEGRITY_NOT_AUDITED_M2_02,NOT_SELECTED_BY_DETERMINISTIC_DIVERSITY_TIE_BREAK
YETI,Consumer Cyclical,false,true,true,true,true,2019-01-25,2023-12-15,258,256,T1-B1-S1-I1,PASS_REQUIRED_WINDOWS,0,0,0,true,false,2561,TEXT_CONTENT_INTEGRITY_NOT_AUDITED_M2_02,NOT_SELECTED_BY_DETERMINISTIC_DIVERSITY_TIE_BREAK
YI,Healthcare,false,true,true,true,true,2018-12-07,2023-12-15,265,263,T1-B1-S1-I1,PASS_REQUIRED_WINDOWS,0,0,0,true,false,2419,TEXT_CONTENT_INTEGRITY_NOT_AUDITED_M2_02,NOT_SELECTED_BY_DETERMINISTIC_DIVERSITY_TIE_BREAK
YJ,Consumer Cyclical,false,true,true,true,true,2019-08-02,2023-12-15,231,229,T1-B1-S1-I1,PASS_REQUIRED_WINDOWS,0,0,0,true,false,2687,TEXT_CONTENT_INTEGRITY_NOT_AUDITED_M2_02,NOT_SELECTED_BY_DETERMINISTIC_DIVERSITY_TIE_BREAK
YLD,N/A,false,true,false,true,true,,,0,0,T1-B0-S1-I1,INVALID_HEADER,0,0,0,false,false,,TEXT_CONTENT_INTEGRITY_NOT_AUDITED_M2_02;TABLE_MEMBER_MISSING,INCOMPLETE_STRUCTURALLY_VALID_REQUIRED_WINDOWS
YLDE,N/A,false,true,false,true,true,,,0,0,T1-B0-S1-I1,INVALID_HEADER,0,0,0,false,false,,TEXT_CONTENT_INTEGRITY_NOT_AUDITED_M2_02;TABLE_MEMBER_MISSING,INCOMPLETE_STRUCTURALLY_VALID_REQUIRED_WINDOWS
YMAB,Healthcare,false,true,true,true,true,2018-12-21,2023-12-15,263,261,T1-B1-S1-I1,PASS_REQUIRED_WINDOWS,0,0,0,true,false,2134,TEXT_CONTENT_INTEGRITY_NOT_AUDITED_M2_02,NOT_SELECTED_BY_DETERMINISTIC_DIVERSITY_TIE_BREAK
YOLO,N/A,false,true,false,true,true,,,0,0,T1-B0-S1-I1,INVALID_HEADER,0,0,0,false,false,,TEXT_CONTENT_INTEGRITY_NOT_AUDITED_M2_02;TABLE_MEMBER_MISSING,INCOMPLETE_STRUCTURALLY_VALID_REQUIRED_WINDOWS
YORW,Utilities,false,true,true,true,true,2000-03-31,2023-12-15,1240,1238,T1-B1-S1-I1,PASS_REQUIRED_WINDOWS,0,0,0,true,false,1274,TEXT_CONTENT_INTEGRITY_NOT_AUDITED_M2_02,NOT_SELECTED_BY_DETERMINISTIC_DIVERSITY_TIE_BREAK
YRD,Financial Services,false,true,true,true,true,2016-03-18,2023-12-15,407,405,T1-B1-S1-I1,PASS_REQUIRED_WINDOWS,0,0,0,true,false,2310,TEXT_CONTENT_INTEGRITY_NOT_AUDITED_M2_02,NOT_SELECTED_BY_DETERMINISTIC_DIVERSITY_TIE_BREAK
YUMC,Consumer Cyclical,false,true,true,true,true,2017-01-13,2023-12-15,364,362,T1-B1-S1-I1,PASS_REQUIRED_WINDOWS,0,0,0,true,false,168,TEXT_CONTENT_INTEGRITY_NOT_AUDITED_M2_02,NOT_SELECTED_BY_DETERMINISTIC_DIVERSITY_TIE_BREAK
YXI,N/A,false,true,false,true,true,,,0,0,T1-B0-S1-I1,INVALID_HEADER,0,0,0,false,false,,TEXT_CONTENT_INTEGRITY_NOT_AUDITED_M2_02;TABLE_MEMBER_MISSING,INCOMPLETE_STRUCTURALLY_VALID_REQUIRED_WINDOWS
YY,Communication Services,false,true,false,true,true,2013-02-22,2023-12-15,567,565,T1-B0-S1-I1,PASS_REQUIRED_WINDOWS,0,0,0,true,false,2380,TEXT_CONTENT_INTEGRITY_NOT_AUDITED_M2_02;TABLE_MEMBER_MISSING,NOT_SELECTED_BY_DETERMINISTIC_DIVERSITY_TIE_BREAK
YYY,N/A,false,true,false,true,true,,,0,0,T1-B0-S1-I1,INVALID_HEADER,0,0,0,false,false,,TEXT_CONTENT_INTEGRITY_NOT_AUDITED_M2_02;TABLE_MEMBER_MISSING,INCOMPLETE_STRUCTURALLY_VALID_REQUIRED_WINDOWS
Z,Communication Services,false,true,false,true,true,2015-10-30,2023-12-15,427,425,T1-B0-S1-I1,PASS_REQUIRED_WINDOWS,0,0,0,true,false,1180,TEXT_CONTENT_INTEGRITY_NOT_AUDITED_M2_02;TABLE_MEMBER_MISSING,NOT_SELECTED_BY_DETERMINISTIC_DIVERSITY_TIE_BREAK
ZBH,Healthcare,false,true,true,true,true,2001-10-26,2023-12-15,1158,1156,T1-B1-S1-I1,PASS_REQUIRED_WINDOWS,0,0,0,true,false,1153,TEXT_CONTENT_INTEGRITY_NOT_AUDITED_M2_02,NOT_SELECTED_BY_DETERMINISTIC_DIVERSITY_TIE_BREAK
ZBRA,Technology,false,true,true,true,true,2000-03-31,2023-12-15,1240,1238,T1-B1-S1-I1,PASS_REQUIRED_WINDOWS,0,0,0,true,false,821,TEXT_CONTENT_INTEGRITY_NOT_AUDITED_M2_02,NOT_SELECTED_BY_DETERMINISTIC_DIVERSITY_TIE_BREAK
ZCMD,Healthcare,false,true,true,true,true,2020-05-22,2023-12-15,189,187,T1-B1-S1-I1,PASS_REQUIRED_WINDOWS,0,0,0,true,false,478,TEXT_CONTENT_INTEGRITY_NOT_AUDITED_M2_02,NOT_SELECTED_BY_DETERMINISTIC_DIVERSITY_TIE_BREAK
ZDGE,Communication Services,false,true,true,true,true,2016-09-02,2023-12-15,383,381,T1-B1-S1-I1,PASS_REQUIRED_WINDOWS,0,0,0,true,false,1908,TEXT_CONTENT_INTEGRITY_NOT_AUDITED_M2_02,NOT_SELECTED_BY_DETERMINISTIC_DIVERSITY_TIE_BREAK
ZEUS,Basic Materials,false,true,true,true,true,2000-03-31,2023-12-15,1240,1238,T1-B1-S1-I1,PASS_REQUIRED_WINDOWS,0,0,0,true,false,1101,TEXT_CONTENT_INTEGRITY_NOT_AUDITED_M2_02,NOT_SELECTED_BY_DETERMINISTIC_DIVERSITY_TIE_BREAK
ZG,Communication Services,false,true,true,true,true,2011-10-14,2023-12-15,638,636,T1-B1-S1-I1,PASS_REQUIRED_WINDOWS,0,0,0,true,false,1214,TEXT_CONTENT_INTEGRITY_NOT_AUDITED_M2_02,NOT_SELECTED_BY_DETERMINISTIC_DIVERSITY_TIE_BREAK
ZI,Technology,false,true,true,true,true,2020-08-28,2023-12-15,175,173,T1-B1-S1-I1,PASS_REQUIRED_WINDOWS,0,0,0,true,false,1453,TEXT_CONTENT_INTEGRITY_NOT_AUDITED_M2_02,NOT_SELECTED_BY_DETERMINISTIC_DIVERSITY_TIE_BREAK
ZIG,N/A,false,true,false,true,true,,,0,0,T1-B0-S1-I1,INVALID_HEADER,0,0,0,false,false,,TEXT_CONTENT_INTEGRITY_NOT_AUDITED_M2_02;TABLE_MEMBER_MISSING,INCOMPLETE_STRUCTURALLY_VALID_REQUIRED_WINDOWS
ZION,Financial Services,false,true,true,true,true,2000-03-31,2023-12-15,1240,1238,T1-B1-S1-I1,PASS_REQUIRED_WINDOWS,0,0,0,true,false,1873,TEXT_CONTENT_INTEGRITY_NOT_AUDITED_M2_02,NOT_SELECTED_BY_DETERMINISTIC_DIVERSITY_TIE_BREAK
ZIONP,Financial Services,false,true,true,true,true,2007-04-05,2023-12-15,861,859,T1-B1-S1-I1,PASS_REQUIRED_WINDOWS,1,0,0,true,false,249,TEXT_CONTENT_INTEGRITY_NOT_AUDITED_M2_02,NOT_SELECTED_BY_DETERMINISTIC_DIVERSITY_TIE_BREAK
ZKIN,Basic Materials,false,true,true,true,true,2017-12-01,2023-12-15,318,316,T1-B1-S1-I1,PASS_REQUIRED_WINDOWS,0,0,0,true,false,12,TEXT_CONTENT_INTEGRITY_NOT_AUDITED_M2_02,NOT_SELECTED_BY_DETERMINISTIC_DIVERSITY_TIE_BREAK
ZLAB,Healthcare,false,true,true,true,true,2017-12-15,2023-12-15,316,314,T1-B1-S1-I1,PASS_REQUIRED_WINDOWS,0,0,0,true,false,379,TEXT_CONTENT_INTEGRITY_NOT_AUDITED_M2_02,NOT_SELECTED_BY_DETERMINISTIC_DIVERSITY_TIE_BREAK
ZM,Technology,false,true,true,true,true,2019-07-19,2023-12-15,233,231,T1-B1-S1-I1,PASS_REQUIRED_WINDOWS,0,0,0,true,false,1936,TEXT_CONTENT_INTEGRITY_NOT_AUDITED_M2_02,NOT_SELECTED_BY_DETERMINISTIC_DIVERSITY_TIE_BREAK
ZNTL,Healthcare,false,true,true,true,true,2020-07-02,2023-12-15,183,181,T1-B1-S1-I1,PASS_REQUIRED_WINDOWS,0,0,0,true,false,1777,TEXT_CONTENT_INTEGRITY_NOT_AUDITED_M2_02,NOT_SELECTED_BY_DETERMINISTIC_DIVERSITY_TIE_BREAK
ZOM,Healthcare,false,true,false,true,true,2016-10-28,2023-12-15,361,359,T1-B0-S1-I1,INCOMPLETE_REQUIRED_WINDOWS,1,0,0,false,false,,TEXT_CONTENT_INTEGRITY_NOT_AUDITED_M2_02;TABLE_MEMBER_MISSING,INCOMPLETE_STRUCTURALLY_VALID_REQUIRED_WINDOWS
ZROZ,N/A,false,true,false,true,true,,,0,0,T1-B0-S1-I1,INVALID_HEADER,0,0,0,false,false,,TEXT_CONTENT_INTEGRITY_NOT_AUDITED_M2_02;TABLE_MEMBER_MISSING,INCOMPLETE_STRUCTURALLY_VALID_REQUIRED_WINDOWS
ZS,Technology,false,true,true,true,true,2018-06-15,2023-12-15,290,288,T1-B1-S1-I1,PASS_REQUIRED_WINDOWS,0,0,0,true,false,2971,TEXT_CONTENT_INTEGRITY_NOT_AUDITED_M2_02,NOT_SELECTED_BY_DETERMINISTIC_DIVERSITY_TIE_BREAK
ZTO,Industrials,false,true,true,true,true,2017-01-27,2023-12-15,362,360,T1-B1-S1-I1,PASS_REQUIRED_WINDOWS,0,0,0,true,false,2229,TEXT_CONTENT_INTEGRITY_NOT_AUDITED_M2_02,NOT_SELECTED_BY_DETERMINISTIC_DIVERSITY_TIE_BREAK
ZTR,N/A,false,true,false,true,true,2000-03-31,2023-12-15,1240,1238,T1-B0-S1-I1,PASS_REQUIRED_WINDOWS,0,0,0,true,false,321,TEXT_CONTENT_INTEGRITY_NOT_AUDITED_M2_02;TABLE_MEMBER_MISSING,NOT_SELECTED_BY_DETERMINISTIC_DIVERSITY_TIE_BREAK
ZTS,Healthcare,false,true,true,true,true,2013-05-03,2023-12-15,557,555,T1-B1-S1-I1,PASS_REQUIRED_WINDOWS,0,0,0,true,false,621,TEXT_CONTENT_INTEGRITY_NOT_AUDITED_M2_02,NOT_SELECTED_BY_DETERMINISTIC_DIVERSITY_TIE_BREAK
ZUMZ,Consumer Cyclical,false,true,true,true,true,2005-08-05,2023-12-15,961,959,T1-B1-S1-I1,PASS_REQUIRED_WINDOWS,0,0,0,true,false,26,TEXT_CONTENT_INTEGRITY_NOT_AUDITED_M2_02,NOT_SELECTED_BY_DETERMINISTIC_DIVERSITY_TIE_BREAK
ZUO,N/A,false,true,false,true,true,2018-07-13,2023-12-15,286,284,T1-B0-S1-I1,PASS_REQUIRED_WINDOWS,0,0,0,true,false,870,TEXT_CONTENT_INTEGRITY_NOT_AUDITED_M2_02;TABLE_MEMBER_MISSING,NOT_SELECTED_BY_DETERMINISTIC_DIVERSITY_TIE_BREAK
ZYME,Healthcare,false,true,true,true,true,2017-07-28,2023-12-15,336,334,T1-B1-S1-I1,PASS_REQUIRED_WINDOWS,0,0,0,true,false,2230,TEXT_CONTENT_INTEGRITY_NOT_AUDITED_M2_02,NOT_SELECTED_BY_DETERMINISTIC_DIVERSITY_TIE_BREAK
ZYXI,Healthcare,false,true,true,true,true,2004-05-21,2023-12-15,1024,1022,T1-B1-S1-I1,PASS_REQUIRED_WINDOWS,0,0,0,true,false,1381,TEXT_CONTENT_INTEGRITY_NOT_AUDITED_M2_02,NOT_SELECTED_BY_DETERMINISTIC_DIVERSITY_TIE_BREAK
